files,run_accession
HRR024685_f1.fq.gz,HRR024685
HRR024685_r2.fq.gz,HRR024685
HRR024686_f1.fq.gz,HRR024686
HRR024686_r2.fq.gz,HRR024686
HRR024687_f1.fq.gz,HRR024687
HRR024687_r2.fq.gz,HRR024687
HRR024688_f1.fq.gz,HRR024688
HRR024688_r2.fq.gz,HRR024688
HRR024689_f1.fq.gz,HRR024689
HRR024689_r2.fq.gz,HRR024689
HRR024690_f1.fq.gz,HRR024690
HRR024690_r2.fq.gz,HRR024690
HRR024691_f1.fq.gz,HRR024691
HRR024691_r2.fq.gz,HRR024691
HRR024692_f1.fq.gz,HRR024692
HRR024692_r2.fq.gz,HRR024692
HRR024693_f1.fq.gz,HRR024693
HRR024693_r2.fq.gz,HRR024693
HRR024694_f1.fq.gz,HRR024694
HRR024694_r2.fq.gz,HRR024694
HRR024695_f1.fq.gz,HRR024695
HRR024695_r2.fq.gz,HRR024695
HRR024696_f1.fq.gz,HRR024696
HRR024696_r2.fq.gz,HRR024696
HRR024697_f1.fq.gz,HRR024697
HRR024697_r2.fq.gz,HRR024697
HRR024698_f1.fq.gz,HRR024698
HRR024698_r2.fq.gz,HRR024698
HRR024699_f1.fq.gz,HRR024699
HRR024699_r2.fq.gz,HRR024699
HRR024700_f1.fq.gz,HRR024700
HRR024700_r2.fq.gz,HRR024700
HRR024701_f1.fq.gz,HRR024701
HRR024701_r2.fq.gz,HRR024701
HRR024702_f1.fq.gz,HRR024702
HRR024702_r2.fq.gz,HRR024702
HRR024703_f1.fq.gz,HRR024703
HRR024703_r2.fq.gz,HRR024703
HRR024704_f1.fq.gz,HRR024704
HRR024704_r2.fq.gz,HRR024704
HRR024705_f1.fq.gz,HRR024705
HRR024705_r2.fq.gz,HRR024705
HRR024706_f1.fq.gz,HRR024706
HRR024706_r2.fq.gz,HRR024706
HRR024707_f1.fq.gz,HRR024707
HRR024707_r2.fq.gz,HRR024707
HRR024708_f1.fq.gz,HRR024708
HRR024708_r2.fq.gz,HRR024708
HRR024709_f1.fq.gz,HRR024709
HRR024709_r2.fq.gz,HRR024709
HRR024710_f1.fq.gz,HRR024710
HRR024710_r2.fq.gz,HRR024710
HRR024711_f1.fq.gz,HRR024711
HRR024711_r2.fq.gz,HRR024711
HRR024712_f1.fq.gz,HRR024712
HRR024712_r2.fq.gz,HRR024712
HRR024713_f1.fq.gz,HRR024713
HRR024713_r2.fq.gz,HRR024713
HRR024714_f1.fq.gz,HRR024714
HRR024714_r2.fq.gz,HRR024714
HRR024715_f1.fq.gz,HRR024715
HRR024715_r2.fq.gz,HRR024715
HRR024716_f1.fq.gz,HRR024716
HRR024716_r2.fq.gz,HRR024716
HRR024717_f1.fq.gz,HRR024717
HRR024717_r2.fq.gz,HRR024717
HRR024718_f1.fq.gz,HRR024718
HRR024718_r2.fq.gz,HRR024718
HRR024719_f1.fq.gz,HRR024719
HRR024719_r2.fq.gz,HRR024719
HRR024720_f1.fq.gz,HRR024720
HRR024720_r2.fq.gz,HRR024720
HRR024721_f1.fq.gz,HRR024721
HRR024721_r2.fq.gz,HRR024721
HRR024722_f1.fq.gz,HRR024722
HRR024722_r2.fq.gz,HRR024722
HRR024723_f1.fq.gz,HRR024723
HRR024723_r2.fq.gz,HRR024723
HRR024724_f1.fq.gz,HRR024724
HRR024724_r2.fq.gz,HRR024724
HRR024725_f1.fq.gz,HRR024725
HRR024725_r2.fq.gz,HRR024725
HRR024726_f1.fq.gz,HRR024726
HRR024726_r2.fq.gz,HRR024726
HRR024727_f1.fq.gz,HRR024727
HRR024727_r2.fq.gz,HRR024727
HRR024728_f1.fq.gz,HRR024728
HRR024728_r2.fq.gz,HRR024728
HRR024729_f1.fq.gz,HRR024729
HRR024729_r2.fq.gz,HRR024729
HRR024730_f1.fq.gz,HRR024730
HRR024730_r2.fq.gz,HRR024730
HRR024731_f1.fq.gz,HRR024731
HRR024731_r2.fq.gz,HRR024731
HRR024732_f1.fq.gz,HRR024732
HRR024732_r2.fq.gz,HRR024732
HRR024733_f1.fq.gz,HRR024733
HRR024733_r2.fq.gz,HRR024733
HRR024734_f1.fq.gz,HRR024734
HRR024734_r2.fq.gz,HRR024734
HRR024735_f1.fq.gz,HRR024735
HRR024735_r2.fq.gz,HRR024735
HRR024736_f1.fq.gz,HRR024736
HRR024736_r2.fq.gz,HRR024736
HRR024737_f1.fq.gz,HRR024737
HRR024737_r2.fq.gz,HRR024737
HRR024738_f1.fq.gz,HRR024738
HRR024738_r2.fq.gz,HRR024738
HRR024739_f1.fq.gz,HRR024739
HRR024739_r2.fq.gz,HRR024739
HRR024740_f1.fq.gz,HRR024740
HRR024740_r2.fq.gz,HRR024740
HRR024741_f1.fq.gz,HRR024741
HRR024741_r2.fq.gz,HRR024741
HRR024742_f1.fq.gz,HRR024742
HRR024742_r2.fq.gz,HRR024742
HRR024743_f1.fq.gz,HRR024743
HRR024743_r2.fq.gz,HRR024743
HRR024744_f1.fq.gz,HRR024744
HRR024744_r2.fq.gz,HRR024744
HRR024745_f1.fq.gz,HRR024745
HRR024745_r2.fq.gz,HRR024745
HRR024746_f1.fq.gz,HRR024746
HRR024746_r2.fq.gz,HRR024746
HRR024747_f1.fq.gz,HRR024747
HRR024747_r2.fq.gz,HRR024747
HRR024748_f1.fq.gz,HRR024748
HRR024748_r2.fq.gz,HRR024748
HRR024749_f1.fq.gz,HRR024749
HRR024749_r2.fq.gz,HRR024749
HRR024750_f1.fq.gz,HRR024750
HRR024750_r2.fq.gz,HRR024750
HRR024751_f1.fq.gz,HRR024751
HRR024751_r2.fq.gz,HRR024751
HRR024752_f1.fq.gz,HRR024752
HRR024752_r2.fq.gz,HRR024752
HRR024753_f1.fq.gz,HRR024753
HRR024753_r2.fq.gz,HRR024753
HRR024754_f1.fq.gz,HRR024754
HRR024754_r2.fq.gz,HRR024754
HRR024755_f1.fq.gz,HRR024755
HRR024755_r2.fq.gz,HRR024755
HRR024756_f1.fq.gz,HRR024756
HRR024756_r2.fq.gz,HRR024756
HRR024757_f1.fq.gz,HRR024757
HRR024757_r2.fq.gz,HRR024757
HRR024758_f1.fq.gz,HRR024758
HRR024758_r2.fq.gz,HRR024758
HRR024759_f1.fq.gz,HRR024759
HRR024759_r2.fq.gz,HRR024759
HRR024760_f1.fq.gz,HRR024760
HRR024760_r2.fq.gz,HRR024760
HRR024761_f1.fq.gz,HRR024761
HRR024761_r2.fq.gz,HRR024761
HRR024762_f1.fq.gz,HRR024762
HRR024762_r2.fq.gz,HRR024762
HRR024763_f1.fq.gz,HRR024763
HRR024763_r2.fq.gz,HRR024763
HRR024764_f1.fq.gz,HRR024764
HRR024764_r2.fq.gz,HRR024764
HRR024765_f1.fq.gz,HRR024765
HRR024765_r2.fq.gz,HRR024765
HRR024766_f1.fq.gz,HRR024766
HRR024766_r2.fq.gz,HRR024766
HRR024767_f1.fq.gz,HRR024767
HRR024767_r2.fq.gz,HRR024767
HRR024768_f1.fq.gz,HRR024768
HRR024768_r2.fq.gz,HRR024768
HRR024769_f1.fq.gz,HRR024769
HRR024769_r2.fq.gz,HRR024769
HRR024770_f1.fq.gz,HRR024770
HRR024770_r2.fq.gz,HRR024770
HRR024771_f1.fq.gz,HRR024771
HRR024771_r2.fq.gz,HRR024771
HRR024772_f1.fq.gz,HRR024772
HRR024772_r2.fq.gz,HRR024772
HRR024773_f1.fq.gz,HRR024773
HRR024773_r2.fq.gz,HRR024773
HRR024774_f1.fq.gz,HRR024774
HRR024774_r2.fq.gz,HRR024774
HRR024775_f1.fq.gz,HRR024775
HRR024775_r2.fq.gz,HRR024775
HRR024776_f1.fq.gz,HRR024776
HRR024776_r2.fq.gz,HRR024776
HRR024777_f1.fq.gz,HRR024777
HRR024777_r2.fq.gz,HRR024777
HRR024778_f1.fq.gz,HRR024778
HRR024778_r2.fq.gz,HRR024778
HRR024779_f1.fq.gz,HRR024779
HRR024779_r2.fq.gz,HRR024779
HRR024780_f1.fq.gz,HRR024780
HRR024780_r2.fq.gz,HRR024780
HRR024781_f1.fq.gz,HRR024781
HRR024781_r2.fq.gz,HRR024781
HRR024782_f1.fq.gz,HRR024782
HRR024782_r2.fq.gz,HRR024782
HRR024783_f1.fq.gz,HRR024783
HRR024783_r2.fq.gz,HRR024783
HRR024784_f1.fq.gz,HRR024784
HRR024784_r2.fq.gz,HRR024784
HRR024785_f1.fq.gz,HRR024785
HRR024785_r2.fq.gz,HRR024785
HRR024786_f1.fq.gz,HRR024786
HRR024786_r2.fq.gz,HRR024786
HRR024787_f1.fq.gz,HRR024787
HRR024787_r2.fq.gz,HRR024787
HRR024788_f1.fq.gz,HRR024788
HRR024788_r2.fq.gz,HRR024788
HRR024789_f1.fq.gz,HRR024789
HRR024789_r2.fq.gz,HRR024789
HRR024790_f1.fq.gz,HRR024790
HRR024790_r2.fq.gz,HRR024790
HRR024791_f1.fq.gz,HRR024791
HRR024791_r2.fq.gz,HRR024791
HRR024792_f1.fq.gz,HRR024792
HRR024792_r2.fq.gz,HRR024792
HRR024793_f1.fq.gz,HRR024793
HRR024793_r2.fq.gz,HRR024793
HRR024794_f1.fq.gz,HRR024794
HRR024794_r2.fq.gz,HRR024794
HRR024795_f1.fq.gz,HRR024795
HRR024795_r2.fq.gz,HRR024795
HRR024796_f1.fq.gz,HRR024796
HRR024796_r2.fq.gz,HRR024796
HRR024797_f1.fq.gz,HRR024797
HRR024797_r2.fq.gz,HRR024797
HRR024798_f1.fq.gz,HRR024798
HRR024798_r2.fq.gz,HRR024798
HRR024799_f1.fq.gz,HRR024799
HRR024799_r2.fq.gz,HRR024799
HRR024800_f1.fq.gz,HRR024800
HRR024800_r2.fq.gz,HRR024800
HRR024801_f1.fq.gz,HRR024801
HRR024801_r2.fq.gz,HRR024801
HRR024802_f1.fq.gz,HRR024802
HRR024802_r2.fq.gz,HRR024802
HRR024803_f1.fq.gz,HRR024803
HRR024803_r2.fq.gz,HRR024803
HRR024804_f1.fq.gz,HRR024804
HRR024804_r2.fq.gz,HRR024804
HRR024805_f1.fq.gz,HRR024805
HRR024805_r2.fq.gz,HRR024805
HRR024806_f1.fq.gz,HRR024806
HRR024806_r2.fq.gz,HRR024806
HRR024807_f1.fq.gz,HRR024807
HRR024807_r2.fq.gz,HRR024807
HRR024808_f1.fq.gz,HRR024808
HRR024808_r2.fq.gz,HRR024808
HRR024809_f1.fq.gz,HRR024809
HRR024809_r2.fq.gz,HRR024809
HRR024810_f1.fq.gz,HRR024810
HRR024810_r2.fq.gz,HRR024810
HRR024811_f1.fq.gz,HRR024811
HRR024811_r2.fq.gz,HRR024811
HRR024812_f1.fq.gz,HRR024812
HRR024812_r2.fq.gz,HRR024812
HRR024813_f1.fq.gz,HRR024813
HRR024813_r2.fq.gz,HRR024813
HRR024814_f1.fq.gz,HRR024814
HRR024814_r2.fq.gz,HRR024814
HRR024815_f1.fq.gz,HRR024815
HRR024815_r2.fq.gz,HRR024815
HRR024816_f1.fq.gz,HRR024816
HRR024816_r2.fq.gz,HRR024816
HRR024817_f1.fq.gz,HRR024817
HRR024817_r2.fq.gz,HRR024817
HRR024818_f1.fq.gz,HRR024818
HRR024818_r2.fq.gz,HRR024818
HRR024819_f1.fq.gz,HRR024819
HRR024819_r2.fq.gz,HRR024819
HRR024820_f1.fq.gz,HRR024820
HRR024820_r2.fq.gz,HRR024820
HRR024821_f1.fq.gz,HRR024821
HRR024821_r2.fq.gz,HRR024821
HRR024822_f1.fq.gz,HRR024822
HRR024822_r2.fq.gz,HRR024822
HRR024823_f1.fq.gz,HRR024823
HRR024823_r2.fq.gz,HRR024823
HRR024824_f1.fq.gz,HRR024824
HRR024824_r2.fq.gz,HRR024824
HRR024825_f1.fq.gz,HRR024825
HRR024825_r2.fq.gz,HRR024825
HRR024826_f1.fq.gz,HRR024826
HRR024826_r2.fq.gz,HRR024826
HRR024827_f1.fq.gz,HRR024827
HRR024827_r2.fq.gz,HRR024827
HRR024828_f1.fq.gz,HRR024828
HRR024828_r2.fq.gz,HRR024828
HRR024829_f1.fq.gz,HRR024829
HRR024829_r2.fq.gz,HRR024829
HRR024830_f1.fq.gz,HRR024830
HRR024830_r2.fq.gz,HRR024830
HRR024831_f1.fq.gz,HRR024831
HRR024831_r2.fq.gz,HRR024831
HRR024832_f1.fq.gz,HRR024832
HRR024832_r2.fq.gz,HRR024832
HRR024833_f1.fq.gz,HRR024833
HRR024833_r2.fq.gz,HRR024833
HRR024834_f1.fq.gz,HRR024834
HRR024834_r2.fq.gz,HRR024834
HRR024835_f1.fq.gz,HRR024835
HRR024835_r2.fq.gz,HRR024835
HRR024836_f1.fq.gz,HRR024836
HRR024836_r2.fq.gz,HRR024836
HRR024837_f1.fq.gz,HRR024837
HRR024837_r2.fq.gz,HRR024837
HRR024838_f1.fq.gz,HRR024838
HRR024838_r2.fq.gz,HRR024838
HRR024839_f1.fq.gz,HRR024839
HRR024839_r2.fq.gz,HRR024839
HRR024840_f1.fq.gz,HRR024840
HRR024840_r2.fq.gz,HRR024840
HRR024841_f1.fq.gz,HRR024841
HRR024841_r2.fq.gz,HRR024841
HRR024842_f1.fq.gz,HRR024842
HRR024842_r2.fq.gz,HRR024842
HRR024843_f1.fq.gz,HRR024843
HRR024843_r2.fq.gz,HRR024843
HRR024844_f1.fq.gz,HRR024844
HRR024844_r2.fq.gz,HRR024844
HRR024845_f1.fq.gz,HRR024845
HRR024845_r2.fq.gz,HRR024845
HRR024846_f1.fq.gz,HRR024846
HRR024846_r2.fq.gz,HRR024846
HRR024847_f1.fq.gz,HRR024847
HRR024847_r2.fq.gz,HRR024847
HRR024848_f1.fq.gz,HRR024848
HRR024848_r2.fq.gz,HRR024848
HRR024849_f1.fq.gz,HRR024849
HRR024849_r2.fq.gz,HRR024849
HRR024850_f1.fq.gz,HRR024850
HRR024850_r2.fq.gz,HRR024850
HRR024851_f1.fq.gz,HRR024851
HRR024851_r2.fq.gz,HRR024851
HRR024852_f1.fq.gz,HRR024852
HRR024852_r2.fq.gz,HRR024852
HRR024853_f1.fq.gz,HRR024853
HRR024853_r2.fq.gz,HRR024853
HRR024854_f1.fq.gz,HRR024854
HRR024854_r2.fq.gz,HRR024854
HRR024855_f1.fq.gz,HRR024855
HRR024855_r2.fq.gz,HRR024855
HRR024856_f1.fq.gz,HRR024856
HRR024856_r2.fq.gz,HRR024856
HRR024857_f1.fq.gz,HRR024857
HRR024857_r2.fq.gz,HRR024857
HRR024858_f1.fq.gz,HRR024858
HRR024858_r2.fq.gz,HRR024858
HRR024859_f1.fq.gz,HRR024859
HRR024859_r2.fq.gz,HRR024859
HRR024860_f1.fq.gz,HRR024860
HRR024860_r2.fq.gz,HRR024860
HRR024861_f1.fq.gz,HRR024861
HRR024861_r2.fq.gz,HRR024861
HRR024862_f1.fq.gz,HRR024862
HRR024862_r2.fq.gz,HRR024862
HRR024863_f1.fq.gz,HRR024863
HRR024863_r2.fq.gz,HRR024863
HRR024864_f1.fq.gz,HRR024864
HRR024864_r2.fq.gz,HRR024864
HRR024865_f1.fq.gz,HRR024865
HRR024865_r2.fq.gz,HRR024865
HRR024866_f1.fq.gz,HRR024866
HRR024866_r2.fq.gz,HRR024866
HRR024867_f1.fq.gz,HRR024867
HRR024867_r2.fq.gz,HRR024867
HRR024868_f1.fq.gz,HRR024868
HRR024868_r2.fq.gz,HRR024868
HRR024869_f1.fq.gz,HRR024869
HRR024869_r2.fq.gz,HRR024869
HRR024870_f1.fq.gz,HRR024870
HRR024870_r2.fq.gz,HRR024870
HRR024871_f1.fq.gz,HRR024871
HRR024871_r2.fq.gz,HRR024871
HRR024872_f1.fq.gz,HRR024872
HRR024872_r2.fq.gz,HRR024872
HRR024873_f1.fq.gz,HRR024873
HRR024873_r2.fq.gz,HRR024873
HRR024874_f1.fq.gz,HRR024874
HRR024874_r2.fq.gz,HRR024874
HRR024875_f1.fq.gz,HRR024875
HRR024875_r2.fq.gz,HRR024875
HRR024876_f1.fq.gz,HRR024876
HRR024876_r2.fq.gz,HRR024876
HRR024877_f1.fq.gz,HRR024877
HRR024877_r2.fq.gz,HRR024877
HRR024878_f1.fq.gz,HRR024878
HRR024878_r2.fq.gz,HRR024878
HRR024879_f1.fq.gz,HRR024879
HRR024879_r2.fq.gz,HRR024879
HRR024880_f1.fq.gz,HRR024880
HRR024880_r2.fq.gz,HRR024880
HRR024881_f1.fq.gz,HRR024881
HRR024881_r2.fq.gz,HRR024881
HRR024882_f1.fq.gz,HRR024882
HRR024882_r2.fq.gz,HRR024882
HRR024883_f1.fq.gz,HRR024883
HRR024883_r2.fq.gz,HRR024883
HRR024884_f1.fq.gz,HRR024884
HRR024884_r2.fq.gz,HRR024884
HRR024885_f1.fq.gz,HRR024885
HRR024885_r2.fq.gz,HRR024885
HRR024886_f1.fq.gz,HRR024886
HRR024886_r2.fq.gz,HRR024886
HRR024887_f1.fq.gz,HRR024887
HRR024887_r2.fq.gz,HRR024887
HRR024888_f1.fq.gz,HRR024888
HRR024888_r2.fq.gz,HRR024888
HRR024889_f1.fq.gz,HRR024889
HRR024889_r2.fq.gz,HRR024889
HRR024890_f1.fq.gz,HRR024890
HRR024890_r2.fq.gz,HRR024890
HRR024891_f1.fq.gz,HRR024891
HRR024891_r2.fq.gz,HRR024891
HRR024892_f1.fq.gz,HRR024892
HRR024892_r2.fq.gz,HRR024892
HRR024893_f1.fq.gz,HRR024893
HRR024893_r2.fq.gz,HRR024893
HRR024894_f1.fq.gz,HRR024894
HRR024894_r2.fq.gz,HRR024894
HRR024895_f1.fq.gz,HRR024895
HRR024895_r2.fq.gz,HRR024895
HRR024896_f1.fq.gz,HRR024896
HRR024896_r2.fq.gz,HRR024896
HRR024897_f1.fq.gz,HRR024897
HRR024897_r2.fq.gz,HRR024897
HRR024898_f1.fq.gz,HRR024898
HRR024898_r2.fq.gz,HRR024898
HRR024899_f1.fq.gz,HRR024899
HRR024899_r2.fq.gz,HRR024899
HRR024900_f1.fq.gz,HRR024900
HRR024900_r2.fq.gz,HRR024900
HRR024901_f1.fq.gz,HRR024901
HRR024901_r2.fq.gz,HRR024901
HRR024902_f1.fq.gz,HRR024902
HRR024902_r2.fq.gz,HRR024902
HRR024903_f1.fq.gz,HRR024903
HRR024903_r2.fq.gz,HRR024903
HRR024904_f1.fq.gz,HRR024904
HRR024904_r2.fq.gz,HRR024904
HRR024905_f1.fq.gz,HRR024905
HRR024905_r2.fq.gz,HRR024905
HRR024906_f1.fq.gz,HRR024906
HRR024906_r2.fq.gz,HRR024906
HRR024907_f1.fq.gz,HRR024907
HRR024907_r2.fq.gz,HRR024907
HRR024908_f1.fq.gz,HRR024908
HRR024908_r2.fq.gz,HRR024908
HRR024909_f1.fq.gz,HRR024909
HRR024909_r2.fq.gz,HRR024909
HRR024910_f1.fq.gz,HRR024910
HRR024910_r2.fq.gz,HRR024910
HRR024911_f1.fq.gz,HRR024911
HRR024911_r2.fq.gz,HRR024911
HRR024912_f1.fq.gz,HRR024912
HRR024912_r2.fq.gz,HRR024912
HRR024913_f1.fq.gz,HRR024913
HRR024913_r2.fq.gz,HRR024913
HRR024914_f1.fq.gz,HRR024914
HRR024914_r2.fq.gz,HRR024914
HRR024915_f1.fq.gz,HRR024915
HRR024915_r2.fq.gz,HRR024915
HRR024916_f1.fq.gz,HRR024916
HRR024916_r2.fq.gz,HRR024916
HRR024917_f1.fq.gz,HRR024917
HRR024917_r2.fq.gz,HRR024917
HRR024918_f1.fq.gz,HRR024918
HRR024918_r2.fq.gz,HRR024918
HRR024919_f1.fq.gz,HRR024919
HRR024919_r2.fq.gz,HRR024919
HRR024920_f1.fq.gz,HRR024920
HRR024920_r2.fq.gz,HRR024920
HRR024921_f1.fq.gz,HRR024921
HRR024921_r2.fq.gz,HRR024921
HRR024922_f1.fq.gz,HRR024922
HRR024922_r2.fq.gz,HRR024922
HRR024923_f1.fq.gz,HRR024923
HRR024923_r2.fq.gz,HRR024923
HRR024924_f1.fq.gz,HRR024924
HRR024924_r2.fq.gz,HRR024924
HRR024925_f1.fq.gz,HRR024925
HRR024925_r2.fq.gz,HRR024925
HRR024926_f1.fq.gz,HRR024926
HRR024926_r2.fq.gz,HRR024926
HRR024927_f1.fq.gz,HRR024927
HRR024927_r2.fq.gz,HRR024927
HRR024928_f1.fq.gz,HRR024928
HRR024928_r2.fq.gz,HRR024928
HRR024929_f1.fq.gz,HRR024929
HRR024929_r2.fq.gz,HRR024929
HRR024930_f1.fq.gz,HRR024930
HRR024930_r2.fq.gz,HRR024930
HRR024931_f1.fq.gz,HRR024931
HRR024931_r2.fq.gz,HRR024931
HRR024932_f1.fq.gz,HRR024932
HRR024932_r2.fq.gz,HRR024932
HRR024933_f1.fq.gz,HRR024933
HRR024933_r2.fq.gz,HRR024933
HRR024934_f1.fq.gz,HRR024934
HRR024934_r2.fq.gz,HRR024934
HRR024935_f1.fq.gz,HRR024935
HRR024935_r2.fq.gz,HRR024935
HRR024936_f1.fq.gz,HRR024936
HRR024936_r2.fq.gz,HRR024936
HRR024937_f1.fq.gz,HRR024937
HRR024937_r2.fq.gz,HRR024937
HRR024938_f1.fq.gz,HRR024938
HRR024938_r2.fq.gz,HRR024938
HRR024939_f1.fq.gz,HRR024939
HRR024939_r2.fq.gz,HRR024939
HRR024940_f1.fq.gz,HRR024940
HRR024940_r2.fq.gz,HRR024940
HRR024941_f1.fq.gz,HRR024941
HRR024941_r2.fq.gz,HRR024941
HRR024942_f1.fq.gz,HRR024942
HRR024942_r2.fq.gz,HRR024942
HRR024943_f1.fq.gz,HRR024943
HRR024943_r2.fq.gz,HRR024943
HRR024944_f1.fq.gz,HRR024944
HRR024944_r2.fq.gz,HRR024944
HRR024945_f1.fq.gz,HRR024945
HRR024945_r2.fq.gz,HRR024945
HRR024946_f1.fq.gz,HRR024946
HRR024946_r2.fq.gz,HRR024946
HRR024947_f1.fq.gz,HRR024947
HRR024947_r2.fq.gz,HRR024947
HRR024948_f1.fq.gz,HRR024948
HRR024948_r2.fq.gz,HRR024948
HRR024949_f1.fq.gz,HRR024949
HRR024949_r2.fq.gz,HRR024949
HRR024950_f1.fq.gz,HRR024950
HRR024950_r2.fq.gz,HRR024950
HRR024951_f1.fq.gz,HRR024951
HRR024951_r2.fq.gz,HRR024951
HRR024952_f1.fq.gz,HRR024952
HRR024952_r2.fq.gz,HRR024952
HRR024953_f1.fq.gz,HRR024953
HRR024953_r2.fq.gz,HRR024953
HRR024954_f1.fq.gz,HRR024954
HRR024954_r2.fq.gz,HRR024954
HRR024955_f1.fq.gz,HRR024955
HRR024955_r2.fq.gz,HRR024955
HRR024956_f1.fq.gz,HRR024956
HRR024956_r2.fq.gz,HRR024956
HRR024957_f1.fq.gz,HRR024957
HRR024957_r2.fq.gz,HRR024957
HRR024958_f1.fq.gz,HRR024958
HRR024958_r2.fq.gz,HRR024958
HRR024959_f1.fq.gz,HRR024959
HRR024959_r2.fq.gz,HRR024959
HRR024960_f1.fq.gz,HRR024960
HRR024960_r2.fq.gz,HRR024960
HRR024961_f1.fq.gz,HRR024961
HRR024961_r2.fq.gz,HRR024961
HRR024962_f1.fq.gz,HRR024962
HRR024962_r2.fq.gz,HRR024962
HRR024963_f1.fq.gz,HRR024963
HRR024963_r2.fq.gz,HRR024963
HRR024964_f1.fq.gz,HRR024964
HRR024964_r2.fq.gz,HRR024964
HRR024965_f1.fq.gz,HRR024965
HRR024965_r2.fq.gz,HRR024965
HRR024966_f1.fq.gz,HRR024966
HRR024966_r2.fq.gz,HRR024966
HRR024967_f1.fq.gz,HRR024967
HRR024967_r2.fq.gz,HRR024967
HRR024968_f1.fq.gz,HRR024968
HRR024968_r2.fq.gz,HRR024968
HRR024969_f1.fq.gz,HRR024969
HRR024969_r2.fq.gz,HRR024969
HRR024970_f1.fq.gz,HRR024970
HRR024970_r2.fq.gz,HRR024970
HRR024971_f1.fq.gz,HRR024971
HRR024971_r2.fq.gz,HRR024971
HRR024972_f1.fq.gz,HRR024972
HRR024972_r2.fq.gz,HRR024972
HRR024973_f1.fq.gz,HRR024973
HRR024973_r2.fq.gz,HRR024973
HRR024974_f1.fq.gz,HRR024974
HRR024974_r2.fq.gz,HRR024974
HRR024975_f1.fq.gz,HRR024975
HRR024975_r2.fq.gz,HRR024975
HRR024976_f1.fq.gz,HRR024976
HRR024976_r2.fq.gz,HRR024976
HRR024977_f1.fq.gz,HRR024977
HRR024977_r2.fq.gz,HRR024977
HRR024978_f1.fq.gz,HRR024978
HRR024978_r2.fq.gz,HRR024978
HRR024979_f1.fq.gz,HRR024979
HRR024979_r2.fq.gz,HRR024979
HRR024980_f1.fq.gz,HRR024980
HRR024980_r2.fq.gz,HRR024980
HRR024981_f1.fq.gz,HRR024981
HRR024981_r2.fq.gz,HRR024981
HRR024982_f1.fq.gz,HRR024982
HRR024982_r2.fq.gz,HRR024982
HRR024983_f1.fq.gz,HRR024983
HRR024983_r2.fq.gz,HRR024983
HRR024984_f1.fq.gz,HRR024984
HRR024984_r2.fq.gz,HRR024984
HRR024985_f1.fq.gz,HRR024985
HRR024985_r2.fq.gz,HRR024985
HRR024986_f1.fq.gz,HRR024986
HRR024986_r2.fq.gz,HRR024986
HRR024987_f1.fq.gz,HRR024987
HRR024987_r2.fq.gz,HRR024987
HRR024988_f1.fq.gz,HRR024988
HRR024988_r2.fq.gz,HRR024988
HRR024989_f1.fq.gz,HRR024989
HRR024989_r2.fq.gz,HRR024989
HRR024990_f1.fq.gz,HRR024990
HRR024990_r2.fq.gz,HRR024990
HRR024991_f1.fq.gz,HRR024991
HRR024991_r2.fq.gz,HRR024991
HRR024992_f1.fq.gz,HRR024992
HRR024992_r2.fq.gz,HRR024992
HRR024993_f1.fq.gz,HRR024993
HRR024993_r2.fq.gz,HRR024993
HRR024994_f1.fq.gz,HRR024994
HRR024994_r2.fq.gz,HRR024994
HRR024995_f1.fq.gz,HRR024995
HRR024995_r2.fq.gz,HRR024995
HRR024996_f1.fq.gz,HRR024996
HRR024996_r2.fq.gz,HRR024996
HRR024997_f1.fq.gz,HRR024997
HRR024997_r2.fq.gz,HRR024997
HRR024998_f1.fq.gz,HRR024998
HRR024998_r2.fq.gz,HRR024998
HRR024999_f1.fq.gz,HRR024999
HRR024999_r2.fq.gz,HRR024999
HRR025000_f1.fq.gz,HRR025000
HRR025000_r2.fq.gz,HRR025000
HRR025001_f1.fq.gz,HRR025001
HRR025001_r2.fq.gz,HRR025001
HRR025002_f1.fq.gz,HRR025002
HRR025002_r2.fq.gz,HRR025002
HRR025003_f1.fq.gz,HRR025003
HRR025003_r2.fq.gz,HRR025003
HRR025004_f1.fq.gz,HRR025004
HRR025004_r2.fq.gz,HRR025004
HRR025005_f1.fq.gz,HRR025005
HRR025005_r2.fq.gz,HRR025005
HRR025006_f1.fq.gz,HRR025006
HRR025006_r2.fq.gz,HRR025006
HRR025007_f1.fq.gz,HRR025007
HRR025007_r2.fq.gz,HRR025007
HRR025008_f1.fq.gz,HRR025008
HRR025008_r2.fq.gz,HRR025008
HRR025009_f1.fq.gz,HRR025009
HRR025009_r2.fq.gz,HRR025009
HRR025010_f1.fq.gz,HRR025010
HRR025010_r2.fq.gz,HRR025010
HRR025011_f1.fq.gz,HRR025011
HRR025011_r2.fq.gz,HRR025011
HRR025012_f1.fq.gz,HRR025012
HRR025012_r2.fq.gz,HRR025012
HRR025013_f1.fq.gz,HRR025013
HRR025013_r2.fq.gz,HRR025013
HRR025014_f1.fq.gz,HRR025014
HRR025014_r2.fq.gz,HRR025014
HRR025015_f1.fq.gz,HRR025015
HRR025015_r2.fq.gz,HRR025015
HRR025016_f1.fq.gz,HRR025016
HRR025016_r2.fq.gz,HRR025016
HRR025017_f1.fq.gz,HRR025017
HRR025017_r2.fq.gz,HRR025017
HRR025018_f1.fq.gz,HRR025018
HRR025018_r2.fq.gz,HRR025018
HRR025019_f1.fq.gz,HRR025019
HRR025019_r2.fq.gz,HRR025019
HRR025020_f1.fq.gz,HRR025020
HRR025020_r2.fq.gz,HRR025020
HRR025021_f1.fq.gz,HRR025021
HRR025021_r2.fq.gz,HRR025021
HRR025022_f1.fq.gz,HRR025022
HRR025022_r2.fq.gz,HRR025022
HRR025023_f1.fq.gz,HRR025023
HRR025023_r2.fq.gz,HRR025023
HRR025024_f1.fq.gz,HRR025024
HRR025024_r2.fq.gz,HRR025024
HRR025025_f1.fq.gz,HRR025025
HRR025025_r2.fq.gz,HRR025025
HRR025026_f1.fq.gz,HRR025026
HRR025026_r2.fq.gz,HRR025026
HRR025027_f1.fq.gz,HRR025027
HRR025027_r2.fq.gz,HRR025027
HRR025028_f1.fq.gz,HRR025028
HRR025028_r2.fq.gz,HRR025028
HRR025029_f1.fq.gz,HRR025029
HRR025029_r2.fq.gz,HRR025029
HRR025030_f1.fq.gz,HRR025030
HRR025030_r2.fq.gz,HRR025030
HRR025031_f1.fq.gz,HRR025031
HRR025031_r2.fq.gz,HRR025031
HRR025032_f1.fq.gz,HRR025032
HRR025032_r2.fq.gz,HRR025032
HRR025033_f1.fq.gz,HRR025033
HRR025033_r2.fq.gz,HRR025033
HRR025034_f1.fq.gz,HRR025034
HRR025034_r2.fq.gz,HRR025034
HRR025035_f1.fq.gz,HRR025035
HRR025035_r2.fq.gz,HRR025035
HRR025036_f1.fq.gz,HRR025036
HRR025036_r2.fq.gz,HRR025036
HRR025037_f1.fq.gz,HRR025037
HRR025037_r2.fq.gz,HRR025037
HRR025038_f1.fq.gz,HRR025038
HRR025038_r2.fq.gz,HRR025038
HRR025039_f1.fq.gz,HRR025039
HRR025039_r2.fq.gz,HRR025039
HRR025040_f1.fq.gz,HRR025040
HRR025040_r2.fq.gz,HRR025040
HRR025041_f1.fq.gz,HRR025041
HRR025041_r2.fq.gz,HRR025041
HRR025042_f1.fq.gz,HRR025042
HRR025042_r2.fq.gz,HRR025042
HRR025043_f1.fq.gz,HRR025043
HRR025043_r2.fq.gz,HRR025043
HRR025044_f1.fq.gz,HRR025044
HRR025044_r2.fq.gz,HRR025044
HRR025045_f1.fq.gz,HRR025045
HRR025045_r2.fq.gz,HRR025045
HRR025046_f1.fq.gz,HRR025046
HRR025046_r2.fq.gz,HRR025046
HRR025047_f1.fq.gz,HRR025047
HRR025047_r2.fq.gz,HRR025047
HRR025048_f1.fq.gz,HRR025048
HRR025048_r2.fq.gz,HRR025048
HRR025049_f1.fq.gz,HRR025049
HRR025049_r2.fq.gz,HRR025049
HRR025050_f1.fq.gz,HRR025050
HRR025050_r2.fq.gz,HRR025050
HRR025051_f1.fq.gz,HRR025051
HRR025051_r2.fq.gz,HRR025051
HRR025052_f1.fq.gz,HRR025052
HRR025052_r2.fq.gz,HRR025052
HRR025053_f1.fq.gz,HRR025053
HRR025053_r2.fq.gz,HRR025053
HRR025054_f1.fq.gz,HRR025054
HRR025054_r2.fq.gz,HRR025054
HRR025055_f1.fq.gz,HRR025055
HRR025055_r2.fq.gz,HRR025055
HRR025056_f1.fq.gz,HRR025056
HRR025056_r2.fq.gz,HRR025056
HRR025057_f1.fq.gz,HRR025057
HRR025057_r2.fq.gz,HRR025057
HRR025058_f1.fq.gz,HRR025058
HRR025058_r2.fq.gz,HRR025058
HRR025059_f1.fq.gz,HRR025059
HRR025059_r2.fq.gz,HRR025059
HRR025060_f1.fq.gz,HRR025060
HRR025060_r2.fq.gz,HRR025060
HRR025061_f1.fq.gz,HRR025061
HRR025061_r2.fq.gz,HRR025061
HRR025062_f1.fq.gz,HRR025062
HRR025062_r2.fq.gz,HRR025062
HRR025063_f1.fq.gz,HRR025063
HRR025063_r2.fq.gz,HRR025063
HRR025064_f1.fq.gz,HRR025064
HRR025064_r2.fq.gz,HRR025064
HRR025065_f1.fq.gz,HRR025065
HRR025065_r2.fq.gz,HRR025065
HRR025066_f1.fq.gz,HRR025066
HRR025066_r2.fq.gz,HRR025066
HRR025067_f1.fq.gz,HRR025067
HRR025067_r2.fq.gz,HRR025067
HRR025068_f1.fq.gz,HRR025068
HRR025068_r2.fq.gz,HRR025068
HRR025069_f1.fq.gz,HRR025069
HRR025069_r2.fq.gz,HRR025069
HRR025070_f1.fq.gz,HRR025070
HRR025070_r2.fq.gz,HRR025070
HRR025071_f1.fq.gz,HRR025071
HRR025071_r2.fq.gz,HRR025071
HRR025072_f1.fq.gz,HRR025072
HRR025072_r2.fq.gz,HRR025072
HRR025073_f1.fq.gz,HRR025073
HRR025073_r2.fq.gz,HRR025073
HRR025074_f1.fq.gz,HRR025074
HRR025074_r2.fq.gz,HRR025074
HRR025075_f1.fq.gz,HRR025075
HRR025075_r2.fq.gz,HRR025075
HRR025076_f1.fq.gz,HRR025076
HRR025076_r2.fq.gz,HRR025076
HRR025077_f1.fq.gz,HRR025077
HRR025077_r2.fq.gz,HRR025077
HRR025078_f1.fq.gz,HRR025078
HRR025078_r2.fq.gz,HRR025078
HRR025079_f1.fq.gz,HRR025079
HRR025079_r2.fq.gz,HRR025079
HRR025080_f1.fq.gz,HRR025080
HRR025080_r2.fq.gz,HRR025080
HRR025081_f1.fq.gz,HRR025081
HRR025081_r2.fq.gz,HRR025081
HRR025082_f1.fq.gz,HRR025082
HRR025082_r2.fq.gz,HRR025082
HRR025083_f1.fq.gz,HRR025083
HRR025083_r2.fq.gz,HRR025083
HRR025084_f1.fq.gz,HRR025084
HRR025084_r2.fq.gz,HRR025084
HRR025085_f1.fq.gz,HRR025085
HRR025085_r2.fq.gz,HRR025085
HRR025086_f1.fq.gz,HRR025086
HRR025086_r2.fq.gz,HRR025086
HRR025087_f1.fq.gz,HRR025087
HRR025087_r2.fq.gz,HRR025087
HRR025088_f1.fq.gz,HRR025088
HRR025088_r2.fq.gz,HRR025088
HRR025089_f1.fq.gz,HRR025089
HRR025089_r2.fq.gz,HRR025089
HRR025090_f1.fq.gz,HRR025090
HRR025090_r2.fq.gz,HRR025090
HRR025091_f1.fq.gz,HRR025091
HRR025091_r2.fq.gz,HRR025091
HRR025092_f1.fq.gz,HRR025092
HRR025092_r2.fq.gz,HRR025092
HRR025093_f1.fq.gz,HRR025093
HRR025093_r2.fq.gz,HRR025093
HRR025094_f1.fq.gz,HRR025094
HRR025094_r2.fq.gz,HRR025094
HRR025095_f1.fq.gz,HRR025095
HRR025095_r2.fq.gz,HRR025095
HRR025096_f1.fq.gz,HRR025096
HRR025096_r2.fq.gz,HRR025096
HRR025097_f1.fq.gz,HRR025097
HRR025097_r2.fq.gz,HRR025097
HRR025098_f1.fq.gz,HRR025098
HRR025098_r2.fq.gz,HRR025098
HRR025099_f1.fq.gz,HRR025099
HRR025099_r2.fq.gz,HRR025099
HRR025100_f1.fq.gz,HRR025100
HRR025100_r2.fq.gz,HRR025100
HRR025101_f1.fq.gz,HRR025101
HRR025101_r2.fq.gz,HRR025101
HRR025102_f1.fq.gz,HRR025102
HRR025102_r2.fq.gz,HRR025102
HRR025103_f1.fq.gz,HRR025103
HRR025103_r2.fq.gz,HRR025103
HRR025104_f1.fq.gz,HRR025104
HRR025104_r2.fq.gz,HRR025104
HRR025105_f1.fq.gz,HRR025105
HRR025105_r2.fq.gz,HRR025105
HRR025106_f1.fq.gz,HRR025106
HRR025106_r2.fq.gz,HRR025106
HRR025107_f1.fq.gz,HRR025107
HRR025107_r2.fq.gz,HRR025107
HRR025108_f1.fq.gz,HRR025108
HRR025108_r2.fq.gz,HRR025108
HRR025109_f1.fq.gz,HRR025109
HRR025109_r2.fq.gz,HRR025109
HRR025110_f1.fq.gz,HRR025110
HRR025110_r2.fq.gz,HRR025110
HRR025111_f1.fq.gz,HRR025111
HRR025111_r2.fq.gz,HRR025111
HRR025112_f1.fq.gz,HRR025112
HRR025112_r2.fq.gz,HRR025112
HRR025113_f1.fq.gz,HRR025113
HRR025113_r2.fq.gz,HRR025113
HRR025114_f1.fq.gz,HRR025114
HRR025114_r2.fq.gz,HRR025114
HRR025115_f1.fq.gz,HRR025115
HRR025115_r2.fq.gz,HRR025115
HRR025116_f1.fq.gz,HRR025116
HRR025116_r2.fq.gz,HRR025116
HRR025117_f1.fq.gz,HRR025117
HRR025117_r2.fq.gz,HRR025117
HRR025118_f1.fq.gz,HRR025118
HRR025118_r2.fq.gz,HRR025118
HRR025119_f1.fq.gz,HRR025119
HRR025119_r2.fq.gz,HRR025119
HRR025120_f1.fq.gz,HRR025120
HRR025120_r2.fq.gz,HRR025120
HRR025121_f1.fq.gz,HRR025121
HRR025121_r2.fq.gz,HRR025121
HRR025122_f1.fq.gz,HRR025122
HRR025122_r2.fq.gz,HRR025122
HRR025123_f1.fq.gz,HRR025123
HRR025123_r2.fq.gz,HRR025123
HRR025124_f1.fq.gz,HRR025124
HRR025124_r2.fq.gz,HRR025124
HRR025125_f1.fq.gz,HRR025125
HRR025125_r2.fq.gz,HRR025125
HRR025126_f1.fq.gz,HRR025126
HRR025126_r2.fq.gz,HRR025126
HRR025127_f1.fq.gz,HRR025127
HRR025127_r2.fq.gz,HRR025127
HRR025128_f1.fq.gz,HRR025128
HRR025128_r2.fq.gz,HRR025128
HRR025129_f1.fq.gz,HRR025129
HRR025129_r2.fq.gz,HRR025129
HRR025130_f1.fq.gz,HRR025130
HRR025130_r2.fq.gz,HRR025130
HRR025131_f1.fq.gz,HRR025131
HRR025131_r2.fq.gz,HRR025131
HRR025132_f1.fq.gz,HRR025132
HRR025132_r2.fq.gz,HRR025132
HRR025133_f1.fq.gz,HRR025133
HRR025133_r2.fq.gz,HRR025133
HRR025134_f1.fq.gz,HRR025134
HRR025134_r2.fq.gz,HRR025134
HRR025135_f1.fq.gz,HRR025135
HRR025135_r2.fq.gz,HRR025135
HRR025136_f1.fq.gz,HRR025136
HRR025136_r2.fq.gz,HRR025136
HRR025137_f1.fq.gz,HRR025137
HRR025137_r2.fq.gz,HRR025137
HRR025138_f1.fq.gz,HRR025138
HRR025138_r2.fq.gz,HRR025138
HRR025139_f1.fq.gz,HRR025139
HRR025139_r2.fq.gz,HRR025139
HRR025140_f1.fq.gz,HRR025140
HRR025140_r2.fq.gz,HRR025140
HRR025141_f1.fq.gz,HRR025141
HRR025141_r2.fq.gz,HRR025141
HRR025142_f1.fq.gz,HRR025142
HRR025142_r2.fq.gz,HRR025142
HRR025143_f1.fq.gz,HRR025143
HRR025143_r2.fq.gz,HRR025143
HRR025144_f1.fq.gz,HRR025144
HRR025144_r2.fq.gz,HRR025144
HRR025145_f1.fq.gz,HRR025145
HRR025145_r2.fq.gz,HRR025145
HRR025146_f1.fq.gz,HRR025146
HRR025146_r2.fq.gz,HRR025146
HRR025147_f1.fq.gz,HRR025147
HRR025147_r2.fq.gz,HRR025147
HRR025148_f1.fq.gz,HRR025148
HRR025148_r2.fq.gz,HRR025148
HRR025149_f1.fq.gz,HRR025149
HRR025149_r2.fq.gz,HRR025149
HRR025150_f1.fq.gz,HRR025150
HRR025150_r2.fq.gz,HRR025150
HRR025151_f1.fq.gz,HRR025151
HRR025151_r2.fq.gz,HRR025151
HRR025152_f1.fq.gz,HRR025152
HRR025152_r2.fq.gz,HRR025152
HRR025153_f1.fq.gz,HRR025153
HRR025153_r2.fq.gz,HRR025153
HRR025154_f1.fq.gz,HRR025154
HRR025154_r2.fq.gz,HRR025154
HRR025155_f1.fq.gz,HRR025155
HRR025155_r2.fq.gz,HRR025155
HRR025156_f1.fq.gz,HRR025156
HRR025156_r2.fq.gz,HRR025156
HRR025157_f1.fq.gz,HRR025157
HRR025157_r2.fq.gz,HRR025157
HRR025158_f1.fq.gz,HRR025158
HRR025158_r2.fq.gz,HRR025158
HRR025159_f1.fq.gz,HRR025159
HRR025159_r2.fq.gz,HRR025159
HRR025160_f1.fq.gz,HRR025160
HRR025160_r2.fq.gz,HRR025160
HRR025161_f1.fq.gz,HRR025161
HRR025161_r2.fq.gz,HRR025161
HRR025162_f1.fq.gz,HRR025162
HRR025162_r2.fq.gz,HRR025162
HRR025163_f1.fq.gz,HRR025163
HRR025163_r2.fq.gz,HRR025163
HRR025164_f1.fq.gz,HRR025164
HRR025164_r2.fq.gz,HRR025164
HRR025165_f1.fq.gz,HRR025165
HRR025165_r2.fq.gz,HRR025165
HRR025166_f1.fq.gz,HRR025166
HRR025166_r2.fq.gz,HRR025166
HRR025167_f1.fq.gz,HRR025167
HRR025167_r2.fq.gz,HRR025167
HRR025168_f1.fq.gz,HRR025168
HRR025168_r2.fq.gz,HRR025168
HRR025169_f1.fq.gz,HRR025169
HRR025169_r2.fq.gz,HRR025169
HRR025170_f1.fq.gz,HRR025170
HRR025170_r2.fq.gz,HRR025170
HRR025171_f1.fq.gz,HRR025171
HRR025171_r2.fq.gz,HRR025171
HRR025172_f1.fq.gz,HRR025172
HRR025172_r2.fq.gz,HRR025172
HRR025173_f1.fq.gz,HRR025173
HRR025173_r2.fq.gz,HRR025173
HRR025174_f1.fq.gz,HRR025174
HRR025174_r2.fq.gz,HRR025174
HRR025175_f1.fq.gz,HRR025175
HRR025175_r2.fq.gz,HRR025175
HRR025176_f1.fq.gz,HRR025176
HRR025176_r2.fq.gz,HRR025176
HRR025177_f1.fq.gz,HRR025177
HRR025177_r2.fq.gz,HRR025177
HRR025178_f1.fq.gz,HRR025178
HRR025178_r2.fq.gz,HRR025178
HRR025179_f1.fq.gz,HRR025179
HRR025179_r2.fq.gz,HRR025179
HRR025180_f1.fq.gz,HRR025180
HRR025180_r2.fq.gz,HRR025180
HRR025181_f1.fq.gz,HRR025181
HRR025181_r2.fq.gz,HRR025181
HRR025182_f1.fq.gz,HRR025182
HRR025182_r2.fq.gz,HRR025182
HRR025183_f1.fq.gz,HRR025183
HRR025183_r2.fq.gz,HRR025183
HRR025184_f1.fq.gz,HRR025184
HRR025184_r2.fq.gz,HRR025184
HRR025185_f1.fq.gz,HRR025185
HRR025185_r2.fq.gz,HRR025185
HRR025186_f1.fq.gz,HRR025186
HRR025186_r2.fq.gz,HRR025186
HRR025187_f1.fq.gz,HRR025187
HRR025187_r2.fq.gz,HRR025187
HRR025188_f1.fq.gz,HRR025188
HRR025188_r2.fq.gz,HRR025188
HRR025189_f1.fq.gz,HRR025189
HRR025189_r2.fq.gz,HRR025189
HRR025190_f1.fq.gz,HRR025190
HRR025190_r2.fq.gz,HRR025190
HRR025191_f1.fq.gz,HRR025191
HRR025191_r2.fq.gz,HRR025191
HRR025192_f1.fq.gz,HRR025192
HRR025192_r2.fq.gz,HRR025192
HRR025193_f1.fq.gz,HRR025193
HRR025193_r2.fq.gz,HRR025193
HRR025194_f1.fq.gz,HRR025194
HRR025194_r2.fq.gz,HRR025194
HRR025195_f1.fq.gz,HRR025195
HRR025195_r2.fq.gz,HRR025195
HRR025196_f1.fq.gz,HRR025196
HRR025196_r2.fq.gz,HRR025196
HRR025197_f1.fq.gz,HRR025197
HRR025197_r2.fq.gz,HRR025197
HRR025198_f1.fq.gz,HRR025198
HRR025198_r2.fq.gz,HRR025198
HRR025199_f1.fq.gz,HRR025199
HRR025199_r2.fq.gz,HRR025199
HRR025200_f1.fq.gz,HRR025200
HRR025200_r2.fq.gz,HRR025200
HRR025201_f1.fq.gz,HRR025201
HRR025201_r2.fq.gz,HRR025201
HRR025202_f1.fq.gz,HRR025202
HRR025202_r2.fq.gz,HRR025202
HRR025203_f1.fq.gz,HRR025203
HRR025203_r2.fq.gz,HRR025203
HRR025204_f1.fq.gz,HRR025204
HRR025204_r2.fq.gz,HRR025204
HRR025205_f1.fq.gz,HRR025205
HRR025205_r2.fq.gz,HRR025205
HRR025206_f1.fq.gz,HRR025206
HRR025206_r2.fq.gz,HRR025206
HRR025207_f1.fq.gz,HRR025207
HRR025207_r2.fq.gz,HRR025207
HRR025208_f1.fq.gz,HRR025208
HRR025208_r2.fq.gz,HRR025208
HRR025209_f1.fq.gz,HRR025209
HRR025209_r2.fq.gz,HRR025209
HRR025210_f1.fq.gz,HRR025210
HRR025210_r2.fq.gz,HRR025210
HRR025211_f1.fq.gz,HRR025211
HRR025211_r2.fq.gz,HRR025211
HRR025212_f1.fq.gz,HRR025212
HRR025212_r2.fq.gz,HRR025212
HRR025213_f1.fq.gz,HRR025213
HRR025213_r2.fq.gz,HRR025213
HRR025214_f1.fq.gz,HRR025214
HRR025214_r2.fq.gz,HRR025214
HRR025215_f1.fq.gz,HRR025215
HRR025215_r2.fq.gz,HRR025215
HRR025216_f1.fq.gz,HRR025216
HRR025216_r2.fq.gz,HRR025216
HRR025217_f1.fq.gz,HRR025217
HRR025217_r2.fq.gz,HRR025217
HRR025218_f1.fq.gz,HRR025218
HRR025218_r2.fq.gz,HRR025218
HRR025219_f1.fq.gz,HRR025219
HRR025219_r2.fq.gz,HRR025219
HRR025220_f1.fq.gz,HRR025220
HRR025220_r2.fq.gz,HRR025220
HRR025221_f1.fq.gz,HRR025221
HRR025221_r2.fq.gz,HRR025221
HRR025222_f1.fq.gz,HRR025222
HRR025222_r2.fq.gz,HRR025222
HRR025223_f1.fq.gz,HRR025223
HRR025223_r2.fq.gz,HRR025223
HRR025224_f1.fq.gz,HRR025224
HRR025224_r2.fq.gz,HRR025224
HRR025225_f1.fq.gz,HRR025225
HRR025225_r2.fq.gz,HRR025225
HRR025226_f1.fq.gz,HRR025226
HRR025226_r2.fq.gz,HRR025226
HRR025227_f1.fq.gz,HRR025227
HRR025227_r2.fq.gz,HRR025227
HRR025228_f1.fq.gz,HRR025228
HRR025228_r2.fq.gz,HRR025228
HRR025229_f1.fq.gz,HRR025229
HRR025229_r2.fq.gz,HRR025229
HRR025230_f1.fq.gz,HRR025230
HRR025230_r2.fq.gz,HRR025230
HRR025231_f1.fq.gz,HRR025231
HRR025231_r2.fq.gz,HRR025231
HRR025232_f1.fq.gz,HRR025232
HRR025232_r2.fq.gz,HRR025232
HRR025233_f1.fq.gz,HRR025233
HRR025233_r2.fq.gz,HRR025233
HRR025234_f1.fq.gz,HRR025234
HRR025234_r2.fq.gz,HRR025234
HRR025235_f1.fq.gz,HRR025235
HRR025235_r2.fq.gz,HRR025235
HRR025236_f1.fq.gz,HRR025236
HRR025236_r2.fq.gz,HRR025236
HRR025237_f1.fq.gz,HRR025237
HRR025237_r2.fq.gz,HRR025237
HRR025238_f1.fq.gz,HRR025238
HRR025238_r2.fq.gz,HRR025238
HRR025239_f1.fq.gz,HRR025239
HRR025239_r2.fq.gz,HRR025239
HRR025240_f1.fq.gz,HRR025240
HRR025240_r2.fq.gz,HRR025240
HRR025241_f1.fq.gz,HRR025241
HRR025241_r2.fq.gz,HRR025241
HRR025242_f1.fq.gz,HRR025242
HRR025242_r2.fq.gz,HRR025242
HRR025243_f1.fq.gz,HRR025243
HRR025243_r2.fq.gz,HRR025243
HRR025244_f1.fq.gz,HRR025244
HRR025244_r2.fq.gz,HRR025244
HRR025245_f1.fq.gz,HRR025245
HRR025245_r2.fq.gz,HRR025245
HRR025246_f1.fq.gz,HRR025246
HRR025246_r2.fq.gz,HRR025246
HRR025247_f1.fq.gz,HRR025247
HRR025247_r2.fq.gz,HRR025247
HRR025248_f1.fq.gz,HRR025248
HRR025248_r2.fq.gz,HRR025248
HRR025249_f1.fq.gz,HRR025249
HRR025249_r2.fq.gz,HRR025249
HRR025250_f1.fq.gz,HRR025250
HRR025250_r2.fq.gz,HRR025250
HRR025251_f1.fq.gz,HRR025251
HRR025251_r2.fq.gz,HRR025251
HRR025252_f1.fq.gz,HRR025252
HRR025252_r2.fq.gz,HRR025252
HRR025253_f1.fq.gz,HRR025253
HRR025253_r2.fq.gz,HRR025253
HRR025254_f1.fq.gz,HRR025254
HRR025254_r2.fq.gz,HRR025254
HRR025255_f1.fq.gz,HRR025255
HRR025255_r2.fq.gz,HRR025255
HRR025256_f1.fq.gz,HRR025256
HRR025256_r2.fq.gz,HRR025256
HRR025859_f1.fq.gz,HRR025859
HRR025859_r2.fq.gz,HRR025859
HRR025860_f1.fq.gz,HRR025860
HRR025860_r2.fq.gz,HRR025860
HRR025861_f1.fq.gz,HRR025861
HRR025861_r2.fq.gz,HRR025861
HRR025862_f1.fq.gz,HRR025862
HRR025862_r2.fq.gz,HRR025862
HRR025863_f1.fq.gz,HRR025863
HRR025863_r2.fq.gz,HRR025863
HRR025864_f1.fq.gz,HRR025864
HRR025864_r2.fq.gz,HRR025864
HRR025865_f1.fq.gz,HRR025865
HRR025865_r2.fq.gz,HRR025865
HRR025866_f1.fq.gz,HRR025866
HRR025866_r2.fq.gz,HRR025866
HRR025867_f1.fq.gz,HRR025867
HRR025867_r2.fq.gz,HRR025867
HRR025868_f1.fq.gz,HRR025868
HRR025868_r2.fq.gz,HRR025868
HRR025869_f1.fq.gz,HRR025869
HRR025869_r2.fq.gz,HRR025869
HRR025870_f1.fq.gz,HRR025870
HRR025870_r2.fq.gz,HRR025870
HRR025871_f1.fq.gz,HRR025871
HRR025871_r2.fq.gz,HRR025871
HRR025872_f1.fq.gz,HRR025872
HRR025872_r2.fq.gz,HRR025872
HRR025873_f1.fq.gz,HRR025873
HRR025873_r2.fq.gz,HRR025873
HRR025874_f1.fq.gz,HRR025874
HRR025874_r2.fq.gz,HRR025874
HRR025875_f1.fq.gz,HRR025875
HRR025875_r2.fq.gz,HRR025875
HRR025876_f1.fq.gz,HRR025876
HRR025876_r2.fq.gz,HRR025876
HRR025877_f1.fq.gz,HRR025877
HRR025877_r2.fq.gz,HRR025877
HRR025878_f1.fq.gz,HRR025878
HRR025878_r2.fq.gz,HRR025878
HRR025879_f1.fq.gz,HRR025879
HRR025879_r2.fq.gz,HRR025879
HRR025880_f1.fq.gz,HRR025880
HRR025880_r2.fq.gz,HRR025880
HRR025881_f1.fq.gz,HRR025881
HRR025881_r2.fq.gz,HRR025881
HRR025882_f1.fq.gz,HRR025882
HRR025882_r2.fq.gz,HRR025882
HRR025883_f1.fq.gz,HRR025883
HRR025883_r2.fq.gz,HRR025883
HRR025884_f1.fq.gz,HRR025884
HRR025884_r2.fq.gz,HRR025884
HRR025885_f1.fq.gz,HRR025885
HRR025885_r2.fq.gz,HRR025885
HRR025886_f1.fq.gz,HRR025886
HRR025886_r2.fq.gz,HRR025886
HRR025887_f1.fq.gz,HRR025887
HRR025887_r2.fq.gz,HRR025887
HRR025888_f1.fq.gz,HRR025888
HRR025888_r2.fq.gz,HRR025888
HRR025889_f1.fq.gz,HRR025889
HRR025889_r2.fq.gz,HRR025889
HRR025890_f1.fq.gz,HRR025890
HRR025890_r2.fq.gz,HRR025890
HRR025891_f1.fq.gz,HRR025891
HRR025891_r2.fq.gz,HRR025891
HRR025892_f1.fq.gz,HRR025892
HRR025892_r2.fq.gz,HRR025892
HRR025893_f1.fq.gz,HRR025893
HRR025893_r2.fq.gz,HRR025893
HRR025894_f1.fq.gz,HRR025894
HRR025894_r2.fq.gz,HRR025894
HRR025895_f1.fq.gz,HRR025895
HRR025895_r2.fq.gz,HRR025895
HRR025896_f1.fq.gz,HRR025896
HRR025896_r2.fq.gz,HRR025896
HRR025897_f1.fq.gz,HRR025897
HRR025897_r2.fq.gz,HRR025897
HRR025898_f1.fq.gz,HRR025898
HRR025898_r2.fq.gz,HRR025898
HRR025899_f1.fq.gz,HRR025899
HRR025899_r2.fq.gz,HRR025899
HRR025900_f1.fq.gz,HRR025900
HRR025900_r2.fq.gz,HRR025900
HRR025901_f1.fq.gz,HRR025901
HRR025901_r2.fq.gz,HRR025901
HRR025902_f1.fq.gz,HRR025902
HRR025902_r2.fq.gz,HRR025902
HRR025903_f1.fq.gz,HRR025903
HRR025903_r2.fq.gz,HRR025903
HRR025904_f1.fq.gz,HRR025904
HRR025904_r2.fq.gz,HRR025904
HRR025905_f1.fq.gz,HRR025905
HRR025905_r2.fq.gz,HRR025905
HRR025906_f1.fq.gz,HRR025906
HRR025906_r2.fq.gz,HRR025906
HRR025907_f1.fq.gz,HRR025907
HRR025907_r2.fq.gz,HRR025907
HRR025908_f1.fq.gz,HRR025908
HRR025908_r2.fq.gz,HRR025908
HRR025909_f1.fq.gz,HRR025909
HRR025909_r2.fq.gz,HRR025909
HRR025910_f1.fq.gz,HRR025910
HRR025910_r2.fq.gz,HRR025910
HRR025911_f1.fq.gz,HRR025911
HRR025911_r2.fq.gz,HRR025911
HRR025912_f1.fq.gz,HRR025912
HRR025912_r2.fq.gz,HRR025912
HRR025913_f1.fq.gz,HRR025913
HRR025913_r2.fq.gz,HRR025913
HRR025914_f1.fq.gz,HRR025914
HRR025914_r2.fq.gz,HRR025914
HRR025915_f1.fq.gz,HRR025915
HRR025915_r2.fq.gz,HRR025915
HRR025916_f1.fq.gz,HRR025916
HRR025916_r2.fq.gz,HRR025916
HRR025917_f1.fq.gz,HRR025917
HRR025917_r2.fq.gz,HRR025917
HRR025918_f1.fq.gz,HRR025918
HRR025918_r2.fq.gz,HRR025918
HRR025919_f1.fq.gz,HRR025919
HRR025919_r2.fq.gz,HRR025919
HRR025920_f1.fq.gz,HRR025920
HRR025920_r2.fq.gz,HRR025920
HRR025921_f1.fq.gz,HRR025921
HRR025921_r2.fq.gz,HRR025921
HRR025922_f1.fq.gz,HRR025922
HRR025922_r2.fq.gz,HRR025922
HRR025923_f1.fq.gz,HRR025923
HRR025923_r2.fq.gz,HRR025923
HRR025924_f1.fq.gz,HRR025924
HRR025924_r2.fq.gz,HRR025924
HRR025925_f1.fq.gz,HRR025925
HRR025925_r2.fq.gz,HRR025925
HRR025926_f1.fq.gz,HRR025926
HRR025926_r2.fq.gz,HRR025926
HRR025927_f1.fq.gz,HRR025927
HRR025927_r2.fq.gz,HRR025927
HRR025928_f1.fq.gz,HRR025928
HRR025928_r2.fq.gz,HRR025928
HRR025929_f1.fq.gz,HRR025929
HRR025929_r2.fq.gz,HRR025929
HRR025930_f1.fq.gz,HRR025930
HRR025930_r2.fq.gz,HRR025930
HRR025931_f1.fq.gz,HRR025931
HRR025931_r2.fq.gz,HRR025931
HRR025932_f1.fq.gz,HRR025932
HRR025932_r2.fq.gz,HRR025932
HRR025933_f1.fq.gz,HRR025933
HRR025933_r2.fq.gz,HRR025933
HRR025934_f1.fq.gz,HRR025934
HRR025934_r2.fq.gz,HRR025934
HRR025935_f1.fq.gz,HRR025935
HRR025935_r2.fq.gz,HRR025935
HRR025936_f1.fq.gz,HRR025936
HRR025936_r2.fq.gz,HRR025936
HRR025937_f1.fq.gz,HRR025937
HRR025937_r2.fq.gz,HRR025937
HRR025938_f1.fq.gz,HRR025938
HRR025938_r2.fq.gz,HRR025938
HRR025939_f1.fq.gz,HRR025939
HRR025939_r2.fq.gz,HRR025939
HRR025940_f1.fq.gz,HRR025940
HRR025940_r2.fq.gz,HRR025940
HRR025941_f1.fq.gz,HRR025941
HRR025941_r2.fq.gz,HRR025941
HRR025942_f1.fq.gz,HRR025942
HRR025942_r2.fq.gz,HRR025942
HRR025943_f1.fq.gz,HRR025943
HRR025943_r2.fq.gz,HRR025943
HRR025944_f1.fq.gz,HRR025944
HRR025944_r2.fq.gz,HRR025944
HRR025945_f1.fq.gz,HRR025945
HRR025945_r2.fq.gz,HRR025945
HRR025946_f1.fq.gz,HRR025946
HRR025946_r2.fq.gz,HRR025946
HRR025947_f1.fq.gz,HRR025947
HRR025947_r2.fq.gz,HRR025947
HRR025948_f1.fq.gz,HRR025948
HRR025948_r2.fq.gz,HRR025948
HRR025949_f1.fq.gz,HRR025949
HRR025949_r2.fq.gz,HRR025949
HRR025950_f1.fq.gz,HRR025950
HRR025950_r2.fq.gz,HRR025950
HRR025951_f1.fq.gz,HRR025951
HRR025951_r2.fq.gz,HRR025951
HRR025952_f1.fq.gz,HRR025952
HRR025952_r2.fq.gz,HRR025952
HRR025953_f1.fq.gz,HRR025953
HRR025953_r2.fq.gz,HRR025953
HRR025954_f1.fq.gz,HRR025954
HRR025954_r2.fq.gz,HRR025954
HRR025955_f1.fq.gz,HRR025955
HRR025955_r2.fq.gz,HRR025955
HRR025956_f1.fq.gz,HRR025956
HRR025956_r2.fq.gz,HRR025956
HRR025957_f1.fq.gz,HRR025957
HRR025957_r2.fq.gz,HRR025957
HRR025958_f1.fq.gz,HRR025958
HRR025958_r2.fq.gz,HRR025958
HRR025959_f1.fq.gz,HRR025959
HRR025959_r2.fq.gz,HRR025959
HRR025960_f1.fq.gz,HRR025960
HRR025960_r2.fq.gz,HRR025960
HRR025961_f1.fq.gz,HRR025961
HRR025961_r2.fq.gz,HRR025961
HRR025962_f1.fq.gz,HRR025962
HRR025962_r2.fq.gz,HRR025962
HRR025963_f1.fq.gz,HRR025963
HRR025963_r2.fq.gz,HRR025963
HRR025964_f1.fq.gz,HRR025964
HRR025964_r2.fq.gz,HRR025964
HRR025965_f1.fq.gz,HRR025965
HRR025965_r2.fq.gz,HRR025965
HRR025966_f1.fq.gz,HRR025966
HRR025966_r2.fq.gz,HRR025966
HRR025967_f1.fq.gz,HRR025967
HRR025967_r2.fq.gz,HRR025967
HRR025968_f1.fq.gz,HRR025968
HRR025968_r2.fq.gz,HRR025968
HRR025969_f1.fq.gz,HRR025969
HRR025969_r2.fq.gz,HRR025969
HRR025970_f1.fq.gz,HRR025970
HRR025970_r2.fq.gz,HRR025970
HRR025971_f1.fq.gz,HRR025971
HRR025971_r2.fq.gz,HRR025971
HRR025972_f1.fq.gz,HRR025972
HRR025972_r2.fq.gz,HRR025972
HRR025973_f1.fq.gz,HRR025973
HRR025973_r2.fq.gz,HRR025973
HRR025974_f1.fq.gz,HRR025974
HRR025974_r2.fq.gz,HRR025974
HRR025975_f1.fq.gz,HRR025975
HRR025975_r2.fq.gz,HRR025975
HRR025976_f1.fq.gz,HRR025976
HRR025976_r2.fq.gz,HRR025976
HRR025977_f1.fq.gz,HRR025977
HRR025977_r2.fq.gz,HRR025977
HRR025978_f1.fq.gz,HRR025978
HRR025978_r2.fq.gz,HRR025978
HRR025979_f1.fq.gz,HRR025979
HRR025979_r2.fq.gz,HRR025979
HRR025980_f1.fq.gz,HRR025980
HRR025980_r2.fq.gz,HRR025980
HRR025981_f1.fq.gz,HRR025981
HRR025981_r2.fq.gz,HRR025981
HRR025982_f1.fq.gz,HRR025982
HRR025982_r2.fq.gz,HRR025982
HRR025983_f1.fq.gz,HRR025983
HRR025983_r2.fq.gz,HRR025983
HRR025984_f1.fq.gz,HRR025984
HRR025984_r2.fq.gz,HRR025984
HRR025985_f1.fq.gz,HRR025985
HRR025985_r2.fq.gz,HRR025985
HRR025986_f1.fq.gz,HRR025986
HRR025986_r2.fq.gz,HRR025986
HRR025987_f1.fq.gz,HRR025987
HRR025987_r2.fq.gz,HRR025987
HRR025988_f1.fq.gz,HRR025988
HRR025988_r2.fq.gz,HRR025988
HRR025989_f1.fq.gz,HRR025989
HRR025989_r2.fq.gz,HRR025989
HRR025990_f1.fq.gz,HRR025990
HRR025990_r2.fq.gz,HRR025990
HRR025991_f1.fq.gz,HRR025991
HRR025991_r2.fq.gz,HRR025991
HRR025992_f1.fq.gz,HRR025992
HRR025992_r2.fq.gz,HRR025992
HRR025993_f1.fq.gz,HRR025993
HRR025993_r2.fq.gz,HRR025993
HRR025994_f1.fq.gz,HRR025994
HRR025994_r2.fq.gz,HRR025994
HRR025995_f1.fq.gz,HRR025995
HRR025995_r2.fq.gz,HRR025995
HRR025996_f1.fq.gz,HRR025996
HRR025996_r2.fq.gz,HRR025996
HRR025997_f1.fq.gz,HRR025997
HRR025997_r2.fq.gz,HRR025997
HRR025998_f1.fq.gz,HRR025998
HRR025998_r2.fq.gz,HRR025998
HRR025999_f1.fq.gz,HRR025999
HRR025999_r2.fq.gz,HRR025999
HRR026000_f1.fq.gz,HRR026000
HRR026000_r2.fq.gz,HRR026000
HRR026001_f1.fq.gz,HRR026001
HRR026001_r2.fq.gz,HRR026001
HRR026002_f1.fq.gz,HRR026002
HRR026002_r2.fq.gz,HRR026002
HRR026003_f1.fq.gz,HRR026003
HRR026003_r2.fq.gz,HRR026003
HRR026004_f1.fq.gz,HRR026004
HRR026004_r2.fq.gz,HRR026004
HRR026005_f1.fq.gz,HRR026005
HRR026005_r2.fq.gz,HRR026005
HRR026006_f1.fq.gz,HRR026006
HRR026006_r2.fq.gz,HRR026006
HRR026007_f1.fq.gz,HRR026007
HRR026007_r2.fq.gz,HRR026007
HRR026008_f1.fq.gz,HRR026008
HRR026008_r2.fq.gz,HRR026008
HRR026009_f1.fq.gz,HRR026009
HRR026009_r2.fq.gz,HRR026009
HRR026010_f1.fq.gz,HRR026010
HRR026010_r2.fq.gz,HRR026010
HRR026011_f1.fq.gz,HRR026011
HRR026011_r2.fq.gz,HRR026011
HRR026012_f1.fq.gz,HRR026012
HRR026012_r2.fq.gz,HRR026012
HRR026013_f1.fq.gz,HRR026013
HRR026013_r2.fq.gz,HRR026013
HRR026014_f1.fq.gz,HRR026014
HRR026014_r2.fq.gz,HRR026014
HRR026015_f1.fq.gz,HRR026015
HRR026015_r2.fq.gz,HRR026015
HRR026016_f1.fq.gz,HRR026016
HRR026016_r2.fq.gz,HRR026016
HRR026017_f1.fq.gz,HRR026017
HRR026017_r2.fq.gz,HRR026017
HRR026018_f1.fq.gz,HRR026018
HRR026018_r2.fq.gz,HRR026018
HRR026019_f1.fq.gz,HRR026019
HRR026019_r2.fq.gz,HRR026019
HRR026020_f1.fq.gz,HRR026020
HRR026020_r2.fq.gz,HRR026020
HRR026021_f1.fq.gz,HRR026021
HRR026021_r2.fq.gz,HRR026021
HRR026022_f1.fq.gz,HRR026022
HRR026022_r2.fq.gz,HRR026022
HRR026023_f1.fq.gz,HRR026023
HRR026023_r2.fq.gz,HRR026023
HRR026024_f1.fq.gz,HRR026024
HRR026024_r2.fq.gz,HRR026024
HRR026025_f1.fq.gz,HRR026025
HRR026025_r2.fq.gz,HRR026025
HRR026026_f1.fq.gz,HRR026026
HRR026026_r2.fq.gz,HRR026026
HRR026027_f1.fq.gz,HRR026027
HRR026027_r2.fq.gz,HRR026027
HRR026028_f1.fq.gz,HRR026028
HRR026028_r2.fq.gz,HRR026028
HRR026029_f1.fq.gz,HRR026029
HRR026029_r2.fq.gz,HRR026029
HRR026030_f1.fq.gz,HRR026030
HRR026030_r2.fq.gz,HRR026030
HRR026031_f1.fq.gz,HRR026031
HRR026031_r2.fq.gz,HRR026031
HRR026032_f1.fq.gz,HRR026032
HRR026032_r2.fq.gz,HRR026032
HRR026033_f1.fq.gz,HRR026033
HRR026033_r2.fq.gz,HRR026033
HRR026034_f1.fq.gz,HRR026034
HRR026034_r2.fq.gz,HRR026034
HRR026035_f1.fq.gz,HRR026035
HRR026035_r2.fq.gz,HRR026035
HRR026036_f1.fq.gz,HRR026036
HRR026036_r2.fq.gz,HRR026036
HRR026037_f1.fq.gz,HRR026037
HRR026037_r2.fq.gz,HRR026037
HRR026038_f1.fq.gz,HRR026038
HRR026038_r2.fq.gz,HRR026038
HRR026039_f1.fq.gz,HRR026039
HRR026039_r2.fq.gz,HRR026039
HRR026040_f1.fq.gz,HRR026040
HRR026040_r2.fq.gz,HRR026040
HRR026041_f1.fq.gz,HRR026041
HRR026041_r2.fq.gz,HRR026041
HRR026042_f1.fq.gz,HRR026042
HRR026042_r2.fq.gz,HRR026042
HRR026043_f1.fq.gz,HRR026043
HRR026043_r2.fq.gz,HRR026043
HRR026044_f1.fq.gz,HRR026044
HRR026044_r2.fq.gz,HRR026044
HRR026045_f1.fq.gz,HRR026045
HRR026045_r2.fq.gz,HRR026045
HRR026046_f1.fq.gz,HRR026046
HRR026046_r2.fq.gz,HRR026046
HRR026047_f1.fq.gz,HRR026047
HRR026047_r2.fq.gz,HRR026047
HRR026048_f1.fq.gz,HRR026048
HRR026048_r2.fq.gz,HRR026048
HRR026049_f1.fq.gz,HRR026049
HRR026049_r2.fq.gz,HRR026049
HRR026050_f1.fq.gz,HRR026050
HRR026050_r2.fq.gz,HRR026050
HRR026051_f1.fq.gz,HRR026051
HRR026051_r2.fq.gz,HRR026051
HRR026052_f1.fq.gz,HRR026052
HRR026052_r2.fq.gz,HRR026052
HRR026053_f1.fq.gz,HRR026053
HRR026053_r2.fq.gz,HRR026053
HRR026054_f1.fq.gz,HRR026054
HRR026054_r2.fq.gz,HRR026054
HRR026055_f1.fq.gz,HRR026055
HRR026055_r2.fq.gz,HRR026055
HRR026056_f1.fq.gz,HRR026056
HRR026056_r2.fq.gz,HRR026056
HRR026057_f1.fq.gz,HRR026057
HRR026057_r2.fq.gz,HRR026057
HRR026058_f1.fq.gz,HRR026058
HRR026058_r2.fq.gz,HRR026058
HRR026059_f1.fq.gz,HRR026059
HRR026059_r2.fq.gz,HRR026059
HRR026060_f1.fq.gz,HRR026060
HRR026060_r2.fq.gz,HRR026060
HRR026061_f1.fq.gz,HRR026061
HRR026061_r2.fq.gz,HRR026061
HRR026062_f1.fq.gz,HRR026062
HRR026062_r2.fq.gz,HRR026062
HRR026063_f1.fq.gz,HRR026063
HRR026063_r2.fq.gz,HRR026063
HRR026064_f1.fq.gz,HRR026064
HRR026064_r2.fq.gz,HRR026064
HRR026065_f1.fq.gz,HRR026065
HRR026065_r2.fq.gz,HRR026065
HRR026066_f1.fq.gz,HRR026066
HRR026066_r2.fq.gz,HRR026066
HRR026067_f1.fq.gz,HRR026067
HRR026067_r2.fq.gz,HRR026067
HRR026068_f1.fq.gz,HRR026068
HRR026068_r2.fq.gz,HRR026068
HRR026069_f1.fq.gz,HRR026069
HRR026069_r2.fq.gz,HRR026069
HRR026070_f1.fq.gz,HRR026070
HRR026070_r2.fq.gz,HRR026070
HRR026071_f1.fq.gz,HRR026071
HRR026071_r2.fq.gz,HRR026071
HRR026072_f1.fq.gz,HRR026072
HRR026072_r2.fq.gz,HRR026072
HRR026073_f1.fq.gz,HRR026073
HRR026073_r2.fq.gz,HRR026073
HRR026074_f1.fq.gz,HRR026074
HRR026074_r2.fq.gz,HRR026074
HRR026075_f1.fq.gz,HRR026075
HRR026075_r2.fq.gz,HRR026075
HRR026076_f1.fq.gz,HRR026076
HRR026076_r2.fq.gz,HRR026076
HRR026077_f1.fq.gz,HRR026077
HRR026077_r2.fq.gz,HRR026077
HRR026078_f1.fq.gz,HRR026078
HRR026078_r2.fq.gz,HRR026078
HRR026079_f1.fq.gz,HRR026079
HRR026079_r2.fq.gz,HRR026079
HRR026080_f1.fq.gz,HRR026080
HRR026080_r2.fq.gz,HRR026080
HRR026081_f1.fq.gz,HRR026081
HRR026081_r2.fq.gz,HRR026081
HRR026082_f1.fq.gz,HRR026082
HRR026082_r2.fq.gz,HRR026082
HRR026083_f1.fq.gz,HRR026083
HRR026083_r2.fq.gz,HRR026083
HRR026084_f1.fq.gz,HRR026084
HRR026084_r2.fq.gz,HRR026084
HRR026085_f1.fq.gz,HRR026085
HRR026085_r2.fq.gz,HRR026085
HRR026086_f1.fq.gz,HRR026086
HRR026086_r2.fq.gz,HRR026086
HRR026087_f1.fq.gz,HRR026087
HRR026087_r2.fq.gz,HRR026087
HRR026088_f1.fq.gz,HRR026088
HRR026088_r2.fq.gz,HRR026088
HRR026089_f1.fq.gz,HRR026089
HRR026089_r2.fq.gz,HRR026089
HRR026090_f1.fq.gz,HRR026090
HRR026090_r2.fq.gz,HRR026090
HRR026091_f1.fq.gz,HRR026091
HRR026091_r2.fq.gz,HRR026091
HRR026092_f1.fq.gz,HRR026092
HRR026092_r2.fq.gz,HRR026092
HRR026093_f1.fq.gz,HRR026093
HRR026093_r2.fq.gz,HRR026093
HRR026094_f1.fq.gz,HRR026094
HRR026094_r2.fq.gz,HRR026094
HRR026095_f1.fq.gz,HRR026095
HRR026095_r2.fq.gz,HRR026095
HRR026096_f1.fq.gz,HRR026096
HRR026096_r2.fq.gz,HRR026096
HRR026097_f1.fq.gz,HRR026097
HRR026097_r2.fq.gz,HRR026097
HRR026098_f1.fq.gz,HRR026098
HRR026098_r2.fq.gz,HRR026098
HRR026099_f1.fq.gz,HRR026099
HRR026099_r2.fq.gz,HRR026099
HRR026100_f1.fq.gz,HRR026100
HRR026100_r2.fq.gz,HRR026100
HRR026101_f1.fq.gz,HRR026101
HRR026101_r2.fq.gz,HRR026101
HRR026102_f1.fq.gz,HRR026102
HRR026102_r2.fq.gz,HRR026102
HRR026103_f1.fq.gz,HRR026103
HRR026103_r2.fq.gz,HRR026103
HRR026104_f1.fq.gz,HRR026104
HRR026104_r2.fq.gz,HRR026104
HRR026105_f1.fq.gz,HRR026105
HRR026105_r2.fq.gz,HRR026105
HRR026106_f1.fq.gz,HRR026106
HRR026106_r2.fq.gz,HRR026106
HRR026107_f1.fq.gz,HRR026107
HRR026107_r2.fq.gz,HRR026107
HRR026108_f1.fq.gz,HRR026108
HRR026108_r2.fq.gz,HRR026108
HRR026109_f1.fq.gz,HRR026109
HRR026109_r2.fq.gz,HRR026109
HRR026110_f1.fq.gz,HRR026110
HRR026110_r2.fq.gz,HRR026110
HRR026111_f1.fq.gz,HRR026111
HRR026111_r2.fq.gz,HRR026111
HRR026112_f1.fq.gz,HRR026112
HRR026112_r2.fq.gz,HRR026112
HRR026113_f1.fq.gz,HRR026113
HRR026113_r2.fq.gz,HRR026113
HRR026114_f1.fq.gz,HRR026114
HRR026114_r2.fq.gz,HRR026114
HRR026115_f1.fq.gz,HRR026115
HRR026115_r2.fq.gz,HRR026115
HRR026116_f1.fq.gz,HRR026116
HRR026116_r2.fq.gz,HRR026116
HRR026117_f1.fq.gz,HRR026117
HRR026117_r2.fq.gz,HRR026117
HRR026118_f1.fq.gz,HRR026118
HRR026118_r2.fq.gz,HRR026118
HRR026119_f1.fq.gz,HRR026119
HRR026119_r2.fq.gz,HRR026119
HRR026120_f1.fq.gz,HRR026120
HRR026120_r2.fq.gz,HRR026120
HRR026121_f1.fq.gz,HRR026121
HRR026121_r2.fq.gz,HRR026121
HRR026122_f1.fq.gz,HRR026122
HRR026122_r2.fq.gz,HRR026122
HRR026123_f1.fq.gz,HRR026123
HRR026123_r2.fq.gz,HRR026123
HRR026124_f1.fq.gz,HRR026124
HRR026124_r2.fq.gz,HRR026124
HRR026125_f1.fq.gz,HRR026125
HRR026125_r2.fq.gz,HRR026125
HRR026126_f1.fq.gz,HRR026126
HRR026126_r2.fq.gz,HRR026126
HRR026127_f1.fq.gz,HRR026127
HRR026127_r2.fq.gz,HRR026127
HRR026128_f1.fq.gz,HRR026128
HRR026128_r2.fq.gz,HRR026128
HRR026129_f1.fq.gz,HRR026129
HRR026129_r2.fq.gz,HRR026129
HRR026130_f1.fq.gz,HRR026130
HRR026130_r2.fq.gz,HRR026130
HRR026131_f1.fq.gz,HRR026131
HRR026131_r2.fq.gz,HRR026131
HRR026132_f1.fq.gz,HRR026132
HRR026132_r2.fq.gz,HRR026132
HRR026133_f1.fq.gz,HRR026133
HRR026133_r2.fq.gz,HRR026133
HRR026134_f1.fq.gz,HRR026134
HRR026134_r2.fq.gz,HRR026134
HRR026135_f1.fq.gz,HRR026135
HRR026135_r2.fq.gz,HRR026135
HRR026136_f1.fq.gz,HRR026136
HRR026136_r2.fq.gz,HRR026136
HRR026137_f1.fq.gz,HRR026137
HRR026137_r2.fq.gz,HRR026137
HRR026138_f1.fq.gz,HRR026138
HRR026138_r2.fq.gz,HRR026138
HRR026139_f1.fq.gz,HRR026139
HRR026139_r2.fq.gz,HRR026139
HRR026140_f1.fq.gz,HRR026140
HRR026140_r2.fq.gz,HRR026140
HRR026141_f1.fq.gz,HRR026141
HRR026141_r2.fq.gz,HRR026141
HRR026142_f1.fq.gz,HRR026142
HRR026142_r2.fq.gz,HRR026142
HRR026143_f1.fq.gz,HRR026143
HRR026143_r2.fq.gz,HRR026143
HRR026144_f1.fq.gz,HRR026144
HRR026144_r2.fq.gz,HRR026144
HRR026145_f1.fq.gz,HRR026145
HRR026145_r2.fq.gz,HRR026145
HRR026146_f1.fq.gz,HRR026146
HRR026146_r2.fq.gz,HRR026146
HRR026147_f1.fq.gz,HRR026147
HRR026147_r2.fq.gz,HRR026147
HRR026148_f1.fq.gz,HRR026148
HRR026148_r2.fq.gz,HRR026148
HRR026149_f1.fq.gz,HRR026149
HRR026149_r2.fq.gz,HRR026149
HRR026150_f1.fq.gz,HRR026150
HRR026150_r2.fq.gz,HRR026150
HRR026151_f1.fq.gz,HRR026151
HRR026151_r2.fq.gz,HRR026151
HRR026152_f1.fq.gz,HRR026152
HRR026152_r2.fq.gz,HRR026152
HRR026153_f1.fq.gz,HRR026153
HRR026153_r2.fq.gz,HRR026153
HRR026154_f1.fq.gz,HRR026154
HRR026154_r2.fq.gz,HRR026154
HRR026155_f1.fq.gz,HRR026155
HRR026155_r2.fq.gz,HRR026155
HRR026156_f1.fq.gz,HRR026156
HRR026156_r2.fq.gz,HRR026156
HRR026157_f1.fq.gz,HRR026157
HRR026157_r2.fq.gz,HRR026157
HRR026158_f1.fq.gz,HRR026158
HRR026158_r2.fq.gz,HRR026158
HRR026159_f1.fq.gz,HRR026159
HRR026159_r2.fq.gz,HRR026159
HRR026160_f1.fq.gz,HRR026160
HRR026160_r2.fq.gz,HRR026160
HRR026161_f1.fq.gz,HRR026161
HRR026161_r2.fq.gz,HRR026161
HRR026162_f1.fq.gz,HRR026162
HRR026162_r2.fq.gz,HRR026162
HRR026163_f1.fq.gz,HRR026163
HRR026163_r2.fq.gz,HRR026163
HRR026164_f1.fq.gz,HRR026164
HRR026164_r2.fq.gz,HRR026164
HRR026165_f1.fq.gz,HRR026165
HRR026165_r2.fq.gz,HRR026165
HRR026166_f1.fq.gz,HRR026166
HRR026166_r2.fq.gz,HRR026166
HRR026167_f1.fq.gz,HRR026167
HRR026167_r2.fq.gz,HRR026167
HRR026168_f1.fq.gz,HRR026168
HRR026168_r2.fq.gz,HRR026168
HRR026169_f1.fq.gz,HRR026169
HRR026169_r2.fq.gz,HRR026169
HRR026170_f1.fq.gz,HRR026170
HRR026170_r2.fq.gz,HRR026170
HRR026171_f1.fq.gz,HRR026171
HRR026171_r2.fq.gz,HRR026171
HRR026172_f1.fq.gz,HRR026172
HRR026172_r2.fq.gz,HRR026172
HRR026173_f1.fq.gz,HRR026173
HRR026173_r2.fq.gz,HRR026173
HRR026174_f1.fq.gz,HRR026174
HRR026174_r2.fq.gz,HRR026174
HRR026175_f1.fq.gz,HRR026175
HRR026175_r2.fq.gz,HRR026175
HRR026176_f1.fq.gz,HRR026176
HRR026176_r2.fq.gz,HRR026176
HRR026177_f1.fq.gz,HRR026177
HRR026177_r2.fq.gz,HRR026177
HRR026178_f1.fq.gz,HRR026178
HRR026178_r2.fq.gz,HRR026178
HRR026179_f1.fq.gz,HRR026179
HRR026179_r2.fq.gz,HRR026179
HRR026180_f1.fq.gz,HRR026180
HRR026180_r2.fq.gz,HRR026180
HRR026181_f1.fq.gz,HRR026181
HRR026181_r2.fq.gz,HRR026181
HRR026182_f1.fq.gz,HRR026182
HRR026182_r2.fq.gz,HRR026182
HRR026183_f1.fq.gz,HRR026183
HRR026183_r2.fq.gz,HRR026183
HRR026184_f1.fq.gz,HRR026184
HRR026184_r2.fq.gz,HRR026184
HRR026185_f1.fq.gz,HRR026185
HRR026185_r2.fq.gz,HRR026185
HRR026186_f1.fq.gz,HRR026186
HRR026186_r2.fq.gz,HRR026186
HRR026187_f1.fq.gz,HRR026187
HRR026187_r2.fq.gz,HRR026187
HRR026188_f1.fq.gz,HRR026188
HRR026188_r2.fq.gz,HRR026188
HRR026189_f1.fq.gz,HRR026189
HRR026189_r2.fq.gz,HRR026189
HRR026190_f1.fq.gz,HRR026190
HRR026190_r2.fq.gz,HRR026190
HRR026191_f1.fq.gz,HRR026191
HRR026191_r2.fq.gz,HRR026191
HRR026192_f1.fq.gz,HRR026192
HRR026192_r2.fq.gz,HRR026192
HRR026193_f1.fq.gz,HRR026193
HRR026193_r2.fq.gz,HRR026193
HRR026194_f1.fq.gz,HRR026194
HRR026194_r2.fq.gz,HRR026194
HRR026195_f1.fq.gz,HRR026195
HRR026195_r2.fq.gz,HRR026195
HRR026196_f1.fq.gz,HRR026196
HRR026196_r2.fq.gz,HRR026196
HRR026197_f1.fq.gz,HRR026197
HRR026197_r2.fq.gz,HRR026197
HRR026198_f1.fq.gz,HRR026198
HRR026198_r2.fq.gz,HRR026198
HRR026199_f1.fq.gz,HRR026199
HRR026199_r2.fq.gz,HRR026199
HRR026200_f1.fq.gz,HRR026200
HRR026200_r2.fq.gz,HRR026200
HRR026201_f1.fq.gz,HRR026201
HRR026201_r2.fq.gz,HRR026201
HRR026202_f1.fq.gz,HRR026202
HRR026202_r2.fq.gz,HRR026202
HRR026203_f1.fq.gz,HRR026203
HRR026203_r2.fq.gz,HRR026203
HRR026204_f1.fq.gz,HRR026204
HRR026204_r2.fq.gz,HRR026204
HRR026205_f1.fq.gz,HRR026205
HRR026205_r2.fq.gz,HRR026205
HRR026206_f1.fq.gz,HRR026206
HRR026206_r2.fq.gz,HRR026206
HRR026207_f1.fq.gz,HRR026207
HRR026207_r2.fq.gz,HRR026207
HRR026208_f1.fq.gz,HRR026208
HRR026208_r2.fq.gz,HRR026208
HRR026209_f1.fq.gz,HRR026209
HRR026209_r2.fq.gz,HRR026209
HRR026210_f1.fq.gz,HRR026210
HRR026210_r2.fq.gz,HRR026210
HRR026211_f1.fq.gz,HRR026211
HRR026211_r2.fq.gz,HRR026211
HRR026212_f1.fq.gz,HRR026212
HRR026212_r2.fq.gz,HRR026212
HRR026213_f1.fq.gz,HRR026213
HRR026213_r2.fq.gz,HRR026213
HRR026214_f1.fq.gz,HRR026214
HRR026214_r2.fq.gz,HRR026214
HRR026215_f1.fq.gz,HRR026215
HRR026215_r2.fq.gz,HRR026215
HRR026216_f1.fq.gz,HRR026216
HRR026216_r2.fq.gz,HRR026216
HRR026217_f1.fq.gz,HRR026217
HRR026217_r2.fq.gz,HRR026217
HRR026218_f1.fq.gz,HRR026218
HRR026218_r2.fq.gz,HRR026218
HRR026219_f1.fq.gz,HRR026219
HRR026219_r2.fq.gz,HRR026219
HRR026220_f1.fq.gz,HRR026220
HRR026220_r2.fq.gz,HRR026220
HRR026221_f1.fq.gz,HRR026221
HRR026221_r2.fq.gz,HRR026221
HRR026222_f1.fq.gz,HRR026222
HRR026222_r2.fq.gz,HRR026222
HRR026223_f1.fq.gz,HRR026223
HRR026223_r2.fq.gz,HRR026223
HRR026224_f1.fq.gz,HRR026224
HRR026224_r2.fq.gz,HRR026224
HRR026225_f1.fq.gz,HRR026225
HRR026225_r2.fq.gz,HRR026225
HRR026226_f1.fq.gz,HRR026226
HRR026226_r2.fq.gz,HRR026226
HRR026227_f1.fq.gz,HRR026227
HRR026227_r2.fq.gz,HRR026227
HRR026228_f1.fq.gz,HRR026228
HRR026228_r2.fq.gz,HRR026228
HRR026229_f1.fq.gz,HRR026229
HRR026229_r2.fq.gz,HRR026229
HRR026230_f1.fq.gz,HRR026230
HRR026230_r2.fq.gz,HRR026230
HRR026231_f1.fq.gz,HRR026231
HRR026231_r2.fq.gz,HRR026231
HRR026232_f1.fq.gz,HRR026232
HRR026232_r2.fq.gz,HRR026232
HRR026233_f1.fq.gz,HRR026233
HRR026233_r2.fq.gz,HRR026233
HRR026234_f1.fq.gz,HRR026234
HRR026234_r2.fq.gz,HRR026234
HRR026235_f1.fq.gz,HRR026235
HRR026235_r2.fq.gz,HRR026235
HRR026236_f1.fq.gz,HRR026236
HRR026236_r2.fq.gz,HRR026236
HRR026237_f1.fq.gz,HRR026237
HRR026237_r2.fq.gz,HRR026237
HRR026238_f1.fq.gz,HRR026238
HRR026238_r2.fq.gz,HRR026238
HRR026239_f1.fq.gz,HRR026239
HRR026239_r2.fq.gz,HRR026239
HRR026240_f1.fq.gz,HRR026240
HRR026240_r2.fq.gz,HRR026240
HRR026241_f1.fq.gz,HRR026241
HRR026241_r2.fq.gz,HRR026241
HRR026242_f1.fq.gz,HRR026242
HRR026242_r2.fq.gz,HRR026242
HRR026243_f1.fq.gz,HRR026243
HRR026243_r2.fq.gz,HRR026243
HRR026244_f1.fq.gz,HRR026244
HRR026244_r2.fq.gz,HRR026244
HRR026245_f1.fq.gz,HRR026245
HRR026245_r2.fq.gz,HRR026245
HRR026246_f1.fq.gz,HRR026246
HRR026246_r2.fq.gz,HRR026246
HRR026247_f1.fq.gz,HRR026247
HRR026247_r2.fq.gz,HRR026247
HRR026248_f1.fq.gz,HRR026248
HRR026248_r2.fq.gz,HRR026248
HRR026249_f1.fq.gz,HRR026249
HRR026249_r2.fq.gz,HRR026249
HRR026250_f1.fq.gz,HRR026250
HRR026250_r2.fq.gz,HRR026250
HRR026251_f1.fq.gz,HRR026251
HRR026251_r2.fq.gz,HRR026251
HRR026252_f1.fq.gz,HRR026252
HRR026252_r2.fq.gz,HRR026252
HRR026253_f1.fq.gz,HRR026253
HRR026253_r2.fq.gz,HRR026253
HRR026254_f1.fq.gz,HRR026254
HRR026254_r2.fq.gz,HRR026254
HRR026255_f1.fq.gz,HRR026255
HRR026255_r2.fq.gz,HRR026255
HRR026256_f1.fq.gz,HRR026256
HRR026256_r2.fq.gz,HRR026256
HRR026257_f1.fq.gz,HRR026257
HRR026257_r2.fq.gz,HRR026257
HRR026258_f1.fq.gz,HRR026258
HRR026258_r2.fq.gz,HRR026258
HRR026259_f1.fq.gz,HRR026259
HRR026259_r2.fq.gz,HRR026259
HRR026260_f1.fq.gz,HRR026260
HRR026260_r2.fq.gz,HRR026260
HRR026261_f1.fq.gz,HRR026261
HRR026261_r2.fq.gz,HRR026261
HRR026262_f1.fq.gz,HRR026262
HRR026262_r2.fq.gz,HRR026262
HRR026263_f1.fq.gz,HRR026263
HRR026263_r2.fq.gz,HRR026263
HRR026264_f1.fq.gz,HRR026264
HRR026264_r2.fq.gz,HRR026264
HRR026265_f1.fq.gz,HRR026265
HRR026265_r2.fq.gz,HRR026265
HRR026266_f1.fq.gz,HRR026266
HRR026266_r2.fq.gz,HRR026266
HRR026267_f1.fq.gz,HRR026267
HRR026267_r2.fq.gz,HRR026267
HRR026268_f1.fq.gz,HRR026268
HRR026268_r2.fq.gz,HRR026268
HRR026269_f1.fq.gz,HRR026269
HRR026269_r2.fq.gz,HRR026269
HRR026270_f1.fq.gz,HRR026270
HRR026270_r2.fq.gz,HRR026270
HRR026271_f1.fq.gz,HRR026271
HRR026271_r2.fq.gz,HRR026271
HRR026272_f1.fq.gz,HRR026272
HRR026272_r2.fq.gz,HRR026272
HRR026273_f1.fq.gz,HRR026273
HRR026273_r2.fq.gz,HRR026273
HRR026274_f1.fq.gz,HRR026274
HRR026274_r2.fq.gz,HRR026274
HRR026275_f1.fq.gz,HRR026275
HRR026275_r2.fq.gz,HRR026275
HRR026276_f1.fq.gz,HRR026276
HRR026276_r2.fq.gz,HRR026276
HRR026277_f1.fq.gz,HRR026277
HRR026277_r2.fq.gz,HRR026277
HRR026278_f1.fq.gz,HRR026278
HRR026278_r2.fq.gz,HRR026278
HRR026279_f1.fq.gz,HRR026279
HRR026279_r2.fq.gz,HRR026279
HRR026280_f1.fq.gz,HRR026280
HRR026280_r2.fq.gz,HRR026280
HRR026281_f1.fq.gz,HRR026281
HRR026281_r2.fq.gz,HRR026281
HRR026282_f1.fq.gz,HRR026282
HRR026282_r2.fq.gz,HRR026282
HRR026283_f1.fq.gz,HRR026283
HRR026283_r2.fq.gz,HRR026283
HRR026284_f1.fq.gz,HRR026284
HRR026284_r2.fq.gz,HRR026284
HRR026285_f1.fq.gz,HRR026285
HRR026285_r2.fq.gz,HRR026285
HRR026286_f1.fq.gz,HRR026286
HRR026286_r2.fq.gz,HRR026286
HRR026287_f1.fq.gz,HRR026287
HRR026287_r2.fq.gz,HRR026287
HRR026288_f1.fq.gz,HRR026288
HRR026288_r2.fq.gz,HRR026288
HRR026289_f1.fq.gz,HRR026289
HRR026289_r2.fq.gz,HRR026289
HRR026290_f1.fq.gz,HRR026290
HRR026290_r2.fq.gz,HRR026290
HRR026291_f1.fq.gz,HRR026291
HRR026291_r2.fq.gz,HRR026291
HRR026292_f1.fq.gz,HRR026292
HRR026292_r2.fq.gz,HRR026292
HRR026293_f1.fq.gz,HRR026293
HRR026293_r2.fq.gz,HRR026293
HRR026294_f1.fq.gz,HRR026294
HRR026294_r2.fq.gz,HRR026294
HRR026295_f1.fq.gz,HRR026295
HRR026295_r2.fq.gz,HRR026295
HRR026296_f1.fq.gz,HRR026296
HRR026296_r2.fq.gz,HRR026296
HRR026297_f1.fq.gz,HRR026297
HRR026297_r2.fq.gz,HRR026297
HRR026298_f1.fq.gz,HRR026298
HRR026298_r2.fq.gz,HRR026298
HRR026299_f1.fq.gz,HRR026299
HRR026299_r2.fq.gz,HRR026299
HRR026300_f1.fq.gz,HRR026300
HRR026300_r2.fq.gz,HRR026300
HRR026301_f1.fq.gz,HRR026301
HRR026301_r2.fq.gz,HRR026301
HRR026302_f1.fq.gz,HRR026302
HRR026302_r2.fq.gz,HRR026302
HRR026303_f1.fq.gz,HRR026303
HRR026303_r2.fq.gz,HRR026303
HRR026304_f1.fq.gz,HRR026304
HRR026304_r2.fq.gz,HRR026304
HRR026305_f1.fq.gz,HRR026305
HRR026305_r2.fq.gz,HRR026305
HRR026306_f1.fq.gz,HRR026306
HRR026306_r2.fq.gz,HRR026306
HRR026307_f1.fq.gz,HRR026307
HRR026307_r2.fq.gz,HRR026307
HRR026308_f1.fq.gz,HRR026308
HRR026308_r2.fq.gz,HRR026308
HRR026309_f1.fq.gz,HRR026309
HRR026309_r2.fq.gz,HRR026309
HRR026310_f1.fq.gz,HRR026310
HRR026310_r2.fq.gz,HRR026310
HRR026311_f1.fq.gz,HRR026311
HRR026311_r2.fq.gz,HRR026311
HRR026312_f1.fq.gz,HRR026312
HRR026312_r2.fq.gz,HRR026312
HRR026313_f1.fq.gz,HRR026313
HRR026313_r2.fq.gz,HRR026313
HRR026314_f1.fq.gz,HRR026314
HRR026314_r2.fq.gz,HRR026314
HRR026315_f1.fq.gz,HRR026315
HRR026315_r2.fq.gz,HRR026315
HRR026316_f1.fq.gz,HRR026316
HRR026316_r2.fq.gz,HRR026316
HRR026317_f1.fq.gz,HRR026317
HRR026317_r2.fq.gz,HRR026317
HRR026318_f1.fq.gz,HRR026318
HRR026318_r2.fq.gz,HRR026318
HRR026319_f1.fq.gz,HRR026319
HRR026319_r2.fq.gz,HRR026319
HRR026320_f1.fq.gz,HRR026320
HRR026320_r2.fq.gz,HRR026320
HRR026321_f1.fq.gz,HRR026321
HRR026321_r2.fq.gz,HRR026321
HRR026322_f1.fq.gz,HRR026322
HRR026322_r2.fq.gz,HRR026322
HRR026323_f1.fq.gz,HRR026323
HRR026323_r2.fq.gz,HRR026323
HRR026324_f1.fq.gz,HRR026324
HRR026324_r2.fq.gz,HRR026324
HRR026325_f1.fq.gz,HRR026325
HRR026325_r2.fq.gz,HRR026325
HRR026326_f1.fq.gz,HRR026326
HRR026326_r2.fq.gz,HRR026326
HRR026327_f1.fq.gz,HRR026327
HRR026327_r2.fq.gz,HRR026327
HRR026328_f1.fq.gz,HRR026328
HRR026328_r2.fq.gz,HRR026328
HRR026329_f1.fq.gz,HRR026329
HRR026329_r2.fq.gz,HRR026329
HRR026330_f1.fq.gz,HRR026330
HRR026330_r2.fq.gz,HRR026330
HRR026331_f1.fq.gz,HRR026331
HRR026331_r2.fq.gz,HRR026331
HRR026332_f1.fq.gz,HRR026332
HRR026332_r2.fq.gz,HRR026332
HRR026333_f1.fq.gz,HRR026333
HRR026333_r2.fq.gz,HRR026333
HRR026334_f1.fq.gz,HRR026334
HRR026334_r2.fq.gz,HRR026334
HRR026335_f1.fq.gz,HRR026335
HRR026335_r2.fq.gz,HRR026335
HRR026336_f1.fq.gz,HRR026336
HRR026336_r2.fq.gz,HRR026336
HRR026337_f1.fq.gz,HRR026337
HRR026337_r2.fq.gz,HRR026337
HRR026338_f1.fq.gz,HRR026338
HRR026338_r2.fq.gz,HRR026338
HRR026339_f1.fq.gz,HRR026339
HRR026339_r2.fq.gz,HRR026339
HRR026340_f1.fq.gz,HRR026340
HRR026340_r2.fq.gz,HRR026340
HRR026341_f1.fq.gz,HRR026341
HRR026341_r2.fq.gz,HRR026341
HRR026342_f1.fq.gz,HRR026342
HRR026342_r2.fq.gz,HRR026342
HRR026343_f1.fq.gz,HRR026343
HRR026343_r2.fq.gz,HRR026343
HRR026344_f1.fq.gz,HRR026344
HRR026344_r2.fq.gz,HRR026344
HRR026345_f1.fq.gz,HRR026345
HRR026345_r2.fq.gz,HRR026345
HRR026346_f1.fq.gz,HRR026346
HRR026346_r2.fq.gz,HRR026346
HRR026347_f1.fq.gz,HRR026347
HRR026347_r2.fq.gz,HRR026347
HRR026348_f1.fq.gz,HRR026348
HRR026348_r2.fq.gz,HRR026348
HRR026349_f1.fq.gz,HRR026349
HRR026349_r2.fq.gz,HRR026349
HRR026350_f1.fq.gz,HRR026350
HRR026350_r2.fq.gz,HRR026350
HRR026351_f1.fq.gz,HRR026351
HRR026351_r2.fq.gz,HRR026351
HRR026352_f1.fq.gz,HRR026352
HRR026352_r2.fq.gz,HRR026352
HRR026353_f1.fq.gz,HRR026353
HRR026353_r2.fq.gz,HRR026353
HRR026354_f1.fq.gz,HRR026354
HRR026354_r2.fq.gz,HRR026354
HRR026355_f1.fq.gz,HRR026355
HRR026355_r2.fq.gz,HRR026355
HRR026356_f1.fq.gz,HRR026356
HRR026356_r2.fq.gz,HRR026356
HRR026357_f1.fq.gz,HRR026357
HRR026357_r2.fq.gz,HRR026357
HRR026358_f1.fq.gz,HRR026358
HRR026358_r2.fq.gz,HRR026358
HRR026359_f1.fq.gz,HRR026359
HRR026359_r2.fq.gz,HRR026359
HRR026360_f1.fq.gz,HRR026360
HRR026360_r2.fq.gz,HRR026360
HRR026361_f1.fq.gz,HRR026361
HRR026361_r2.fq.gz,HRR026361
HRR026362_f1.fq.gz,HRR026362
HRR026362_r2.fq.gz,HRR026362
HRR026363_f1.fq.gz,HRR026363
HRR026363_r2.fq.gz,HRR026363
HRR026364_f1.fq.gz,HRR026364
HRR026364_r2.fq.gz,HRR026364
HRR026365_f1.fq.gz,HRR026365
HRR026365_r2.fq.gz,HRR026365
HRR026366_f1.fq.gz,HRR026366
HRR026366_r2.fq.gz,HRR026366
HRR026367_f1.fq.gz,HRR026367
HRR026367_r2.fq.gz,HRR026367
HRR026368_f1.fq.gz,HRR026368
HRR026368_r2.fq.gz,HRR026368
HRR026369_f1.fq.gz,HRR026369
HRR026369_r2.fq.gz,HRR026369
HRR026370_f1.fq.gz,HRR026370
HRR026370_r2.fq.gz,HRR026370
HRR026371_f1.fq.gz,HRR026371
HRR026371_r2.fq.gz,HRR026371
HRR026372_f1.fq.gz,HRR026372
HRR026372_r2.fq.gz,HRR026372
HRR026373_f1.fq.gz,HRR026373
HRR026373_r2.fq.gz,HRR026373
HRR026374_f1.fq.gz,HRR026374
HRR026374_r2.fq.gz,HRR026374
HRR026375_f1.fq.gz,HRR026375
HRR026375_r2.fq.gz,HRR026375
HRR026376_f1.fq.gz,HRR026376
HRR026376_r2.fq.gz,HRR026376
HRR026377_f1.fq.gz,HRR026377
HRR026377_r2.fq.gz,HRR026377
HRR026378_f1.fq.gz,HRR026378
HRR026378_r2.fq.gz,HRR026378
HRR026379_f1.fq.gz,HRR026379
HRR026379_r2.fq.gz,HRR026379
HRR026380_f1.fq.gz,HRR026380
HRR026380_r2.fq.gz,HRR026380
HRR026381_f1.fq.gz,HRR026381
HRR026381_r2.fq.gz,HRR026381
HRR026382_f1.fq.gz,HRR026382
HRR026382_r2.fq.gz,HRR026382
HRR026383_f1.fq.gz,HRR026383
HRR026383_r2.fq.gz,HRR026383
HRR026384_f1.fq.gz,HRR026384
HRR026384_r2.fq.gz,HRR026384
HRR026385_f1.fq.gz,HRR026385
HRR026385_r2.fq.gz,HRR026385
HRR026386_f1.fq.gz,HRR026386
HRR026386_r2.fq.gz,HRR026386
HRR026387_f1.fq.gz,HRR026387
HRR026387_r2.fq.gz,HRR026387
HRR026388_f1.fq.gz,HRR026388
HRR026388_r2.fq.gz,HRR026388
HRR026389_f1.fq.gz,HRR026389
HRR026389_r2.fq.gz,HRR026389
HRR026390_f1.fq.gz,HRR026390
HRR026390_r2.fq.gz,HRR026390
HRR026391_f1.fq.gz,HRR026391
HRR026391_r2.fq.gz,HRR026391
HRR026392_f1.fq.gz,HRR026392
HRR026392_r2.fq.gz,HRR026392
HRR026393_f1.fq.gz,HRR026393
HRR026393_r2.fq.gz,HRR026393
HRR026394_f1.fq.gz,HRR026394
HRR026394_r2.fq.gz,HRR026394
HRR026395_f1.fq.gz,HRR026395
HRR026395_r2.fq.gz,HRR026395
HRR026396_f1.fq.gz,HRR026396
HRR026396_r2.fq.gz,HRR026396
HRR026397_f1.fq.gz,HRR026397
HRR026397_r2.fq.gz,HRR026397
HRR026398_f1.fq.gz,HRR026398
HRR026398_r2.fq.gz,HRR026398
HRR026399_f1.fq.gz,HRR026399
HRR026399_r2.fq.gz,HRR026399
HRR026400_f1.fq.gz,HRR026400
HRR026400_r2.fq.gz,HRR026400
HRR026401_f1.fq.gz,HRR026401
HRR026401_r2.fq.gz,HRR026401
HRR026402_f1.fq.gz,HRR026402
HRR026402_r2.fq.gz,HRR026402
HRR026403_f1.fq.gz,HRR026403
HRR026403_r2.fq.gz,HRR026403
HRR026404_f1.fq.gz,HRR026404
HRR026404_r2.fq.gz,HRR026404
HRR026405_f1.fq.gz,HRR026405
HRR026405_r2.fq.gz,HRR026405
HRR026406_f1.fq.gz,HRR026406
HRR026406_r2.fq.gz,HRR026406
HRR026407_f1.fq.gz,HRR026407
HRR026407_r2.fq.gz,HRR026407
HRR026408_f1.fq.gz,HRR026408
HRR026408_r2.fq.gz,HRR026408
HRR026409_f1.fq.gz,HRR026409
HRR026409_r2.fq.gz,HRR026409
HRR026410_f1.fq.gz,HRR026410
HRR026410_r2.fq.gz,HRR026410
HRR026411_f1.fq.gz,HRR026411
HRR026411_r2.fq.gz,HRR026411
HRR026412_f1.fq.gz,HRR026412
HRR026412_r2.fq.gz,HRR026412
HRR026413_f1.fq.gz,HRR026413
HRR026413_r2.fq.gz,HRR026413
HRR026414_f1.fq.gz,HRR026414
HRR026414_r2.fq.gz,HRR026414
HRR026415_f1.fq.gz,HRR026415
HRR026415_r2.fq.gz,HRR026415
HRR026416_f1.fq.gz,HRR026416
HRR026416_r2.fq.gz,HRR026416
HRR026417_f1.fq.gz,HRR026417
HRR026417_r2.fq.gz,HRR026417
HRR026418_f1.fq.gz,HRR026418
HRR026418_r2.fq.gz,HRR026418
HRR026419_f1.fq.gz,HRR026419
HRR026419_r2.fq.gz,HRR026419
HRR026420_f1.fq.gz,HRR026420
HRR026420_r2.fq.gz,HRR026420
HRR026421_f1.fq.gz,HRR026421
HRR026421_r2.fq.gz,HRR026421
HRR026422_f1.fq.gz,HRR026422
HRR026422_r2.fq.gz,HRR026422
HRR026423_f1.fq.gz,HRR026423
HRR026423_r2.fq.gz,HRR026423
HRR026424_f1.fq.gz,HRR026424
HRR026424_r2.fq.gz,HRR026424
HRR026425_f1.fq.gz,HRR026425
HRR026425_r2.fq.gz,HRR026425
HRR026426_f1.fq.gz,HRR026426
HRR026426_r2.fq.gz,HRR026426
HRR026427_f1.fq.gz,HRR026427
HRR026427_r2.fq.gz,HRR026427
HRR026428_f1.fq.gz,HRR026428
HRR026428_r2.fq.gz,HRR026428
HRR026429_f1.fq.gz,HRR026429
HRR026429_r2.fq.gz,HRR026429
HRR026430_f1.fq.gz,HRR026430
HRR026430_r2.fq.gz,HRR026430
HRR026431_f1.fq.gz,HRR026431
HRR026431_r2.fq.gz,HRR026431
HRR026432_f1.fq.gz,HRR026432
HRR026432_r2.fq.gz,HRR026432
HRR026433_f1.fq.gz,HRR026433
HRR026433_r2.fq.gz,HRR026433
HRR026434_f1.fq.gz,HRR026434
HRR026434_r2.fq.gz,HRR026434
HRR026435_f1.fq.gz,HRR026435
HRR026435_r2.fq.gz,HRR026435
HRR026436_f1.fq.gz,HRR026436
HRR026436_r2.fq.gz,HRR026436
HRR026437_f1.fq.gz,HRR026437
HRR026437_r2.fq.gz,HRR026437
HRR026438_f1.fq.gz,HRR026438
HRR026438_r2.fq.gz,HRR026438
HRR026439_f1.fq.gz,HRR026439
HRR026439_r2.fq.gz,HRR026439
HRR026440_f1.fq.gz,HRR026440
HRR026440_r2.fq.gz,HRR026440
HRR026441_f1.fq.gz,HRR026441
HRR026441_r2.fq.gz,HRR026441
HRR026442_f1.fq.gz,HRR026442
HRR026442_r2.fq.gz,HRR026442
HRR026443_f1.fq.gz,HRR026443
HRR026443_r2.fq.gz,HRR026443
HRR026444_f1.fq.gz,HRR026444
HRR026444_r2.fq.gz,HRR026444
HRR026445_f1.fq.gz,HRR026445
HRR026445_r2.fq.gz,HRR026445
HRR026446_f1.fq.gz,HRR026446
HRR026446_r2.fq.gz,HRR026446
HRR026447_f1.fq.gz,HRR026447
HRR026447_r2.fq.gz,HRR026447
HRR026448_f1.fq.gz,HRR026448
HRR026448_r2.fq.gz,HRR026448
HRR026449_f1.fq.gz,HRR026449
HRR026449_r2.fq.gz,HRR026449
HRR026450_f1.fq.gz,HRR026450
HRR026450_r2.fq.gz,HRR026450
HRR026451_f1.fq.gz,HRR026451
HRR026451_r2.fq.gz,HRR026451
HRR026452_f1.fq.gz,HRR026452
HRR026452_r2.fq.gz,HRR026452
HRR026453_f1.fq.gz,HRR026453
HRR026453_r2.fq.gz,HRR026453
HRR026454_f1.fq.gz,HRR026454
HRR026454_r2.fq.gz,HRR026454
HRR026455_f1.fq.gz,HRR026455
HRR026455_r2.fq.gz,HRR026455
HRR026456_f1.fq.gz,HRR026456
HRR026456_r2.fq.gz,HRR026456
HRR026457_f1.fq.gz,HRR026457
HRR026457_r2.fq.gz,HRR026457
HRR026458_f1.fq.gz,HRR026458
HRR026458_r2.fq.gz,HRR026458
HRR026459_f1.fq.gz,HRR026459
HRR026459_r2.fq.gz,HRR026459
HRR026460_f1.fq.gz,HRR026460
HRR026460_r2.fq.gz,HRR026460
HRR026461_f1.fq.gz,HRR026461
HRR026461_r2.fq.gz,HRR026461
HRR026462_f1.fq.gz,HRR026462
HRR026462_r2.fq.gz,HRR026462
HRR026463_f1.fq.gz,HRR026463
HRR026463_r2.fq.gz,HRR026463
HRR026464_f1.fq.gz,HRR026464
HRR026464_r2.fq.gz,HRR026464
HRR026465_f1.fq.gz,HRR026465
HRR026465_r2.fq.gz,HRR026465
HRR026466_f1.fq.gz,HRR026466
HRR026466_r2.fq.gz,HRR026466
HRR026467_f1.fq.gz,HRR026467
HRR026467_r2.fq.gz,HRR026467
HRR026468_f1.fq.gz,HRR026468
HRR026468_r2.fq.gz,HRR026468
HRR026469_f1.fq.gz,HRR026469
HRR026469_r2.fq.gz,HRR026469
HRR026470_f1.fq.gz,HRR026470
HRR026470_r2.fq.gz,HRR026470
HRR026471_f1.fq.gz,HRR026471
HRR026471_r2.fq.gz,HRR026471
HRR026472_f1.fq.gz,HRR026472
HRR026472_r2.fq.gz,HRR026472
HRR026473_f1.fq.gz,HRR026473
HRR026473_r2.fq.gz,HRR026473
HRR026474_f1.fq.gz,HRR026474
HRR026474_r2.fq.gz,HRR026474
HRR026475_f1.fq.gz,HRR026475
HRR026475_r2.fq.gz,HRR026475
HRR026476_f1.fq.gz,HRR026476
HRR026476_r2.fq.gz,HRR026476
HRR026477_f1.fq.gz,HRR026477
HRR026477_r2.fq.gz,HRR026477
HRR026478_f1.fq.gz,HRR026478
HRR026478_r2.fq.gz,HRR026478
HRR026479_f1.fq.gz,HRR026479
HRR026479_r2.fq.gz,HRR026479
HRR026480_f1.fq.gz,HRR026480
HRR026480_r2.fq.gz,HRR026480
HRR026481_f1.fq.gz,HRR026481
HRR026481_r2.fq.gz,HRR026481
HRR026482_f1.fq.gz,HRR026482
HRR026482_r2.fq.gz,HRR026482
HRR026483_f1.fq.gz,HRR026483
HRR026483_r2.fq.gz,HRR026483
HRR026484_f1.fq.gz,HRR026484
HRR026484_r2.fq.gz,HRR026484
HRR026485_f1.fq.gz,HRR026485
HRR026485_r2.fq.gz,HRR026485
HRR026486_f1.fq.gz,HRR026486
HRR026486_r2.fq.gz,HRR026486
HRR026487_f1.fq.gz,HRR026487
HRR026487_r2.fq.gz,HRR026487
HRR026488_f1.fq.gz,HRR026488
HRR026488_r2.fq.gz,HRR026488
HRR026489_f1.fq.gz,HRR026489
HRR026489_r2.fq.gz,HRR026489
HRR026490_f1.fq.gz,HRR026490
HRR026490_r2.fq.gz,HRR026490
HRR026491_f1.fq.gz,HRR026491
HRR026491_r2.fq.gz,HRR026491
HRR026492_f1.fq.gz,HRR026492
HRR026492_r2.fq.gz,HRR026492
HRR026493_f1.fq.gz,HRR026493
HRR026493_r2.fq.gz,HRR026493
HRR026494_f1.fq.gz,HRR026494
HRR026494_r2.fq.gz,HRR026494
HRR026495_f1.fq.gz,HRR026495
HRR026495_r2.fq.gz,HRR026495
HRR026496_f1.fq.gz,HRR026496
HRR026496_r2.fq.gz,HRR026496
HRR026497_f1.fq.gz,HRR026497
HRR026497_r2.fq.gz,HRR026497
HRR026498_f1.fq.gz,HRR026498
HRR026498_r2.fq.gz,HRR026498
HRR026499_f1.fq.gz,HRR026499
HRR026499_r2.fq.gz,HRR026499
HRR026500_f1.fq.gz,HRR026500
HRR026500_r2.fq.gz,HRR026500
HRR026501_f1.fq.gz,HRR026501
HRR026501_r2.fq.gz,HRR026501
HRR026502_f1.fq.gz,HRR026502
HRR026502_r2.fq.gz,HRR026502
HRR026503_f1.fq.gz,HRR026503
HRR026503_r2.fq.gz,HRR026503
HRR026504_f1.fq.gz,HRR026504
HRR026504_r2.fq.gz,HRR026504
HRR026505_f1.fq.gz,HRR026505
HRR026505_r2.fq.gz,HRR026505
HRR026506_f1.fq.gz,HRR026506
HRR026506_r2.fq.gz,HRR026506
HRR026507_f1.fq.gz,HRR026507
HRR026507_r2.fq.gz,HRR026507
HRR026508_f1.fq.gz,HRR026508
HRR026508_r2.fq.gz,HRR026508
HRR026509_f1.fq.gz,HRR026509
HRR026509_r2.fq.gz,HRR026509
HRR026510_f1.fq.gz,HRR026510
HRR026510_r2.fq.gz,HRR026510
HRR026511_f1.fq.gz,HRR026511
HRR026511_r2.fq.gz,HRR026511
HRR026512_f1.fq.gz,HRR026512
HRR026512_r2.fq.gz,HRR026512
HRR026513_f1.fq.gz,HRR026513
HRR026513_r2.fq.gz,HRR026513
HRR026514_f1.fq.gz,HRR026514
HRR026514_r2.fq.gz,HRR026514
HRR026515_f1.fq.gz,HRR026515
HRR026515_r2.fq.gz,HRR026515
HRR026516_f1.fq.gz,HRR026516
HRR026516_r2.fq.gz,HRR026516
HRR026517_f1.fq.gz,HRR026517
HRR026517_r2.fq.gz,HRR026517
HRR026518_f1.fq.gz,HRR026518
HRR026518_r2.fq.gz,HRR026518
HRR026519_f1.fq.gz,HRR026519
HRR026519_r2.fq.gz,HRR026519
HRR026520_f1.fq.gz,HRR026520
HRR026520_r2.fq.gz,HRR026520
HRR026521_f1.fq.gz,HRR026521
HRR026521_r2.fq.gz,HRR026521
HRR026522_f1.fq.gz,HRR026522
HRR026522_r2.fq.gz,HRR026522
HRR026523_f1.fq.gz,HRR026523
HRR026523_r2.fq.gz,HRR026523
HRR026524_f1.fq.gz,HRR026524
HRR026524_r2.fq.gz,HRR026524
HRR026525_f1.fq.gz,HRR026525
HRR026525_r2.fq.gz,HRR026525
HRR026526_f1.fq.gz,HRR026526
HRR026526_r2.fq.gz,HRR026526
HRR026527_f1.fq.gz,HRR026527
HRR026527_r2.fq.gz,HRR026527
HRR026528_f1.fq.gz,HRR026528
HRR026528_r2.fq.gz,HRR026528
HRR026529_f1.fq.gz,HRR026529
HRR026529_r2.fq.gz,HRR026529
HRR026530_f1.fq.gz,HRR026530
HRR026530_r2.fq.gz,HRR026530
HRR026531_f1.fq.gz,HRR026531
HRR026531_r2.fq.gz,HRR026531
HRR026532_f1.fq.gz,HRR026532
HRR026532_r2.fq.gz,HRR026532
HRR026533_f1.fq.gz,HRR026533
HRR026533_r2.fq.gz,HRR026533
HRR026534_f1.fq.gz,HRR026534
HRR026534_r2.fq.gz,HRR026534
HRR026535_f1.fq.gz,HRR026535
HRR026535_r2.fq.gz,HRR026535
HRR026536_f1.fq.gz,HRR026536
HRR026536_r2.fq.gz,HRR026536
HRR026537_f1.fq.gz,HRR026537
HRR026537_r2.fq.gz,HRR026537
HRR026538_f1.fq.gz,HRR026538
HRR026538_r2.fq.gz,HRR026538
HRR026539_f1.fq.gz,HRR026539
HRR026539_r2.fq.gz,HRR026539
HRR026540_f1.fq.gz,HRR026540
HRR026540_r2.fq.gz,HRR026540
HRR026541_f1.fq.gz,HRR026541
HRR026541_r2.fq.gz,HRR026541
HRR026542_f1.fq.gz,HRR026542
HRR026542_r2.fq.gz,HRR026542
HRR026543_f1.fq.gz,HRR026543
HRR026543_r2.fq.gz,HRR026543
HRR026544_f1.fq.gz,HRR026544
HRR026544_r2.fq.gz,HRR026544
HRR026545_f1.fq.gz,HRR026545
HRR026545_r2.fq.gz,HRR026545
HRR026546_f1.fq.gz,HRR026546
HRR026546_r2.fq.gz,HRR026546
HRR026547_f1.fq.gz,HRR026547
HRR026547_r2.fq.gz,HRR026547
HRR026548_f1.fq.gz,HRR026548
HRR026548_r2.fq.gz,HRR026548
HRR026549_f1.fq.gz,HRR026549
HRR026549_r2.fq.gz,HRR026549
HRR026550_f1.fq.gz,HRR026550
HRR026550_r2.fq.gz,HRR026550
HRR026551_f1.fq.gz,HRR026551
HRR026551_r2.fq.gz,HRR026551
HRR232644_f1.fastq.gz,HRR232644
HRR232644_r2.fastq.gz,HRR232644
HRR232645_f1.fastq.gz,HRR232645
HRR232645_r2.fastq.gz,HRR232645
HRR232646_f1.fastq.gz,HRR232646
HRR232646_r2.fastq.gz,HRR232646
HRR232647_f1.fastq.gz,HRR232647
HRR232647_r2.fastq.gz,HRR232647
HRR232648_f1.fastq.gz,HRR232648
HRR232648_r2.fastq.gz,HRR232648
HRR232649_f1.fastq.gz,HRR232649
HRR232649_r2.fastq.gz,HRR232649
HRR232650_f1.fastq.gz,HRR232650
HRR232650_r2.fastq.gz,HRR232650
HRR232651_f1.fastq.gz,HRR232651
HRR232651_r2.fastq.gz,HRR232651
HRR232652_f1.fastq.gz,HRR232652
HRR232652_r2.fastq.gz,HRR232652
HRR232653_f1.fastq.gz,HRR232653
HRR232653_r2.fastq.gz,HRR232653
HRR232654_f1.fastq.gz,HRR232654
HRR232654_r2.fastq.gz,HRR232654
HRR232655_f1.fastq.gz,HRR232655
HRR232655_r2.fastq.gz,HRR232655
HRR232656_f1.fastq.gz,HRR232656
HRR232656_r2.fastq.gz,HRR232656
HRR232657_f1.fastq.gz,HRR232657
HRR232657_r2.fastq.gz,HRR232657
HRR232658_f1.fastq.gz,HRR232658
HRR232658_r2.fastq.gz,HRR232658
HRR232659_f1.fastq.gz,HRR232659
HRR232659_r2.fastq.gz,HRR232659
HRR232660_f1.fastq.gz,HRR232660
HRR232660_r2.fastq.gz,HRR232660
HRR232661_f1.fastq.gz,HRR232661
HRR232661_r2.fastq.gz,HRR232661
HRR232662_f1.fastq.gz,HRR232662
HRR232662_r2.fastq.gz,HRR232662
HRR232663_f1.fastq.gz,HRR232663
HRR232663_r2.fastq.gz,HRR232663
HRR232664_f1.fastq.gz,HRR232664
HRR232664_r2.fastq.gz,HRR232664
HRR232665_f1.fastq.gz,HRR232665
HRR232665_r2.fastq.gz,HRR232665
HRR232666_f1.fastq.gz,HRR232666
HRR232666_r2.fastq.gz,HRR232666
HRR232667_f1.fastq.gz,HRR232667
HRR232667_r2.fastq.gz,HRR232667
HRR232668_f1.fastq.gz,HRR232668
HRR232668_r2.fastq.gz,HRR232668
HRR232669_f1.fastq.gz,HRR232669
HRR232669_r2.fastq.gz,HRR232669
HRR232670_f1.fastq.gz,HRR232670
HRR232670_r2.fastq.gz,HRR232670
HRR232671_f1.fastq.gz,HRR232671
HRR232671_r2.fastq.gz,HRR232671
HRR232672_f1.fastq.gz,HRR232672
HRR232672_r2.fastq.gz,HRR232672
HRR232673_f1.fastq.gz,HRR232673
HRR232673_r2.fastq.gz,HRR232673
HRR232674_f1.fastq.gz,HRR232674
HRR232674_r2.fastq.gz,HRR232674
HRR232675_f1.fastq.gz,HRR232675
HRR232675_r2.fastq.gz,HRR232675
HRR232676_f1.fastq.gz,HRR232676
HRR232676_r2.fastq.gz,HRR232676
HRR232677_f1.fastq.gz,HRR232677
HRR232677_r2.fastq.gz,HRR232677
HRR232678_f1.fastq.gz,HRR232678
HRR232678_r2.fastq.gz,HRR232678
HRR232679_f1.fastq.gz,HRR232679
HRR232679_r2.fastq.gz,HRR232679
HRR232680_f1.fastq.gz,HRR232680
HRR232680_r2.fastq.gz,HRR232680
HRR232681_f1.fastq.gz,HRR232681
HRR232681_r2.fastq.gz,HRR232681
HRR232682_f1.fastq.gz,HRR232682
HRR232682_r2.fastq.gz,HRR232682
HRR232683_f1.fastq.gz,HRR232683
HRR232683_r2.fastq.gz,HRR232683
HRR232684_f1.fastq.gz,HRR232684
HRR232684_r2.fastq.gz,HRR232684
HRR232685_f1.fastq.gz,HRR232685
HRR232685_r2.fastq.gz,HRR232685
HRR232686_f1.fastq.gz,HRR232686
HRR232686_r2.fastq.gz,HRR232686
HRR232687_f1.fastq.gz,HRR232687
HRR232687_r2.fastq.gz,HRR232687
HRR232688_f1.fastq.gz,HRR232688
HRR232688_r2.fastq.gz,HRR232688
HRR232689_f1.fastq.gz,HRR232689
HRR232689_r2.fastq.gz,HRR232689
HRR232690_f1.fastq.gz,HRR232690
HRR232690_r2.fastq.gz,HRR232690
HRR232691_f1.fastq.gz,HRR232691
HRR232691_r2.fastq.gz,HRR232691
HRR232692_f1.fastq.gz,HRR232692
HRR232692_r2.fastq.gz,HRR232692
HRR232693_f1.fastq.gz,HRR232693
HRR232693_r2.fastq.gz,HRR232693
HRR232694_f1.fastq.gz,HRR232694
HRR232694_r2.fastq.gz,HRR232694
HRR232695_f1.fastq.gz,HRR232695
HRR232695_r2.fastq.gz,HRR232695
HRR232696_f1.fastq.gz,HRR232696
HRR232696_r2.fastq.gz,HRR232696
HRR232697_f1.fastq.gz,HRR232697
HRR232697_r2.fastq.gz,HRR232697
HRR232698_f1.fastq.gz,HRR232698
HRR232698_r2.fastq.gz,HRR232698
HRR232699_f1.fastq.gz,HRR232699
HRR232699_r2.fastq.gz,HRR232699
HRR232700_f1.fastq.gz,HRR232700
HRR232700_r2.fastq.gz,HRR232700
HRR232701_f1.fastq.gz,HRR232701
HRR232701_r2.fastq.gz,HRR232701
HRR232702_f1.fastq.gz,HRR232702
HRR232702_r2.fastq.gz,HRR232702
HRR232703_f1.fastq.gz,HRR232703
HRR232703_r2.fastq.gz,HRR232703
HRR232704_f1.fastq.gz,HRR232704
HRR232704_r2.fastq.gz,HRR232704
HRR232705_f1.fastq.gz,HRR232705
HRR232705_r2.fastq.gz,HRR232705
HRR232706_f1.fastq.gz,HRR232706
HRR232706_r2.fastq.gz,HRR232706
HRR232707_f1.fastq.gz,HRR232707
HRR232707_r2.fastq.gz,HRR232707
HRR232708_f1.fastq.gz,HRR232708
HRR232708_r2.fastq.gz,HRR232708
HRR232709_f1.fastq.gz,HRR232709
HRR232709_r2.fastq.gz,HRR232709
HRR232710_f1.fastq.gz,HRR232710
HRR232710_r2.fastq.gz,HRR232710
HRR232711_f1.fastq.gz,HRR232711
HRR232711_r2.fastq.gz,HRR232711
HRR232712_f1.fastq.gz,HRR232712
HRR232712_r2.fastq.gz,HRR232712
HRR232713_f1.fastq.gz,HRR232713
HRR232713_r2.fastq.gz,HRR232713
HRR232714_f1.fastq.gz,HRR232714
HRR232714_r2.fastq.gz,HRR232714
HRR232715_f1.fastq.gz,HRR232715
HRR232715_r2.fastq.gz,HRR232715
HRR232716_f1.fastq.gz,HRR232716
HRR232716_r2.fastq.gz,HRR232716
HRR232717_f1.fastq.gz,HRR232717
HRR232717_r2.fastq.gz,HRR232717
HRR232718_f1.fastq.gz,HRR232718
HRR232718_r2.fastq.gz,HRR232718
HRR232719_f1.fastq.gz,HRR232719
HRR232719_r2.fastq.gz,HRR232719
HRR232720_f1.fastq.gz,HRR232720
HRR232720_r2.fastq.gz,HRR232720
HRR232721_f1.fastq.gz,HRR232721
HRR232721_r2.fastq.gz,HRR232721
HRR232722_f1.fastq.gz,HRR232722
HRR232722_r2.fastq.gz,HRR232722
HRR232723_f1.fastq.gz,HRR232723
HRR232723_r2.fastq.gz,HRR232723
HRR232724_f1.fastq.gz,HRR232724
HRR232724_r2.fastq.gz,HRR232724
HRR232725_f1.fastq.gz,HRR232725
HRR232725_r2.fastq.gz,HRR232725
HRR232726_f1.fastq.gz,HRR232726
HRR232726_r2.fastq.gz,HRR232726
HRR232727_f1.fastq.gz,HRR232727
HRR232727_r2.fastq.gz,HRR232727
HRR232728_f1.fastq.gz,HRR232728
HRR232728_r2.fastq.gz,HRR232728
HRR232729_f1.fastq.gz,HRR232729
HRR232729_r2.fastq.gz,HRR232729
HRR232730_f1.fastq.gz,HRR232730
HRR232730_r2.fastq.gz,HRR232730
HRR232731_f1.fastq.gz,HRR232731
HRR232731_r2.fastq.gz,HRR232731
HRR232732_f1.fastq.gz,HRR232732
HRR232732_r2.fastq.gz,HRR232732
HRR232733_f1.fastq.gz,HRR232733
HRR232733_r2.fastq.gz,HRR232733
HRR232734_f1.fastq.gz,HRR232734
HRR232734_r2.fastq.gz,HRR232734
HRR232735_f1.fastq.gz,HRR232735
HRR232735_r2.fastq.gz,HRR232735
HRR232736_f1.fastq.gz,HRR232736
HRR232736_r2.fastq.gz,HRR232736
HRR232737_f1.fastq.gz,HRR232737
HRR232737_r2.fastq.gz,HRR232737
HRR232738_f1.fastq.gz,HRR232738
HRR232738_r2.fastq.gz,HRR232738
HRR232739_f1.fastq.gz,HRR232739
HRR232739_r2.fastq.gz,HRR232739
HRR232740_f1.fastq.gz,HRR232740
HRR232740_r2.fastq.gz,HRR232740
HRR232741_f1.fastq.gz,HRR232741
HRR232741_r2.fastq.gz,HRR232741
HRR232742_f1.fastq.gz,HRR232742
HRR232742_r2.fastq.gz,HRR232742
HRR232743_f1.fastq.gz,HRR232743
HRR232743_r2.fastq.gz,HRR232743
HRR232744_f1.fastq.gz,HRR232744
HRR232744_r2.fastq.gz,HRR232744
HRR232745_f1.fastq.gz,HRR232745
HRR232745_r2.fastq.gz,HRR232745
HRR232746_f1.fastq.gz,HRR232746
HRR232746_r2.fastq.gz,HRR232746
HRR232747_f1.fastq.gz,HRR232747
HRR232747_r2.fastq.gz,HRR232747
HRR232748_f1.fastq.gz,HRR232748
HRR232748_r2.fastq.gz,HRR232748
HRR232749_f1.fastq.gz,HRR232749
HRR232749_r2.fastq.gz,HRR232749
HRR232750_f1.fastq.gz,HRR232750
HRR232750_r2.fastq.gz,HRR232750
HRR232751_f1.fastq.gz,HRR232751
HRR232751_r2.fastq.gz,HRR232751
HRR232752_f1.fastq.gz,HRR232752
HRR232752_r2.fastq.gz,HRR232752
HRR232753_f1.fastq.gz,HRR232753
HRR232753_r2.fastq.gz,HRR232753
HRR232754_f1.fastq.gz,HRR232754
HRR232754_r2.fastq.gz,HRR232754
HRR232755_f1.fastq.gz,HRR232755
HRR232755_r2.fastq.gz,HRR232755
HRR232756_f1.fastq.gz,HRR232756
HRR232756_r2.fastq.gz,HRR232756
HRR232757_f1.fastq.gz,HRR232757
HRR232757_r2.fastq.gz,HRR232757
HRR232758_f1.fastq.gz,HRR232758
HRR232758_r2.fastq.gz,HRR232758
HRR232759_f1.fastq.gz,HRR232759
HRR232759_r2.fastq.gz,HRR232759
HRR232760_f1.fastq.gz,HRR232760
HRR232760_r2.fastq.gz,HRR232760
HRR232761_f1.fastq.gz,HRR232761
HRR232761_r2.fastq.gz,HRR232761
HRR232762_f1.fastq.gz,HRR232762
HRR232762_r2.fastq.gz,HRR232762
HRR232763_f1.fastq.gz,HRR232763
HRR232763_r2.fastq.gz,HRR232763
HRR232764_f1.fastq.gz,HRR232764
HRR232764_r2.fastq.gz,HRR232764
HRR232765_f1.fastq.gz,HRR232765
HRR232765_r2.fastq.gz,HRR232765
HRR232766_f1.fastq.gz,HRR232766
HRR232766_r2.fastq.gz,HRR232766
HRR232767_f1.fastq.gz,HRR232767
HRR232767_r2.fastq.gz,HRR232767
HRR232768_f1.fastq.gz,HRR232768
HRR232768_r2.fastq.gz,HRR232768
HRR232769_f1.fastq.gz,HRR232769
HRR232769_r2.fastq.gz,HRR232769
HRR232770_f1.fastq.gz,HRR232770
HRR232770_r2.fastq.gz,HRR232770
HRR232771_f1.fastq.gz,HRR232771
HRR232771_r2.fastq.gz,HRR232771
HRR232772_f1.fastq.gz,HRR232772
HRR232772_r2.fastq.gz,HRR232772
HRR232773_f1.fastq.gz,HRR232773
HRR232773_r2.fastq.gz,HRR232773
HRR232774_f1.fastq.gz,HRR232774
HRR232774_r2.fastq.gz,HRR232774
HRR232775_f1.fastq.gz,HRR232775
HRR232775_r2.fastq.gz,HRR232775
HRR232776_f1.fastq.gz,HRR232776
HRR232776_r2.fastq.gz,HRR232776
HRR232777_f1.fastq.gz,HRR232777
HRR232777_r2.fastq.gz,HRR232777
HRR232778_f1.fastq.gz,HRR232778
HRR232778_r2.fastq.gz,HRR232778
HRR232779_f1.fastq.gz,HRR232779
HRR232779_r2.fastq.gz,HRR232779
HRR232780_f1.fastq.gz,HRR232780
HRR232780_r2.fastq.gz,HRR232780
HRR232781_f1.fastq.gz,HRR232781
HRR232781_r2.fastq.gz,HRR232781
HRR232782_f1.fastq.gz,HRR232782
HRR232782_r2.fastq.gz,HRR232782
HRR232783_f1.fastq.gz,HRR232783
HRR232783_r2.fastq.gz,HRR232783
HRR232784_f1.fastq.gz,HRR232784
HRR232784_r2.fastq.gz,HRR232784
HRR232785_f1.fastq.gz,HRR232785
HRR232785_r2.fastq.gz,HRR232785
HRR232786_f1.fastq.gz,HRR232786
HRR232786_r2.fastq.gz,HRR232786
HRR232787_f1.fastq.gz,HRR232787
HRR232787_r2.fastq.gz,HRR232787
HRR232788_f1.fastq.gz,HRR232788
HRR232788_r2.fastq.gz,HRR232788
HRR232789_f1.fastq.gz,HRR232789
HRR232789_r2.fastq.gz,HRR232789
HRR232790_f1.fastq.gz,HRR232790
HRR232790_r2.fastq.gz,HRR232790
HRR232791_f1.fastq.gz,HRR232791
HRR232791_r2.fastq.gz,HRR232791
HRR232792_f1.fastq.gz,HRR232792
HRR232792_r2.fastq.gz,HRR232792
HRR232793_f1.fastq.gz,HRR232793
HRR232793_r2.fastq.gz,HRR232793
HRR232794_f1.fastq.gz,HRR232794
HRR232794_r2.fastq.gz,HRR232794
HRR232795_f1.fastq.gz,HRR232795
HRR232795_r2.fastq.gz,HRR232795
HRR232796_f1.fastq.gz,HRR232796
HRR232796_r2.fastq.gz,HRR232796
HRR232797_f1.fastq.gz,HRR232797
HRR232797_r2.fastq.gz,HRR232797
HRR232798_f1.fastq.gz,HRR232798
HRR232798_r2.fastq.gz,HRR232798
HRR232799_f1.fastq.gz,HRR232799
HRR232799_r2.fastq.gz,HRR232799
HRR232800_f1.fastq.gz,HRR232800
HRR232800_r2.fastq.gz,HRR232800
HRR232801_f1.fastq.gz,HRR232801
HRR232801_r2.fastq.gz,HRR232801
HRR232802_f1.fastq.gz,HRR232802
HRR232802_r2.fastq.gz,HRR232802
HRR232803_f1.fastq.gz,HRR232803
HRR232803_r2.fastq.gz,HRR232803
HRR232804_f1.fastq.gz,HRR232804
HRR232804_r2.fastq.gz,HRR232804
HRR232805_f1.fastq.gz,HRR232805
HRR232805_r2.fastq.gz,HRR232805
HRR232806_f1.fastq.gz,HRR232806
HRR232806_r2.fastq.gz,HRR232806
HRR232807_f1.fastq.gz,HRR232807
HRR232807_r2.fastq.gz,HRR232807
HRR232808_f1.fastq.gz,HRR232808
HRR232808_r2.fastq.gz,HRR232808
HRR232809_f1.fastq.gz,HRR232809
HRR232809_r2.fastq.gz,HRR232809
HRR232810_f1.fastq.gz,HRR232810
HRR232810_r2.fastq.gz,HRR232810
HRR232811_f1.fastq.gz,HRR232811
HRR232811_r2.fastq.gz,HRR232811
HRR232812_f1.fastq.gz,HRR232812
HRR232812_r2.fastq.gz,HRR232812
HRR232813_f1.fastq.gz,HRR232813
HRR232813_r2.fastq.gz,HRR232813
HRR232814_f1.fastq.gz,HRR232814
HRR232814_r2.fastq.gz,HRR232814
HRR232815_f1.fastq.gz,HRR232815
HRR232815_r2.fastq.gz,HRR232815
HRR232816_f1.fastq.gz,HRR232816
HRR232816_r2.fastq.gz,HRR232816
HRR232817_f1.fastq.gz,HRR232817
HRR232817_r2.fastq.gz,HRR232817
HRR232818_f1.fastq.gz,HRR232818
HRR232818_r2.fastq.gz,HRR232818
HRR232819_f1.fastq.gz,HRR232819
HRR232819_r2.fastq.gz,HRR232819
HRR232820_f1.fastq.gz,HRR232820
HRR232820_r2.fastq.gz,HRR232820
HRR232821_f1.fastq.gz,HRR232821
HRR232821_r2.fastq.gz,HRR232821
HRR232822_f1.fastq.gz,HRR232822
HRR232822_r2.fastq.gz,HRR232822
HRR232823_f1.fastq.gz,HRR232823
HRR232823_r2.fastq.gz,HRR232823
HRR232824_f1.fastq.gz,HRR232824
HRR232824_r2.fastq.gz,HRR232824
HRR232825_f1.fastq.gz,HRR232825
HRR232825_r2.fastq.gz,HRR232825
HRR232826_f1.fastq.gz,HRR232826
HRR232826_r2.fastq.gz,HRR232826
HRR232827_f1.fastq.gz,HRR232827
HRR232827_r2.fastq.gz,HRR232827
HRR232828_f1.fastq.gz,HRR232828
HRR232828_r2.fastq.gz,HRR232828
HRR232829_f1.fastq.gz,HRR232829
HRR232829_r2.fastq.gz,HRR232829
HRR232830_f1.fastq.gz,HRR232830
HRR232830_r2.fastq.gz,HRR232830
HRR232831_f1.fastq.gz,HRR232831
HRR232831_r2.fastq.gz,HRR232831
HRR232832_f1.fastq.gz,HRR232832
HRR232832_r2.fastq.gz,HRR232832
HRR232833_f1.fastq.gz,HRR232833
HRR232833_r2.fastq.gz,HRR232833
HRR232834_f1.fastq.gz,HRR232834
HRR232834_r2.fastq.gz,HRR232834
HRR232835_f1.fastq.gz,HRR232835
HRR232835_r2.fastq.gz,HRR232835
HRR232836_f1.fastq.gz,HRR232836
HRR232836_r2.fastq.gz,HRR232836
HRR232837_f1.fastq.gz,HRR232837
HRR232837_r2.fastq.gz,HRR232837
HRR232838_f1.fastq.gz,HRR232838
HRR232838_r2.fastq.gz,HRR232838
HRR232839_f1.fastq.gz,HRR232839
HRR232839_r2.fastq.gz,HRR232839
HRR232840_f1.fastq.gz,HRR232840
HRR232840_r2.fastq.gz,HRR232840
HRR232841_f1.fastq.gz,HRR232841
HRR232841_r2.fastq.gz,HRR232841
HRR232842_f1.fastq.gz,HRR232842
HRR232842_r2.fastq.gz,HRR232842
HRR232843_f1.fastq.gz,HRR232843
HRR232843_r2.fastq.gz,HRR232843
HRR232844_f1.fastq.gz,HRR232844
HRR232844_r2.fastq.gz,HRR232844
HRR232845_f1.fastq.gz,HRR232845
HRR232845_r2.fastq.gz,HRR232845
HRR232846_f1.fastq.gz,HRR232846
HRR232846_r2.fastq.gz,HRR232846
HRR232847_f1.fastq.gz,HRR232847
HRR232847_r2.fastq.gz,HRR232847
HRR232848_f1.fastq.gz,HRR232848
HRR232848_r2.fastq.gz,HRR232848
HRR232849_f1.fastq.gz,HRR232849
HRR232849_r2.fastq.gz,HRR232849
HRR232850_f1.fastq.gz,HRR232850
HRR232850_r2.fastq.gz,HRR232850
HRR232851_f1.fastq.gz,HRR232851
HRR232851_r2.fastq.gz,HRR232851
HRR232852_f1.fastq.gz,HRR232852
HRR232852_r2.fastq.gz,HRR232852
HRR232853_f1.fastq.gz,HRR232853
HRR232853_r2.fastq.gz,HRR232853
HRR232854_f1.fastq.gz,HRR232854
HRR232854_r2.fastq.gz,HRR232854
HRR232855_f1.fastq.gz,HRR232855
HRR232855_r2.fastq.gz,HRR232855
HRR232856_f1.fastq.gz,HRR232856
HRR232856_r2.fastq.gz,HRR232856
HRR232857_f1.fastq.gz,HRR232857
HRR232857_r2.fastq.gz,HRR232857
HRR232858_f1.fastq.gz,HRR232858
HRR232858_r2.fastq.gz,HRR232858
HRR232859_f1.fastq.gz,HRR232859
HRR232859_r2.fastq.gz,HRR232859
HRR232860_f1.fastq.gz,HRR232860
HRR232860_r2.fastq.gz,HRR232860
HRR232861_f1.fastq.gz,HRR232861
HRR232861_r2.fastq.gz,HRR232861
HRR232862_f1.fastq.gz,HRR232862
HRR232862_r2.fastq.gz,HRR232862
HRR232863_f1.fastq.gz,HRR232863
HRR232863_r2.fastq.gz,HRR232863
HRR232864_f1.fastq.gz,HRR232864
HRR232864_r2.fastq.gz,HRR232864
HRR232865_f1.fastq.gz,HRR232865
HRR232865_r2.fastq.gz,HRR232865
HRR232866_f1.fastq.gz,HRR232866
HRR232866_r2.fastq.gz,HRR232866
HRR232867_f1.fastq.gz,HRR232867
HRR232867_r2.fastq.gz,HRR232867
HRR232868_f1.fastq.gz,HRR232868
HRR232868_r2.fastq.gz,HRR232868
HRR232869_f1.fastq.gz,HRR232869
HRR232869_r2.fastq.gz,HRR232869
HRR232870_f1.fastq.gz,HRR232870
HRR232870_r2.fastq.gz,HRR232870
HRR232871_f1.fastq.gz,HRR232871
HRR232871_r2.fastq.gz,HRR232871
HRR232872_f1.fastq.gz,HRR232872
HRR232872_r2.fastq.gz,HRR232872
HRR232873_f1.fastq.gz,HRR232873
HRR232873_r2.fastq.gz,HRR232873
HRR232874_f1.fastq.gz,HRR232874
HRR232874_r2.fastq.gz,HRR232874
HRR232875_f1.fastq.gz,HRR232875
HRR232875_r2.fastq.gz,HRR232875
HRR232876_f1.fastq.gz,HRR232876
HRR232876_r2.fastq.gz,HRR232876
HRR232877_f1.fastq.gz,HRR232877
HRR232877_r2.fastq.gz,HRR232877
HRR232878_f1.fastq.gz,HRR232878
HRR232878_r2.fastq.gz,HRR232878
HRR232879_f1.fastq.gz,HRR232879
HRR232879_r2.fastq.gz,HRR232879
HRR232880_f1.fastq.gz,HRR232880
HRR232880_r2.fastq.gz,HRR232880
HRR232881_f1.fastq.gz,HRR232881
HRR232881_r2.fastq.gz,HRR232881
HRR232882_f1.fastq.gz,HRR232882
HRR232882_r2.fastq.gz,HRR232882
HRR232883_f1.fastq.gz,HRR232883
HRR232883_r2.fastq.gz,HRR232883
HRR232884_f1.fastq.gz,HRR232884
HRR232884_r2.fastq.gz,HRR232884
HRR232885_f1.fastq.gz,HRR232885
HRR232885_r2.fastq.gz,HRR232885
HRR232886_f1.fastq.gz,HRR232886
HRR232886_r2.fastq.gz,HRR232886
HRR232887_f1.fastq.gz,HRR232887
HRR232887_r2.fastq.gz,HRR232887
HRR232888_f1.fastq.gz,HRR232888
HRR232888_r2.fastq.gz,HRR232888
HRR232889_f1.fastq.gz,HRR232889
HRR232889_r2.fastq.gz,HRR232889
HRR232890_f1.fastq.gz,HRR232890
HRR232890_r2.fastq.gz,HRR232890
HRR232891_f1.fastq.gz,HRR232891
HRR232891_r2.fastq.gz,HRR232891
HRR232892_f1.fastq.gz,HRR232892
HRR232892_r2.fastq.gz,HRR232892
HRR232893_f1.fastq.gz,HRR232893
HRR232893_r2.fastq.gz,HRR232893
HRR232894_f1.fastq.gz,HRR232894
HRR232894_r2.fastq.gz,HRR232894
HRR232895_f1.fastq.gz,HRR232895
HRR232895_r2.fastq.gz,HRR232895
HRR232896_f1.fastq.gz,HRR232896
HRR232896_r2.fastq.gz,HRR232896
HRR232897_f1.fastq.gz,HRR232897
HRR232897_r2.fastq.gz,HRR232897
HRR232898_f1.fastq.gz,HRR232898
HRR232898_r2.fastq.gz,HRR232898
HRR232899_f1.fastq.gz,HRR232899
HRR232899_r2.fastq.gz,HRR232899
HRR232900_f1.fastq.gz,HRR232900
HRR232900_r2.fastq.gz,HRR232900
HRR232901_f1.fastq.gz,HRR232901
HRR232901_r2.fastq.gz,HRR232901
HRR232902_f1.fastq.gz,HRR232902
HRR232902_r2.fastq.gz,HRR232902
HRR232903_f1.fastq.gz,HRR232903
HRR232903_r2.fastq.gz,HRR232903
HRR232904_f1.fastq.gz,HRR232904
HRR232904_r2.fastq.gz,HRR232904
HRR232905_f1.fastq.gz,HRR232905
HRR232905_r2.fastq.gz,HRR232905
HRR232906_f1.fastq.gz,HRR232906
HRR232906_r2.fastq.gz,HRR232906
HRR232907_f1.fastq.gz,HRR232907
HRR232907_r2.fastq.gz,HRR232907
HRR232908_f1.fastq.gz,HRR232908
HRR232908_r2.fastq.gz,HRR232908
HRR232909_f1.fastq.gz,HRR232909
HRR232909_r2.fastq.gz,HRR232909
HRR232910_f1.fastq.gz,HRR232910
HRR232910_r2.fastq.gz,HRR232910
HRR232911_f1.fastq.gz,HRR232911
HRR232911_r2.fastq.gz,HRR232911
HRR232912_f1.fastq.gz,HRR232912
HRR232912_r2.fastq.gz,HRR232912
HRR232913_f1.fastq.gz,HRR232913
HRR232913_r2.fastq.gz,HRR232913
HRR232914_f1.fastq.gz,HRR232914
HRR232914_r2.fastq.gz,HRR232914
HRR232915_f1.fastq.gz,HRR232915
HRR232915_r2.fastq.gz,HRR232915
HRR232916_f1.fastq.gz,HRR232916
HRR232916_r2.fastq.gz,HRR232916
HRR232917_f1.fastq.gz,HRR232917
HRR232917_r2.fastq.gz,HRR232917
HRR232918_f1.fastq.gz,HRR232918
HRR232918_r2.fastq.gz,HRR232918
HRR232919_f1.fastq.gz,HRR232919
HRR232919_r2.fastq.gz,HRR232919
HRR232920_f1.fastq.gz,HRR232920
HRR232920_r2.fastq.gz,HRR232920
HRR232921_f1.fastq.gz,HRR232921
HRR232921_r2.fastq.gz,HRR232921
HRR232922_f1.fastq.gz,HRR232922
HRR232922_r2.fastq.gz,HRR232922
HRR232923_f1.fastq.gz,HRR232923
HRR232923_r2.fastq.gz,HRR232923
HRR232924_f1.fastq.gz,HRR232924
HRR232924_r2.fastq.gz,HRR232924
HRR232925_f1.fastq.gz,HRR232925
HRR232925_r2.fastq.gz,HRR232925
HRR232926_f1.fastq.gz,HRR232926
HRR232926_r2.fastq.gz,HRR232926
HRR232927_f1.fastq.gz,HRR232927
HRR232927_r2.fastq.gz,HRR232927
HRR232928_f1.fastq.gz,HRR232928
HRR232928_r2.fastq.gz,HRR232928
HRR232929_f1.fastq.gz,HRR232929
HRR232929_r2.fastq.gz,HRR232929
HRR232930_f1.fastq.gz,HRR232930
HRR232930_r2.fastq.gz,HRR232930
HRR232931_f1.fastq.gz,HRR232931
HRR232931_r2.fastq.gz,HRR232931
HRR232932_f1.fastq.gz,HRR232932
HRR232932_r2.fastq.gz,HRR232932
HRR232933_f1.fastq.gz,HRR232933
HRR232933_r2.fastq.gz,HRR232933
HRR232934_f1.fastq.gz,HRR232934
HRR232934_r2.fastq.gz,HRR232934
HRR232935_f1.fastq.gz,HRR232935
HRR232935_r2.fastq.gz,HRR232935
HRR232936_f1.fastq.gz,HRR232936
HRR232936_r2.fastq.gz,HRR232936
HRR232937_f1.fastq.gz,HRR232937
HRR232937_r2.fastq.gz,HRR232937
HRR232938_f1.fastq.gz,HRR232938
HRR232938_r2.fastq.gz,HRR232938
HRR232939_f1.fastq.gz,HRR232939
HRR232939_r2.fastq.gz,HRR232939
HRR232940_f1.fastq.gz,HRR232940
HRR232940_r2.fastq.gz,HRR232940
HRR232941_f1.fastq.gz,HRR232941
HRR232941_r2.fastq.gz,HRR232941
HRR232942_f1.fastq.gz,HRR232942
HRR232942_r2.fastq.gz,HRR232942
HRR232943_f1.fastq.gz,HRR232943
HRR232943_r2.fastq.gz,HRR232943
HRR232944_f1.fastq.gz,HRR232944
HRR232944_r2.fastq.gz,HRR232944
HRR232945_f1.fastq.gz,HRR232945
HRR232945_r2.fastq.gz,HRR232945
HRR232946_f1.fastq.gz,HRR232946
HRR232946_r2.fastq.gz,HRR232946
HRR232947_f1.fastq.gz,HRR232947
HRR232947_r2.fastq.gz,HRR232947
HRR232948_f1.fastq.gz,HRR232948
HRR232948_r2.fastq.gz,HRR232948
HRR232949_f1.fastq.gz,HRR232949
HRR232949_r2.fastq.gz,HRR232949
HRR232950_f1.fastq.gz,HRR232950
HRR232950_r2.fastq.gz,HRR232950
HRR232951_f1.fastq.gz,HRR232951
HRR232951_r2.fastq.gz,HRR232951
HRR232952_f1.fastq.gz,HRR232952
HRR232952_r2.fastq.gz,HRR232952
HRR232953_f1.fastq.gz,HRR232953
HRR232953_r2.fastq.gz,HRR232953
HRR232954_f1.fastq.gz,HRR232954
HRR232954_r2.fastq.gz,HRR232954
HRR232955_f1.fastq.gz,HRR232955
HRR232955_r2.fastq.gz,HRR232955
HRR232956_f1.fastq.gz,HRR232956
HRR232956_r2.fastq.gz,HRR232956
HRR232957_f1.fastq.gz,HRR232957
HRR232957_r2.fastq.gz,HRR232957
HRR232958_f1.fastq.gz,HRR232958
HRR232958_r2.fastq.gz,HRR232958
HRR232959_f1.fastq.gz,HRR232959
HRR232959_r2.fastq.gz,HRR232959
HRR232960_f1.fastq.gz,HRR232960
HRR232960_r2.fastq.gz,HRR232960
HRR232961_f1.fastq.gz,HRR232961
HRR232961_r2.fastq.gz,HRR232961
HRR232962_f1.fastq.gz,HRR232962
HRR232962_r2.fastq.gz,HRR232962
HRR232963_f1.fastq.gz,HRR232963
HRR232963_r2.fastq.gz,HRR232963
HRR232964_f1.fastq.gz,HRR232964
HRR232964_r2.fastq.gz,HRR232964
HRR232965_f1.fastq.gz,HRR232965
HRR232965_r2.fastq.gz,HRR232965
HRR232966_f1.fastq.gz,HRR232966
HRR232966_r2.fastq.gz,HRR232966
HRR232967_f1.fastq.gz,HRR232967
HRR232967_r2.fastq.gz,HRR232967
HRR232968_f1.fastq.gz,HRR232968
HRR232968_r2.fastq.gz,HRR232968
HRR232969_f1.fastq.gz,HRR232969
HRR232969_r2.fastq.gz,HRR232969
HRR232970_f1.fastq.gz,HRR232970
HRR232970_r2.fastq.gz,HRR232970
HRR232971_f1.fastq.gz,HRR232971
HRR232971_r2.fastq.gz,HRR232971
HRR232972_f1.fastq.gz,HRR232972
HRR232972_r2.fastq.gz,HRR232972
HRR232973_f1.fastq.gz,HRR232973
HRR232973_r2.fastq.gz,HRR232973
HRR232974_f1.fastq.gz,HRR232974
HRR232974_r2.fastq.gz,HRR232974
HRR232975_f1.fastq.gz,HRR232975
HRR232975_r2.fastq.gz,HRR232975
HRR232976_f1.fastq.gz,HRR232976
HRR232976_r2.fastq.gz,HRR232976
HRR232977_f1.fastq.gz,HRR232977
HRR232977_r2.fastq.gz,HRR232977
HRR232978_f1.fastq.gz,HRR232978
HRR232978_r2.fastq.gz,HRR232978
HRR232979_f1.fastq.gz,HRR232979
HRR232979_r2.fastq.gz,HRR232979
HRR232980_f1.fastq.gz,HRR232980
HRR232980_r2.fastq.gz,HRR232980
HRR232981_f1.fastq.gz,HRR232981
HRR232981_r2.fastq.gz,HRR232981
HRR232982_f1.fastq.gz,HRR232982
HRR232982_r2.fastq.gz,HRR232982
HRR232983_f1.fastq.gz,HRR232983
HRR232983_r2.fastq.gz,HRR232983
HRR232984_f1.fastq.gz,HRR232984
HRR232984_r2.fastq.gz,HRR232984
HRR232985_f1.fastq.gz,HRR232985
HRR232985_r2.fastq.gz,HRR232985
HRR232986_f1.fastq.gz,HRR232986
HRR232986_r2.fastq.gz,HRR232986
HRR232987_f1.fastq.gz,HRR232987
HRR232987_r2.fastq.gz,HRR232987
HRR232988_f1.fastq.gz,HRR232988
HRR232988_r2.fastq.gz,HRR232988
HRR232989_f1.fastq.gz,HRR232989
HRR232989_r2.fastq.gz,HRR232989
HRR232990_f1.fastq.gz,HRR232990
HRR232990_r2.fastq.gz,HRR232990
HRR232991_f1.fastq.gz,HRR232991
HRR232991_r2.fastq.gz,HRR232991
HRR232992_f1.fastq.gz,HRR232992
HRR232992_r2.fastq.gz,HRR232992
HRR232993_f1.fastq.gz,HRR232993
HRR232993_r2.fastq.gz,HRR232993
HRR232994_f1.fastq.gz,HRR232994
HRR232994_r2.fastq.gz,HRR232994
HRR232995_f1.fastq.gz,HRR232995
HRR232995_r2.fastq.gz,HRR232995
HRR232996_f1.fastq.gz,HRR232996
HRR232996_r2.fastq.gz,HRR232996
HRR232997_f1.fastq.gz,HRR232997
HRR232997_r2.fastq.gz,HRR232997
HRR232998_f1.fastq.gz,HRR232998
HRR232998_r2.fastq.gz,HRR232998
HRR232999_f1.fastq.gz,HRR232999
HRR232999_r2.fastq.gz,HRR232999
HRR233000_f1.fastq.gz,HRR233000
HRR233000_r2.fastq.gz,HRR233000
HRR233001_f1.fastq.gz,HRR233001
HRR233001_r2.fastq.gz,HRR233001
HRR233002_f1.fastq.gz,HRR233002
HRR233002_r2.fastq.gz,HRR233002
HRR233003_f1.fastq.gz,HRR233003
HRR233003_r2.fastq.gz,HRR233003
HRR233004_f1.fastq.gz,HRR233004
HRR233004_r2.fastq.gz,HRR233004
HRR233005_f1.fastq.gz,HRR233005
HRR233005_r2.fastq.gz,HRR233005
HRR233006_f1.fastq.gz,HRR233006
HRR233006_r2.fastq.gz,HRR233006
HRR233007_f1.fastq.gz,HRR233007
HRR233007_r2.fastq.gz,HRR233007
HRR233008_f1.fastq.gz,HRR233008
HRR233008_r2.fastq.gz,HRR233008
HRR233009_f1.fastq.gz,HRR233009
HRR233009_r2.fastq.gz,HRR233009
HRR233010_f1.fastq.gz,HRR233010
HRR233010_r2.fastq.gz,HRR233010
HRR233011_f1.fastq.gz,HRR233011
HRR233011_r2.fastq.gz,HRR233011
HRR233012_f1.fastq.gz,HRR233012
HRR233012_r2.fastq.gz,HRR233012
HRR233013_f1.fastq.gz,HRR233013
HRR233013_r2.fastq.gz,HRR233013
HRR233014_f1.fastq.gz,HRR233014
HRR233014_r2.fastq.gz,HRR233014
HRR233015_f1.fastq.gz,HRR233015
HRR233015_r2.fastq.gz,HRR233015
HRR233016_f1.fastq.gz,HRR233016
HRR233016_r2.fastq.gz,HRR233016
HRR233017_f1.fastq.gz,HRR233017
HRR233017_r2.fastq.gz,HRR233017
HRR233018_f1.fastq.gz,HRR233018
HRR233018_r2.fastq.gz,HRR233018
HRR233019_f1.fastq.gz,HRR233019
HRR233019_r2.fastq.gz,HRR233019
HRR233020_f1.fastq.gz,HRR233020
HRR233020_r2.fastq.gz,HRR233020
HRR233021_f1.fastq.gz,HRR233021
HRR233021_r2.fastq.gz,HRR233021
HRR233022_f1.fastq.gz,HRR233022
HRR233022_r2.fastq.gz,HRR233022
HRR233023_f1.fastq.gz,HRR233023
HRR233023_r2.fastq.gz,HRR233023
HRR233024_f1.fastq.gz,HRR233024
HRR233024_r2.fastq.gz,HRR233024
HRR233025_f1.fastq.gz,HRR233025
HRR233025_r2.fastq.gz,HRR233025
HRR233026_f1.fastq.gz,HRR233026
HRR233026_r2.fastq.gz,HRR233026
HRR233027_f1.fastq.gz,HRR233027
HRR233027_r2.fastq.gz,HRR233027
HRR233028_f1.fastq.gz,HRR233028
HRR233028_r2.fastq.gz,HRR233028
HRR233029_f1.fastq.gz,HRR233029
HRR233029_r2.fastq.gz,HRR233029
HRR233030_f1.fastq.gz,HRR233030
HRR233030_r2.fastq.gz,HRR233030
HRR233031_f1.fastq.gz,HRR233031
HRR233031_r2.fastq.gz,HRR233031
HRR233032_f1.fastq.gz,HRR233032
HRR233032_r2.fastq.gz,HRR233032
HRR233033_f1.fastq.gz,HRR233033
HRR233033_r2.fastq.gz,HRR233033
HRR233034_f1.fastq.gz,HRR233034
HRR233034_r2.fastq.gz,HRR233034
HRR233035_f1.fastq.gz,HRR233035
HRR233035_r2.fastq.gz,HRR233035
HRR233036_f1.fastq.gz,HRR233036
HRR233036_r2.fastq.gz,HRR233036
HRR233037_f1.fastq.gz,HRR233037
HRR233037_r2.fastq.gz,HRR233037
HRR233038_f1.fastq.gz,HRR233038
HRR233038_r2.fastq.gz,HRR233038
HRR233039_f1.fastq.gz,HRR233039
HRR233039_r2.fastq.gz,HRR233039
HRR233040_f1.fastq.gz,HRR233040
HRR233040_r2.fastq.gz,HRR233040
HRR233041_f1.fastq.gz,HRR233041
HRR233041_r2.fastq.gz,HRR233041
HRR233042_f1.fastq.gz,HRR233042
HRR233042_r2.fastq.gz,HRR233042
HRR233043_f1.fastq.gz,HRR233043
HRR233043_r2.fastq.gz,HRR233043
HRR233044_f1.fastq.gz,HRR233044
HRR233044_r2.fastq.gz,HRR233044
HRR233045_f1.fastq.gz,HRR233045
HRR233045_r2.fastq.gz,HRR233045
HRR233046_f1.fastq.gz,HRR233046
HRR233046_r2.fastq.gz,HRR233046
HRR233047_f1.fastq.gz,HRR233047
HRR233047_r2.fastq.gz,HRR233047
HRR233048_f1.fastq.gz,HRR233048
HRR233048_r2.fastq.gz,HRR233048
HRR233049_f1.fastq.gz,HRR233049
HRR233049_r2.fastq.gz,HRR233049
HRR233050_f1.fastq.gz,HRR233050
HRR233050_r2.fastq.gz,HRR233050
HRR233051_f1.fastq.gz,HRR233051
HRR233051_r2.fastq.gz,HRR233051
HRR233052_f1.fastq.gz,HRR233052
HRR233052_r2.fastq.gz,HRR233052
HRR233053_f1.fastq.gz,HRR233053
HRR233053_r2.fastq.gz,HRR233053
HRR233054_f1.fastq.gz,HRR233054
HRR233054_r2.fastq.gz,HRR233054
HRR233055_f1.fastq.gz,HRR233055
HRR233055_r2.fastq.gz,HRR233055
HRR233056_f1.fastq.gz,HRR233056
HRR233056_r2.fastq.gz,HRR233056
HRR233057_f1.fastq.gz,HRR233057
HRR233057_r2.fastq.gz,HRR233057
HRR233058_f1.fastq.gz,HRR233058
HRR233058_r2.fastq.gz,HRR233058
HRR233059_f1.fastq.gz,HRR233059
HRR233059_r2.fastq.gz,HRR233059
HRR233060_f1.fastq.gz,HRR233060
HRR233060_r2.fastq.gz,HRR233060
HRR233061_f1.fastq.gz,HRR233061
HRR233061_r2.fastq.gz,HRR233061
HRR233062_f1.fastq.gz,HRR233062
HRR233062_r2.fastq.gz,HRR233062
HRR233063_f1.fastq.gz,HRR233063
HRR233063_r2.fastq.gz,HRR233063
HRR233064_f1.fastq.gz,HRR233064
HRR233064_r2.fastq.gz,HRR233064
HRR233065_f1.fastq.gz,HRR233065
HRR233065_r2.fastq.gz,HRR233065
HRR233066_f1.fastq.gz,HRR233066
HRR233066_r2.fastq.gz,HRR233066
HRR233067_f1.fastq.gz,HRR233067
HRR233067_r2.fastq.gz,HRR233067
HRR233068_f1.fastq.gz,HRR233068
HRR233068_r2.fastq.gz,HRR233068
HRR233069_f1.fastq.gz,HRR233069
HRR233069_r2.fastq.gz,HRR233069
HRR233070_f1.fastq.gz,HRR233070
HRR233070_r2.fastq.gz,HRR233070
HRR233071_f1.fastq.gz,HRR233071
HRR233071_r2.fastq.gz,HRR233071
HRR233072_f1.fastq.gz,HRR233072
HRR233072_r2.fastq.gz,HRR233072
HRR233073_f1.fastq.gz,HRR233073
HRR233073_r2.fastq.gz,HRR233073
HRR233074_f1.fastq.gz,HRR233074
HRR233074_r2.fastq.gz,HRR233074
HRR233075_f1.fastq.gz,HRR233075
HRR233075_r2.fastq.gz,HRR233075
HRR233076_f1.fastq.gz,HRR233076
HRR233076_r2.fastq.gz,HRR233076
HRR233077_f1.fastq.gz,HRR233077
HRR233077_r2.fastq.gz,HRR233077
HRR233078_f1.fastq.gz,HRR233078
HRR233078_r2.fastq.gz,HRR233078
HRR233079_f1.fastq.gz,HRR233079
HRR233079_r2.fastq.gz,HRR233079
HRR233080_f1.fastq.gz,HRR233080
HRR233080_r2.fastq.gz,HRR233080
HRR233081_f1.fastq.gz,HRR233081
HRR233081_r2.fastq.gz,HRR233081
HRR233082_f1.fastq.gz,HRR233082
HRR233082_r2.fastq.gz,HRR233082
HRR233083_f1.fastq.gz,HRR233083
HRR233083_r2.fastq.gz,HRR233083
HRR233084_f1.fastq.gz,HRR233084
HRR233084_r2.fastq.gz,HRR233084
HRR233085_f1.fastq.gz,HRR233085
HRR233085_r2.fastq.gz,HRR233085
HRR233086_f1.fastq.gz,HRR233086
HRR233086_r2.fastq.gz,HRR233086
HRR233087_f1.fastq.gz,HRR233087
HRR233087_r2.fastq.gz,HRR233087
HRR233088_f1.fastq.gz,HRR233088
HRR233088_r2.fastq.gz,HRR233088
HRR233089_f1.fastq.gz,HRR233089
HRR233089_r2.fastq.gz,HRR233089
HRR233090_f1.fastq.gz,HRR233090
HRR233090_r2.fastq.gz,HRR233090
HRR233091_f1.fastq.gz,HRR233091
HRR233091_r2.fastq.gz,HRR233091
HRR233092_f1.fastq.gz,HRR233092
HRR233092_r2.fastq.gz,HRR233092
HRR233093_f1.fastq.gz,HRR233093
HRR233093_r2.fastq.gz,HRR233093
HRR233094_f1.fastq.gz,HRR233094
HRR233094_r2.fastq.gz,HRR233094
HRR233095_f1.fastq.gz,HRR233095
HRR233095_r2.fastq.gz,HRR233095
HRR233096_f1.fastq.gz,HRR233096
HRR233096_r2.fastq.gz,HRR233096
HRR233097_f1.fastq.gz,HRR233097
HRR233097_r2.fastq.gz,HRR233097
HRR233098_f1.fastq.gz,HRR233098
HRR233098_r2.fastq.gz,HRR233098
HRR233099_f1.fastq.gz,HRR233099
HRR233099_r2.fastq.gz,HRR233099
HRR233100_f1.fastq.gz,HRR233100
HRR233100_r2.fastq.gz,HRR233100
HRR233101_f1.fastq.gz,HRR233101
HRR233101_r2.fastq.gz,HRR233101
HRR233102_f1.fastq.gz,HRR233102
HRR233102_r2.fastq.gz,HRR233102
HRR233103_f1.fastq.gz,HRR233103
HRR233103_r2.fastq.gz,HRR233103
HRR233104_f1.fastq.gz,HRR233104
HRR233104_r2.fastq.gz,HRR233104
HRR233105_f1.fastq.gz,HRR233105
HRR233105_r2.fastq.gz,HRR233105
HRR233106_f1.fastq.gz,HRR233106
HRR233106_r2.fastq.gz,HRR233106
HRR233107_f1.fastq.gz,HRR233107
HRR233107_r2.fastq.gz,HRR233107
HRR233108_f1.fastq.gz,HRR233108
HRR233108_r2.fastq.gz,HRR233108
HRR233109_f1.fastq.gz,HRR233109
HRR233109_r2.fastq.gz,HRR233109
HRR233110_f1.fastq.gz,HRR233110
HRR233110_r2.fastq.gz,HRR233110
HRR233111_f1.fastq.gz,HRR233111
HRR233111_r2.fastq.gz,HRR233111
HRR233112_f1.fastq.gz,HRR233112
HRR233112_r2.fastq.gz,HRR233112
HRR233113_f1.fastq.gz,HRR233113
HRR233113_r2.fastq.gz,HRR233113
HRR233114_f1.fastq.gz,HRR233114
HRR233114_r2.fastq.gz,HRR233114
HRR233115_f1.fastq.gz,HRR233115
HRR233115_r2.fastq.gz,HRR233115
HRR233116_f1.fastq.gz,HRR233116
HRR233116_r2.fastq.gz,HRR233116
HRR233117_f1.fastq.gz,HRR233117
HRR233117_r2.fastq.gz,HRR233117
HRR233118_f1.fastq.gz,HRR233118
HRR233118_r2.fastq.gz,HRR233118
HRR233119_f1.fastq.gz,HRR233119
HRR233119_r2.fastq.gz,HRR233119
HRR233120_f1.fastq.gz,HRR233120
HRR233120_r2.fastq.gz,HRR233120
HRR233121_f1.fastq.gz,HRR233121
HRR233121_r2.fastq.gz,HRR233121
HRR233122_f1.fastq.gz,HRR233122
HRR233122_r2.fastq.gz,HRR233122
HRR233123_f1.fastq.gz,HRR233123
HRR233123_r2.fastq.gz,HRR233123
HRR233124_f1.fastq.gz,HRR233124
HRR233124_r2.fastq.gz,HRR233124
HRR233125_f1.fastq.gz,HRR233125
HRR233125_r2.fastq.gz,HRR233125
HRR233126_f1.fastq.gz,HRR233126
HRR233126_r2.fastq.gz,HRR233126
HRR233127_f1.fastq.gz,HRR233127
HRR233127_r2.fastq.gz,HRR233127
HRR233128_f1.fastq.gz,HRR233128
HRR233128_r2.fastq.gz,HRR233128
HRR233129_f1.fastq.gz,HRR233129
HRR233129_r2.fastq.gz,HRR233129
HRR233130_f1.fastq.gz,HRR233130
HRR233130_r2.fastq.gz,HRR233130
HRR233131_f1.fastq.gz,HRR233131
HRR233131_r2.fastq.gz,HRR233131
HRR233132_f1.fastq.gz,HRR233132
HRR233132_r2.fastq.gz,HRR233132
HRR233133_f1.fastq.gz,HRR233133
HRR233133_r2.fastq.gz,HRR233133
HRR233134_f1.fastq.gz,HRR233134
HRR233134_r2.fastq.gz,HRR233134
HRR233135_f1.fastq.gz,HRR233135
HRR233135_r2.fastq.gz,HRR233135
HRR233136_f1.fastq.gz,HRR233136
HRR233136_r2.fastq.gz,HRR233136
HRR233137_f1.fastq.gz,HRR233137
HRR233137_r2.fastq.gz,HRR233137
HRR233138_f1.fastq.gz,HRR233138
HRR233138_r2.fastq.gz,HRR233138
HRR233139_f1.fastq.gz,HRR233139
HRR233139_r2.fastq.gz,HRR233139
HRR233140_f1.fastq.gz,HRR233140
HRR233140_r2.fastq.gz,HRR233140
HRR233141_f1.fastq.gz,HRR233141
HRR233141_r2.fastq.gz,HRR233141
HRR233142_f1.fastq.gz,HRR233142
HRR233142_r2.fastq.gz,HRR233142
HRR233143_f1.fastq.gz,HRR233143
HRR233143_r2.fastq.gz,HRR233143
HRR233144_f1.fastq.gz,HRR233144
HRR233144_r2.fastq.gz,HRR233144
HRR233145_f1.fastq.gz,HRR233145
HRR233145_r2.fastq.gz,HRR233145
HRR233146_f1.fastq.gz,HRR233146
HRR233146_r2.fastq.gz,HRR233146
HRR233147_f1.fastq.gz,HRR233147
HRR233147_r2.fastq.gz,HRR233147
HRR233148_f1.fastq.gz,HRR233148
HRR233148_r2.fastq.gz,HRR233148
HRR233149_f1.fastq.gz,HRR233149
HRR233149_r2.fastq.gz,HRR233149
HRR233150_f1.fastq.gz,HRR233150
HRR233150_r2.fastq.gz,HRR233150
HRR233151_f1.fastq.gz,HRR233151
HRR233151_r2.fastq.gz,HRR233151
HRR233152_f1.fastq.gz,HRR233152
HRR233152_r2.fastq.gz,HRR233152
HRR233153_f1.fastq.gz,HRR233153
HRR233153_r2.fastq.gz,HRR233153
HRR233154_f1.fastq.gz,HRR233154
HRR233154_r2.fastq.gz,HRR233154
HRR233155_f1.fastq.gz,HRR233155
HRR233155_r2.fastq.gz,HRR233155
HRR233156_f1.fastq.gz,HRR233156
HRR233156_r2.fastq.gz,HRR233156
HRR233157_f1.fastq.gz,HRR233157
HRR233157_r2.fastq.gz,HRR233157
HRR233158_f1.fastq.gz,HRR233158
HRR233158_r2.fastq.gz,HRR233158
HRR233159_f1.fastq.gz,HRR233159
HRR233159_r2.fastq.gz,HRR233159
HRR233160_f1.fastq.gz,HRR233160
HRR233160_r2.fastq.gz,HRR233160
HRR233161_f1.fastq.gz,HRR233161
HRR233161_r2.fastq.gz,HRR233161
HRR233162_f1.fastq.gz,HRR233162
HRR233162_r2.fastq.gz,HRR233162
HRR233163_f1.fastq.gz,HRR233163
HRR233163_r2.fastq.gz,HRR233163
HRR233164_f1.fastq.gz,HRR233164
HRR233164_r2.fastq.gz,HRR233164
HRR233165_f1.fastq.gz,HRR233165
HRR233165_r2.fastq.gz,HRR233165
HRR233166_f1.fastq.gz,HRR233166
HRR233166_r2.fastq.gz,HRR233166
HRR233167_f1.fastq.gz,HRR233167
HRR233167_r2.fastq.gz,HRR233167
HRR233168_f1.fastq.gz,HRR233168
HRR233168_r2.fastq.gz,HRR233168
HRR233169_f1.fastq.gz,HRR233169
HRR233169_r2.fastq.gz,HRR233169
HRR233170_f1.fastq.gz,HRR233170
HRR233170_r2.fastq.gz,HRR233170
HRR233171_f1.fastq.gz,HRR233171
HRR233171_r2.fastq.gz,HRR233171
HRR233172_f1.fastq.gz,HRR233172
HRR233172_r2.fastq.gz,HRR233172
HRR233173_f1.fastq.gz,HRR233173
HRR233173_r2.fastq.gz,HRR233173
HRR233174_f1.fastq.gz,HRR233174
HRR233174_r2.fastq.gz,HRR233174
HRR233175_f1.fastq.gz,HRR233175
HRR233175_r2.fastq.gz,HRR233175
HRR233176_f1.fastq.gz,HRR233176
HRR233176_r2.fastq.gz,HRR233176
HRR233177_f1.fastq.gz,HRR233177
HRR233177_r2.fastq.gz,HRR233177
HRR233178_f1.fastq.gz,HRR233178
HRR233178_r2.fastq.gz,HRR233178
HRR233179_f1.fastq.gz,HRR233179
HRR233179_r2.fastq.gz,HRR233179
HRR233180_f1.fastq.gz,HRR233180
HRR233180_r2.fastq.gz,HRR233180
HRR233181_f1.fastq.gz,HRR233181
HRR233181_r2.fastq.gz,HRR233181
HRR233182_f1.fastq.gz,HRR233182
HRR233182_r2.fastq.gz,HRR233182
HRR233183_f1.fastq.gz,HRR233183
HRR233183_r2.fastq.gz,HRR233183
HRR233184_f1.fastq.gz,HRR233184
HRR233184_r2.fastq.gz,HRR233184
HRR233185_f1.fastq.gz,HRR233185
HRR233185_r2.fastq.gz,HRR233185
HRR233186_f1.fastq.gz,HRR233186
HRR233186_r2.fastq.gz,HRR233186
HRR233187_f1.fastq.gz,HRR233187
HRR233187_r2.fastq.gz,HRR233187
HRR233188_f1.fastq.gz,HRR233188
HRR233188_r2.fastq.gz,HRR233188
HRR233189_f1.fastq.gz,HRR233189
HRR233189_r2.fastq.gz,HRR233189
HRR233190_f1.fastq.gz,HRR233190
HRR233190_r2.fastq.gz,HRR233190
HRR233191_f1.fastq.gz,HRR233191
HRR233191_r2.fastq.gz,HRR233191
HRR233192_f1.fastq.gz,HRR233192
HRR233192_r2.fastq.gz,HRR233192
HRR233193_f1.fastq.gz,HRR233193
HRR233193_r2.fastq.gz,HRR233193
HRR233194_f1.fastq.gz,HRR233194
HRR233194_r2.fastq.gz,HRR233194
HRR233195_f1.fastq.gz,HRR233195
HRR233195_r2.fastq.gz,HRR233195
HRR233196_f1.fastq.gz,HRR233196
HRR233196_r2.fastq.gz,HRR233196
HRR233197_f1.fastq.gz,HRR233197
HRR233197_r2.fastq.gz,HRR233197
HRR233198_f1.fastq.gz,HRR233198
HRR233198_r2.fastq.gz,HRR233198
HRR233199_f1.fastq.gz,HRR233199
HRR233199_r2.fastq.gz,HRR233199
HRR233200_f1.fastq.gz,HRR233200
HRR233200_r2.fastq.gz,HRR233200
HRR233201_f1.fastq.gz,HRR233201
HRR233201_r2.fastq.gz,HRR233201
HRR233202_f1.fastq.gz,HRR233202
HRR233202_r2.fastq.gz,HRR233202
HRR233203_f1.fastq.gz,HRR233203
HRR233203_r2.fastq.gz,HRR233203
HRR233204_f1.fastq.gz,HRR233204
HRR233204_r2.fastq.gz,HRR233204
HRR233205_f1.fastq.gz,HRR233205
HRR233205_r2.fastq.gz,HRR233205
HRR233206_f1.fastq.gz,HRR233206
HRR233206_r2.fastq.gz,HRR233206
HRR233207_f1.fastq.gz,HRR233207
HRR233207_r2.fastq.gz,HRR233207
HRR233208_f1.fastq.gz,HRR233208
HRR233208_r2.fastq.gz,HRR233208
HRR233209_f1.fastq.gz,HRR233209
HRR233209_r2.fastq.gz,HRR233209
HRR233210_f1.fastq.gz,HRR233210
HRR233210_r2.fastq.gz,HRR233210
HRR233211_f1.fastq.gz,HRR233211
HRR233211_r2.fastq.gz,HRR233211
HRR233212_f1.fastq.gz,HRR233212
HRR233212_r2.fastq.gz,HRR233212
HRR233213_f1.fastq.gz,HRR233213
HRR233213_r2.fastq.gz,HRR233213
HRR233214_f1.fastq.gz,HRR233214
HRR233214_r2.fastq.gz,HRR233214
HRR233215_f1.fastq.gz,HRR233215
HRR233215_r2.fastq.gz,HRR233215
HRR233216_f1.fastq.gz,HRR233216
HRR233216_r2.fastq.gz,HRR233216
HRR233217_f1.fastq.gz,HRR233217
HRR233217_r2.fastq.gz,HRR233217
HRR233218_f1.fastq.gz,HRR233218
HRR233218_r2.fastq.gz,HRR233218
HRR233219_f1.fastq.gz,HRR233219
HRR233219_r2.fastq.gz,HRR233219
HRR233220_f1.fastq.gz,HRR233220
HRR233220_r2.fastq.gz,HRR233220
HRR233221_f1.fastq.gz,HRR233221
HRR233221_r2.fastq.gz,HRR233221
HRR233222_f1.fastq.gz,HRR233222
HRR233222_r2.fastq.gz,HRR233222
HRR233223_f1.fastq.gz,HRR233223
HRR233223_r2.fastq.gz,HRR233223
HRR233224_f1.fastq.gz,HRR233224
HRR233224_r2.fastq.gz,HRR233224
HRR233225_f1.fastq.gz,HRR233225
HRR233225_r2.fastq.gz,HRR233225
HRR233226_f1.fastq.gz,HRR233226
HRR233226_r2.fastq.gz,HRR233226
HRR233227_f1.fastq.gz,HRR233227
HRR233227_r2.fastq.gz,HRR233227
HRR233228_f1.fastq.gz,HRR233228
HRR233228_r2.fastq.gz,HRR233228
HRR233229_f1.fastq.gz,HRR233229
HRR233229_r2.fastq.gz,HRR233229
HRR233230_f1.fastq.gz,HRR233230
HRR233230_r2.fastq.gz,HRR233230
HRR233231_f1.fastq.gz,HRR233231
HRR233231_r2.fastq.gz,HRR233231
HRR233232_f1.fastq.gz,HRR233232
HRR233232_r2.fastq.gz,HRR233232
HRR233233_f1.fastq.gz,HRR233233
HRR233233_r2.fastq.gz,HRR233233
HRR233234_f1.fastq.gz,HRR233234
HRR233234_r2.fastq.gz,HRR233234
HRR233235_f1.fastq.gz,HRR233235
HRR233235_r2.fastq.gz,HRR233235
HRR233236_f1.fastq.gz,HRR233236
HRR233236_r2.fastq.gz,HRR233236
HRR233237_f1.fastq.gz,HRR233237
HRR233237_r2.fastq.gz,HRR233237
HRR233238_f1.fastq.gz,HRR233238
HRR233238_r2.fastq.gz,HRR233238
HRR233239_f1.fastq.gz,HRR233239
HRR233239_r2.fastq.gz,HRR233239
HRR233240_f1.fastq.gz,HRR233240
HRR233240_r2.fastq.gz,HRR233240
HRR233241_f1.fastq.gz,HRR233241
HRR233241_r2.fastq.gz,HRR233241
HRR233242_f1.fastq.gz,HRR233242
HRR233242_r2.fastq.gz,HRR233242
HRR233243_f1.fastq.gz,HRR233243
HRR233243_r2.fastq.gz,HRR233243
HRR233244_f1.fastq.gz,HRR233244
HRR233244_r2.fastq.gz,HRR233244
HRR233245_f1.fastq.gz,HRR233245
HRR233245_r2.fastq.gz,HRR233245
HRR233246_f1.fastq.gz,HRR233246
HRR233246_r2.fastq.gz,HRR233246
HRR233247_f1.fastq.gz,HRR233247
HRR233247_r2.fastq.gz,HRR233247
HRR233248_f1.fastq.gz,HRR233248
HRR233248_r2.fastq.gz,HRR233248
HRR233249_f1.fastq.gz,HRR233249
HRR233249_r2.fastq.gz,HRR233249
HRR233250_f1.fastq.gz,HRR233250
HRR233250_r2.fastq.gz,HRR233250
HRR233251_f1.fastq.gz,HRR233251
HRR233251_r2.fastq.gz,HRR233251
HRR233252_f1.fastq.gz,HRR233252
HRR233252_r2.fastq.gz,HRR233252
HRR233253_f1.fastq.gz,HRR233253
HRR233253_r2.fastq.gz,HRR233253
HRR233254_f1.fastq.gz,HRR233254
HRR233254_r2.fastq.gz,HRR233254
HRR233255_f1.fastq.gz,HRR233255
HRR233255_r2.fastq.gz,HRR233255
HRR233256_f1.fastq.gz,HRR233256
HRR233256_r2.fastq.gz,HRR233256
HRR233257_f1.fastq.gz,HRR233257
HRR233257_r2.fastq.gz,HRR233257
HRR233258_f1.fastq.gz,HRR233258
HRR233258_r2.fastq.gz,HRR233258
HRR233259_f1.fastq.gz,HRR233259
HRR233259_r2.fastq.gz,HRR233259
HRR233260_f1.fastq.gz,HRR233260
HRR233260_r2.fastq.gz,HRR233260
HRR233261_f1.fastq.gz,HRR233261
HRR233261_r2.fastq.gz,HRR233261
HRR233262_f1.fastq.gz,HRR233262
HRR233262_r2.fastq.gz,HRR233262
HRR233263_f1.fastq.gz,HRR233263
HRR233263_r2.fastq.gz,HRR233263
HRR233264_f1.fastq.gz,HRR233264
HRR233264_r2.fastq.gz,HRR233264
HRR233265_f1.fastq.gz,HRR233265
HRR233265_r2.fastq.gz,HRR233265
HRR233266_f1.fastq.gz,HRR233266
HRR233266_r2.fastq.gz,HRR233266
HRR233267_f1.fastq.gz,HRR233267
HRR233267_r2.fastq.gz,HRR233267
HRR233268_f1.fastq.gz,HRR233268
HRR233268_r2.fastq.gz,HRR233268
HRR233269_f1.fastq.gz,HRR233269
HRR233269_r2.fastq.gz,HRR233269
HRR233270_f1.fastq.gz,HRR233270
HRR233270_r2.fastq.gz,HRR233270
HRR233271_f1.fastq.gz,HRR233271
HRR233271_r2.fastq.gz,HRR233271
HRR233272_f1.fastq.gz,HRR233272
HRR233272_r2.fastq.gz,HRR233272
HRR233273_f1.fastq.gz,HRR233273
HRR233273_r2.fastq.gz,HRR233273
HRR233274_f1.fastq.gz,HRR233274
HRR233274_r2.fastq.gz,HRR233274
HRR233275_f1.fastq.gz,HRR233275
HRR233275_r2.fastq.gz,HRR233275
HRR233276_f1.fastq.gz,HRR233276
HRR233276_r2.fastq.gz,HRR233276
HRR233277_f1.fastq.gz,HRR233277
HRR233277_r2.fastq.gz,HRR233277
HRR233278_f1.fastq.gz,HRR233278
HRR233278_r2.fastq.gz,HRR233278
HRR233279_f1.fastq.gz,HRR233279
HRR233279_r2.fastq.gz,HRR233279
HRR233280_f1.fastq.gz,HRR233280
HRR233280_r2.fastq.gz,HRR233280
HRR233281_f1.fastq.gz,HRR233281
HRR233281_r2.fastq.gz,HRR233281
HRR233282_f1.fastq.gz,HRR233282
HRR233282_r2.fastq.gz,HRR233282
HRR233283_f1.fastq.gz,HRR233283
HRR233283_r2.fastq.gz,HRR233283
HRR233284_f1.fastq.gz,HRR233284
HRR233284_r2.fastq.gz,HRR233284
HRR233285_f1.fastq.gz,HRR233285
HRR233285_r2.fastq.gz,HRR233285
HRR233286_f1.fastq.gz,HRR233286
HRR233286_r2.fastq.gz,HRR233286
HRR233287_f1.fastq.gz,HRR233287
HRR233287_r2.fastq.gz,HRR233287
HRR233288_f1.fastq.gz,HRR233288
HRR233288_r2.fastq.gz,HRR233288
HRR233289_f1.fastq.gz,HRR233289
HRR233289_r2.fastq.gz,HRR233289
HRR233290_f1.fastq.gz,HRR233290
HRR233290_r2.fastq.gz,HRR233290
HRR233291_f1.fastq.gz,HRR233291
HRR233291_r2.fastq.gz,HRR233291
HRR233292_f1.fastq.gz,HRR233292
HRR233292_r2.fastq.gz,HRR233292
HRR233293_f1.fastq.gz,HRR233293
HRR233293_r2.fastq.gz,HRR233293
HRR233294_f1.fastq.gz,HRR233294
HRR233294_r2.fastq.gz,HRR233294
HRR233295_f1.fastq.gz,HRR233295
HRR233295_r2.fastq.gz,HRR233295
HRR233296_f1.fastq.gz,HRR233296
HRR233296_r2.fastq.gz,HRR233296
HRR233297_f1.fastq.gz,HRR233297
HRR233297_r2.fastq.gz,HRR233297
HRR233298_f1.fastq.gz,HRR233298
HRR233298_r2.fastq.gz,HRR233298
HRR233299_f1.fastq.gz,HRR233299
HRR233299_r2.fastq.gz,HRR233299
HRR233300_f1.fastq.gz,HRR233300
HRR233300_r2.fastq.gz,HRR233300
HRR233301_f1.fastq.gz,HRR233301
HRR233301_r2.fastq.gz,HRR233301
HRR233302_f1.fastq.gz,HRR233302
HRR233302_r2.fastq.gz,HRR233302
HRR233303_f1.fastq.gz,HRR233303
HRR233303_r2.fastq.gz,HRR233303
HRR233304_f1.fastq.gz,HRR233304
HRR233304_r2.fastq.gz,HRR233304
HRR233305_f1.fastq.gz,HRR233305
HRR233305_r2.fastq.gz,HRR233305
HRR233306_f1.fastq.gz,HRR233306
HRR233306_r2.fastq.gz,HRR233306
HRR233307_f1.fastq.gz,HRR233307
HRR233307_r2.fastq.gz,HRR233307
HRR233308_f1.fastq.gz,HRR233308
HRR233308_r2.fastq.gz,HRR233308
HRR233309_f1.fastq.gz,HRR233309
HRR233309_r2.fastq.gz,HRR233309
HRR233310_f1.fastq.gz,HRR233310
HRR233310_r2.fastq.gz,HRR233310
HRR233311_f1.fastq.gz,HRR233311
HRR233311_r2.fastq.gz,HRR233311
HRR233312_f1.fastq.gz,HRR233312
HRR233312_r2.fastq.gz,HRR233312
HRR233313_f1.fastq.gz,HRR233313
HRR233313_r2.fastq.gz,HRR233313
HRR233314_f1.fastq.gz,HRR233314
HRR233314_r2.fastq.gz,HRR233314
HRR233315_f1.fastq.gz,HRR233315
HRR233315_r2.fastq.gz,HRR233315
HRR233316_f1.fastq.gz,HRR233316
HRR233316_r2.fastq.gz,HRR233316
HRR233317_f1.fastq.gz,HRR233317
HRR233317_r2.fastq.gz,HRR233317
HRR233318_f1.fastq.gz,HRR233318
HRR233318_r2.fastq.gz,HRR233318
HRR233319_f1.fastq.gz,HRR233319
HRR233319_r2.fastq.gz,HRR233319
HRR233320_f1.fastq.gz,HRR233320
HRR233320_r2.fastq.gz,HRR233320
HRR233321_f1.fastq.gz,HRR233321
HRR233321_r2.fastq.gz,HRR233321
HRR233322_f1.fastq.gz,HRR233322
HRR233322_r2.fastq.gz,HRR233322
HRR233323_f1.fastq.gz,HRR233323
HRR233323_r2.fastq.gz,HRR233323
HRR233324_f1.fastq.gz,HRR233324
HRR233324_r2.fastq.gz,HRR233324
HRR233325_f1.fastq.gz,HRR233325
HRR233325_r2.fastq.gz,HRR233325
HRR233326_f1.fastq.gz,HRR233326
HRR233326_r2.fastq.gz,HRR233326
HRR233327_f1.fastq.gz,HRR233327
HRR233327_r2.fastq.gz,HRR233327
HRR233328_f1.fastq.gz,HRR233328
HRR233328_r2.fastq.gz,HRR233328
HRR233329_f1.fastq.gz,HRR233329
HRR233329_r2.fastq.gz,HRR233329
HRR233330_f1.fastq.gz,HRR233330
HRR233330_r2.fastq.gz,HRR233330
HRR233331_f1.fastq.gz,HRR233331
HRR233331_r2.fastq.gz,HRR233331
HRR233332_f1.fastq.gz,HRR233332
HRR233332_r2.fastq.gz,HRR233332
HRR233333_f1.fastq.gz,HRR233333
HRR233333_r2.fastq.gz,HRR233333
HRR233334_f1.fastq.gz,HRR233334
HRR233334_r2.fastq.gz,HRR233334
HRR233335_f1.fastq.gz,HRR233335
HRR233335_r2.fastq.gz,HRR233335
HRR233336_f1.fastq.gz,HRR233336
HRR233336_r2.fastq.gz,HRR233336
HRR233337_f1.fastq.gz,HRR233337
HRR233337_r2.fastq.gz,HRR233337
HRR233338_f1.fastq.gz,HRR233338
HRR233338_r2.fastq.gz,HRR233338
HRR233339_f1.fastq.gz,HRR233339
HRR233339_r2.fastq.gz,HRR233339
HRR233340_f1.fastq.gz,HRR233340
HRR233340_r2.fastq.gz,HRR233340
HRR233341_f1.fastq.gz,HRR233341
HRR233341_r2.fastq.gz,HRR233341
HRR233342_f1.fastq.gz,HRR233342
HRR233342_r2.fastq.gz,HRR233342
HRR233343_f1.fastq.gz,HRR233343
HRR233343_r2.fastq.gz,HRR233343
HRR233344_f1.fastq.gz,HRR233344
HRR233344_r2.fastq.gz,HRR233344
HRR233345_f1.fastq.gz,HRR233345
HRR233345_r2.fastq.gz,HRR233345
HRR233346_f1.fastq.gz,HRR233346
HRR233346_r2.fastq.gz,HRR233346
HRR233347_f1.fastq.gz,HRR233347
HRR233347_r2.fastq.gz,HRR233347
HRR233348_f1.fastq.gz,HRR233348
HRR233348_r2.fastq.gz,HRR233348
HRR233349_f1.fastq.gz,HRR233349
HRR233349_r2.fastq.gz,HRR233349
HRR233350_f1.fastq.gz,HRR233350
HRR233350_r2.fastq.gz,HRR233350
HRR233351_f1.fastq.gz,HRR233351
HRR233351_r2.fastq.gz,HRR233351
HRR233352_f1.fastq.gz,HRR233352
HRR233352_r2.fastq.gz,HRR233352
HRR233353_f1.fastq.gz,HRR233353
HRR233353_r2.fastq.gz,HRR233353
HRR233354_f1.fastq.gz,HRR233354
HRR233354_r2.fastq.gz,HRR233354
HRR233355_f1.fastq.gz,HRR233355
HRR233355_r2.fastq.gz,HRR233355
HRR233356_f1.fastq.gz,HRR233356
HRR233356_r2.fastq.gz,HRR233356
HRR233357_f1.fastq.gz,HRR233357
HRR233357_r2.fastq.gz,HRR233357
HRR233358_f1.fastq.gz,HRR233358
HRR233358_r2.fastq.gz,HRR233358
HRR233359_f1.fastq.gz,HRR233359
HRR233359_r2.fastq.gz,HRR233359
HRR233360_f1.fastq.gz,HRR233360
HRR233360_r2.fastq.gz,HRR233360
HRR233361_f1.fastq.gz,HRR233361
HRR233361_r2.fastq.gz,HRR233361
HRR233362_f1.fastq.gz,HRR233362
HRR233362_r2.fastq.gz,HRR233362
HRR233363_f1.fastq.gz,HRR233363
HRR233363_r2.fastq.gz,HRR233363
HRR233364_f1.fastq.gz,HRR233364
HRR233364_r2.fastq.gz,HRR233364
HRR233365_f1.fastq.gz,HRR233365
HRR233365_r2.fastq.gz,HRR233365
HRR233366_f1.fastq.gz,HRR233366
HRR233366_r2.fastq.gz,HRR233366
HRR233367_f1.fastq.gz,HRR233367
HRR233367_r2.fastq.gz,HRR233367
HRR233368_f1.fastq.gz,HRR233368
HRR233368_r2.fastq.gz,HRR233368
HRR233369_f1.fastq.gz,HRR233369
HRR233369_r2.fastq.gz,HRR233369
HRR233370_f1.fastq.gz,HRR233370
HRR233370_r2.fastq.gz,HRR233370
HRR233371_f1.fastq.gz,HRR233371
HRR233371_r2.fastq.gz,HRR233371
HRR233372_f1.fastq.gz,HRR233372
HRR233372_r2.fastq.gz,HRR233372
HRR233373_f1.fastq.gz,HRR233373
HRR233373_r2.fastq.gz,HRR233373
HRR233374_f1.fastq.gz,HRR233374
HRR233374_r2.fastq.gz,HRR233374
HRR233375_f1.fastq.gz,HRR233375
HRR233375_r2.fastq.gz,HRR233375
HRR233376_f1.fastq.gz,HRR233376
HRR233376_r2.fastq.gz,HRR233376
HRR233377_f1.fastq.gz,HRR233377
HRR233377_r2.fastq.gz,HRR233377
HRR233378_f1.fastq.gz,HRR233378
HRR233378_r2.fastq.gz,HRR233378
HRR233379_f1.fastq.gz,HRR233379
HRR233379_r2.fastq.gz,HRR233379
HRR233380_f1.fastq.gz,HRR233380
HRR233380_r2.fastq.gz,HRR233380
HRR233381_f1.fastq.gz,HRR233381
HRR233381_r2.fastq.gz,HRR233381
HRR233382_f1.fastq.gz,HRR233382
HRR233382_r2.fastq.gz,HRR233382
HRR233383_f1.fastq.gz,HRR233383
HRR233383_r2.fastq.gz,HRR233383
HRR233384_f1.fastq.gz,HRR233384
HRR233384_r2.fastq.gz,HRR233384
HRR233385_f1.fastq.gz,HRR233385
HRR233385_r2.fastq.gz,HRR233385
HRR233386_f1.fastq.gz,HRR233386
HRR233386_r2.fastq.gz,HRR233386
HRR233387_f1.fastq.gz,HRR233387
HRR233387_r2.fastq.gz,HRR233387
HRR233388_f1.fastq.gz,HRR233388
HRR233388_r2.fastq.gz,HRR233388
HRR233389_f1.fastq.gz,HRR233389
HRR233389_r2.fastq.gz,HRR233389
HRR233390_f1.fastq.gz,HRR233390
HRR233390_r2.fastq.gz,HRR233390
HRR233391_f1.fastq.gz,HRR233391
HRR233391_r2.fastq.gz,HRR233391
HRR233392_f1.fastq.gz,HRR233392
HRR233392_r2.fastq.gz,HRR233392
HRR233393_f1.fastq.gz,HRR233393
HRR233393_r2.fastq.gz,HRR233393
HRR233394_f1.fastq.gz,HRR233394
HRR233394_r2.fastq.gz,HRR233394
HRR233395_f1.fastq.gz,HRR233395
HRR233395_r2.fastq.gz,HRR233395
HRR233396_f1.fastq.gz,HRR233396
HRR233396_r2.fastq.gz,HRR233396
HRR233397_f1.fastq.gz,HRR233397
HRR233397_r2.fastq.gz,HRR233397
HRR233398_f1.fastq.gz,HRR233398
HRR233398_r2.fastq.gz,HRR233398
HRR233399_f1.fastq.gz,HRR233399
HRR233399_r2.fastq.gz,HRR233399
HRR233400_f1.fastq.gz,HRR233400
HRR233400_r2.fastq.gz,HRR233400
HRR233401_f1.fastq.gz,HRR233401
HRR233401_r2.fastq.gz,HRR233401
HRR233402_f1.fastq.gz,HRR233402
HRR233402_r2.fastq.gz,HRR233402
HRR233403_f1.fastq.gz,HRR233403
HRR233403_r2.fastq.gz,HRR233403
HRR233404_f1.fastq.gz,HRR233404
HRR233404_r2.fastq.gz,HRR233404
HRR233405_f1.fastq.gz,HRR233405
HRR233405_r2.fastq.gz,HRR233405
HRR233406_f1.fastq.gz,HRR233406
HRR233406_r2.fastq.gz,HRR233406
HRR233407_f1.fastq.gz,HRR233407
HRR233407_r2.fastq.gz,HRR233407
HRR233408_f1.fastq.gz,HRR233408
HRR233408_r2.fastq.gz,HRR233408
HRR233409_f1.fastq.gz,HRR233409
HRR233409_r2.fastq.gz,HRR233409
HRR233410_f1.fastq.gz,HRR233410
HRR233410_r2.fastq.gz,HRR233410
HRR233411_f1.fastq.gz,HRR233411
HRR233411_r2.fastq.gz,HRR233411
HRR233412_f1.fastq.gz,HRR233412
HRR233412_r2.fastq.gz,HRR233412
HRR233413_f1.fastq.gz,HRR233413
HRR233413_r2.fastq.gz,HRR233413
HRR233414_f1.fastq.gz,HRR233414
HRR233414_r2.fastq.gz,HRR233414
HRR233415_f1.fastq.gz,HRR233415
HRR233415_r2.fastq.gz,HRR233415
HRR233416_f1.fastq.gz,HRR233416
HRR233416_r2.fastq.gz,HRR233416
HRR233417_f1.fastq.gz,HRR233417
HRR233417_r2.fastq.gz,HRR233417
HRR233418_f1.fastq.gz,HRR233418
HRR233418_r2.fastq.gz,HRR233418
HRR233419_f1.fastq.gz,HRR233419
HRR233419_r2.fastq.gz,HRR233419
HRR233420_f1.fastq.gz,HRR233420
HRR233420_r2.fastq.gz,HRR233420
HRR233421_f1.fastq.gz,HRR233421
HRR233421_r2.fastq.gz,HRR233421
HRR233422_f1.fastq.gz,HRR233422
HRR233422_r2.fastq.gz,HRR233422
HRR233423_f1.fastq.gz,HRR233423
HRR233423_r2.fastq.gz,HRR233423
HRR233424_f1.fastq.gz,HRR233424
HRR233424_r2.fastq.gz,HRR233424
HRR233425_f1.fastq.gz,HRR233425
HRR233425_r2.fastq.gz,HRR233425
HRR233426_f1.fastq.gz,HRR233426
HRR233426_r2.fastq.gz,HRR233426
HRR233427_f1.fastq.gz,HRR233427
HRR233427_r2.fastq.gz,HRR233427
HRR233428_f1.fastq.gz,HRR233428
HRR233428_r2.fastq.gz,HRR233428
HRR233429_f1.fastq.gz,HRR233429
HRR233429_r2.fastq.gz,HRR233429
HRR233430_f1.fastq.gz,HRR233430
HRR233430_r2.fastq.gz,HRR233430
HRR233431_f1.fastq.gz,HRR233431
HRR233431_r2.fastq.gz,HRR233431
HRR233432_f1.fastq.gz,HRR233432
HRR233432_r2.fastq.gz,HRR233432
HRR233433_f1.fastq.gz,HRR233433
HRR233433_r2.fastq.gz,HRR233433
HRR233434_f1.fastq.gz,HRR233434
HRR233434_r2.fastq.gz,HRR233434
HRR233435_f1.fastq.gz,HRR233435
HRR233435_r2.fastq.gz,HRR233435
HRR233436_f1.fastq.gz,HRR233436
HRR233436_r2.fastq.gz,HRR233436
HRR233437_f1.fastq.gz,HRR233437
HRR233437_r2.fastq.gz,HRR233437
HRR233438_f1.fastq.gz,HRR233438
HRR233438_r2.fastq.gz,HRR233438
HRR233439_f1.fastq.gz,HRR233439
HRR233439_r2.fastq.gz,HRR233439
HRR233440_f1.fastq.gz,HRR233440
HRR233440_r2.fastq.gz,HRR233440
HRR233441_f1.fastq.gz,HRR233441
HRR233441_r2.fastq.gz,HRR233441
HRR233442_f1.fastq.gz,HRR233442
HRR233442_r2.fastq.gz,HRR233442
HRR233443_f1.fastq.gz,HRR233443
HRR233443_r2.fastq.gz,HRR233443
HRR233444_f1.fastq.gz,HRR233444
HRR233444_r2.fastq.gz,HRR233444
HRR233445_f1.fastq.gz,HRR233445
HRR233445_r2.fastq.gz,HRR233445
HRR233446_f1.fastq.gz,HRR233446
HRR233446_r2.fastq.gz,HRR233446
HRR233447_f1.fastq.gz,HRR233447
HRR233447_r2.fastq.gz,HRR233447
HRR233448_f1.fastq.gz,HRR233448
HRR233448_r2.fastq.gz,HRR233448
HRR233449_f1.fastq.gz,HRR233449
HRR233449_r2.fastq.gz,HRR233449
HRR233450_f1.fastq.gz,HRR233450
HRR233450_r2.fastq.gz,HRR233450
HRR233451_f1.fastq.gz,HRR233451
HRR233451_r2.fastq.gz,HRR233451
HRR233452_f1.fastq.gz,HRR233452
HRR233452_r2.fastq.gz,HRR233452
HRR233453_f1.fastq.gz,HRR233453
HRR233453_r2.fastq.gz,HRR233453
HRR233454_f1.fastq.gz,HRR233454
HRR233454_r2.fastq.gz,HRR233454
HRR233455_f1.fastq.gz,HRR233455
HRR233455_r2.fastq.gz,HRR233455
HRR233456_f1.fastq.gz,HRR233456
HRR233456_r2.fastq.gz,HRR233456
HRR233457_f1.fastq.gz,HRR233457
HRR233457_r2.fastq.gz,HRR233457
HRR233458_f1.fastq.gz,HRR233458
HRR233458_r2.fastq.gz,HRR233458
HRR233459_f1.fastq.gz,HRR233459
HRR233459_r2.fastq.gz,HRR233459
HRR233460_f1.fastq.gz,HRR233460
HRR233460_r2.fastq.gz,HRR233460
HRR233461_f1.fastq.gz,HRR233461
HRR233461_r2.fastq.gz,HRR233461
HRR233462_f1.fastq.gz,HRR233462
HRR233462_r2.fastq.gz,HRR233462
HRR233463_f1.fastq.gz,HRR233463
HRR233463_r2.fastq.gz,HRR233463
HRR233464_f1.fastq.gz,HRR233464
HRR233464_r2.fastq.gz,HRR233464
HRR233465_f1.fastq.gz,HRR233465
HRR233465_r2.fastq.gz,HRR233465
HRR233466_f1.fastq.gz,HRR233466
HRR233466_r2.fastq.gz,HRR233466
HRR233467_f1.fastq.gz,HRR233467
HRR233467_r2.fastq.gz,HRR233467
HRR233468_f1.fastq.gz,HRR233468
HRR233468_r2.fastq.gz,HRR233468
HRR233469_f1.fastq.gz,HRR233469
HRR233469_r2.fastq.gz,HRR233469
HRR233470_f1.fastq.gz,HRR233470
HRR233470_r2.fastq.gz,HRR233470
HRR233471_f1.fastq.gz,HRR233471
HRR233471_r2.fastq.gz,HRR233471
HRR233472_f1.fastq.gz,HRR233472
HRR233472_r2.fastq.gz,HRR233472
HRR233473_f1.fastq.gz,HRR233473
HRR233473_r2.fastq.gz,HRR233473
HRR233474_f1.fastq.gz,HRR233474
HRR233474_r2.fastq.gz,HRR233474
HRR233475_f1.fastq.gz,HRR233475
HRR233475_r2.fastq.gz,HRR233475
HRR233476_f1.fastq.gz,HRR233476
HRR233476_r2.fastq.gz,HRR233476
HRR233477_f1.fastq.gz,HRR233477
HRR233477_r2.fastq.gz,HRR233477
HRR233478_f1.fastq.gz,HRR233478
HRR233478_r2.fastq.gz,HRR233478
HRR233479_f1.fastq.gz,HRR233479
HRR233479_r2.fastq.gz,HRR233479
HRR233480_f1.fastq.gz,HRR233480
HRR233480_r2.fastq.gz,HRR233480
HRR233481_f1.fastq.gz,HRR233481
HRR233481_r2.fastq.gz,HRR233481
HRR233482_f1.fastq.gz,HRR233482
HRR233482_r2.fastq.gz,HRR233482
HRR233483_f1.fastq.gz,HRR233483
HRR233483_r2.fastq.gz,HRR233483
HRR233484_f1.fastq.gz,HRR233484
HRR233484_r2.fastq.gz,HRR233484
HRR233485_f1.fastq.gz,HRR233485
HRR233485_r2.fastq.gz,HRR233485
HRR233486_f1.fastq.gz,HRR233486
HRR233486_r2.fastq.gz,HRR233486
HRR233487_f1.fastq.gz,HRR233487
HRR233487_r2.fastq.gz,HRR233487
HRR233488_f1.fastq.gz,HRR233488
HRR233488_r2.fastq.gz,HRR233488
HRR233489_f1.fastq.gz,HRR233489
HRR233489_r2.fastq.gz,HRR233489
HRR233490_f1.fastq.gz,HRR233490
HRR233490_r2.fastq.gz,HRR233490
HRR233491_f1.fastq.gz,HRR233491
HRR233491_r2.fastq.gz,HRR233491
HRR233492_f1.fastq.gz,HRR233492
HRR233492_r2.fastq.gz,HRR233492
HRR233493_f1.fastq.gz,HRR233493
HRR233493_r2.fastq.gz,HRR233493
HRR233494_f1.fastq.gz,HRR233494
HRR233494_r2.fastq.gz,HRR233494
HRR233495_f1.fastq.gz,HRR233495
HRR233495_r2.fastq.gz,HRR233495
HRR233496_f1.fastq.gz,HRR233496
HRR233496_r2.fastq.gz,HRR233496
HRR233497_f1.fastq.gz,HRR233497
HRR233497_r2.fastq.gz,HRR233497
HRR233498_f1.fastq.gz,HRR233498
HRR233498_r2.fastq.gz,HRR233498
HRR233499_f1.fastq.gz,HRR233499
HRR233499_r2.fastq.gz,HRR233499
HRR233500_f1.fastq.gz,HRR233500
HRR233500_r2.fastq.gz,HRR233500
HRR233501_f1.fastq.gz,HRR233501
HRR233501_r2.fastq.gz,HRR233501
HRR233502_f1.fastq.gz,HRR233502
HRR233502_r2.fastq.gz,HRR233502
HRR233503_f1.fastq.gz,HRR233503
HRR233503_r2.fastq.gz,HRR233503
HRR233504_f1.fastq.gz,HRR233504
HRR233504_r2.fastq.gz,HRR233504
HRR233505_f1.fastq.gz,HRR233505
HRR233505_r2.fastq.gz,HRR233505
HRR233506_f1.fastq.gz,HRR233506
HRR233506_r2.fastq.gz,HRR233506
HRR233507_f1.fastq.gz,HRR233507
HRR233507_r2.fastq.gz,HRR233507
HRR233508_f1.fastq.gz,HRR233508
HRR233508_r2.fastq.gz,HRR233508
HRR233509_f1.fastq.gz,HRR233509
HRR233509_r2.fastq.gz,HRR233509
HRR233510_f1.fastq.gz,HRR233510
HRR233510_r2.fastq.gz,HRR233510
HRR233511_f1.fastq.gz,HRR233511
HRR233511_r2.fastq.gz,HRR233511
HRR233512_f1.fastq.gz,HRR233512
HRR233512_r2.fastq.gz,HRR233512
HRR233513_f1.fastq.gz,HRR233513
HRR233513_r2.fastq.gz,HRR233513
HRR233514_f1.fastq.gz,HRR233514
HRR233514_r2.fastq.gz,HRR233514
HRR233515_f1.fastq.gz,HRR233515
HRR233515_r2.fastq.gz,HRR233515
HRR233516_f1.fastq.gz,HRR233516
HRR233516_r2.fastq.gz,HRR233516
HRR233517_f1.fastq.gz,HRR233517
HRR233517_r2.fastq.gz,HRR233517
HRR233518_f1.fastq.gz,HRR233518
HRR233518_r2.fastq.gz,HRR233518
HRR233519_f1.fastq.gz,HRR233519
HRR233519_r2.fastq.gz,HRR233519
HRR233520_f1.fastq.gz,HRR233520
HRR233520_r2.fastq.gz,HRR233520
HRR233521_f1.fastq.gz,HRR233521
HRR233521_r2.fastq.gz,HRR233521
HRR233522_f1.fastq.gz,HRR233522
HRR233522_r2.fastq.gz,HRR233522
HRR233523_f1.fastq.gz,HRR233523
HRR233523_r2.fastq.gz,HRR233523
HRR233524_f1.fastq.gz,HRR233524
HRR233524_r2.fastq.gz,HRR233524
HRR233525_f1.fastq.gz,HRR233525
HRR233525_r2.fastq.gz,HRR233525
HRR233526_f1.fastq.gz,HRR233526
HRR233526_r2.fastq.gz,HRR233526
HRR233527_f1.fastq.gz,HRR233527
HRR233527_r2.fastq.gz,HRR233527
HRR233528_f1.fastq.gz,HRR233528
HRR233528_r2.fastq.gz,HRR233528
HRR233529_f1.fastq.gz,HRR233529
HRR233529_r2.fastq.gz,HRR233529
HRR233530_f1.fastq.gz,HRR233530
HRR233530_r2.fastq.gz,HRR233530
HRR233531_f1.fastq.gz,HRR233531
HRR233531_r2.fastq.gz,HRR233531
HRR233532_f1.fastq.gz,HRR233532
HRR233532_r2.fastq.gz,HRR233532
HRR233533_f1.fastq.gz,HRR233533
HRR233533_r2.fastq.gz,HRR233533
HRR233534_f1.fastq.gz,HRR233534
HRR233534_r2.fastq.gz,HRR233534
HRR233535_f1.fastq.gz,HRR233535
HRR233535_r2.fastq.gz,HRR233535
HRR233536_f1.fastq.gz,HRR233536
HRR233536_r2.fastq.gz,HRR233536
HRR233537_f1.fastq.gz,HRR233537
HRR233537_r2.fastq.gz,HRR233537
HRR233538_f1.fastq.gz,HRR233538
HRR233538_r2.fastq.gz,HRR233538
HRR233539_f1.fastq.gz,HRR233539
HRR233539_r2.fastq.gz,HRR233539
HRR233540_f1.fastq.gz,HRR233540
HRR233540_r2.fastq.gz,HRR233540
HRR233541_f1.fastq.gz,HRR233541
HRR233541_r2.fastq.gz,HRR233541
HRR233542_f1.fastq.gz,HRR233542
HRR233542_r2.fastq.gz,HRR233542
HRR233543_f1.fastq.gz,HRR233543
HRR233543_r2.fastq.gz,HRR233543
HRR233544_f1.fastq.gz,HRR233544
HRR233544_r2.fastq.gz,HRR233544
HRR233545_f1.fastq.gz,HRR233545
HRR233545_r2.fastq.gz,HRR233545
HRR233546_f1.fastq.gz,HRR233546
HRR233546_r2.fastq.gz,HRR233546
HRR233547_f1.fastq.gz,HRR233547
HRR233547_r2.fastq.gz,HRR233547
HRR233548_f1.fastq.gz,HRR233548
HRR233548_r2.fastq.gz,HRR233548
HRR233549_f1.fastq.gz,HRR233549
HRR233549_r2.fastq.gz,HRR233549
HRR233550_f1.fastq.gz,HRR233550
HRR233550_r2.fastq.gz,HRR233550
HRR233551_f1.fastq.gz,HRR233551
HRR233551_r2.fastq.gz,HRR233551
HRR233552_f1.fastq.gz,HRR233552
HRR233552_r2.fastq.gz,HRR233552
HRR233553_f1.fastq.gz,HRR233553
HRR233553_r2.fastq.gz,HRR233553
HRR233554_f1.fastq.gz,HRR233554
HRR233554_r2.fastq.gz,HRR233554
HRR233555_f1.fastq.gz,HRR233555
HRR233555_r2.fastq.gz,HRR233555
HRR233556_f1.fastq.gz,HRR233556
HRR233556_r2.fastq.gz,HRR233556
HRR233557_f1.fastq.gz,HRR233557
HRR233557_r2.fastq.gz,HRR233557
HRR233558_f1.fastq.gz,HRR233558
HRR233558_r2.fastq.gz,HRR233558
HRR233559_f1.fastq.gz,HRR233559
HRR233559_r2.fastq.gz,HRR233559
HRR233560_f1.fastq.gz,HRR233560
HRR233560_r2.fastq.gz,HRR233560
HRR233561_f1.fastq.gz,HRR233561
HRR233561_r2.fastq.gz,HRR233561
HRR233562_f1.fastq.gz,HRR233562
HRR233562_r2.fastq.gz,HRR233562
HRR233563_f1.fastq.gz,HRR233563
HRR233563_r2.fastq.gz,HRR233563
HRR233564_f1.fastq.gz,HRR233564
HRR233564_r2.fastq.gz,HRR233564
HRR233565_f1.fastq.gz,HRR233565
HRR233565_r2.fastq.gz,HRR233565
HRR233566_f1.fastq.gz,HRR233566
HRR233566_r2.fastq.gz,HRR233566
HRR233567_f1.fastq.gz,HRR233567
HRR233567_r2.fastq.gz,HRR233567
HRR233568_f1.fastq.gz,HRR233568
HRR233568_r2.fastq.gz,HRR233568
HRR233569_f1.fastq.gz,HRR233569
HRR233569_r2.fastq.gz,HRR233569
HRR233570_f1.fastq.gz,HRR233570
HRR233570_r2.fastq.gz,HRR233570
HRR233571_f1.fastq.gz,HRR233571
HRR233571_r2.fastq.gz,HRR233571
HRR233572_f1.fastq.gz,HRR233572
HRR233572_r2.fastq.gz,HRR233572
HRR233573_f1.fastq.gz,HRR233573
HRR233573_r2.fastq.gz,HRR233573
HRR233574_f1.fastq.gz,HRR233574
HRR233574_r2.fastq.gz,HRR233574
HRR233575_f1.fastq.gz,HRR233575
HRR233575_r2.fastq.gz,HRR233575
HRR233576_f1.fastq.gz,HRR233576
HRR233576_r2.fastq.gz,HRR233576
HRR233577_f1.fastq.gz,HRR233577
HRR233577_r2.fastq.gz,HRR233577
HRR233578_f1.fastq.gz,HRR233578
HRR233578_r2.fastq.gz,HRR233578
HRR233579_f1.fastq.gz,HRR233579
HRR233579_r2.fastq.gz,HRR233579
HRR233580_f1.fastq.gz,HRR233580
HRR233580_r2.fastq.gz,HRR233580
HRR233581_f1.fastq.gz,HRR233581
HRR233581_r2.fastq.gz,HRR233581
HRR233582_f1.fastq.gz,HRR233582
HRR233582_r2.fastq.gz,HRR233582
HRR233583_f1.fastq.gz,HRR233583
HRR233583_r2.fastq.gz,HRR233583
HRR233584_f1.fastq.gz,HRR233584
HRR233584_r2.fastq.gz,HRR233584
HRR233585_f1.fastq.gz,HRR233585
HRR233585_r2.fastq.gz,HRR233585
HRR233586_f1.fastq.gz,HRR233586
HRR233586_r2.fastq.gz,HRR233586
HRR233587_f1.fastq.gz,HRR233587
HRR233587_r2.fastq.gz,HRR233587
HRR233588_f1.fastq.gz,HRR233588
HRR233588_r2.fastq.gz,HRR233588
HRR233589_f1.fastq.gz,HRR233589
HRR233589_r2.fastq.gz,HRR233589
HRR233590_f1.fastq.gz,HRR233590
HRR233590_r2.fastq.gz,HRR233590
HRR233591_f1.fastq.gz,HRR233591
HRR233591_r2.fastq.gz,HRR233591
HRR233592_f1.fastq.gz,HRR233592
HRR233592_r2.fastq.gz,HRR233592
HRR233593_f1.fastq.gz,HRR233593
HRR233593_r2.fastq.gz,HRR233593
HRR233594_f1.fastq.gz,HRR233594
HRR233594_r2.fastq.gz,HRR233594
HRR233595_f1.fastq.gz,HRR233595
HRR233595_r2.fastq.gz,HRR233595
HRR233596_f1.fastq.gz,HRR233596
HRR233596_r2.fastq.gz,HRR233596
HRR233597_f1.fastq.gz,HRR233597
HRR233597_r2.fastq.gz,HRR233597
HRR233598_f1.fastq.gz,HRR233598
HRR233598_r2.fastq.gz,HRR233598
HRR233599_f1.fastq.gz,HRR233599
HRR233599_r2.fastq.gz,HRR233599
HRR233600_f1.fastq.gz,HRR233600
HRR233600_r2.fastq.gz,HRR233600
HRR233601_f1.fastq.gz,HRR233601
HRR233601_r2.fastq.gz,HRR233601
HRR233602_f1.fastq.gz,HRR233602
HRR233602_r2.fastq.gz,HRR233602
HRR233603_f1.fastq.gz,HRR233603
HRR233603_r2.fastq.gz,HRR233603
HRR233604_f1.fastq.gz,HRR233604
HRR233604_r2.fastq.gz,HRR233604
HRR233605_f1.fastq.gz,HRR233605
HRR233605_r2.fastq.gz,HRR233605
HRR233606_f1.fastq.gz,HRR233606
HRR233606_r2.fastq.gz,HRR233606
HRR233607_f1.fastq.gz,HRR233607
HRR233607_r2.fastq.gz,HRR233607
HRR233608_f1.fastq.gz,HRR233608
HRR233608_r2.fastq.gz,HRR233608
HRR233609_f1.fastq.gz,HRR233609
HRR233609_r2.fastq.gz,HRR233609
HRR233610_f1.fastq.gz,HRR233610
HRR233610_r2.fastq.gz,HRR233610
HRR233611_f1.fastq.gz,HRR233611
HRR233611_r2.fastq.gz,HRR233611
HRR233612_f1.fastq.gz,HRR233612
HRR233612_r2.fastq.gz,HRR233612
HRR233613_f1.fastq.gz,HRR233613
HRR233613_r2.fastq.gz,HRR233613
HRR233614_f1.fastq.gz,HRR233614
HRR233614_r2.fastq.gz,HRR233614
HRR233615_f1.fastq.gz,HRR233615
HRR233615_r2.fastq.gz,HRR233615
HRR233616_f1.fastq.gz,HRR233616
HRR233616_r2.fastq.gz,HRR233616
HRR233617_f1.fastq.gz,HRR233617
HRR233617_r2.fastq.gz,HRR233617
HRR233618_f1.fastq.gz,HRR233618
HRR233618_r2.fastq.gz,HRR233618
HRR233619_f1.fastq.gz,HRR233619
HRR233619_r2.fastq.gz,HRR233619
HRR233620_f1.fastq.gz,HRR233620
HRR233620_r2.fastq.gz,HRR233620
HRR233621_f1.fastq.gz,HRR233621
HRR233621_r2.fastq.gz,HRR233621
HRR233622_f1.fastq.gz,HRR233622
HRR233622_r2.fastq.gz,HRR233622
HRR233623_f1.fastq.gz,HRR233623
HRR233623_r2.fastq.gz,HRR233623
HRR233624_f1.fastq.gz,HRR233624
HRR233624_r2.fastq.gz,HRR233624
HRR233625_f1.fastq.gz,HRR233625
HRR233625_r2.fastq.gz,HRR233625
HRR233626_f1.fastq.gz,HRR233626
HRR233626_r2.fastq.gz,HRR233626
HRR233627_f1.fastq.gz,HRR233627
HRR233627_r2.fastq.gz,HRR233627
HRR233628_f1.fastq.gz,HRR233628
HRR233628_r2.fastq.gz,HRR233628
HRR233629_f1.fastq.gz,HRR233629
HRR233629_r2.fastq.gz,HRR233629
HRR233630_f1.fastq.gz,HRR233630
HRR233630_r2.fastq.gz,HRR233630
HRR233631_f1.fastq.gz,HRR233631
HRR233631_r2.fastq.gz,HRR233631
HRR233632_f1.fastq.gz,HRR233632
HRR233632_r2.fastq.gz,HRR233632
HRR233633_f1.fastq.gz,HRR233633
HRR233633_r2.fastq.gz,HRR233633
HRR233634_f1.fastq.gz,HRR233634
HRR233634_r2.fastq.gz,HRR233634
HRR233635_f1.fastq.gz,HRR233635
HRR233635_r2.fastq.gz,HRR233635
HRR233636_f1.fastq.gz,HRR233636
HRR233636_r2.fastq.gz,HRR233636
HRR233637_f1.fastq.gz,HRR233637
HRR233637_r2.fastq.gz,HRR233637
HRR233638_f1.fastq.gz,HRR233638
HRR233638_r2.fastq.gz,HRR233638
HRR233639_f1.fastq.gz,HRR233639
HRR233639_r2.fastq.gz,HRR233639
HRR233640_f1.fastq.gz,HRR233640
HRR233640_r2.fastq.gz,HRR233640
HRR233641_f1.fastq.gz,HRR233641
HRR233641_r2.fastq.gz,HRR233641
HRR233642_f1.fastq.gz,HRR233642
HRR233642_r2.fastq.gz,HRR233642
HRR233643_f1.fastq.gz,HRR233643
HRR233643_r2.fastq.gz,HRR233643
HRR233644_f1.fastq.gz,HRR233644
HRR233644_r2.fastq.gz,HRR233644
HRR233645_f1.fastq.gz,HRR233645
HRR233645_r2.fastq.gz,HRR233645
HRR233646_f1.fastq.gz,HRR233646
HRR233646_r2.fastq.gz,HRR233646
HRR233647_f1.fastq.gz,HRR233647
HRR233647_r2.fastq.gz,HRR233647
HRR233648_f1.fastq.gz,HRR233648
HRR233648_r2.fastq.gz,HRR233648
HRR233649_f1.fastq.gz,HRR233649
HRR233649_r2.fastq.gz,HRR233649
HRR233650_f1.fastq.gz,HRR233650
HRR233650_r2.fastq.gz,HRR233650
HRR233651_f1.fastq.gz,HRR233651
HRR233651_r2.fastq.gz,HRR233651
HRR233652_f1.fastq.gz,HRR233652
HRR233652_r2.fastq.gz,HRR233652
HRR233653_f1.fastq.gz,HRR233653
HRR233653_r2.fastq.gz,HRR233653
HRR233654_f1.fastq.gz,HRR233654
HRR233654_r2.fastq.gz,HRR233654
HRR233655_f1.fastq.gz,HRR233655
HRR233655_r2.fastq.gz,HRR233655
HRR233656_f1.fastq.gz,HRR233656
HRR233656_r2.fastq.gz,HRR233656
HRR233657_f1.fastq.gz,HRR233657
HRR233657_r2.fastq.gz,HRR233657
HRR233658_f1.fastq.gz,HRR233658
HRR233658_r2.fastq.gz,HRR233658
HRR233659_f1.fastq.gz,HRR233659
HRR233659_r2.fastq.gz,HRR233659
HRR233660_f1.fastq.gz,HRR233660
HRR233660_r2.fastq.gz,HRR233660
HRR233661_f1.fastq.gz,HRR233661
HRR233661_r2.fastq.gz,HRR233661
HRR233662_f1.fastq.gz,HRR233662
HRR233662_r2.fastq.gz,HRR233662
HRR233663_f1.fastq.gz,HRR233663
HRR233663_r2.fastq.gz,HRR233663
HRR233664_f1.fastq.gz,HRR233664
HRR233664_r2.fastq.gz,HRR233664
HRR233665_f1.fastq.gz,HRR233665
HRR233665_r2.fastq.gz,HRR233665
HRR233666_f1.fastq.gz,HRR233666
HRR233666_r2.fastq.gz,HRR233666
HRR233667_f1.fastq.gz,HRR233667
HRR233667_r2.fastq.gz,HRR233667
HRR233668_f1.fastq.gz,HRR233668
HRR233668_r2.fastq.gz,HRR233668
HRR233669_f1.fastq.gz,HRR233669
HRR233669_r2.fastq.gz,HRR233669
HRR233670_f1.fastq.gz,HRR233670
HRR233670_r2.fastq.gz,HRR233670
HRR233671_f1.fastq.gz,HRR233671
HRR233671_r2.fastq.gz,HRR233671
HRR233672_f1.fastq.gz,HRR233672
HRR233672_r2.fastq.gz,HRR233672
HRR233673_f1.fastq.gz,HRR233673
HRR233673_r2.fastq.gz,HRR233673
HRR233674_f1.fastq.gz,HRR233674
HRR233674_r2.fastq.gz,HRR233674
HRR233675_f1.fastq.gz,HRR233675
HRR233675_r2.fastq.gz,HRR233675
HRR233676_f1.fastq.gz,HRR233676
HRR233676_r2.fastq.gz,HRR233676
HRR233677_f1.fastq.gz,HRR233677
HRR233677_r2.fastq.gz,HRR233677
HRR233678_f1.fastq.gz,HRR233678
HRR233678_r2.fastq.gz,HRR233678
HRR233679_f1.fastq.gz,HRR233679
HRR233679_r2.fastq.gz,HRR233679
HRR233680_f1.fastq.gz,HRR233680
HRR233680_r2.fastq.gz,HRR233680
HRR233681_f1.fastq.gz,HRR233681
HRR233681_r2.fastq.gz,HRR233681
HRR233682_f1.fastq.gz,HRR233682
HRR233682_r2.fastq.gz,HRR233682
HRR233683_f1.fastq.gz,HRR233683
HRR233683_r2.fastq.gz,HRR233683
HRR233684_f1.fastq.gz,HRR233684
HRR233684_r2.fastq.gz,HRR233684
HRR233685_f1.fastq.gz,HRR233685
HRR233685_r2.fastq.gz,HRR233685
HRR233686_f1.fastq.gz,HRR233686
HRR233686_r2.fastq.gz,HRR233686
HRR233687_f1.fastq.gz,HRR233687
HRR233687_r2.fastq.gz,HRR233687
HRR233688_f1.fastq.gz,HRR233688
HRR233688_r2.fastq.gz,HRR233688
HRR233689_f1.fastq.gz,HRR233689
HRR233689_r2.fastq.gz,HRR233689
HRR233690_f1.fastq.gz,HRR233690
HRR233690_r2.fastq.gz,HRR233690
HRR233691_f1.fastq.gz,HRR233691
HRR233691_r2.fastq.gz,HRR233691
HRR233692_f1.fastq.gz,HRR233692
HRR233692_r2.fastq.gz,HRR233692
HRR233693_f1.fastq.gz,HRR233693
HRR233693_r2.fastq.gz,HRR233693
HRR233694_f1.fastq.gz,HRR233694
HRR233694_r2.fastq.gz,HRR233694
HRR233695_f1.fastq.gz,HRR233695
HRR233695_r2.fastq.gz,HRR233695
HRR233696_f1.fastq.gz,HRR233696
HRR233696_r2.fastq.gz,HRR233696
HRR233697_f1.fastq.gz,HRR233697
HRR233697_r2.fastq.gz,HRR233697
HRR233698_f1.fastq.gz,HRR233698
HRR233698_r2.fastq.gz,HRR233698
HRR233699_f1.fastq.gz,HRR233699
HRR233699_r2.fastq.gz,HRR233699
HRR233700_f1.fastq.gz,HRR233700
HRR233700_r2.fastq.gz,HRR233700
HRR233701_f1.fastq.gz,HRR233701
HRR233701_r2.fastq.gz,HRR233701
HRR233702_f1.fastq.gz,HRR233702
HRR233702_r2.fastq.gz,HRR233702
HRR233703_f1.fastq.gz,HRR233703
HRR233703_r2.fastq.gz,HRR233703
HRR233704_f1.fastq.gz,HRR233704
HRR233704_r2.fastq.gz,HRR233704
HRR233705_f1.fastq.gz,HRR233705
HRR233705_r2.fastq.gz,HRR233705
HRR233706_f1.fastq.gz,HRR233706
HRR233706_r2.fastq.gz,HRR233706
HRR233707_f1.fastq.gz,HRR233707
HRR233707_r2.fastq.gz,HRR233707
HRR233708_f1.fastq.gz,HRR233708
HRR233708_r2.fastq.gz,HRR233708
HRR233709_f1.fastq.gz,HRR233709
HRR233709_r2.fastq.gz,HRR233709
HRR233710_f1.fastq.gz,HRR233710
HRR233710_r2.fastq.gz,HRR233710
HRR233711_f1.fastq.gz,HRR233711
HRR233711_r2.fastq.gz,HRR233711
HRR233712_f1.fastq.gz,HRR233712
HRR233712_r2.fastq.gz,HRR233712
HRR233713_f1.fastq.gz,HRR233713
HRR233713_r2.fastq.gz,HRR233713
HRR233714_f1.fastq.gz,HRR233714
HRR233714_r2.fastq.gz,HRR233714
HRR233715_f1.fastq.gz,HRR233715
HRR233715_r2.fastq.gz,HRR233715
HRR233716_f1.fastq.gz,HRR233716
HRR233716_r2.fastq.gz,HRR233716
HRR233717_f1.fastq.gz,HRR233717
HRR233717_r2.fastq.gz,HRR233717
HRR233718_f1.fastq.gz,HRR233718
HRR233718_r2.fastq.gz,HRR233718
HRR233719_f1.fastq.gz,HRR233719
HRR233719_r2.fastq.gz,HRR233719
HRR233720_f1.fastq.gz,HRR233720
HRR233720_r2.fastq.gz,HRR233720
HRR233721_f1.fastq.gz,HRR233721
HRR233721_r2.fastq.gz,HRR233721
HRR233722_f1.fastq.gz,HRR233722
HRR233722_r2.fastq.gz,HRR233722
HRR233723_f1.fastq.gz,HRR233723
HRR233723_r2.fastq.gz,HRR233723
HRR233724_f1.fastq.gz,HRR233724
HRR233724_r2.fastq.gz,HRR233724
HRR233725_f1.fastq.gz,HRR233725
HRR233725_r2.fastq.gz,HRR233725
HRR233726_f1.fastq.gz,HRR233726
HRR233726_r2.fastq.gz,HRR233726
HRR233727_f1.fastq.gz,HRR233727
HRR233727_r2.fastq.gz,HRR233727
HRR233728_f1.fastq.gz,HRR233728
HRR233728_r2.fastq.gz,HRR233728
HRR233729_f1.fastq.gz,HRR233729
HRR233729_r2.fastq.gz,HRR233729
HRR233730_f1.fastq.gz,HRR233730
HRR233730_r2.fastq.gz,HRR233730
HRR233731_f1.fastq.gz,HRR233731
HRR233731_r2.fastq.gz,HRR233731
HRR233732_f1.fastq.gz,HRR233732
HRR233732_r2.fastq.gz,HRR233732
HRR233733_f1.fastq.gz,HRR233733
HRR233733_r2.fastq.gz,HRR233733
HRR233734_f1.fastq.gz,HRR233734
HRR233734_r2.fastq.gz,HRR233734
HRR233735_f1.fastq.gz,HRR233735
HRR233735_r2.fastq.gz,HRR233735
HRR233736_f1.fastq.gz,HRR233736
HRR233736_r2.fastq.gz,HRR233736
HRR233737_f1.fastq.gz,HRR233737
HRR233737_r2.fastq.gz,HRR233737
HRR233738_f1.fastq.gz,HRR233738
HRR233738_r2.fastq.gz,HRR233738
HRR233739_f1.fastq.gz,HRR233739
HRR233739_r2.fastq.gz,HRR233739
HRR233740_f1.fastq.gz,HRR233740
HRR233740_r2.fastq.gz,HRR233740
HRR233741_f1.fastq.gz,HRR233741
HRR233741_r2.fastq.gz,HRR233741
HRR233742_f1.fastq.gz,HRR233742
HRR233742_r2.fastq.gz,HRR233742
HRR233743_f1.fastq.gz,HRR233743
HRR233743_r2.fastq.gz,HRR233743
HRR233744_f1.fastq.gz,HRR233744
HRR233744_r2.fastq.gz,HRR233744
HRR233745_f1.fastq.gz,HRR233745
HRR233745_r2.fastq.gz,HRR233745
HRR233746_f1.fastq.gz,HRR233746
HRR233746_r2.fastq.gz,HRR233746
HRR233747_f1.fastq.gz,HRR233747
HRR233747_r2.fastq.gz,HRR233747
HRR233748_f1.fastq.gz,HRR233748
HRR233748_r2.fastq.gz,HRR233748
HRR233749_f1.fastq.gz,HRR233749
HRR233749_r2.fastq.gz,HRR233749
HRR233750_f1.fastq.gz,HRR233750
HRR233750_r2.fastq.gz,HRR233750
HRR233751_f1.fastq.gz,HRR233751
HRR233751_r2.fastq.gz,HRR233751
HRR233752_f1.fastq.gz,HRR233752
HRR233752_r2.fastq.gz,HRR233752
HRR233753_f1.fastq.gz,HRR233753
HRR233753_r2.fastq.gz,HRR233753
HRR233754_f1.fastq.gz,HRR233754
HRR233754_r2.fastq.gz,HRR233754
HRR233755_f1.fastq.gz,HRR233755
HRR233755_r2.fastq.gz,HRR233755
HRR233756_f1.fastq.gz,HRR233756
HRR233756_r2.fastq.gz,HRR233756
HRR233757_f1.fastq.gz,HRR233757
HRR233757_r2.fastq.gz,HRR233757
HRR233758_f1.fastq.gz,HRR233758
HRR233758_r2.fastq.gz,HRR233758
HRR233759_f1.fastq.gz,HRR233759
HRR233759_r2.fastq.gz,HRR233759
HRR233760_f1.fastq.gz,HRR233760
HRR233760_r2.fastq.gz,HRR233760
HRR233761_f1.fastq.gz,HRR233761
HRR233761_r2.fastq.gz,HRR233761
HRR233762_f1.fastq.gz,HRR233762
HRR233762_r2.fastq.gz,HRR233762
HRR233763_f1.fastq.gz,HRR233763
HRR233763_r2.fastq.gz,HRR233763
HRR233764_f1.fastq.gz,HRR233764
HRR233764_r2.fastq.gz,HRR233764
HRR233765_f1.fastq.gz,HRR233765
HRR233765_r2.fastq.gz,HRR233765
HRR233766_f1.fastq.gz,HRR233766
HRR233766_r2.fastq.gz,HRR233766
HRR233767_f1.fastq.gz,HRR233767
HRR233767_r2.fastq.gz,HRR233767
HRR233768_f1.fastq.gz,HRR233768
HRR233768_r2.fastq.gz,HRR233768
HRR233769_f1.fastq.gz,HRR233769
HRR233769_r2.fastq.gz,HRR233769
HRR233770_f1.fastq.gz,HRR233770
HRR233770_r2.fastq.gz,HRR233770
HRR233771_f1.fastq.gz,HRR233771
HRR233771_r2.fastq.gz,HRR233771
HRR233772_f1.fastq.gz,HRR233772
HRR233772_r2.fastq.gz,HRR233772
HRR233773_f1.fastq.gz,HRR233773
HRR233773_r2.fastq.gz,HRR233773
HRR233774_f1.fastq.gz,HRR233774
HRR233774_r2.fastq.gz,HRR233774
HRR233775_f1.fastq.gz,HRR233775
HRR233775_r2.fastq.gz,HRR233775
HRR233776_f1.fastq.gz,HRR233776
HRR233776_r2.fastq.gz,HRR233776
HRR233777_f1.fastq.gz,HRR233777
HRR233777_r2.fastq.gz,HRR233777
HRR233778_f1.fastq.gz,HRR233778
HRR233778_r2.fastq.gz,HRR233778
HRR233779_f1.fastq.gz,HRR233779
HRR233779_r2.fastq.gz,HRR233779
HRR233780_f1.fastq.gz,HRR233780
HRR233780_r2.fastq.gz,HRR233780
HRR233781_f1.fastq.gz,HRR233781
HRR233781_r2.fastq.gz,HRR233781
HRR233782_f1.fastq.gz,HRR233782
HRR233782_r2.fastq.gz,HRR233782
HRR233783_f1.fastq.gz,HRR233783
HRR233783_r2.fastq.gz,HRR233783
HRR233784_f1.fastq.gz,HRR233784
HRR233784_r2.fastq.gz,HRR233784
HRR233785_f1.fastq.gz,HRR233785
HRR233785_r2.fastq.gz,HRR233785
HRR233786_f1.fastq.gz,HRR233786
HRR233786_r2.fastq.gz,HRR233786
HRR233787_f1.fastq.gz,HRR233787
HRR233787_r2.fastq.gz,HRR233787
HRR233788_f1.fastq.gz,HRR233788
HRR233788_r2.fastq.gz,HRR233788
HRR233789_f1.fastq.gz,HRR233789
HRR233789_r2.fastq.gz,HRR233789
HRR233790_f1.fastq.gz,HRR233790
HRR233790_r2.fastq.gz,HRR233790
HRR233791_f1.fastq.gz,HRR233791
HRR233791_r2.fastq.gz,HRR233791
HRR233792_f1.fastq.gz,HRR233792
HRR233792_r2.fastq.gz,HRR233792
HRR233793_f1.fastq.gz,HRR233793
HRR233793_r2.fastq.gz,HRR233793
HRR233794_f1.fastq.gz,HRR233794
HRR233794_r2.fastq.gz,HRR233794
HRR233795_f1.fastq.gz,HRR233795
HRR233795_r2.fastq.gz,HRR233795
HRR233796_f1.fastq.gz,HRR233796
HRR233796_r2.fastq.gz,HRR233796
HRR233797_f1.fastq.gz,HRR233797
HRR233797_r2.fastq.gz,HRR233797
HRR233798_f1.fastq.gz,HRR233798
HRR233798_r2.fastq.gz,HRR233798
HRR233799_f1.fastq.gz,HRR233799
HRR233799_r2.fastq.gz,HRR233799
HRR233800_f1.fastq.gz,HRR233800
HRR233800_r2.fastq.gz,HRR233800
HRR233801_f1.fastq.gz,HRR233801
HRR233801_r2.fastq.gz,HRR233801
HRR233802_f1.fastq.gz,HRR233802
HRR233802_r2.fastq.gz,HRR233802
HRR233803_f1.fastq.gz,HRR233803
HRR233803_r2.fastq.gz,HRR233803
HRR233804_f1.fastq.gz,HRR233804
HRR233804_r2.fastq.gz,HRR233804
HRR233805_f1.fastq.gz,HRR233805
HRR233805_r2.fastq.gz,HRR233805
HRR233806_f1.fastq.gz,HRR233806
HRR233806_r2.fastq.gz,HRR233806
HRR233807_f1.fastq.gz,HRR233807
HRR233807_r2.fastq.gz,HRR233807
HRR233808_f1.fastq.gz,HRR233808
HRR233808_r2.fastq.gz,HRR233808
HRR233809_f1.fastq.gz,HRR233809
HRR233809_r2.fastq.gz,HRR233809
HRR233810_f1.fastq.gz,HRR233810
HRR233810_r2.fastq.gz,HRR233810
HRR233811_f1.fastq.gz,HRR233811
HRR233811_r2.fastq.gz,HRR233811
HRR233812_f1.fastq.gz,HRR233812
HRR233812_r2.fastq.gz,HRR233812
HRR233813_f1.fastq.gz,HRR233813
HRR233813_r2.fastq.gz,HRR233813
HRR233814_f1.fastq.gz,HRR233814
HRR233814_r2.fastq.gz,HRR233814
HRR233815_f1.fastq.gz,HRR233815
HRR233815_r2.fastq.gz,HRR233815
HRR233816_f1.fastq.gz,HRR233816
HRR233816_r2.fastq.gz,HRR233816
HRR233817_f1.fastq.gz,HRR233817
HRR233817_r2.fastq.gz,HRR233817
HRR233818_f1.fastq.gz,HRR233818
HRR233818_r2.fastq.gz,HRR233818
HRR233819_f1.fastq.gz,HRR233819
HRR233819_r2.fastq.gz,HRR233819
HRR233820_f1.fastq.gz,HRR233820
HRR233820_r2.fastq.gz,HRR233820
HRR233821_f1.fastq.gz,HRR233821
HRR233821_r2.fastq.gz,HRR233821
HRR233822_f1.fastq.gz,HRR233822
HRR233822_r2.fastq.gz,HRR233822
HRR233823_f1.fastq.gz,HRR233823
HRR233823_r2.fastq.gz,HRR233823
HRR233824_f1.fastq.gz,HRR233824
HRR233824_r2.fastq.gz,HRR233824
HRR233825_f1.fastq.gz,HRR233825
HRR233825_r2.fastq.gz,HRR233825
HRR233826_f1.fastq.gz,HRR233826
HRR233826_r2.fastq.gz,HRR233826
HRR233827_f1.fastq.gz,HRR233827
HRR233827_r2.fastq.gz,HRR233827
HRR233828_f1.fastq.gz,HRR233828
HRR233828_r2.fastq.gz,HRR233828
HRR233829_f1.fastq.gz,HRR233829
HRR233829_r2.fastq.gz,HRR233829
HRR233830_f1.fastq.gz,HRR233830
HRR233830_r2.fastq.gz,HRR233830
HRR233831_f1.fastq.gz,HRR233831
HRR233831_r2.fastq.gz,HRR233831
HRR233832_f1.fastq.gz,HRR233832
HRR233832_r2.fastq.gz,HRR233832
HRR233833_f1.fastq.gz,HRR233833
HRR233833_r2.fastq.gz,HRR233833
HRR233834_f1.fastq.gz,HRR233834
HRR233834_r2.fastq.gz,HRR233834
HRR233835_f1.fastq.gz,HRR233835
HRR233835_r2.fastq.gz,HRR233835
HRR233836_f1.fastq.gz,HRR233836
HRR233836_r2.fastq.gz,HRR233836
HRR233837_f1.fastq.gz,HRR233837
HRR233837_r2.fastq.gz,HRR233837
HRR233838_f1.fastq.gz,HRR233838
HRR233838_r2.fastq.gz,HRR233838
HRR233839_f1.fastq.gz,HRR233839
HRR233839_r2.fastq.gz,HRR233839
HRR233840_f1.fastq.gz,HRR233840
HRR233840_r2.fastq.gz,HRR233840
HRR233841_f1.fastq.gz,HRR233841
HRR233841_r2.fastq.gz,HRR233841
HRR233842_f1.fastq.gz,HRR233842
HRR233842_r2.fastq.gz,HRR233842
HRR233843_f1.fastq.gz,HRR233843
HRR233843_r2.fastq.gz,HRR233843
HRR233844_f1.fastq.gz,HRR233844
HRR233844_r2.fastq.gz,HRR233844
HRR233845_f1.fastq.gz,HRR233845
HRR233845_r2.fastq.gz,HRR233845
HRR233846_f1.fastq.gz,HRR233846
HRR233846_r2.fastq.gz,HRR233846
HRR233847_f1.fastq.gz,HRR233847
HRR233847_r2.fastq.gz,HRR233847
HRR233848_f1.fastq.gz,HRR233848
HRR233848_r2.fastq.gz,HRR233848
HRR233849_f1.fastq.gz,HRR233849
HRR233849_r2.fastq.gz,HRR233849
HRR233850_f1.fastq.gz,HRR233850
HRR233850_r2.fastq.gz,HRR233850
HRR233851_f1.fastq.gz,HRR233851
HRR233851_r2.fastq.gz,HRR233851
HRR233852_f1.fastq.gz,HRR233852
HRR233852_r2.fastq.gz,HRR233852
HRR233853_f1.fastq.gz,HRR233853
HRR233853_r2.fastq.gz,HRR233853
HRR233854_f1.fastq.gz,HRR233854
HRR233854_r2.fastq.gz,HRR233854
HRR233855_f1.fastq.gz,HRR233855
HRR233855_r2.fastq.gz,HRR233855
HRR233856_f1.fastq.gz,HRR233856
HRR233856_r2.fastq.gz,HRR233856
HRR233857_f1.fastq.gz,HRR233857
HRR233857_r2.fastq.gz,HRR233857
HRR233858_f1.fastq.gz,HRR233858
HRR233858_r2.fastq.gz,HRR233858
HRR233859_f1.fastq.gz,HRR233859
HRR233859_r2.fastq.gz,HRR233859
HRR233860_f1.fastq.gz,HRR233860
HRR233860_r2.fastq.gz,HRR233860
HRR233861_f1.fastq.gz,HRR233861
HRR233861_r2.fastq.gz,HRR233861
HRR233862_f1.fastq.gz,HRR233862
HRR233862_r2.fastq.gz,HRR233862
HRR233863_f1.fastq.gz,HRR233863
HRR233863_r2.fastq.gz,HRR233863
HRR233864_f1.fastq.gz,HRR233864
HRR233864_r2.fastq.gz,HRR233864
HRR233865_f1.fastq.gz,HRR233865
HRR233865_r2.fastq.gz,HRR233865
HRR233866_f1.fastq.gz,HRR233866
HRR233866_r2.fastq.gz,HRR233866
HRR233867_f1.fastq.gz,HRR233867
HRR233867_r2.fastq.gz,HRR233867
HRR233868_f1.fastq.gz,HRR233868
HRR233868_r2.fastq.gz,HRR233868
HRR233869_f1.fastq.gz,HRR233869
HRR233869_r2.fastq.gz,HRR233869
HRR233870_f1.fastq.gz,HRR233870
HRR233870_r2.fastq.gz,HRR233870
HRR233871_f1.fastq.gz,HRR233871
HRR233871_r2.fastq.gz,HRR233871
HRR233872_f1.fastq.gz,HRR233872
HRR233872_r2.fastq.gz,HRR233872
HRR233873_f1.fastq.gz,HRR233873
HRR233873_r2.fastq.gz,HRR233873
HRR233874_f1.fastq.gz,HRR233874
HRR233874_r2.fastq.gz,HRR233874
HRR233875_f1.fastq.gz,HRR233875
HRR233875_r2.fastq.gz,HRR233875
HRR233876_f1.fastq.gz,HRR233876
HRR233876_r2.fastq.gz,HRR233876
HRR233877_f1.fastq.gz,HRR233877
HRR233877_r2.fastq.gz,HRR233877
HRR233878_f1.fastq.gz,HRR233878
HRR233878_r2.fastq.gz,HRR233878
HRR233879_f1.fastq.gz,HRR233879
HRR233879_r2.fastq.gz,HRR233879
HRR233880_f1.fastq.gz,HRR233880
HRR233880_r2.fastq.gz,HRR233880
HRR233881_f1.fastq.gz,HRR233881
HRR233881_r2.fastq.gz,HRR233881
HRR233882_f1.fastq.gz,HRR233882
HRR233882_r2.fastq.gz,HRR233882
HRR233883_f1.fastq.gz,HRR233883
HRR233883_r2.fastq.gz,HRR233883
HRR233884_f1.fastq.gz,HRR233884
HRR233884_r2.fastq.gz,HRR233884
HRR233885_f1.fastq.gz,HRR233885
HRR233885_r2.fastq.gz,HRR233885
HRR233886_f1.fastq.gz,HRR233886
HRR233886_r2.fastq.gz,HRR233886
HRR233887_f1.fastq.gz,HRR233887
HRR233887_r2.fastq.gz,HRR233887
HRR233888_f1.fastq.gz,HRR233888
HRR233888_r2.fastq.gz,HRR233888
HRR233889_f1.fastq.gz,HRR233889
HRR233889_r2.fastq.gz,HRR233889
HRR233890_f1.fastq.gz,HRR233890
HRR233890_r2.fastq.gz,HRR233890
HRR233891_f1.fastq.gz,HRR233891
HRR233891_r2.fastq.gz,HRR233891
HRR233892_f1.fastq.gz,HRR233892
HRR233892_r2.fastq.gz,HRR233892
HRR233893_f1.fastq.gz,HRR233893
HRR233893_r2.fastq.gz,HRR233893
HRR233894_f1.fastq.gz,HRR233894
HRR233894_r2.fastq.gz,HRR233894
HRR233895_f1.fastq.gz,HRR233895
HRR233895_r2.fastq.gz,HRR233895
HRR233896_f1.fastq.gz,HRR233896
HRR233896_r2.fastq.gz,HRR233896
HRR233897_f1.fastq.gz,HRR233897
HRR233897_r2.fastq.gz,HRR233897
HRR233898_f1.fastq.gz,HRR233898
HRR233898_r2.fastq.gz,HRR233898
HRR233899_f1.fastq.gz,HRR233899
HRR233899_r2.fastq.gz,HRR233899
HRR233900_f1.fastq.gz,HRR233900
HRR233900_r2.fastq.gz,HRR233900
HRR233901_f1.fastq.gz,HRR233901
HRR233901_r2.fastq.gz,HRR233901
HRR233902_f1.fastq.gz,HRR233902
HRR233902_r2.fastq.gz,HRR233902
HRR233903_f1.fastq.gz,HRR233903
HRR233903_r2.fastq.gz,HRR233903
HRR233904_f1.fastq.gz,HRR233904
HRR233904_r2.fastq.gz,HRR233904
HRR233905_f1.fastq.gz,HRR233905
HRR233905_r2.fastq.gz,HRR233905
HRR233906_f1.fastq.gz,HRR233906
HRR233906_r2.fastq.gz,HRR233906
HRR233907_f1.fastq.gz,HRR233907
HRR233907_r2.fastq.gz,HRR233907
HRR233908_f1.fastq.gz,HRR233908
HRR233908_r2.fastq.gz,HRR233908
HRR233909_f1.fastq.gz,HRR233909
HRR233909_r2.fastq.gz,HRR233909
HRR233910_f1.fastq.gz,HRR233910
HRR233910_r2.fastq.gz,HRR233910
HRR233911_f1.fastq.gz,HRR233911
HRR233911_r2.fastq.gz,HRR233911
HRR233912_f1.fastq.gz,HRR233912
HRR233912_r2.fastq.gz,HRR233912
HRR233913_f1.fastq.gz,HRR233913
HRR233913_r2.fastq.gz,HRR233913
HRR233914_f1.fastq.gz,HRR233914
HRR233914_r2.fastq.gz,HRR233914
HRR233915_f1.fastq.gz,HRR233915
HRR233915_r2.fastq.gz,HRR233915
HRR233916_f1.fastq.gz,HRR233916
HRR233916_r2.fastq.gz,HRR233916
HRR233917_f1.fastq.gz,HRR233917
HRR233917_r2.fastq.gz,HRR233917
HRR233918_f1.fastq.gz,HRR233918
HRR233918_r2.fastq.gz,HRR233918
HRR233919_f1.fastq.gz,HRR233919
HRR233919_r2.fastq.gz,HRR233919
HRR233920_f1.fastq.gz,HRR233920
HRR233920_r2.fastq.gz,HRR233920
HRR233921_f1.fastq.gz,HRR233921
HRR233921_r2.fastq.gz,HRR233921
HRR233922_f1.fastq.gz,HRR233922
HRR233922_r2.fastq.gz,HRR233922
HRR233923_f1.fastq.gz,HRR233923
HRR233923_r2.fastq.gz,HRR233923
HRR233924_f1.fastq.gz,HRR233924
HRR233924_r2.fastq.gz,HRR233924
HRR233925_f1.fastq.gz,HRR233925
HRR233925_r2.fastq.gz,HRR233925
HRR233926_f1.fastq.gz,HRR233926
HRR233926_r2.fastq.gz,HRR233926
HRR233927_f1.fastq.gz,HRR233927
HRR233927_r2.fastq.gz,HRR233927
HRR233928_f1.fastq.gz,HRR233928
HRR233928_r2.fastq.gz,HRR233928
HRR233929_f1.fastq.gz,HRR233929
HRR233929_r2.fastq.gz,HRR233929
HRR233930_f1.fastq.gz,HRR233930
HRR233930_r2.fastq.gz,HRR233930
HRR233931_f1.fastq.gz,HRR233931
HRR233931_r2.fastq.gz,HRR233931
HRR233932_f1.fastq.gz,HRR233932
HRR233932_r2.fastq.gz,HRR233932
HRR233933_f1.fastq.gz,HRR233933
HRR233933_r2.fastq.gz,HRR233933
HRR233934_f1.fastq.gz,HRR233934
HRR233934_r2.fastq.gz,HRR233934
HRR233935_f1.fastq.gz,HRR233935
HRR233935_r2.fastq.gz,HRR233935
HRR233936_f1.fastq.gz,HRR233936
HRR233936_r2.fastq.gz,HRR233936
HRR233937_f1.fastq.gz,HRR233937
HRR233937_r2.fastq.gz,HRR233937
HRR233938_f1.fastq.gz,HRR233938
HRR233938_r2.fastq.gz,HRR233938
HRR233939_f1.fastq.gz,HRR233939
HRR233939_r2.fastq.gz,HRR233939
HRR233940_f1.fastq.gz,HRR233940
HRR233940_r2.fastq.gz,HRR233940
HRR233941_f1.fastq.gz,HRR233941
HRR233941_r2.fastq.gz,HRR233941
HRR233942_f1.fastq.gz,HRR233942
HRR233942_r2.fastq.gz,HRR233942
HRR233943_f1.fastq.gz,HRR233943
HRR233943_r2.fastq.gz,HRR233943
HRR233944_f1.fastq.gz,HRR233944
HRR233944_r2.fastq.gz,HRR233944
HRR233945_f1.fastq.gz,HRR233945
HRR233945_r2.fastq.gz,HRR233945
HRR233946_f1.fastq.gz,HRR233946
HRR233946_r2.fastq.gz,HRR233946
HRR233947_f1.fastq.gz,HRR233947
HRR233947_r2.fastq.gz,HRR233947
HRR233948_f1.fastq.gz,HRR233948
HRR233948_r2.fastq.gz,HRR233948
HRR233949_f1.fastq.gz,HRR233949
HRR233949_r2.fastq.gz,HRR233949
HRR233950_f1.fastq.gz,HRR233950
HRR233950_r2.fastq.gz,HRR233950
HRR233951_f1.fastq.gz,HRR233951
HRR233951_r2.fastq.gz,HRR233951
HRR233952_f1.fastq.gz,HRR233952
HRR233952_r2.fastq.gz,HRR233952
HRR233953_f1.fastq.gz,HRR233953
HRR233953_r2.fastq.gz,HRR233953
HRR233954_f1.fastq.gz,HRR233954
HRR233954_r2.fastq.gz,HRR233954
HRR233955_f1.fastq.gz,HRR233955
HRR233955_r2.fastq.gz,HRR233955
HRR233956_f1.fastq.gz,HRR233956
HRR233956_r2.fastq.gz,HRR233956
HRR233957_f1.fastq.gz,HRR233957
HRR233957_r2.fastq.gz,HRR233957
HRR233958_f1.fastq.gz,HRR233958
HRR233958_r2.fastq.gz,HRR233958
HRR233959_f1.fastq.gz,HRR233959
HRR233959_r2.fastq.gz,HRR233959
HRR233960_f1.fastq.gz,HRR233960
HRR233960_r2.fastq.gz,HRR233960
HRR233961_f1.fastq.gz,HRR233961
HRR233961_r2.fastq.gz,HRR233961
HRR233962_f1.fastq.gz,HRR233962
HRR233962_r2.fastq.gz,HRR233962
HRR233963_f1.fastq.gz,HRR233963
HRR233963_r2.fastq.gz,HRR233963
HRR233964_f1.fastq.gz,HRR233964
HRR233964_r2.fastq.gz,HRR233964
HRR233965_f1.fastq.gz,HRR233965
HRR233965_r2.fastq.gz,HRR233965
HRR233966_f1.fastq.gz,HRR233966
HRR233966_r2.fastq.gz,HRR233966
HRR233967_f1.fastq.gz,HRR233967
HRR233967_r2.fastq.gz,HRR233967
HRR233968_f1.fastq.gz,HRR233968
HRR233968_r2.fastq.gz,HRR233968
HRR233969_f1.fastq.gz,HRR233969
HRR233969_r2.fastq.gz,HRR233969
HRR233970_f1.fastq.gz,HRR233970
HRR233970_r2.fastq.gz,HRR233970
HRR233971_f1.fastq.gz,HRR233971
HRR233971_r2.fastq.gz,HRR233971
HRR233972_f1.fastq.gz,HRR233972
HRR233972_r2.fastq.gz,HRR233972
HRR233973_f1.fastq.gz,HRR233973
HRR233973_r2.fastq.gz,HRR233973
HRR233974_f1.fastq.gz,HRR233974
HRR233974_r2.fastq.gz,HRR233974
HRR233975_f1.fastq.gz,HRR233975
HRR233975_r2.fastq.gz,HRR233975
HRR233976_f1.fastq.gz,HRR233976
HRR233976_r2.fastq.gz,HRR233976
HRR233977_f1.fastq.gz,HRR233977
HRR233977_r2.fastq.gz,HRR233977
HRR233978_f1.fastq.gz,HRR233978
HRR233978_r2.fastq.gz,HRR233978
HRR233979_f1.fastq.gz,HRR233979
HRR233979_r2.fastq.gz,HRR233979
HRR233980_f1.fastq.gz,HRR233980
HRR233980_r2.fastq.gz,HRR233980
HRR233981_f1.fastq.gz,HRR233981
HRR233981_r2.fastq.gz,HRR233981
HRR233982_f1.fastq.gz,HRR233982
HRR233982_r2.fastq.gz,HRR233982
HRR233983_f1.fastq.gz,HRR233983
HRR233983_r2.fastq.gz,HRR233983
HRR233984_f1.fastq.gz,HRR233984
HRR233984_r2.fastq.gz,HRR233984
HRR233985_f1.fastq.gz,HRR233985
HRR233985_r2.fastq.gz,HRR233985
HRR233986_f1.fastq.gz,HRR233986
HRR233986_r2.fastq.gz,HRR233986
HRR233987_f1.fastq.gz,HRR233987
HRR233987_r2.fastq.gz,HRR233987
HRR233988_f1.fastq.gz,HRR233988
HRR233988_r2.fastq.gz,HRR233988
HRR233989_f1.fastq.gz,HRR233989
HRR233989_r2.fastq.gz,HRR233989
HRR233990_f1.fastq.gz,HRR233990
HRR233990_r2.fastq.gz,HRR233990
HRR233991_f1.fastq.gz,HRR233991
HRR233991_r2.fastq.gz,HRR233991
HRR233992_f1.fastq.gz,HRR233992
HRR233992_r2.fastq.gz,HRR233992
HRR233993_f1.fastq.gz,HRR233993
HRR233993_r2.fastq.gz,HRR233993
HRR233994_f1.fastq.gz,HRR233994
HRR233994_r2.fastq.gz,HRR233994
HRR233995_f1.fastq.gz,HRR233995
HRR233995_r2.fastq.gz,HRR233995
HRR233996_f1.fastq.gz,HRR233996
HRR233996_r2.fastq.gz,HRR233996
HRR233997_f1.fastq.gz,HRR233997
HRR233997_r2.fastq.gz,HRR233997
HRR233998_f1.fastq.gz,HRR233998
HRR233998_r2.fastq.gz,HRR233998
HRR233999_f1.fastq.gz,HRR233999
HRR233999_r2.fastq.gz,HRR233999
HRR234000_f1.fastq.gz,HRR234000
HRR234000_r2.fastq.gz,HRR234000
HRR234001_f1.fastq.gz,HRR234001
HRR234001_r2.fastq.gz,HRR234001
HRR234002_f1.fastq.gz,HRR234002
HRR234002_r2.fastq.gz,HRR234002
HRR234003_f1.fastq.gz,HRR234003
HRR234003_r2.fastq.gz,HRR234003
HRR234004_f1.fastq.gz,HRR234004
HRR234004_r2.fastq.gz,HRR234004
HRR234005_f1.fastq.gz,HRR234005
HRR234005_r2.fastq.gz,HRR234005
HRR234006_f1.fastq.gz,HRR234006
HRR234006_r2.fastq.gz,HRR234006
HRR234007_f1.fastq.gz,HRR234007
HRR234007_r2.fastq.gz,HRR234007
HRR234008_f1.fastq.gz,HRR234008
HRR234008_r2.fastq.gz,HRR234008
HRR234009_f1.fastq.gz,HRR234009
HRR234009_r2.fastq.gz,HRR234009
HRR234010_f1.fastq.gz,HRR234010
HRR234010_r2.fastq.gz,HRR234010
HRR234011_f1.fastq.gz,HRR234011
HRR234011_r2.fastq.gz,HRR234011
HRR234012_f1.fastq.gz,HRR234012
HRR234012_r2.fastq.gz,HRR234012
HRR234013_f1.fastq.gz,HRR234013
HRR234013_r2.fastq.gz,HRR234013
HRR234014_f1.fastq.gz,HRR234014
HRR234014_r2.fastq.gz,HRR234014
HRR234015_f1.fastq.gz,HRR234015
HRR234015_r2.fastq.gz,HRR234015
HRR234016_f1.fastq.gz,HRR234016
HRR234016_r2.fastq.gz,HRR234016
HRR234017_f1.fastq.gz,HRR234017
HRR234017_r2.fastq.gz,HRR234017
HRR234018_f1.fastq.gz,HRR234018
HRR234018_r2.fastq.gz,HRR234018
HRR234019_f1.fastq.gz,HRR234019
HRR234019_r2.fastq.gz,HRR234019
HRR234020_f1.fastq.gz,HRR234020
HRR234020_r2.fastq.gz,HRR234020
HRR234021_f1.fastq.gz,HRR234021
HRR234021_r2.fastq.gz,HRR234021
HRR234022_f1.fastq.gz,HRR234022
HRR234022_r2.fastq.gz,HRR234022
HRR234023_f1.fastq.gz,HRR234023
HRR234023_r2.fastq.gz,HRR234023
HRR234024_f1.fastq.gz,HRR234024
HRR234024_r2.fastq.gz,HRR234024
HRR234025_f1.fastq.gz,HRR234025
HRR234025_r2.fastq.gz,HRR234025
HRR234026_f1.fastq.gz,HRR234026
HRR234026_r2.fastq.gz,HRR234026
HRR234027_f1.fastq.gz,HRR234027
HRR234027_r2.fastq.gz,HRR234027
HRR234028_f1.fastq.gz,HRR234028
HRR234028_r2.fastq.gz,HRR234028
HRR234029_f1.fastq.gz,HRR234029
HRR234029_r2.fastq.gz,HRR234029
HRR234030_f1.fastq.gz,HRR234030
HRR234030_r2.fastq.gz,HRR234030
HRR234031_f1.fastq.gz,HRR234031
HRR234031_r2.fastq.gz,HRR234031
HRR234032_f1.fastq.gz,HRR234032
HRR234032_r2.fastq.gz,HRR234032
HRR234033_f1.fastq.gz,HRR234033
HRR234033_r2.fastq.gz,HRR234033
HRR234034_f1.fastq.gz,HRR234034
HRR234034_r2.fastq.gz,HRR234034
HRR234035_f1.fastq.gz,HRR234035
HRR234035_r2.fastq.gz,HRR234035
HRR234036_f1.fastq.gz,HRR234036
HRR234036_r2.fastq.gz,HRR234036
HRR234037_f1.fastq.gz,HRR234037
HRR234037_r2.fastq.gz,HRR234037
HRR234038_f1.fastq.gz,HRR234038
HRR234038_r2.fastq.gz,HRR234038
HRR234039_f1.fastq.gz,HRR234039
HRR234039_r2.fastq.gz,HRR234039
HRR234040_f1.fastq.gz,HRR234040
HRR234040_r2.fastq.gz,HRR234040
HRR234041_f1.fastq.gz,HRR234041
HRR234041_r2.fastq.gz,HRR234041
HRR234042_f1.fastq.gz,HRR234042
HRR234042_r2.fastq.gz,HRR234042
HRR234043_f1.fastq.gz,HRR234043
HRR234043_r2.fastq.gz,HRR234043
HRR234044_f1.fastq.gz,HRR234044
HRR234044_r2.fastq.gz,HRR234044
HRR234045_f1.fastq.gz,HRR234045
HRR234045_r2.fastq.gz,HRR234045
HRR234046_f1.fastq.gz,HRR234046
HRR234046_r2.fastq.gz,HRR234046
HRR234047_f1.fastq.gz,HRR234047
HRR234047_r2.fastq.gz,HRR234047
HRR234048_f1.fastq.gz,HRR234048
HRR234048_r2.fastq.gz,HRR234048
HRR234049_f1.fastq.gz,HRR234049
HRR234049_r2.fastq.gz,HRR234049
HRR234050_f1.fastq.gz,HRR234050
HRR234050_r2.fastq.gz,HRR234050
HRR234051_f1.fastq.gz,HRR234051
HRR234051_r2.fastq.gz,HRR234051
HRR234052_f1.fastq.gz,HRR234052
HRR234052_r2.fastq.gz,HRR234052
HRR234053_f1.fastq.gz,HRR234053
HRR234053_r2.fastq.gz,HRR234053
HRR234054_f1.fastq.gz,HRR234054
HRR234054_r2.fastq.gz,HRR234054
HRR234055_f1.fastq.gz,HRR234055
HRR234055_r2.fastq.gz,HRR234055
HRR234056_f1.fastq.gz,HRR234056
HRR234056_r2.fastq.gz,HRR234056
HRR234057_f1.fastq.gz,HRR234057
HRR234057_r2.fastq.gz,HRR234057
HRR234058_f1.fastq.gz,HRR234058
HRR234058_r2.fastq.gz,HRR234058
HRR234059_f1.fastq.gz,HRR234059
HRR234059_r2.fastq.gz,HRR234059
HRR234060_f1.fastq.gz,HRR234060
HRR234060_r2.fastq.gz,HRR234060
HRR234061_f1.fastq.gz,HRR234061
HRR234061_r2.fastq.gz,HRR234061
HRR234062_f1.fastq.gz,HRR234062
HRR234062_r2.fastq.gz,HRR234062
HRR234063_f1.fastq.gz,HRR234063
HRR234063_r2.fastq.gz,HRR234063
HRR234064_f1.fastq.gz,HRR234064
HRR234064_r2.fastq.gz,HRR234064
HRR234065_f1.fastq.gz,HRR234065
HRR234065_r2.fastq.gz,HRR234065
HRR234066_f1.fastq.gz,HRR234066
HRR234066_r2.fastq.gz,HRR234066
HRR234067_f1.fastq.gz,HRR234067
HRR234067_r2.fastq.gz,HRR234067
HRR234068_f1.fastq.gz,HRR234068
HRR234068_r2.fastq.gz,HRR234068
HRR234069_f1.fastq.gz,HRR234069
HRR234069_r2.fastq.gz,HRR234069
HRR234070_f1.fastq.gz,HRR234070
HRR234070_r2.fastq.gz,HRR234070
HRR234071_f1.fastq.gz,HRR234071
HRR234071_r2.fastq.gz,HRR234071
HRR234072_f1.fastq.gz,HRR234072
HRR234072_r2.fastq.gz,HRR234072
HRR234073_f1.fastq.gz,HRR234073
HRR234073_r2.fastq.gz,HRR234073
HRR234074_f1.fastq.gz,HRR234074
HRR234074_r2.fastq.gz,HRR234074
HRR234075_f1.fastq.gz,HRR234075
HRR234075_r2.fastq.gz,HRR234075
HRR234076_f1.fastq.gz,HRR234076
HRR234076_r2.fastq.gz,HRR234076
HRR234077_f1.fastq.gz,HRR234077
HRR234077_r2.fastq.gz,HRR234077
HRR234078_f1.fastq.gz,HRR234078
HRR234078_r2.fastq.gz,HRR234078
HRR234079_f1.fastq.gz,HRR234079
HRR234079_r2.fastq.gz,HRR234079
HRR234080_f1.fastq.gz,HRR234080
HRR234080_r2.fastq.gz,HRR234080
HRR234081_f1.fastq.gz,HRR234081
HRR234081_r2.fastq.gz,HRR234081
HRR234082_f1.fastq.gz,HRR234082
HRR234082_r2.fastq.gz,HRR234082
HRR234083_f1.fastq.gz,HRR234083
HRR234083_r2.fastq.gz,HRR234083
HRR234084_f1.fastq.gz,HRR234084
HRR234084_r2.fastq.gz,HRR234084
HRR234085_f1.fastq.gz,HRR234085
HRR234085_r2.fastq.gz,HRR234085
HRR234086_f1.fastq.gz,HRR234086
HRR234086_r2.fastq.gz,HRR234086
HRR234087_f1.fastq.gz,HRR234087
HRR234087_r2.fastq.gz,HRR234087
HRR234088_f1.fastq.gz,HRR234088
HRR234088_r2.fastq.gz,HRR234088
HRR234089_f1.fastq.gz,HRR234089
HRR234089_r2.fastq.gz,HRR234089
HRR234090_f1.fastq.gz,HRR234090
HRR234090_r2.fastq.gz,HRR234090
HRR234091_f1.fastq.gz,HRR234091
HRR234091_r2.fastq.gz,HRR234091
HRR234092_f1.fastq.gz,HRR234092
HRR234092_r2.fastq.gz,HRR234092
HRR234093_f1.fastq.gz,HRR234093
HRR234093_r2.fastq.gz,HRR234093
HRR234094_f1.fastq.gz,HRR234094
HRR234094_r2.fastq.gz,HRR234094
HRR234095_f1.fastq.gz,HRR234095
HRR234095_r2.fastq.gz,HRR234095
HRR234096_f1.fastq.gz,HRR234096
HRR234096_r2.fastq.gz,HRR234096
HRR234097_f1.fastq.gz,HRR234097
HRR234097_r2.fastq.gz,HRR234097
HRR234098_f1.fastq.gz,HRR234098
HRR234098_r2.fastq.gz,HRR234098
HRR234099_f1.fastq.gz,HRR234099
HRR234099_r2.fastq.gz,HRR234099
HRR234100_f1.fastq.gz,HRR234100
HRR234100_r2.fastq.gz,HRR234100
HRR234101_f1.fastq.gz,HRR234101
HRR234101_r2.fastq.gz,HRR234101
HRR234102_f1.fastq.gz,HRR234102
HRR234102_r2.fastq.gz,HRR234102
HRR234103_f1.fastq.gz,HRR234103
HRR234103_r2.fastq.gz,HRR234103
HRR234104_f1.fastq.gz,HRR234104
HRR234104_r2.fastq.gz,HRR234104
HRR234105_f1.fastq.gz,HRR234105
HRR234105_r2.fastq.gz,HRR234105
HRR234106_f1.fastq.gz,HRR234106
HRR234106_r2.fastq.gz,HRR234106
HRR234107_f1.fastq.gz,HRR234107
HRR234107_r2.fastq.gz,HRR234107
HRR234108_f1.fastq.gz,HRR234108
HRR234108_r2.fastq.gz,HRR234108
HRR234109_f1.fastq.gz,HRR234109
HRR234109_r2.fastq.gz,HRR234109
HRR234110_f1.fastq.gz,HRR234110
HRR234110_r2.fastq.gz,HRR234110
HRR234111_f1.fastq.gz,HRR234111
HRR234111_r2.fastq.gz,HRR234111
HRR234112_f1.fastq.gz,HRR234112
HRR234112_r2.fastq.gz,HRR234112
HRR234113_f1.fastq.gz,HRR234113
HRR234113_r2.fastq.gz,HRR234113
HRR234114_f1.fastq.gz,HRR234114
HRR234114_r2.fastq.gz,HRR234114
HRR234115_f1.fastq.gz,HRR234115
HRR234115_r2.fastq.gz,HRR234115
HRR234116_f1.fastq.gz,HRR234116
HRR234116_r2.fastq.gz,HRR234116
HRR234117_f1.fastq.gz,HRR234117
HRR234117_r2.fastq.gz,HRR234117
HRR234118_f1.fastq.gz,HRR234118
HRR234118_r2.fastq.gz,HRR234118
HRR234119_f1.fastq.gz,HRR234119
HRR234119_r2.fastq.gz,HRR234119
HRR234120_f1.fastq.gz,HRR234120
HRR234120_r2.fastq.gz,HRR234120
HRR234121_f1.fastq.gz,HRR234121
HRR234121_r2.fastq.gz,HRR234121
HRR234122_f1.fastq.gz,HRR234122
HRR234122_r2.fastq.gz,HRR234122
HRR234123_f1.fastq.gz,HRR234123
HRR234123_r2.fastq.gz,HRR234123
HRR234124_f1.fastq.gz,HRR234124
HRR234124_r2.fastq.gz,HRR234124
HRR234125_f1.fastq.gz,HRR234125
HRR234125_r2.fastq.gz,HRR234125
HRR234126_f1.fastq.gz,HRR234126
HRR234126_r2.fastq.gz,HRR234126
HRR234127_f1.fastq.gz,HRR234127
HRR234127_r2.fastq.gz,HRR234127
HRR234128_f1.fastq.gz,HRR234128
HRR234128_r2.fastq.gz,HRR234128
HRR234129_f1.fastq.gz,HRR234129
HRR234129_r2.fastq.gz,HRR234129
HRR234130_f1.fastq.gz,HRR234130
HRR234130_r2.fastq.gz,HRR234130
HRR234131_f1.fastq.gz,HRR234131
HRR234131_r2.fastq.gz,HRR234131
HRR234132_f1.fastq.gz,HRR234132
HRR234132_r2.fastq.gz,HRR234132
HRR234133_f1.fastq.gz,HRR234133
HRR234133_r2.fastq.gz,HRR234133
HRR234134_f1.fastq.gz,HRR234134
HRR234134_r2.fastq.gz,HRR234134
HRR234135_f1.fastq.gz,HRR234135
HRR234135_r2.fastq.gz,HRR234135
HRR234136_f1.fastq.gz,HRR234136
HRR234136_r2.fastq.gz,HRR234136
HRR234137_f1.fastq.gz,HRR234137
HRR234137_r2.fastq.gz,HRR234137
HRR234138_f1.fastq.gz,HRR234138
HRR234138_r2.fastq.gz,HRR234138
HRR234139_f1.fastq.gz,HRR234139
HRR234139_r2.fastq.gz,HRR234139
HRR234140_f1.fastq.gz,HRR234140
HRR234140_r2.fastq.gz,HRR234140
HRR234141_f1.fastq.gz,HRR234141
HRR234141_r2.fastq.gz,HRR234141
HRR234142_f1.fastq.gz,HRR234142
HRR234142_r2.fastq.gz,HRR234142
HRR234143_f1.fastq.gz,HRR234143
HRR234143_r2.fastq.gz,HRR234143
HRR234144_f1.fastq.gz,HRR234144
HRR234144_r2.fastq.gz,HRR234144
HRR234145_f1.fastq.gz,HRR234145
HRR234145_r2.fastq.gz,HRR234145
HRR234146_f1.fastq.gz,HRR234146
HRR234146_r2.fastq.gz,HRR234146
HRR234147_f1.fastq.gz,HRR234147
HRR234147_r2.fastq.gz,HRR234147
HRR234148_f1.fastq.gz,HRR234148
HRR234148_r2.fastq.gz,HRR234148
HRR234149_f1.fastq.gz,HRR234149
HRR234149_r2.fastq.gz,HRR234149
HRR234150_f1.fastq.gz,HRR234150
HRR234150_r2.fastq.gz,HRR234150
HRR234151_f1.fastq.gz,HRR234151
HRR234151_r2.fastq.gz,HRR234151
HRR234152_f1.fastq.gz,HRR234152
HRR234152_r2.fastq.gz,HRR234152
HRR234153_f1.fastq.gz,HRR234153
HRR234153_r2.fastq.gz,HRR234153
HRR234154_f1.fastq.gz,HRR234154
HRR234154_r2.fastq.gz,HRR234154
HRR234155_f1.fastq.gz,HRR234155
HRR234155_r2.fastq.gz,HRR234155
HRR234156_f1.fastq.gz,HRR234156
HRR234156_r2.fastq.gz,HRR234156
HRR234157_f1.fastq.gz,HRR234157
HRR234157_r2.fastq.gz,HRR234157
HRR234158_f1.fastq.gz,HRR234158
HRR234158_r2.fastq.gz,HRR234158
HRR234159_f1.fastq.gz,HRR234159
HRR234159_r2.fastq.gz,HRR234159
HRR234160_f1.fastq.gz,HRR234160
HRR234160_r2.fastq.gz,HRR234160
HRR234161_f1.fastq.gz,HRR234161
HRR234161_r2.fastq.gz,HRR234161
HRR234162_f1.fastq.gz,HRR234162
HRR234162_r2.fastq.gz,HRR234162
HRR234163_f1.fastq.gz,HRR234163
HRR234163_r2.fastq.gz,HRR234163
HRR234164_f1.fastq.gz,HRR234164
HRR234164_r2.fastq.gz,HRR234164
HRR234165_f1.fastq.gz,HRR234165
HRR234165_r2.fastq.gz,HRR234165
HRR234166_f1.fastq.gz,HRR234166
HRR234166_r2.fastq.gz,HRR234166
HRR234167_f1.fastq.gz,HRR234167
HRR234167_r2.fastq.gz,HRR234167
HRR234168_f1.fastq.gz,HRR234168
HRR234168_r2.fastq.gz,HRR234168
HRR234169_f1.fastq.gz,HRR234169
HRR234169_r2.fastq.gz,HRR234169
HRR234170_f1.fastq.gz,HRR234170
HRR234170_r2.fastq.gz,HRR234170
HRR234171_f1.fastq.gz,HRR234171
HRR234171_r2.fastq.gz,HRR234171
HRR234172_f1.fastq.gz,HRR234172
HRR234172_r2.fastq.gz,HRR234172
HRR234173_f1.fastq.gz,HRR234173
HRR234173_r2.fastq.gz,HRR234173
HRR234174_f1.fastq.gz,HRR234174
HRR234174_r2.fastq.gz,HRR234174
HRR234175_f1.fastq.gz,HRR234175
HRR234175_r2.fastq.gz,HRR234175
HRR234176_f1.fastq.gz,HRR234176
HRR234176_r2.fastq.gz,HRR234176
HRR234177_f1.fastq.gz,HRR234177
HRR234177_r2.fastq.gz,HRR234177
HRR234178_f1.fastq.gz,HRR234178
HRR234178_r2.fastq.gz,HRR234178
HRR234179_f1.fastq.gz,HRR234179
HRR234179_r2.fastq.gz,HRR234179
HRR234180_f1.fastq.gz,HRR234180
HRR234180_r2.fastq.gz,HRR234180
HRR234181_f1.fastq.gz,HRR234181
HRR234181_r2.fastq.gz,HRR234181
HRR234182_f1.fastq.gz,HRR234182
HRR234182_r2.fastq.gz,HRR234182
HRR234183_f1.fastq.gz,HRR234183
HRR234183_r2.fastq.gz,HRR234183
HRR234184_f1.fastq.gz,HRR234184
HRR234184_r2.fastq.gz,HRR234184
HRR234185_f1.fastq.gz,HRR234185
HRR234185_r2.fastq.gz,HRR234185
HRR234186_f1.fastq.gz,HRR234186
HRR234186_r2.fastq.gz,HRR234186
HRR234187_f1.fastq.gz,HRR234187
HRR234187_r2.fastq.gz,HRR234187
HRR234188_f1.fastq.gz,HRR234188
HRR234188_r2.fastq.gz,HRR234188
HRR234189_f1.fastq.gz,HRR234189
HRR234189_r2.fastq.gz,HRR234189
HRR234190_f1.fastq.gz,HRR234190
HRR234190_r2.fastq.gz,HRR234190
HRR234191_f1.fastq.gz,HRR234191
HRR234191_r2.fastq.gz,HRR234191
HRR234192_f1.fastq.gz,HRR234192
HRR234192_r2.fastq.gz,HRR234192
HRR234193_f1.fastq.gz,HRR234193
HRR234193_r2.fastq.gz,HRR234193
HRR234194_f1.fastq.gz,HRR234194
HRR234194_r2.fastq.gz,HRR234194
HRR234195_f1.fastq.gz,HRR234195
HRR234195_r2.fastq.gz,HRR234195
HRR234196_f1.fastq.gz,HRR234196
HRR234196_r2.fastq.gz,HRR234196
HRR234197_f1.fastq.gz,HRR234197
HRR234197_r2.fastq.gz,HRR234197
HRR234198_f1.fastq.gz,HRR234198
HRR234198_r2.fastq.gz,HRR234198
HRR234199_f1.fastq.gz,HRR234199
HRR234199_r2.fastq.gz,HRR234199
HRR234200_f1.fastq.gz,HRR234200
HRR234200_r2.fastq.gz,HRR234200
HRR234201_f1.fastq.gz,HRR234201
HRR234201_r2.fastq.gz,HRR234201
HRR234202_f1.fastq.gz,HRR234202
HRR234202_r2.fastq.gz,HRR234202
HRR234203_f1.fastq.gz,HRR234203
HRR234203_r2.fastq.gz,HRR234203
HRR234204_f1.fastq.gz,HRR234204
HRR234204_r2.fastq.gz,HRR234204
HRR234205_f1.fastq.gz,HRR234205
HRR234205_r2.fastq.gz,HRR234205
HRR234206_f1.fastq.gz,HRR234206
HRR234206_r2.fastq.gz,HRR234206
HRR234207_f1.fastq.gz,HRR234207
HRR234207_r2.fastq.gz,HRR234207
HRR234208_f1.fastq.gz,HRR234208
HRR234208_r2.fastq.gz,HRR234208
HRR234209_f1.fastq.gz,HRR234209
HRR234209_r2.fastq.gz,HRR234209
HRR234210_f1.fastq.gz,HRR234210
HRR234210_r2.fastq.gz,HRR234210
HRR234211_f1.fastq.gz,HRR234211
HRR234211_r2.fastq.gz,HRR234211
HRR234212_f1.fastq.gz,HRR234212
HRR234212_r2.fastq.gz,HRR234212
HRR234213_f1.fastq.gz,HRR234213
HRR234213_r2.fastq.gz,HRR234213
HRR234214_f1.fastq.gz,HRR234214
HRR234214_r2.fastq.gz,HRR234214
HRR234215_f1.fastq.gz,HRR234215
HRR234215_r2.fastq.gz,HRR234215
HRR234216_f1.fastq.gz,HRR234216
HRR234216_r2.fastq.gz,HRR234216
HRR234217_f1.fastq.gz,HRR234217
HRR234217_r2.fastq.gz,HRR234217
HRR234218_f1.fastq.gz,HRR234218
HRR234218_r2.fastq.gz,HRR234218
HRR234219_f1.fastq.gz,HRR234219
HRR234219_r2.fastq.gz,HRR234219
HRR234220_f1.fastq.gz,HRR234220
HRR234220_r2.fastq.gz,HRR234220
HRR234221_f1.fastq.gz,HRR234221
HRR234221_r2.fastq.gz,HRR234221
HRR234222_f1.fastq.gz,HRR234222
HRR234222_r2.fastq.gz,HRR234222
HRR234223_f1.fastq.gz,HRR234223
HRR234223_r2.fastq.gz,HRR234223
HRR234224_f1.fastq.gz,HRR234224
HRR234224_r2.fastq.gz,HRR234224
HRR234225_f1.fastq.gz,HRR234225
HRR234225_r2.fastq.gz,HRR234225
HRR234226_f1.fastq.gz,HRR234226
HRR234226_r2.fastq.gz,HRR234226
HRR234227_f1.fastq.gz,HRR234227
HRR234227_r2.fastq.gz,HRR234227
HRR234228_f1.fastq.gz,HRR234228
HRR234228_r2.fastq.gz,HRR234228
HRR234229_f1.fastq.gz,HRR234229
HRR234229_r2.fastq.gz,HRR234229
HRR234230_f1.fastq.gz,HRR234230
HRR234230_r2.fastq.gz,HRR234230
HRR234231_f1.fastq.gz,HRR234231
HRR234231_r2.fastq.gz,HRR234231
HRR234232_f1.fastq.gz,HRR234232
HRR234232_r2.fastq.gz,HRR234232
HRR234233_f1.fastq.gz,HRR234233
HRR234233_r2.fastq.gz,HRR234233
HRR234234_f1.fastq.gz,HRR234234
HRR234234_r2.fastq.gz,HRR234234
HRR234235_f1.fastq.gz,HRR234235
HRR234235_r2.fastq.gz,HRR234235
HRR234236_f1.fastq.gz,HRR234236
HRR234236_r2.fastq.gz,HRR234236
HRR234237_f1.fastq.gz,HRR234237
HRR234237_r2.fastq.gz,HRR234237
HRR234238_f1.fastq.gz,HRR234238
HRR234238_r2.fastq.gz,HRR234238
HRR234239_f1.fastq.gz,HRR234239
HRR234239_r2.fastq.gz,HRR234239
HRR234240_f1.fastq.gz,HRR234240
HRR234240_r2.fastq.gz,HRR234240
HRR234241_f1.fastq.gz,HRR234241
HRR234241_r2.fastq.gz,HRR234241
HRR234242_f1.fastq.gz,HRR234242
HRR234242_r2.fastq.gz,HRR234242
HRR234243_f1.fastq.gz,HRR234243
HRR234243_r2.fastq.gz,HRR234243
HRR234244_f1.fastq.gz,HRR234244
HRR234244_r2.fastq.gz,HRR234244
HRR234245_f1.fastq.gz,HRR234245
HRR234245_r2.fastq.gz,HRR234245
HRR234246_f1.fastq.gz,HRR234246
HRR234246_r2.fastq.gz,HRR234246
HRR234247_f1.fastq.gz,HRR234247
HRR234247_r2.fastq.gz,HRR234247
HRR234248_f1.fastq.gz,HRR234248
HRR234248_r2.fastq.gz,HRR234248
HRR234249_f1.fastq.gz,HRR234249
HRR234249_r2.fastq.gz,HRR234249
HRR234250_f1.fastq.gz,HRR234250
HRR234250_r2.fastq.gz,HRR234250
HRR234251_f1.fastq.gz,HRR234251
HRR234251_r2.fastq.gz,HRR234251
HRR234252_f1.fastq.gz,HRR234252
HRR234252_r2.fastq.gz,HRR234252
HRR234253_f1.fastq.gz,HRR234253
HRR234253_r2.fastq.gz,HRR234253
HRR234254_f1.fastq.gz,HRR234254
HRR234254_r2.fastq.gz,HRR234254
HRR234255_f1.fastq.gz,HRR234255
HRR234255_r2.fastq.gz,HRR234255
HRR234256_f1.fastq.gz,HRR234256
HRR234256_r2.fastq.gz,HRR234256
HRR234257_f1.fastq.gz,HRR234257
HRR234257_r2.fastq.gz,HRR234257
HRR234258_f1.fastq.gz,HRR234258
HRR234258_r2.fastq.gz,HRR234258
HRR234259_f1.fastq.gz,HRR234259
HRR234259_r2.fastq.gz,HRR234259
HRR234260_f1.fastq.gz,HRR234260
HRR234260_r2.fastq.gz,HRR234260
HRR234261_f1.fastq.gz,HRR234261
HRR234261_r2.fastq.gz,HRR234261
HRR234262_f1.fastq.gz,HRR234262
HRR234262_r2.fastq.gz,HRR234262
HRR234263_f1.fastq.gz,HRR234263
HRR234263_r2.fastq.gz,HRR234263
HRR234264_f1.fastq.gz,HRR234264
HRR234264_r2.fastq.gz,HRR234264
HRR234265_f1.fastq.gz,HRR234265
HRR234265_r2.fastq.gz,HRR234265
HRR234266_f1.fastq.gz,HRR234266
HRR234266_r2.fastq.gz,HRR234266
HRR234267_f1.fastq.gz,HRR234267
HRR234267_r2.fastq.gz,HRR234267
HRR234268_f1.fastq.gz,HRR234268
HRR234268_r2.fastq.gz,HRR234268
HRR234269_f1.fastq.gz,HRR234269
HRR234269_r2.fastq.gz,HRR234269
HRR234270_f1.fastq.gz,HRR234270
HRR234270_r2.fastq.gz,HRR234270
HRR234271_f1.fastq.gz,HRR234271
HRR234271_r2.fastq.gz,HRR234271
HRR234272_f1.fastq.gz,HRR234272
HRR234272_r2.fastq.gz,HRR234272
HRR234273_f1.fastq.gz,HRR234273
HRR234273_r2.fastq.gz,HRR234273
HRR234274_f1.fastq.gz,HRR234274
HRR234274_r2.fastq.gz,HRR234274
HRR234275_f1.fastq.gz,HRR234275
HRR234275_r2.fastq.gz,HRR234275
HRR234276_f1.fastq.gz,HRR234276
HRR234276_r2.fastq.gz,HRR234276
HRR234277_f1.fastq.gz,HRR234277
HRR234277_r2.fastq.gz,HRR234277
HRR234278_f1.fastq.gz,HRR234278
HRR234278_r2.fastq.gz,HRR234278
HRR234279_f1.fastq.gz,HRR234279
HRR234279_r2.fastq.gz,HRR234279
HRR234280_f1.fastq.gz,HRR234280
HRR234280_r2.fastq.gz,HRR234280
HRR234281_f1.fastq.gz,HRR234281
HRR234281_r2.fastq.gz,HRR234281
HRR234282_f1.fastq.gz,HRR234282
HRR234282_r2.fastq.gz,HRR234282
HRR234283_f1.fastq.gz,HRR234283
HRR234283_r2.fastq.gz,HRR234283
HRR234284_f1.fastq.gz,HRR234284
HRR234284_r2.fastq.gz,HRR234284
HRR234285_f1.fastq.gz,HRR234285
HRR234285_r2.fastq.gz,HRR234285
HRR234286_f1.fastq.gz,HRR234286
HRR234286_r2.fastq.gz,HRR234286
HRR234287_f1.fastq.gz,HRR234287
HRR234287_r2.fastq.gz,HRR234287
HRR234288_f1.fastq.gz,HRR234288
HRR234288_r2.fastq.gz,HRR234288
HRR234289_f1.fastq.gz,HRR234289
HRR234289_r2.fastq.gz,HRR234289
HRR234290_f1.fastq.gz,HRR234290
HRR234290_r2.fastq.gz,HRR234290
HRR234291_f1.fastq.gz,HRR234291
HRR234291_r2.fastq.gz,HRR234291
HRR234292_f1.fastq.gz,HRR234292
HRR234292_r2.fastq.gz,HRR234292
HRR234293_f1.fastq.gz,HRR234293
HRR234293_r2.fastq.gz,HRR234293
HRR234294_f1.fastq.gz,HRR234294
HRR234294_r2.fastq.gz,HRR234294
HRR234295_f1.fastq.gz,HRR234295
HRR234295_r2.fastq.gz,HRR234295
HRR234296_f1.fastq.gz,HRR234296
HRR234296_r2.fastq.gz,HRR234296
HRR234297_f1.fastq.gz,HRR234297
HRR234297_r2.fastq.gz,HRR234297
HRR234298_f1.fastq.gz,HRR234298
HRR234298_r2.fastq.gz,HRR234298
HRR234299_f1.fastq.gz,HRR234299
HRR234299_r2.fastq.gz,HRR234299
HRR234300_f1.fastq.gz,HRR234300
HRR234300_r2.fastq.gz,HRR234300
HRR234301_f1.fastq.gz,HRR234301
HRR234301_r2.fastq.gz,HRR234301
HRR234302_f1.fastq.gz,HRR234302
HRR234302_r2.fastq.gz,HRR234302
HRR234303_f1.fastq.gz,HRR234303
HRR234303_r2.fastq.gz,HRR234303
HRR234304_f1.fastq.gz,HRR234304
HRR234304_r2.fastq.gz,HRR234304
HRR234305_f1.fastq.gz,HRR234305
HRR234305_r2.fastq.gz,HRR234305
HRR234306_f1.fastq.gz,HRR234306
HRR234306_r2.fastq.gz,HRR234306
HRR234307_f1.fastq.gz,HRR234307
HRR234307_r2.fastq.gz,HRR234307
HRR234308_f1.fastq.gz,HRR234308
HRR234308_r2.fastq.gz,HRR234308
HRR234309_f1.fastq.gz,HRR234309
HRR234309_r2.fastq.gz,HRR234309
HRR234310_f1.fastq.gz,HRR234310
HRR234310_r2.fastq.gz,HRR234310
HRR234311_f1.fastq.gz,HRR234311
HRR234311_r2.fastq.gz,HRR234311
HRR234312_f1.fastq.gz,HRR234312
HRR234312_r2.fastq.gz,HRR234312
HRR234313_f1.fastq.gz,HRR234313
HRR234313_r2.fastq.gz,HRR234313
HRR234314_f1.fastq.gz,HRR234314
HRR234314_r2.fastq.gz,HRR234314
HRR234315_f1.fastq.gz,HRR234315
HRR234315_r2.fastq.gz,HRR234315
HRR234316_f1.fastq.gz,HRR234316
HRR234316_r2.fastq.gz,HRR234316
HRR234317_f1.fastq.gz,HRR234317
HRR234317_r2.fastq.gz,HRR234317
HRR234318_f1.fastq.gz,HRR234318
HRR234318_r2.fastq.gz,HRR234318
HRR234319_f1.fastq.gz,HRR234319
HRR234319_r2.fastq.gz,HRR234319
HRR234320_f1.fastq.gz,HRR234320
HRR234320_r2.fastq.gz,HRR234320
HRR234321_f1.fastq.gz,HRR234321
HRR234321_r2.fastq.gz,HRR234321
HRR234322_f1.fastq.gz,HRR234322
HRR234322_r2.fastq.gz,HRR234322
HRR234323_f1.fastq.gz,HRR234323
HRR234323_r2.fastq.gz,HRR234323
HRR234324_f1.fastq.gz,HRR234324
HRR234324_r2.fastq.gz,HRR234324
HRR234325_f1.fastq.gz,HRR234325
HRR234325_r2.fastq.gz,HRR234325
HRR234326_f1.fastq.gz,HRR234326
HRR234326_r2.fastq.gz,HRR234326
HRR234327_f1.fastq.gz,HRR234327
HRR234327_r2.fastq.gz,HRR234327
HRR234328_f1.fastq.gz,HRR234328
HRR234328_r2.fastq.gz,HRR234328
HRR234329_f1.fastq.gz,HRR234329
HRR234329_r2.fastq.gz,HRR234329
HRR234330_f1.fastq.gz,HRR234330
HRR234330_r2.fastq.gz,HRR234330
HRR234331_f1.fastq.gz,HRR234331
HRR234331_r2.fastq.gz,HRR234331
HRR234332_f1.fastq.gz,HRR234332
HRR234332_r2.fastq.gz,HRR234332
HRR234333_f1.fastq.gz,HRR234333
HRR234333_r2.fastq.gz,HRR234333
HRR234334_f1.fastq.gz,HRR234334
HRR234334_r2.fastq.gz,HRR234334
HRR234335_f1.fastq.gz,HRR234335
HRR234335_r2.fastq.gz,HRR234335
HRR234336_f1.fastq.gz,HRR234336
HRR234336_r2.fastq.gz,HRR234336
HRR234337_f1.fastq.gz,HRR234337
HRR234337_r2.fastq.gz,HRR234337
HRR234338_f1.fastq.gz,HRR234338
HRR234338_r2.fastq.gz,HRR234338
HRR234339_f1.fastq.gz,HRR234339
HRR234339_r2.fastq.gz,HRR234339
HRR234340_f1.fastq.gz,HRR234340
HRR234340_r2.fastq.gz,HRR234340
HRR234341_f1.fastq.gz,HRR234341
HRR234341_r2.fastq.gz,HRR234341
HRR234342_f1.fastq.gz,HRR234342
HRR234342_r2.fastq.gz,HRR234342
HRR234343_f1.fastq.gz,HRR234343
HRR234343_r2.fastq.gz,HRR234343
HRR234344_f1.fastq.gz,HRR234344
HRR234344_r2.fastq.gz,HRR234344
HRR234345_f1.fastq.gz,HRR234345
HRR234345_r2.fastq.gz,HRR234345
HRR234346_f1.fastq.gz,HRR234346
HRR234346_r2.fastq.gz,HRR234346
HRR234347_f1.fastq.gz,HRR234347
HRR234347_r2.fastq.gz,HRR234347
HRR234348_f1.fastq.gz,HRR234348
HRR234348_r2.fastq.gz,HRR234348
HRR234349_f1.fastq.gz,HRR234349
HRR234349_r2.fastq.gz,HRR234349
HRR234350_f1.fastq.gz,HRR234350
HRR234350_r2.fastq.gz,HRR234350
HRR234351_f1.fastq.gz,HRR234351
HRR234351_r2.fastq.gz,HRR234351
HRR234352_f1.fastq.gz,HRR234352
HRR234352_r2.fastq.gz,HRR234352
HRR234353_f1.fastq.gz,HRR234353
HRR234353_r2.fastq.gz,HRR234353
HRR234354_f1.fastq.gz,HRR234354
HRR234354_r2.fastq.gz,HRR234354
HRR234355_f1.fastq.gz,HRR234355
HRR234355_r2.fastq.gz,HRR234355
HRR234356_f1.fastq.gz,HRR234356
HRR234356_r2.fastq.gz,HRR234356
HRR234357_f1.fastq.gz,HRR234357
HRR234357_r2.fastq.gz,HRR234357
HRR234358_f1.fastq.gz,HRR234358
HRR234358_r2.fastq.gz,HRR234358
HRR234359_f1.fastq.gz,HRR234359
HRR234359_r2.fastq.gz,HRR234359
HRR234360_f1.fastq.gz,HRR234360
HRR234360_r2.fastq.gz,HRR234360
HRR234361_f1.fastq.gz,HRR234361
HRR234361_r2.fastq.gz,HRR234361
HRR234362_f1.fastq.gz,HRR234362
HRR234362_r2.fastq.gz,HRR234362
HRR234363_f1.fastq.gz,HRR234363
HRR234363_r2.fastq.gz,HRR234363
HRR234364_f1.fastq.gz,HRR234364
HRR234364_r2.fastq.gz,HRR234364
HRR234365_f1.fastq.gz,HRR234365
HRR234365_r2.fastq.gz,HRR234365
HRR234366_f1.fastq.gz,HRR234366
HRR234366_r2.fastq.gz,HRR234366
HRR234367_f1.fastq.gz,HRR234367
HRR234367_r2.fastq.gz,HRR234367
HRR234368_f1.fastq.gz,HRR234368
HRR234368_r2.fastq.gz,HRR234368
HRR234369_f1.fastq.gz,HRR234369
HRR234369_r2.fastq.gz,HRR234369
HRR234370_f1.fastq.gz,HRR234370
HRR234370_r2.fastq.gz,HRR234370
HRR234371_f1.fastq.gz,HRR234371
HRR234371_r2.fastq.gz,HRR234371
HRR234372_f1.fastq.gz,HRR234372
HRR234372_r2.fastq.gz,HRR234372
HRR234373_f1.fastq.gz,HRR234373
HRR234373_r2.fastq.gz,HRR234373
HRR234374_f1.fastq.gz,HRR234374
HRR234374_r2.fastq.gz,HRR234374
HRR234375_f1.fastq.gz,HRR234375
HRR234375_r2.fastq.gz,HRR234375
HRR234376_f1.fastq.gz,HRR234376
HRR234376_r2.fastq.gz,HRR234376
HRR234377_f1.fastq.gz,HRR234377
HRR234377_r2.fastq.gz,HRR234377
HRR234378_f1.fastq.gz,HRR234378
HRR234378_r2.fastq.gz,HRR234378
HRR234379_f1.fastq.gz,HRR234379
HRR234379_r2.fastq.gz,HRR234379
HRR234380_f1.fastq.gz,HRR234380
HRR234380_r2.fastq.gz,HRR234380
HRR234381_f1.fastq.gz,HRR234381
HRR234381_r2.fastq.gz,HRR234381
HRR234382_f1.fastq.gz,HRR234382
HRR234382_r2.fastq.gz,HRR234382
HRR234383_f1.fastq.gz,HRR234383
HRR234383_r2.fastq.gz,HRR234383
HRR234384_f1.fastq.gz,HRR234384
HRR234384_r2.fastq.gz,HRR234384
HRR234385_f1.fastq.gz,HRR234385
HRR234385_r2.fastq.gz,HRR234385
HRR234386_f1.fastq.gz,HRR234386
HRR234386_r2.fastq.gz,HRR234386
HRR234387_f1.fastq.gz,HRR234387
HRR234387_r2.fastq.gz,HRR234387
HRR234388_f1.fastq.gz,HRR234388
HRR234388_r2.fastq.gz,HRR234388
HRR234389_f1.fastq.gz,HRR234389
HRR234389_r2.fastq.gz,HRR234389
HRR234390_f1.fastq.gz,HRR234390
HRR234390_r2.fastq.gz,HRR234390
HRR234391_f1.fastq.gz,HRR234391
HRR234391_r2.fastq.gz,HRR234391
HRR234392_f1.fastq.gz,HRR234392
HRR234392_r2.fastq.gz,HRR234392
HRR234393_f1.fastq.gz,HRR234393
HRR234393_r2.fastq.gz,HRR234393
HRR234394_f1.fastq.gz,HRR234394
HRR234394_r2.fastq.gz,HRR234394
HRR234395_f1.fastq.gz,HRR234395
HRR234395_r2.fastq.gz,HRR234395
HRR234396_f1.fastq.gz,HRR234396
HRR234396_r2.fastq.gz,HRR234396
HRR234397_f1.fastq.gz,HRR234397
HRR234397_r2.fastq.gz,HRR234397
HRR234398_f1.fastq.gz,HRR234398
HRR234398_r2.fastq.gz,HRR234398
HRR234399_f1.fastq.gz,HRR234399
HRR234399_r2.fastq.gz,HRR234399
HRR234400_f1.fastq.gz,HRR234400
HRR234400_r2.fastq.gz,HRR234400
HRR234401_f1.fastq.gz,HRR234401
HRR234401_r2.fastq.gz,HRR234401
HRR234402_f1.fastq.gz,HRR234402
HRR234402_r2.fastq.gz,HRR234402
HRR234403_f1.fastq.gz,HRR234403
HRR234403_r2.fastq.gz,HRR234403
HRR234404_f1.fastq.gz,HRR234404
HRR234404_r2.fastq.gz,HRR234404
HRR234405_f1.fastq.gz,HRR234405
HRR234405_r2.fastq.gz,HRR234405
HRR234406_f1.fastq.gz,HRR234406
HRR234406_r2.fastq.gz,HRR234406
HRR234407_f1.fastq.gz,HRR234407
HRR234407_r2.fastq.gz,HRR234407
HRR234408_f1.fastq.gz,HRR234408
HRR234408_r2.fastq.gz,HRR234408
HRR234409_f1.fastq.gz,HRR234409
HRR234409_r2.fastq.gz,HRR234409
HRR234410_f1.fastq.gz,HRR234410
HRR234410_r2.fastq.gz,HRR234410
HRR234411_f1.fastq.gz,HRR234411
HRR234411_r2.fastq.gz,HRR234411
HRR234412_f1.fastq.gz,HRR234412
HRR234412_r2.fastq.gz,HRR234412
HRR234413_f1.fastq.gz,HRR234413
HRR234413_r2.fastq.gz,HRR234413
HRR234414_f1.fastq.gz,HRR234414
HRR234414_r2.fastq.gz,HRR234414
HRR234415_f1.fastq.gz,HRR234415
HRR234415_r2.fastq.gz,HRR234415
HRR234416_f1.fastq.gz,HRR234416
HRR234416_r2.fastq.gz,HRR234416
HRR234417_f1.fastq.gz,HRR234417
HRR234417_r2.fastq.gz,HRR234417
HRR234418_f1.fastq.gz,HRR234418
HRR234418_r2.fastq.gz,HRR234418
HRR234419_f1.fastq.gz,HRR234419
HRR234419_r2.fastq.gz,HRR234419
HRR234420_f1.fastq.gz,HRR234420
HRR234420_r2.fastq.gz,HRR234420
HRR234421_f1.fastq.gz,HRR234421
HRR234421_r2.fastq.gz,HRR234421
HRR234422_f1.fastq.gz,HRR234422
HRR234422_r2.fastq.gz,HRR234422
HRR234423_f1.fastq.gz,HRR234423
HRR234423_r2.fastq.gz,HRR234423
HRR234424_f1.fastq.gz,HRR234424
HRR234424_r2.fastq.gz,HRR234424
HRR234425_f1.fastq.gz,HRR234425
HRR234425_r2.fastq.gz,HRR234425
HRR234426_f1.fastq.gz,HRR234426
HRR234426_r2.fastq.gz,HRR234426
HRR234427_f1.fastq.gz,HRR234427
HRR234427_r2.fastq.gz,HRR234427
HRR234428_f1.fastq.gz,HRR234428
HRR234428_r2.fastq.gz,HRR234428
HRR234429_f1.fastq.gz,HRR234429
HRR234429_r2.fastq.gz,HRR234429
HRR234430_f1.fastq.gz,HRR234430
HRR234430_r2.fastq.gz,HRR234430
HRR234431_f1.fastq.gz,HRR234431
HRR234431_r2.fastq.gz,HRR234431
HRR234432_f1.fastq.gz,HRR234432
HRR234432_r2.fastq.gz,HRR234432
HRR234433_f1.fastq.gz,HRR234433
HRR234433_r2.fastq.gz,HRR234433
HRR234434_f1.fastq.gz,HRR234434
HRR234434_r2.fastq.gz,HRR234434
HRR234435_f1.fastq.gz,HRR234435
HRR234435_r2.fastq.gz,HRR234435
HRR234436_f1.fastq.gz,HRR234436
HRR234436_r2.fastq.gz,HRR234436
HRR234437_f1.fastq.gz,HRR234437
HRR234437_r2.fastq.gz,HRR234437
HRR234438_f1.fastq.gz,HRR234438
HRR234438_r2.fastq.gz,HRR234438
HRR234439_f1.fastq.gz,HRR234439
HRR234439_r2.fastq.gz,HRR234439
HRR234440_f1.fastq.gz,HRR234440
HRR234440_r2.fastq.gz,HRR234440
HRR234441_f1.fastq.gz,HRR234441
HRR234441_r2.fastq.gz,HRR234441
HRR234442_f1.fastq.gz,HRR234442
HRR234442_r2.fastq.gz,HRR234442
HRR234443_f1.fastq.gz,HRR234443
HRR234443_r2.fastq.gz,HRR234443
HRR234444_f1.fastq.gz,HRR234444
HRR234444_r2.fastq.gz,HRR234444
HRR234445_f1.fastq.gz,HRR234445
HRR234445_r2.fastq.gz,HRR234445
HRR234446_f1.fastq.gz,HRR234446
HRR234446_r2.fastq.gz,HRR234446
HRR234447_f1.fastq.gz,HRR234447
HRR234447_r2.fastq.gz,HRR234447
HRR234448_f1.fastq.gz,HRR234448
HRR234448_r2.fastq.gz,HRR234448
HRR234449_f1.fastq.gz,HRR234449
HRR234449_r2.fastq.gz,HRR234449
HRR234450_f1.fastq.gz,HRR234450
HRR234450_r2.fastq.gz,HRR234450
HRR234451_f1.fastq.gz,HRR234451
HRR234451_r2.fastq.gz,HRR234451
HRR234452_f1.fastq.gz,HRR234452
HRR234452_r2.fastq.gz,HRR234452
HRR234453_f1.fastq.gz,HRR234453
HRR234453_r2.fastq.gz,HRR234453
HRR234454_f1.fastq.gz,HRR234454
HRR234454_r2.fastq.gz,HRR234454
HRR234455_f1.fastq.gz,HRR234455
HRR234455_r2.fastq.gz,HRR234455
HRR234456_f1.fastq.gz,HRR234456
HRR234456_r2.fastq.gz,HRR234456
HRR234457_f1.fastq.gz,HRR234457
HRR234457_r2.fastq.gz,HRR234457
HRR234458_f1.fastq.gz,HRR234458
HRR234458_r2.fastq.gz,HRR234458
HRR234459_f1.fastq.gz,HRR234459
HRR234459_r2.fastq.gz,HRR234459
HRR234460_f1.fastq.gz,HRR234460
HRR234460_r2.fastq.gz,HRR234460
HRR234461_f1.fastq.gz,HRR234461
HRR234461_r2.fastq.gz,HRR234461
HRR234462_f1.fastq.gz,HRR234462
HRR234462_r2.fastq.gz,HRR234462
HRR234463_f1.fastq.gz,HRR234463
HRR234463_r2.fastq.gz,HRR234463
HRR234464_f1.fastq.gz,HRR234464
HRR234464_r2.fastq.gz,HRR234464
HRR234465_f1.fastq.gz,HRR234465
HRR234465_r2.fastq.gz,HRR234465
HRR234466_f1.fastq.gz,HRR234466
HRR234466_r2.fastq.gz,HRR234466
HRR234467_f1.fastq.gz,HRR234467
HRR234467_r2.fastq.gz,HRR234467
HRR234468_f1.fastq.gz,HRR234468
HRR234468_r2.fastq.gz,HRR234468
HRR234469_f1.fastq.gz,HRR234469
HRR234469_r2.fastq.gz,HRR234469
HRR234470_f1.fastq.gz,HRR234470
HRR234470_r2.fastq.gz,HRR234470
HRR234471_f1.fastq.gz,HRR234471
HRR234471_r2.fastq.gz,HRR234471
HRR234472_f1.fastq.gz,HRR234472
HRR234472_r2.fastq.gz,HRR234472
HRR234473_f1.fastq.gz,HRR234473
HRR234473_r2.fastq.gz,HRR234473
HRR234474_f1.fastq.gz,HRR234474
HRR234474_r2.fastq.gz,HRR234474
HRR234475_f1.fastq.gz,HRR234475
HRR234475_r2.fastq.gz,HRR234475
HRR234476_f1.fastq.gz,HRR234476
HRR234476_r2.fastq.gz,HRR234476
HRR234477_f1.fastq.gz,HRR234477
HRR234477_r2.fastq.gz,HRR234477
HRR234478_f1.fastq.gz,HRR234478
HRR234478_r2.fastq.gz,HRR234478
HRR234479_f1.fastq.gz,HRR234479
HRR234479_r2.fastq.gz,HRR234479
HRR234480_f1.fastq.gz,HRR234480
HRR234480_r2.fastq.gz,HRR234480
HRR234481_f1.fastq.gz,HRR234481
HRR234481_r2.fastq.gz,HRR234481
HRR234482_f1.fastq.gz,HRR234482
HRR234482_r2.fastq.gz,HRR234482
HRR234483_f1.fastq.gz,HRR234483
HRR234483_r2.fastq.gz,HRR234483
HRR234484_f1.fastq.gz,HRR234484
HRR234484_r2.fastq.gz,HRR234484
HRR234485_f1.fastq.gz,HRR234485
HRR234485_r2.fastq.gz,HRR234485
HRR234486_f1.fastq.gz,HRR234486
HRR234486_r2.fastq.gz,HRR234486
HRR234487_f1.fastq.gz,HRR234487
HRR234487_r2.fastq.gz,HRR234487
HRR234488_f1.fastq.gz,HRR234488
HRR234488_r2.fastq.gz,HRR234488
HRR234489_f1.fastq.gz,HRR234489
HRR234489_r2.fastq.gz,HRR234489
HRR234490_f1.fastq.gz,HRR234490
HRR234490_r2.fastq.gz,HRR234490
HRR234491_f1.fastq.gz,HRR234491
HRR234491_r2.fastq.gz,HRR234491
HRR234492_f1.fastq.gz,HRR234492
HRR234492_r2.fastq.gz,HRR234492
HRR234493_f1.fastq.gz,HRR234493
HRR234493_r2.fastq.gz,HRR234493
HRR234494_f1.fastq.gz,HRR234494
HRR234494_r2.fastq.gz,HRR234494
HRR234495_f1.fastq.gz,HRR234495
HRR234495_r2.fastq.gz,HRR234495
HRR234496_f1.fastq.gz,HRR234496
HRR234496_r2.fastq.gz,HRR234496
HRR234497_f1.fastq.gz,HRR234497
HRR234497_r2.fastq.gz,HRR234497
HRR234498_f1.fastq.gz,HRR234498
HRR234498_r2.fastq.gz,HRR234498
HRR234499_f1.fastq.gz,HRR234499
HRR234499_r2.fastq.gz,HRR234499
HRR234500_f1.fastq.gz,HRR234500
HRR234500_r2.fastq.gz,HRR234500
HRR234501_f1.fastq.gz,HRR234501
HRR234501_r2.fastq.gz,HRR234501
HRR234502_f1.fastq.gz,HRR234502
HRR234502_r2.fastq.gz,HRR234502
HRR234503_f1.fastq.gz,HRR234503
HRR234503_r2.fastq.gz,HRR234503
HRR234504_f1.fastq.gz,HRR234504
HRR234504_r2.fastq.gz,HRR234504
HRR234505_f1.fastq.gz,HRR234505
HRR234505_r2.fastq.gz,HRR234505
HRR234506_f1.fastq.gz,HRR234506
HRR234506_r2.fastq.gz,HRR234506
HRR234507_f1.fastq.gz,HRR234507
HRR234507_r2.fastq.gz,HRR234507
HRR234508_f1.fastq.gz,HRR234508
HRR234508_r2.fastq.gz,HRR234508
HRR234509_f1.fastq.gz,HRR234509
HRR234509_r2.fastq.gz,HRR234509
HRR234510_f1.fastq.gz,HRR234510
HRR234510_r2.fastq.gz,HRR234510
HRR234511_f1.fastq.gz,HRR234511
HRR234511_r2.fastq.gz,HRR234511
HRR234512_f1.fastq.gz,HRR234512
HRR234512_r2.fastq.gz,HRR234512
HRR234513_f1.fastq.gz,HRR234513
HRR234513_r2.fastq.gz,HRR234513
HRR234514_f1.fastq.gz,HRR234514
HRR234514_r2.fastq.gz,HRR234514
HRR234515_f1.fastq.gz,HRR234515
HRR234515_r2.fastq.gz,HRR234515
HRR234516_f1.fastq.gz,HRR234516
HRR234516_r2.fastq.gz,HRR234516
HRR234517_f1.fastq.gz,HRR234517
HRR234517_r2.fastq.gz,HRR234517
HRR234518_f1.fastq.gz,HRR234518
HRR234518_r2.fastq.gz,HRR234518
HRR234519_f1.fastq.gz,HRR234519
HRR234519_r2.fastq.gz,HRR234519
HRR234520_f1.fastq.gz,HRR234520
HRR234520_r2.fastq.gz,HRR234520
HRR234521_f1.fastq.gz,HRR234521
HRR234521_r2.fastq.gz,HRR234521
HRR234522_f1.fastq.gz,HRR234522
HRR234522_r2.fastq.gz,HRR234522
HRR234523_f1.fastq.gz,HRR234523
HRR234523_r2.fastq.gz,HRR234523
HRR234524_f1.fastq.gz,HRR234524
HRR234524_r2.fastq.gz,HRR234524
HRR234525_f1.fastq.gz,HRR234525
HRR234525_r2.fastq.gz,HRR234525
HRR234526_f1.fastq.gz,HRR234526
HRR234526_r2.fastq.gz,HRR234526
HRR234527_f1.fastq.gz,HRR234527
HRR234527_r2.fastq.gz,HRR234527
HRR234528_f1.fastq.gz,HRR234528
HRR234528_r2.fastq.gz,HRR234528
HRR234529_f1.fastq.gz,HRR234529
HRR234529_r2.fastq.gz,HRR234529
HRR234530_f1.fastq.gz,HRR234530
HRR234530_r2.fastq.gz,HRR234530
HRR234531_f1.fastq.gz,HRR234531
HRR234531_r2.fastq.gz,HRR234531
HRR234532_f1.fastq.gz,HRR234532
HRR234532_r2.fastq.gz,HRR234532
HRR234533_f1.fastq.gz,HRR234533
HRR234533_r2.fastq.gz,HRR234533
HRR234534_f1.fastq.gz,HRR234534
HRR234534_r2.fastq.gz,HRR234534
HRR234535_f1.fastq.gz,HRR234535
HRR234535_r2.fastq.gz,HRR234535
HRR234536_f1.fastq.gz,HRR234536
HRR234536_r2.fastq.gz,HRR234536
HRR234537_f1.fastq.gz,HRR234537
HRR234537_r2.fastq.gz,HRR234537
HRR234538_f1.fastq.gz,HRR234538
HRR234538_r2.fastq.gz,HRR234538
HRR234539_f1.fastq.gz,HRR234539
HRR234539_r2.fastq.gz,HRR234539
HRR234540_f1.fastq.gz,HRR234540
HRR234540_r2.fastq.gz,HRR234540
HRR234541_f1.fastq.gz,HRR234541
HRR234541_r2.fastq.gz,HRR234541
HRR234542_f1.fastq.gz,HRR234542
HRR234542_r2.fastq.gz,HRR234542
HRR234543_f1.fastq.gz,HRR234543
HRR234543_r2.fastq.gz,HRR234543
HRR234544_f1.fastq.gz,HRR234544
HRR234544_r2.fastq.gz,HRR234544
HRR234545_f1.fastq.gz,HRR234545
HRR234545_r2.fastq.gz,HRR234545
HRR234546_f1.fastq.gz,HRR234546
HRR234546_r2.fastq.gz,HRR234546
HRR234547_f1.fastq.gz,HRR234547
HRR234547_r2.fastq.gz,HRR234547
HRR234548_f1.fastq.gz,HRR234548
HRR234548_r2.fastq.gz,HRR234548
HRR234549_f1.fastq.gz,HRR234549
HRR234549_r2.fastq.gz,HRR234549
HRR234550_f1.fastq.gz,HRR234550
HRR234550_r2.fastq.gz,HRR234550
HRR234551_f1.fastq.gz,HRR234551
HRR234551_r2.fastq.gz,HRR234551
HRR234552_f1.fastq.gz,HRR234552
HRR234552_r2.fastq.gz,HRR234552
HRR234553_f1.fastq.gz,HRR234553
HRR234553_r2.fastq.gz,HRR234553
HRR234554_f1.fastq.gz,HRR234554
HRR234554_r2.fastq.gz,HRR234554
HRR234555_f1.fastq.gz,HRR234555
HRR234555_r2.fastq.gz,HRR234555
HRR234556_f1.fastq.gz,HRR234556
HRR234556_r2.fastq.gz,HRR234556
HRR234557_f1.fastq.gz,HRR234557
HRR234557_r2.fastq.gz,HRR234557
HRR234558_f1.fastq.gz,HRR234558
HRR234558_r2.fastq.gz,HRR234558
HRR234559_f1.fastq.gz,HRR234559
HRR234559_r2.fastq.gz,HRR234559
HRR234560_f1.fastq.gz,HRR234560
HRR234560_r2.fastq.gz,HRR234560
HRR234561_f1.fastq.gz,HRR234561
HRR234561_r2.fastq.gz,HRR234561
HRR234562_f1.fastq.gz,HRR234562
HRR234562_r2.fastq.gz,HRR234562
HRR234563_f1.fastq.gz,HRR234563
HRR234563_r2.fastq.gz,HRR234563
HRR234564_f1.fastq.gz,HRR234564
HRR234564_r2.fastq.gz,HRR234564
HRR234565_f1.fastq.gz,HRR234565
HRR234565_r2.fastq.gz,HRR234565
HRR234566_f1.fastq.gz,HRR234566
HRR234566_r2.fastq.gz,HRR234566
HRR234567_f1.fastq.gz,HRR234567
HRR234567_r2.fastq.gz,HRR234567
HRR234568_f1.fastq.gz,HRR234568
HRR234568_r2.fastq.gz,HRR234568
HRR234569_f1.fastq.gz,HRR234569
HRR234569_r2.fastq.gz,HRR234569
HRR234570_f1.fastq.gz,HRR234570
HRR234570_r2.fastq.gz,HRR234570
HRR234571_f1.fastq.gz,HRR234571
HRR234571_r2.fastq.gz,HRR234571
HRR234572_f1.fastq.gz,HRR234572
HRR234572_r2.fastq.gz,HRR234572
HRR234573_f1.fastq.gz,HRR234573
HRR234573_r2.fastq.gz,HRR234573
HRR234574_f1.fastq.gz,HRR234574
HRR234574_r2.fastq.gz,HRR234574
HRR234575_f1.fastq.gz,HRR234575
HRR234575_r2.fastq.gz,HRR234575
HRR234576_f1.fastq.gz,HRR234576
HRR234576_r2.fastq.gz,HRR234576
HRR234577_f1.fastq.gz,HRR234577
HRR234577_r2.fastq.gz,HRR234577
HRR234578_f1.fastq.gz,HRR234578
HRR234578_r2.fastq.gz,HRR234578
HRR234579_f1.fastq.gz,HRR234579
HRR234579_r2.fastq.gz,HRR234579
HRR234580_f1.fastq.gz,HRR234580
HRR234580_r2.fastq.gz,HRR234580
HRR234581_f1.fastq.gz,HRR234581
HRR234581_r2.fastq.gz,HRR234581
HRR234582_f1.fastq.gz,HRR234582
HRR234582_r2.fastq.gz,HRR234582
HRR234583_f1.fastq.gz,HRR234583
HRR234583_r2.fastq.gz,HRR234583
HRR234584_f1.fastq.gz,HRR234584
HRR234584_r2.fastq.gz,HRR234584
HRR234585_f1.fastq.gz,HRR234585
HRR234585_r2.fastq.gz,HRR234585
HRR234586_f1.fastq.gz,HRR234586
HRR234586_r2.fastq.gz,HRR234586
HRR234587_f1.fastq.gz,HRR234587
HRR234587_r2.fastq.gz,HRR234587
HRR234588_f1.fastq.gz,HRR234588
HRR234588_r2.fastq.gz,HRR234588
HRR234589_f1.fastq.gz,HRR234589
HRR234589_r2.fastq.gz,HRR234589
HRR234590_f1.fastq.gz,HRR234590
HRR234590_r2.fastq.gz,HRR234590
HRR234591_f1.fastq.gz,HRR234591
HRR234591_r2.fastq.gz,HRR234591
HRR234592_f1.fastq.gz,HRR234592
HRR234592_r2.fastq.gz,HRR234592
HRR234593_f1.fastq.gz,HRR234593
HRR234593_r2.fastq.gz,HRR234593
HRR234594_f1.fastq.gz,HRR234594
HRR234594_r2.fastq.gz,HRR234594
HRR234595_f1.fastq.gz,HRR234595
HRR234595_r2.fastq.gz,HRR234595
HRR234596_f1.fastq.gz,HRR234596
HRR234596_r2.fastq.gz,HRR234596
HRR234597_f1.fastq.gz,HRR234597
HRR234597_r2.fastq.gz,HRR234597
HRR234598_f1.fastq.gz,HRR234598
HRR234598_r2.fastq.gz,HRR234598
HRR234599_f1.fastq.gz,HRR234599
HRR234599_r2.fastq.gz,HRR234599
HRR234600_f1.fastq.gz,HRR234600
HRR234600_r2.fastq.gz,HRR234600
HRR234601_f1.fastq.gz,HRR234601
HRR234601_r2.fastq.gz,HRR234601
HRR234602_f1.fastq.gz,HRR234602
HRR234602_r2.fastq.gz,HRR234602
HRR234603_f1.fastq.gz,HRR234603
HRR234603_r2.fastq.gz,HRR234603
HRR234604_f1.fastq.gz,HRR234604
HRR234604_r2.fastq.gz,HRR234604
HRR234605_f1.fastq.gz,HRR234605
HRR234605_r2.fastq.gz,HRR234605
HRR234606_f1.fastq.gz,HRR234606
HRR234606_r2.fastq.gz,HRR234606
HRR234607_f1.fastq.gz,HRR234607
HRR234607_r2.fastq.gz,HRR234607
HRR234608_f1.fastq.gz,HRR234608
HRR234608_r2.fastq.gz,HRR234608
HRR234609_f1.fastq.gz,HRR234609
HRR234609_r2.fastq.gz,HRR234609
HRR234610_f1.fastq.gz,HRR234610
HRR234610_r2.fastq.gz,HRR234610
HRR234611_f1.fastq.gz,HRR234611
HRR234611_r2.fastq.gz,HRR234611
HRR234612_f1.fastq.gz,HRR234612
HRR234612_r2.fastq.gz,HRR234612
HRR234613_f1.fastq.gz,HRR234613
HRR234613_r2.fastq.gz,HRR234613
HRR234614_f1.fastq.gz,HRR234614
HRR234614_r2.fastq.gz,HRR234614
HRR234615_f1.fastq.gz,HRR234615
HRR234615_r2.fastq.gz,HRR234615
HRR234616_f1.fastq.gz,HRR234616
HRR234616_r2.fastq.gz,HRR234616
HRR234617_f1.fastq.gz,HRR234617
HRR234617_r2.fastq.gz,HRR234617
HRR234618_f1.fastq.gz,HRR234618
HRR234618_r2.fastq.gz,HRR234618
HRR234619_f1.fastq.gz,HRR234619
HRR234619_r2.fastq.gz,HRR234619
HRR234620_f1.fastq.gz,HRR234620
HRR234620_r2.fastq.gz,HRR234620
HRR234621_f1.fastq.gz,HRR234621
HRR234621_r2.fastq.gz,HRR234621
HRR234622_f1.fastq.gz,HRR234622
HRR234622_r2.fastq.gz,HRR234622
HRR234623_f1.fastq.gz,HRR234623
HRR234623_r2.fastq.gz,HRR234623
HRR234624_f1.fastq.gz,HRR234624
HRR234624_r2.fastq.gz,HRR234624
HRR234625_f1.fastq.gz,HRR234625
HRR234625_r2.fastq.gz,HRR234625
HRR234626_f1.fastq.gz,HRR234626
HRR234626_r2.fastq.gz,HRR234626
HRR234627_f1.fastq.gz,HRR234627
HRR234627_r2.fastq.gz,HRR234627
HRR234628_f1.fastq.gz,HRR234628
HRR234628_r2.fastq.gz,HRR234628
HRR234629_f1.fastq.gz,HRR234629
HRR234629_r2.fastq.gz,HRR234629
HRR234630_f1.fastq.gz,HRR234630
HRR234630_r2.fastq.gz,HRR234630
HRR234631_f1.fastq.gz,HRR234631
HRR234631_r2.fastq.gz,HRR234631
HRR234632_f1.fastq.gz,HRR234632
HRR234632_r2.fastq.gz,HRR234632
HRR234633_f1.fastq.gz,HRR234633
HRR234633_r2.fastq.gz,HRR234633
HRR234634_f1.fastq.gz,HRR234634
HRR234634_r2.fastq.gz,HRR234634
HRR234635_f1.fastq.gz,HRR234635
HRR234635_r2.fastq.gz,HRR234635
HRR234636_f1.fastq.gz,HRR234636
HRR234636_r2.fastq.gz,HRR234636
HRR234637_f1.fastq.gz,HRR234637
HRR234637_r2.fastq.gz,HRR234637
HRR234638_f1.fastq.gz,HRR234638
HRR234638_r2.fastq.gz,HRR234638
HRR234639_f1.fastq.gz,HRR234639
HRR234639_r2.fastq.gz,HRR234639
HRR234640_f1.fastq.gz,HRR234640
HRR234640_r2.fastq.gz,HRR234640
HRR234641_f1.fastq.gz,HRR234641
HRR234641_r2.fastq.gz,HRR234641
HRR234642_f1.fastq.gz,HRR234642
HRR234642_r2.fastq.gz,HRR234642
HRR234643_f1.fastq.gz,HRR234643
HRR234643_r2.fastq.gz,HRR234643
HRR234644_f1.fastq.gz,HRR234644
HRR234644_r2.fastq.gz,HRR234644
HRR234645_f1.fastq.gz,HRR234645
HRR234645_r2.fastq.gz,HRR234645
HRR234646_f1.fastq.gz,HRR234646
HRR234646_r2.fastq.gz,HRR234646
HRR234647_f1.fastq.gz,HRR234647
HRR234647_r2.fastq.gz,HRR234647
HRR234648_f1.fastq.gz,HRR234648
HRR234648_r2.fastq.gz,HRR234648
HRR234649_f1.fastq.gz,HRR234649
HRR234649_r2.fastq.gz,HRR234649
HRR234650_f1.fastq.gz,HRR234650
HRR234650_r2.fastq.gz,HRR234650
HRR234651_f1.fastq.gz,HRR234651
HRR234651_r2.fastq.gz,HRR234651
HRR234652_f1.fastq.gz,HRR234652
HRR234652_r2.fastq.gz,HRR234652
HRR234653_f1.fastq.gz,HRR234653
HRR234653_r2.fastq.gz,HRR234653
HRR234654_f1.fastq.gz,HRR234654
HRR234654_r2.fastq.gz,HRR234654
HRR234655_f1.fastq.gz,HRR234655
HRR234655_r2.fastq.gz,HRR234655
HRR234656_f1.fastq.gz,HRR234656
HRR234656_r2.fastq.gz,HRR234656
HRR234657_f1.fastq.gz,HRR234657
HRR234657_r2.fastq.gz,HRR234657
HRR234658_f1.fastq.gz,HRR234658
HRR234658_r2.fastq.gz,HRR234658
HRR234659_f1.fastq.gz,HRR234659
HRR234659_r2.fastq.gz,HRR234659
HRR234660_f1.fastq.gz,HRR234660
HRR234660_r2.fastq.gz,HRR234660
HRR234661_f1.fastq.gz,HRR234661
HRR234661_r2.fastq.gz,HRR234661
HRR234662_f1.fastq.gz,HRR234662
HRR234662_r2.fastq.gz,HRR234662
HRR234663_f1.fastq.gz,HRR234663
HRR234663_r2.fastq.gz,HRR234663
HRR234664_f1.fastq.gz,HRR234664
HRR234664_r2.fastq.gz,HRR234664
HRR234665_f1.fastq.gz,HRR234665
HRR234665_r2.fastq.gz,HRR234665
HRR234666_f1.fastq.gz,HRR234666
HRR234666_r2.fastq.gz,HRR234666
HRR234667_f1.fastq.gz,HRR234667
HRR234667_r2.fastq.gz,HRR234667
HRR234668_f1.fastq.gz,HRR234668
HRR234668_r2.fastq.gz,HRR234668
HRR234669_f1.fastq.gz,HRR234669
HRR234669_r2.fastq.gz,HRR234669
HRR234670_f1.fastq.gz,HRR234670
HRR234670_r2.fastq.gz,HRR234670
HRR234671_f1.fastq.gz,HRR234671
HRR234671_r2.fastq.gz,HRR234671
HRR234672_f1.fastq.gz,HRR234672
HRR234672_r2.fastq.gz,HRR234672
HRR234673_f1.fastq.gz,HRR234673
HRR234673_r2.fastq.gz,HRR234673
HRR365657_f1.fastq.gz,HRR365657
HRR365657_r2.fastq.gz,HRR365657
HRR365658_f1.fastq.gz,HRR365658
HRR365658_r2.fastq.gz,HRR365658
HRR365659_f1.fastq.gz,HRR365659
HRR365659_r2.fastq.gz,HRR365659
HRR365660_f1.fastq.gz,HRR365660
HRR365660_r2.fastq.gz,HRR365660
HRR365661_f1.fastq.gz,HRR365661
HRR365661_r2.fastq.gz,HRR365661
HRR366756_f1.fq.gz,HRR366756
HRR366756_r2.fq.gz,HRR366756
HRR366757_f1.fq.gz,HRR366757
HRR366757_r2.fq.gz,HRR366757
HRR365662_f1.fastq.gz,HRR365662
HRR365662_r2.fastq.gz,HRR365662
HRR365663_f1.fq.gz,HRR365663
HRR365663_r2.fq.gz,HRR365663
HRR365664_f1.fastq.gz,HRR365664
HRR365664_r2.fastq.gz,HRR365664
HRR365665_f1.fq.gz,HRR365665
HRR365665_r2.fq.gz,HRR365665
HRR365667_f1.fastq.gz,HRR365667
HRR365667_r2.fastq.gz,HRR365667
HRR365666_f1.fq.gz,HRR365666
HRR365666_r2.fq.gz,HRR365666
HRR365669_f1.fastq.gz,HRR365669
HRR365669_r2.fastq.gz,HRR365669
HRR365668_f1.fq.gz,HRR365668
HRR365668_r2.fq.gz,HRR365668
HRR365671_f1.fastq.gz,HRR365671
HRR365671_r2.fastq.gz,HRR365671
HRR365670_f1.fq.gz,HRR365670
HRR365670_r2.fq.gz,HRR365670
HRR365672_f1.fastq.gz,HRR365672
HRR365672_r2.fastq.gz,HRR365672
HRR366758_f1.fq.gz,HRR366758
HRR366758_r2.fq.gz,HRR366758
HRR365673_f1.fastq.gz,HRR365673
HRR365673_r2.fastq.gz,HRR365673
HRR365674_f1.fastq.gz,HRR365674
HRR365674_r2.fastq.gz,HRR365674
HRR365675_f1.fq.gz,HRR365675
HRR365675_r2.fq.gz,HRR365675
HRR365676_f1.fastq.gz,HRR365676
HRR365676_r2.fastq.gz,HRR365676
HRR365677_f1.fq.gz,HRR365677
HRR365677_r2.fq.gz,HRR365677
HRR365678_f1.fastq.gz,HRR365678
HRR365678_r2.fastq.gz,HRR365678
HRR365679_f1.fq.gz,HRR365679
HRR365679_r2.fq.gz,HRR365679
HRR365681_f1.fastq.gz,HRR365681
HRR365681_r2.fastq.gz,HRR365681
HRR365680_f1.fq.gz,HRR365680
HRR365680_r2.fq.gz,HRR365680
HRR365683_f1.fastq.gz,HRR365683
HRR365683_r2.fastq.gz,HRR365683
HRR365682_f1.fq.gz,HRR365682
HRR365682_r2.fq.gz,HRR365682
HRR365685_f1.fastq.gz,HRR365685
HRR365685_r2.fastq.gz,HRR365685
HRR365684_f1.fq.gz,HRR365684
HRR365684_r2.fq.gz,HRR365684
HRR365687_f1.fastq.gz,HRR365687
HRR365687_r2.fastq.gz,HRR365687
HRR365686_f1.fq.gz,HRR365686
HRR365686_r2.fq.gz,HRR365686
HRR365688_f1.fastq.gz,HRR365688
HRR365688_r2.fastq.gz,HRR365688
HRR366759_f1.fq.gz,HRR366759
HRR366759_r2.fq.gz,HRR366759
HRR365689_f1.fastq.gz,HRR365689
HRR365689_r2.fastq.gz,HRR365689
HRR366760_f1.fq.gz,HRR366760
HRR366760_r2.fq.gz,HRR366760
HRR365691_f1.fastq.gz,HRR365691
HRR365691_r2.fastq.gz,HRR365691
HRR365690_f1.fq.gz,HRR365690
HRR365690_r2.fq.gz,HRR365690
HRR365693_f1.fastq.gz,HRR365693
HRR365693_r2.fastq.gz,HRR365693
HRR365692_f1.fq.gz,HRR365692
HRR365692_r2.fq.gz,HRR365692
HRR365695_f1.fastq.gz,HRR365695
HRR365695_r2.fastq.gz,HRR365695
HRR365694_f1.fq.gz,HRR365694
HRR365694_r2.fq.gz,HRR365694
HRR365697_f1.fastq.gz,HRR365697
HRR365697_r2.fastq.gz,HRR365697
HRR365696_f1.fq.gz,HRR365696
HRR365696_r2.fq.gz,HRR365696
HRR365699_f1.fastq.gz,HRR365699
HRR365699_r2.fastq.gz,HRR365699
HRR365698_f1.fq.gz,HRR365698
HRR365698_r2.fq.gz,HRR365698
HRR365700_f1.fastq.gz,HRR365700
HRR365700_r2.fastq.gz,HRR365700
HRR365701_f1.fq.gz,HRR365701
HRR365701_r2.fq.gz,HRR365701
HRR365702_f1.fastq.gz,HRR365702
HRR365702_r2.fastq.gz,HRR365702
HRR365704_f1.fastq.gz,HRR365704
HRR365704_r2.fastq.gz,HRR365704
HRR365703_f1.fq.gz,HRR365703
HRR365703_r2.fq.gz,HRR365703
HRR365706_f1.fastq.gz,HRR365706
HRR365706_r2.fastq.gz,HRR365706
HRR365705_f1.fq.gz,HRR365705
HRR365705_r2.fq.gz,HRR365705
HRR365708_f1.fastq.gz,HRR365708
HRR365708_r2.fastq.gz,HRR365708
HRR365707_f1.fq.gz,HRR365707
HRR365707_r2.fq.gz,HRR365707
HRR365709_f1.fastq.gz,HRR365709
HRR365709_r2.fastq.gz,HRR365709
HRR366761_f1.fq.gz,HRR366761
HRR366761_r2.fq.gz,HRR366761
HRR365710_f1.fastq.gz,HRR365710
HRR365710_r2.fastq.gz,HRR365710
HRR365711_f1.fq.gz,HRR365711
HRR365711_r2.fq.gz,HRR365711
HRR365713_f1.fastq.gz,HRR365713
HRR365713_r2.fastq.gz,HRR365713
HRR365712_f1.fq.gz,HRR365712
HRR365712_r2.fq.gz,HRR365712
HRR365715_f1.fastq.gz,HRR365715
HRR365715_r2.fastq.gz,HRR365715
HRR365714_f1.fq.gz,HRR365714
HRR365714_r2.fq.gz,HRR365714
HRR365717_f1.fastq.gz,HRR365717
HRR365717_r2.fastq.gz,HRR365717
HRR365716_f1.fq.gz,HRR365716
HRR365716_r2.fq.gz,HRR365716
HRR365718_f1.fastq.gz,HRR365718
HRR365718_r2.fastq.gz,HRR365718
HRR366762_f1.fq.gz,HRR366762
HRR366762_r2.fq.gz,HRR366762
HRR365719_f1.fastq.gz,HRR365719
HRR365719_r2.fastq.gz,HRR365719
HRR365720_f1.fq.gz,HRR365720
HRR365720_r2.fq.gz,HRR365720
HRR365722_f1.fastq.gz,HRR365722
HRR365722_r2.fastq.gz,HRR365722
HRR365721_f1.fq.gz,HRR365721
HRR365721_r2.fq.gz,HRR365721
HRR365724_f1.fastq.gz,HRR365724
HRR365724_r2.fastq.gz,HRR365724
HRR365723_f1.fq.gz,HRR365723
HRR365723_r2.fq.gz,HRR365723
HRR365725_f1.fastq.gz,HRR365725
HRR365725_r2.fastq.gz,HRR365725
HRR365727_f1.fastq.gz,HRR365727
HRR365727_r2.fastq.gz,HRR365727
HRR365726_f1.fq.gz,HRR365726
HRR365726_r2.fq.gz,HRR365726
HRR365728_f1.fastq.gz,HRR365728
HRR365728_r2.fastq.gz,HRR365728
HRR365729_f1.fq.gz,HRR365729
HRR365729_r2.fq.gz,HRR365729
HRR365731_f1.fastq.gz,HRR365731
HRR365731_r2.fastq.gz,HRR365731
HRR365730_f1.fq.gz,HRR365730
HRR365730_r2.fq.gz,HRR365730
HRR365732_f1.fastq.gz,HRR365732
HRR365732_r2.fastq.gz,HRR365732
HRR365733_f1.fastq.gz,HRR365733
HRR365733_r2.fastq.gz,HRR365733
HRR365735_f1.fastq.gz,HRR365735
HRR365735_r2.fastq.gz,HRR365735
HRR365734_f1.fq.gz,HRR365734
HRR365734_r2.fq.gz,HRR365734
HRR365736_f1.fastq.gz,HRR365736
HRR365736_r2.fastq.gz,HRR365736
HRR365737_f1.fq.gz,HRR365737
HRR365737_r2.fq.gz,HRR365737
HRR365738_f1.fastq.gz,HRR365738
HRR365738_r2.fastq.gz,HRR365738
HRR365739_f1.fq.gz,HRR365739
HRR365739_r2.fq.gz,HRR365739
HRR365740_f1.fastq.gz,HRR365740
HRR365740_r2.fastq.gz,HRR365740
HRR366763_f1.fq.gz,HRR366763
HRR366763_r2.fq.gz,HRR366763
HRR365742_f1.fastq.gz,HRR365742
HRR365742_r2.fastq.gz,HRR365742
HRR365741_f1.fq.gz,HRR365741
HRR365741_r2.fq.gz,HRR365741
HRR365744_f1.fastq.gz,HRR365744
HRR365744_r2.fastq.gz,HRR365744
HRR365743_f1.fq.gz,HRR365743
HRR365743_r2.fq.gz,HRR365743
HRR365746_f1.fastq.gz,HRR365746
HRR365746_r2.fastq.gz,HRR365746
HRR365745_f1.fq.gz,HRR365745
HRR365745_r2.fq.gz,HRR365745
HRR365748_f1.fastq.gz,HRR365748
HRR365748_r2.fastq.gz,HRR365748
HRR365747_f1.fq.gz,HRR365747
HRR365747_r2.fq.gz,HRR365747
HRR365750_f1.fastq.gz,HRR365750
HRR365750_r2.fastq.gz,HRR365750
HRR365749_f1.fq.gz,HRR365749
HRR365749_r2.fq.gz,HRR365749
HRR365751_f1.fastq.gz,HRR365751
HRR365751_r2.fastq.gz,HRR365751
HRR366764_f1.fq.gz,HRR366764
HRR366764_r2.fq.gz,HRR366764
HRR365753_f1.fastq.gz,HRR365753
HRR365753_r2.fastq.gz,HRR365753
HRR365752_f1.fq.gz,HRR365752
HRR365752_r2.fq.gz,HRR365752
HRR365755_f1.fastq.gz,HRR365755
HRR365755_r2.fastq.gz,HRR365755
HRR365754_f1.fq.gz,HRR365754
HRR365754_r2.fq.gz,HRR365754
HRR365756_f1.fastq.gz,HRR365756
HRR365756_r2.fastq.gz,HRR365756
HRR365757_f1.fastq.gz,HRR365757
HRR365757_r2.fastq.gz,HRR365757
HRR365758_f1.fq.gz,HRR365758
HRR365758_r2.fq.gz,HRR365758
HRR365759_f1.fastq.gz,HRR365759
HRR365759_r2.fastq.gz,HRR365759
HRR365760_f1.fq.gz,HRR365760
HRR365760_r2.fq.gz,HRR365760
HRR365761_f1.fastq.gz,HRR365761
HRR365761_r2.fastq.gz,HRR365761
HRR365762_f1.fq.gz,HRR365762
HRR365762_r2.fq.gz,HRR365762
HRR365763_f1.fastq.gz,HRR365763
HRR365763_r2.fastq.gz,HRR365763
HRR366765_f1.fq.gz,HRR366765
HRR366765_r2.fq.gz,HRR366765
HRR365764_f1.fastq.gz,HRR365764
HRR365764_r2.fastq.gz,HRR365764
HRR365765_f1.fq.gz,HRR365765
HRR365765_r2.fq.gz,HRR365765
HRR365766_f1.fastq.gz,HRR365766
HRR365766_r2.fastq.gz,HRR365766
HRR365767_f1.fastq.gz,HRR365767
HRR365767_r2.fastq.gz,HRR365767
HRR365768_f1.fastq.gz,HRR365768
HRR365768_r2.fastq.gz,HRR365768
HRR365769_f1.fq.gz,HRR365769
HRR365769_r2.fq.gz,HRR365769
HRR365770_f1.fastq.gz,HRR365770
HRR365770_r2.fastq.gz,HRR365770
HRR365771_f1.fq.gz,HRR365771
HRR365771_r2.fq.gz,HRR365771
HRR365773_f1.fastq.gz,HRR365773
HRR365773_r2.fastq.gz,HRR365773
HRR365772_f1.fq.gz,HRR365772
HRR365772_r2.fq.gz,HRR365772
HRR365774_f1.fastq.gz,HRR365774
HRR365774_r2.fastq.gz,HRR365774
HRR365775_f1.fq.gz,HRR365775
HRR365775_r2.fq.gz,HRR365775
HRR365776_f1.fastq.gz,HRR365776
HRR365776_r2.fastq.gz,HRR365776
HRR366766_f1.fq.gz,HRR366766
HRR366766_r2.fq.gz,HRR366766
HRR365777_f1.fastq.gz,HRR365777
HRR365777_r2.fastq.gz,HRR365777
HRR366767_f1.fq.gz,HRR366767
HRR366767_r2.fq.gz,HRR366767
HRR365778_f1.fastq.gz,HRR365778
HRR365778_r2.fastq.gz,HRR365778
HRR365779_f1.fq.gz,HRR365779
HRR365779_r2.fq.gz,HRR365779
HRR365781_f1.fastq.gz,HRR365781
HRR365781_r2.fastq.gz,HRR365781
HRR365780_f1.fq.gz,HRR365780
HRR365780_r2.fq.gz,HRR365780
HRR365783_f1.fastq.gz,HRR365783
HRR365783_r2.fastq.gz,HRR365783
HRR365782_f1.fq.gz,HRR365782
HRR365782_r2.fq.gz,HRR365782
HRR365785_f1.fastq.gz,HRR365785
HRR365785_r2.fastq.gz,HRR365785
HRR365784_f1.fq.gz,HRR365784
HRR365784_r2.fq.gz,HRR365784
HRR365786_f1.fastq.gz,HRR365786
HRR365786_r2.fastq.gz,HRR365786
HRR366768_f1.fq.gz,HRR366768
HRR366768_r2.fq.gz,HRR366768
HRR365787_f1.fastq.gz,HRR365787
HRR365787_r2.fastq.gz,HRR365787
HRR365788_f1.fq.gz,HRR365788
HRR365788_r2.fq.gz,HRR365788
HRR365789_f1.fastq.gz,HRR365789
HRR365789_r2.fastq.gz,HRR365789
HRR365790_f1.fq.gz,HRR365790
HRR365790_r2.fq.gz,HRR365790
HRR365792_f1.fastq.gz,HRR365792
HRR365792_r2.fastq.gz,HRR365792
HRR365791_f1.fq.gz,HRR365791
HRR365791_r2.fq.gz,HRR365791
HRR365794_f1.fastq.gz,HRR365794
HRR365794_r2.fastq.gz,HRR365794
HRR365793_f1.fq.gz,HRR365793
HRR365793_r2.fq.gz,HRR365793
HRR365795_f1.fastq.gz,HRR365795
HRR365795_r2.fastq.gz,HRR365795
HRR365796_f1.fastq.gz,HRR365796
HRR365796_r2.fastq.gz,HRR365796
HRR365797_f1.fq.gz,HRR365797
HRR365797_r2.fq.gz,HRR365797
HRR365798_f1.fastq.gz,HRR365798
HRR365798_r2.fastq.gz,HRR365798
HRR365799_f1.fastq.gz,HRR365799
HRR365799_r2.fastq.gz,HRR365799
HRR365800_f1.fq.gz,HRR365800
HRR365800_r2.fq.gz,HRR365800
HRR365801_f1.fastq.gz,HRR365801
HRR365801_r2.fastq.gz,HRR365801
HRR365802_f1.fq.gz,HRR365802
HRR365802_r2.fq.gz,HRR365802
HRR365803_f1.fastq.gz,HRR365803
HRR365803_r2.fastq.gz,HRR365803
HRR365804_f1.fq.gz,HRR365804
HRR365804_r2.fq.gz,HRR365804
HRR365805_f1.fastq.gz,HRR365805
HRR365805_r2.fastq.gz,HRR365805
HRR365806_f1.fq.gz,HRR365806
HRR365806_r2.fq.gz,HRR365806
HRR365807_f1.fastq.gz,HRR365807
HRR365807_r2.fastq.gz,HRR365807
HRR365808_f1.fq.gz,HRR365808
HRR365808_r2.fq.gz,HRR365808
HRR365809_f1.fastq.gz,HRR365809
HRR365809_r2.fastq.gz,HRR365809
HRR365810_f1.fq.gz,HRR365810
HRR365810_r2.fq.gz,HRR365810
HRR365811_f1.fastq.gz,HRR365811
HRR365811_r2.fastq.gz,HRR365811
HRR366769_f1.fq.gz,HRR366769
HRR366769_r2.fq.gz,HRR366769
HRR365812_f1.fastq.gz,HRR365812
HRR365812_r2.fastq.gz,HRR365812
HRR365813_f1.fq.gz,HRR365813
HRR365813_r2.fq.gz,HRR365813
HRR365814_f1.fastq.gz,HRR365814
HRR365814_r2.fastq.gz,HRR365814
HRR365815_f1.fq.gz,HRR365815
HRR365815_r2.fq.gz,HRR365815
HRR365816_f1.fastq.gz,HRR365816
HRR365816_r2.fastq.gz,HRR365816
HRR365817_f1.fq.gz,HRR365817
HRR365817_r2.fq.gz,HRR365817
HRR365818_f1.fastq.gz,HRR365818
HRR365818_r2.fastq.gz,HRR365818
HRR365819_f1.fq.gz,HRR365819
HRR365819_r2.fq.gz,HRR365819
HRR365820_f1.fastq.gz,HRR365820
HRR365820_r2.fastq.gz,HRR365820
HRR365821_f1.fq.gz,HRR365821
HRR365821_r2.fq.gz,HRR365821
HRR365822_f1.fastq.gz,HRR365822
HRR365822_r2.fastq.gz,HRR365822
HRR366770_f1.fq.gz,HRR366770
HRR366770_r2.fq.gz,HRR366770
HRR365824_f1.fastq.gz,HRR365824
HRR365824_r2.fastq.gz,HRR365824
HRR365823_f1.fq.gz,HRR365823
HRR365823_r2.fq.gz,HRR365823
HRR365826_f1.fastq.gz,HRR365826
HRR365826_r2.fastq.gz,HRR365826
HRR365825_f1.fq.gz,HRR365825
HRR365825_r2.fq.gz,HRR365825
HRR365827_f1.fastq.gz,HRR365827
HRR365827_r2.fastq.gz,HRR365827
HRR365828_f1.fq.gz,HRR365828
HRR365828_r2.fq.gz,HRR365828
HRR365829_f1.fastq.gz,HRR365829
HRR365829_r2.fastq.gz,HRR365829
HRR365830_f1.fastq.gz,HRR365830
HRR365830_r2.fastq.gz,HRR365830
HRR366771_f1.fq.gz,HRR366771
HRR366771_r2.fq.gz,HRR366771
HRR365831_f1.fastq.gz,HRR365831
HRR365831_r2.fastq.gz,HRR365831
HRR365832_f1.fq.gz,HRR365832
HRR365832_r2.fq.gz,HRR365832
HRR365835_f1.fastq.gz,HRR365835
HRR365835_r2.fastq.gz,HRR365835
HRR366772_f1.fq.gz,HRR366772
HRR366772_r2.fq.gz,HRR366772
HRR365836_f1.fastq.gz,HRR365836
HRR365836_r2.fastq.gz,HRR365836
HRR365837_f1.fastq.gz,HRR365837
HRR365837_r2.fastq.gz,HRR365837
HRR365833_f1.fastq.gz,HRR365833
HRR365833_r2.fastq.gz,HRR365833
HRR365834_f1.fastq.gz,HRR365834
HRR365834_r2.fastq.gz,HRR365834
HRR365838_f1.fastq.gz,HRR365838
HRR365838_r2.fastq.gz,HRR365838
HRR365839_f1.fq.gz,HRR365839
HRR365839_r2.fq.gz,HRR365839
HRR365840_f1.fastq.gz,HRR365840
HRR365840_r2.fastq.gz,HRR365840
HRR365841_f1.fq.gz,HRR365841
HRR365841_r2.fq.gz,HRR365841
HRR365842_f1.fastq.gz,HRR365842
HRR365842_r2.fastq.gz,HRR365842
HRR365843_f1.fq.gz,HRR365843
HRR365843_r2.fq.gz,HRR365843
HRR365844_f1.fastq.gz,HRR365844
HRR365844_r2.fastq.gz,HRR365844
HRR365845_f1.fq.gz,HRR365845
HRR365845_r2.fq.gz,HRR365845
HRR365846_f1.fastq.gz,HRR365846
HRR365846_r2.fastq.gz,HRR365846
HRR366773_f1.fq.gz,HRR366773
HRR366773_r2.fq.gz,HRR366773
HRR365847_f1.fastq.gz,HRR365847
HRR365847_r2.fastq.gz,HRR365847
HRR365848_f1.fq.gz,HRR365848
HRR365848_r2.fq.gz,HRR365848
HRR365849_f1.fastq.gz,HRR365849
HRR365849_r2.fastq.gz,HRR365849
HRR365850_f1.fq.gz,HRR365850
HRR365850_r2.fq.gz,HRR365850
HRR365851_f1.fastq.gz,HRR365851
HRR365851_r2.fastq.gz,HRR365851
HRR365852_f1.fq.gz,HRR365852
HRR365852_r2.fq.gz,HRR365852
HRR365854_f1.fastq.gz,HRR365854
HRR365854_r2.fastq.gz,HRR365854
HRR365853_f1.fq.gz,HRR365853
HRR365853_r2.fq.gz,HRR365853
HRR365855_f1.fastq.gz,HRR365855
HRR365855_r2.fastq.gz,HRR365855
HRR366774_f1.fq.gz,HRR366774
HRR366774_r2.fq.gz,HRR366774
HRR365856_f1.fastq.gz,HRR365856
HRR365856_r2.fastq.gz,HRR365856
HRR366775_f1.fq.gz,HRR366775
HRR366775_r2.fq.gz,HRR366775
HRR365857_f1.fastq.gz,HRR365857
HRR365857_r2.fastq.gz,HRR365857
HRR365858_f1.fq.gz,HRR365858
HRR365858_r2.fq.gz,HRR365858
HRR365859_f1.fastq.gz,HRR365859
HRR365859_r2.fastq.gz,HRR365859
HRR365860_f1.fq.gz,HRR365860
HRR365860_r2.fq.gz,HRR365860
HRR365861_f1.fastq.gz,HRR365861
HRR365861_r2.fastq.gz,HRR365861
HRR365862_f1.fastq.gz,HRR365862
HRR365862_r2.fastq.gz,HRR365862
HRR365863_f1.fastq.gz,HRR365863
HRR365863_r2.fastq.gz,HRR365863
HRR365864_f1.fq.gz,HRR365864
HRR365864_r2.fq.gz,HRR365864
HRR365865_f1.fastq.gz,HRR365865
HRR365865_r2.fastq.gz,HRR365865
HRR365866_f1.fq.gz,HRR365866
HRR365866_r2.fq.gz,HRR365866
HRR365867_f1.fastq.gz,HRR365867
HRR365867_r2.fastq.gz,HRR365867
HRR365868_f1.fq.gz,HRR365868
HRR365868_r2.fq.gz,HRR365868
HRR365869_f1.fastq.gz,HRR365869
HRR365869_r2.fastq.gz,HRR365869
HRR365870_f1.fq.gz,HRR365870
HRR365870_r2.fq.gz,HRR365870
HRR365871_f1.fastq.gz,HRR365871
HRR365871_r2.fastq.gz,HRR365871
HRR365872_f1.fq.gz,HRR365872
HRR365872_r2.fq.gz,HRR365872
HRR365873_f1.fastq.gz,HRR365873
HRR365873_r2.fastq.gz,HRR365873
HRR366776_f1.fq.gz,HRR366776
HRR366776_r2.fq.gz,HRR366776
HRR365874_f1.fastq.gz,HRR365874
HRR365874_r2.fastq.gz,HRR365874
HRR365875_f1.fastq.gz,HRR365875
HRR365875_r2.fastq.gz,HRR365875
HRR365876_f1.fastq.gz,HRR365876
HRR365876_r2.fastq.gz,HRR365876
HRR365877_f1.fastq.gz,HRR365877
HRR365877_r2.fastq.gz,HRR365877
HRR365878_f1.fastq.gz,HRR365878
HRR365878_r2.fastq.gz,HRR365878
HRR365879_f1.fastq.gz,HRR365879
HRR365879_r2.fastq.gz,HRR365879
HRR365880_f1.fq.gz,HRR365880
HRR365880_r2.fq.gz,HRR365880
HRR365881_f1.fastq.gz,HRR365881
HRR365881_r2.fastq.gz,HRR365881
HRR366777_f1.fq.gz,HRR366777
HRR366777_r2.fq.gz,HRR366777
HRR365882_f1.fastq.gz,HRR365882
HRR365882_r2.fastq.gz,HRR365882
HRR365883_f1.fastq.gz,HRR365883
HRR365883_r2.fastq.gz,HRR365883
HRR365884_f1.fastq.gz,HRR365884
HRR365884_r2.fastq.gz,HRR365884
HRR365885_f1.fastq.gz,HRR365885
HRR365885_r2.fastq.gz,HRR365885
HRR365886_f1.fastq.gz,HRR365886
HRR365886_r2.fastq.gz,HRR365886
HRR365887_f1.fq.gz,HRR365887
HRR365887_r2.fq.gz,HRR365887
HRR365888_f1.fastq.gz,HRR365888
HRR365888_r2.fastq.gz,HRR365888
HRR365889_f1.fq.gz,HRR365889
HRR365889_r2.fq.gz,HRR365889
HRR365890_f1.fastq.gz,HRR365890
HRR365890_r2.fastq.gz,HRR365890
HRR365891_f1.fq.gz,HRR365891
HRR365891_r2.fq.gz,HRR365891
HRR365892_f1.fastq.gz,HRR365892
HRR365892_r2.fastq.gz,HRR365892
HRR365893_f1.fq.gz,HRR365893
HRR365893_r2.fq.gz,HRR365893
HRR365894_f1.fastq.gz,HRR365894
HRR365894_r2.fastq.gz,HRR365894
HRR366778_f1.fq.gz,HRR366778
HRR366778_r2.fq.gz,HRR366778
HRR365895_f1.fastq.gz,HRR365895
HRR365895_r2.fastq.gz,HRR365895
HRR365896_f1.fq.gz,HRR365896
HRR365896_r2.fq.gz,HRR365896
HRR365897_f1.fastq.gz,HRR365897
HRR365897_r2.fastq.gz,HRR365897
HRR365898_f1.fastq.gz,HRR365898
HRR365898_r2.fastq.gz,HRR365898
HRR365899_f1.fq.gz,HRR365899
HRR365899_r2.fq.gz,HRR365899
HRR365900_f1.fastq.gz,HRR365900
HRR365900_r2.fastq.gz,HRR365900
HRR365901_f1.fastq.gz,HRR365901
HRR365901_r2.fastq.gz,HRR365901
HRR365902_f1.fq.gz,HRR365902
HRR365902_r2.fq.gz,HRR365902
HRR365903_f1.fastq.gz,HRR365903
HRR365903_r2.fastq.gz,HRR365903
HRR365904_f1.fastq.gz,HRR365904
HRR365904_r2.fastq.gz,HRR365904
HRR365905_f1.fq.gz,HRR365905
HRR365905_r2.fq.gz,HRR365905
HRR365906_f1.fastq.gz,HRR365906
HRR365906_r2.fastq.gz,HRR365906
HRR365907_f1.fq.gz,HRR365907
HRR365907_r2.fq.gz,HRR365907
HRR365908_f1.fastq.gz,HRR365908
HRR365908_r2.fastq.gz,HRR365908
HRR365909_f1.fq.gz,HRR365909
HRR365909_r2.fq.gz,HRR365909
HRR365910_f1.fastq.gz,HRR365910
HRR365910_r2.fastq.gz,HRR365910
HRR366779_f1.fq.gz,HRR366779
HRR366779_r2.fq.gz,HRR366779
HRR365911_f1.fastq.gz,HRR365911
HRR365911_r2.fastq.gz,HRR365911
HRR365912_f1.fq.gz,HRR365912
HRR365912_r2.fq.gz,HRR365912
HRR365913_f1.fastq.gz,HRR365913
HRR365913_r2.fastq.gz,HRR365913
HRR365914_f1.fq.gz,HRR365914
HRR365914_r2.fq.gz,HRR365914
HRR365915_f1.fastq.gz,HRR365915
HRR365915_r2.fastq.gz,HRR365915
HRR365916_f1.fq.gz,HRR365916
HRR365916_r2.fq.gz,HRR365916
HRR365917_f1.fastq.gz,HRR365917
HRR365917_r2.fastq.gz,HRR365917
HRR365918_f1.fq.gz,HRR365918
HRR365918_r2.fq.gz,HRR365918
HRR365919_f1.fastq.gz,HRR365919
HRR365919_r2.fastq.gz,HRR365919
HRR365920_f1.fq.gz,HRR365920
HRR365920_r2.fq.gz,HRR365920
HRR365921_f1.fastq.gz,HRR365921
HRR365921_r2.fastq.gz,HRR365921
HRR365922_f1.fq.gz,HRR365922
HRR365922_r2.fq.gz,HRR365922
HRR365923_f1.fastq.gz,HRR365923
HRR365923_r2.fastq.gz,HRR365923
HRR365924_f1.fq.gz,HRR365924
HRR365924_r2.fq.gz,HRR365924
HRR365925_f1.fastq.gz,HRR365925
HRR365925_r2.fastq.gz,HRR365925
HRR365926_f1.fastq.gz,HRR365926
HRR365926_r2.fastq.gz,HRR365926
HRR365927_f1.fastq.gz,HRR365927
HRR365927_r2.fastq.gz,HRR365927
HRR365928_f1.fq.gz,HRR365928
HRR365928_r2.fq.gz,HRR365928
HRR365929_f1.fq.gz,HRR365929
HRR365929_r2.fq.gz,HRR365929
HRR365930_f1.fastq.gz,HRR365930
HRR365930_r2.fastq.gz,HRR365930
HRR365931_f1.fq.gz,HRR365931
HRR365931_r2.fq.gz,HRR365931
HRR365932_f1.fastq.gz,HRR365932
HRR365932_r2.fastq.gz,HRR365932
HRR365933_f1.fastq.gz,HRR365933
HRR365933_r2.fastq.gz,HRR365933
HRR365934_f1.fq.gz,HRR365934
HRR365934_r2.fq.gz,HRR365934
HRR365935_f1.fastq.gz,HRR365935
HRR365935_r2.fastq.gz,HRR365935
HRR365936_f1.fq.gz,HRR365936
HRR365936_r2.fq.gz,HRR365936
HRR365937_f1.fastq.gz,HRR365937
HRR365937_r2.fastq.gz,HRR365937
HRR365938_f1.fastq.gz,HRR365938
HRR365938_r2.fastq.gz,HRR365938
HRR366780_f1.fq.gz,HRR366780
HRR366780_r2.fq.gz,HRR366780
HRR365939_f1.fastq.gz,HRR365939
HRR365939_r2.fastq.gz,HRR365939
HRR365940_f1.fq.gz,HRR365940
HRR365940_r2.fq.gz,HRR365940
HRR365941_f1.fastq.gz,HRR365941
HRR365941_r2.fastq.gz,HRR365941
HRR365942_f1.fq.gz,HRR365942
HRR365942_r2.fq.gz,HRR365942
HRR365943_f1.fastq.gz,HRR365943
HRR365943_r2.fastq.gz,HRR365943
HRR365944_f1.fq.gz,HRR365944
HRR365944_r2.fq.gz,HRR365944
HRR365945_f1.fastq.gz,HRR365945
HRR365945_r2.fastq.gz,HRR365945
HRR365946_f1.fastq.gz,HRR365946
HRR365946_r2.fastq.gz,HRR365946
HRR365947_f1.fq.gz,HRR365947
HRR365947_r2.fq.gz,HRR365947
HRR365948_f1.fastq.gz,HRR365948
HRR365948_r2.fastq.gz,HRR365948
HRR365949_f1.fq.gz,HRR365949
HRR365949_r2.fq.gz,HRR365949
HRR365951_f1.fastq.gz,HRR365951
HRR365951_r2.fastq.gz,HRR365951
HRR365950_f1.fq.gz,HRR365950
HRR365950_r2.fq.gz,HRR365950
HRR365953_f1.fastq.gz,HRR365953
HRR365953_r2.fastq.gz,HRR365953
HRR365952_f1.fq.gz,HRR365952
HRR365952_r2.fq.gz,HRR365952
HRR365955_f1.fastq.gz,HRR365955
HRR365955_r2.fastq.gz,HRR365955
HRR365954_f1.fq.gz,HRR365954
HRR365954_r2.fq.gz,HRR365954
HRR365957_f1.fastq.gz,HRR365957
HRR365957_r2.fastq.gz,HRR365957
HRR365956_f1.fq.gz,HRR365956
HRR365956_r2.fq.gz,HRR365956
HRR365958_f1.fastq.gz,HRR365958
HRR365958_r2.fastq.gz,HRR365958
HRR365960_f1.fastq.gz,HRR365960
HRR365960_r2.fastq.gz,HRR365960
HRR365959_f1.fq.gz,HRR365959
HRR365959_r2.fq.gz,HRR365959
HRR365961_f1.fastq.gz,HRR365961
HRR365961_r2.fastq.gz,HRR365961
HRR366781_f1.fq.gz,HRR366781
HRR366781_r2.fq.gz,HRR366781
HRR365962_f1.fastq.gz,HRR365962
HRR365962_r2.fastq.gz,HRR365962
HRR365963_f1.fq.gz,HRR365963
HRR365963_r2.fq.gz,HRR365963
HRR365965_f1.fastq.gz,HRR365965
HRR365965_r2.fastq.gz,HRR365965
HRR365964_f1.fq.gz,HRR365964
HRR365964_r2.fq.gz,HRR365964
HRR365966_f1.fastq.gz,HRR365966
HRR365966_r2.fastq.gz,HRR365966
HRR366782_f1.fq.gz,HRR366782
HRR366782_r2.fq.gz,HRR366782
HRR365967_f1.fastq.gz,HRR365967
HRR365967_r2.fastq.gz,HRR365967
HRR365968_f1.fq.gz,HRR365968
HRR365968_r2.fq.gz,HRR365968
HRR365970_f1.fastq.gz,HRR365970
HRR365970_r2.fastq.gz,HRR365970
HRR365969_f1.fq.gz,HRR365969
HRR365969_r2.fq.gz,HRR365969
HRR365971_f1.fastq.gz,HRR365971
HRR365971_r2.fastq.gz,HRR365971
HRR366783_f1.fq.gz,HRR366783
HRR366783_r2.fq.gz,HRR366783
HRR365972_f1.fastq.gz,HRR365972
HRR365972_r2.fastq.gz,HRR365972
HRR365973_f1.fq.gz,HRR365973
HRR365973_r2.fq.gz,HRR365973
HRR365974_f1.fastq.gz,HRR365974
HRR365974_r2.fastq.gz,HRR365974
HRR366784_f1.fq.gz,HRR366784
HRR366784_r2.fq.gz,HRR366784
HRR365976_f1.fastq.gz,HRR365976
HRR365976_r2.fastq.gz,HRR365976
HRR365975_f1.fq.gz,HRR365975
HRR365975_r2.fq.gz,HRR365975
HRR365978_f1.fastq.gz,HRR365978
HRR365978_r2.fastq.gz,HRR365978
HRR365977_f1.fq.gz,HRR365977
HRR365977_r2.fq.gz,HRR365977
HRR365979_f1.fastq.gz,HRR365979
HRR365979_r2.fastq.gz,HRR365979
HRR365980_f1.fq.gz,HRR365980
HRR365980_r2.fq.gz,HRR365980
HRR365981_f1.fastq.gz,HRR365981
HRR365981_r2.fastq.gz,HRR365981
HRR365982_f1.fq.gz,HRR365982
HRR365982_r2.fq.gz,HRR365982
HRR365984_f1.fastq.gz,HRR365984
HRR365984_r2.fastq.gz,HRR365984
HRR365983_f1.fq.gz,HRR365983
HRR365983_r2.fq.gz,HRR365983
HRR365985_f1.fastq.gz,HRR365985
HRR365985_r2.fastq.gz,HRR365985
HRR366785_f1.fq.gz,HRR366785
HRR366785_r2.fq.gz,HRR366785
HRR365987_f1.fastq.gz,HRR365987
HRR365987_r2.fastq.gz,HRR365987
HRR365986_f1.fq.gz,HRR365986
HRR365986_r2.fq.gz,HRR365986
HRR365989_f1.fastq.gz,HRR365989
HRR365989_r2.fastq.gz,HRR365989
HRR365988_f1.fq.gz,HRR365988
HRR365988_r2.fq.gz,HRR365988
HRR365990_f1.fastq.gz,HRR365990
HRR365990_r2.fastq.gz,HRR365990
HRR365991_f1.fastq.gz,HRR365991
HRR365991_r2.fastq.gz,HRR365991
HRR365993_f1.fastq.gz,HRR365993
HRR365993_r2.fastq.gz,HRR365993
HRR365992_f1.fq.gz,HRR365992
HRR365992_r2.fq.gz,HRR365992
HRR365995_f1.fastq.gz,HRR365995
HRR365995_r2.fastq.gz,HRR365995
HRR365994_f1.fq.gz,HRR365994
HRR365994_r2.fq.gz,HRR365994
HRR365996_f1.fastq.gz,HRR365996
HRR365996_r2.fastq.gz,HRR365996
HRR365998_f1.fastq.gz,HRR365998
HRR365998_r2.fastq.gz,HRR365998
HRR365997_f1.fq.gz,HRR365997
HRR365997_r2.fq.gz,HRR365997
HRR366000_f1.fastq.gz,HRR366000
HRR366000_r2.fastq.gz,HRR366000
HRR365999_f1.fq.gz,HRR365999
HRR365999_r2.fq.gz,HRR365999
HRR366002_f1.fastq.gz,HRR366002
HRR366002_r2.fastq.gz,HRR366002
HRR366001_f1.fq.gz,HRR366001
HRR366001_r2.fq.gz,HRR366001
HRR366003_f1.fastq.gz,HRR366003
HRR366003_r2.fastq.gz,HRR366003
HRR366005_f1.fastq.gz,HRR366005
HRR366005_r2.fastq.gz,HRR366005
HRR366004_f1.fq.gz,HRR366004
HRR366004_r2.fq.gz,HRR366004
HRR366007_f1.fastq.gz,HRR366007
HRR366007_r2.fastq.gz,HRR366007
HRR366006_f1.fq.gz,HRR366006
HRR366006_r2.fq.gz,HRR366006
HRR366009_f1.fastq.gz,HRR366009
HRR366009_r2.fastq.gz,HRR366009
HRR366008_f1.fq.gz,HRR366008
HRR366008_r2.fq.gz,HRR366008
HRR366011_f1.fastq.gz,HRR366011
HRR366011_r2.fastq.gz,HRR366011
HRR366010_f1.fq.gz,HRR366010
HRR366010_r2.fq.gz,HRR366010
HRR366013_f1.fastq.gz,HRR366013
HRR366013_r2.fastq.gz,HRR366013
HRR366012_f1.fq.gz,HRR366012
HRR366012_r2.fq.gz,HRR366012
HRR366014_f1.fastq.gz,HRR366014
HRR366014_r2.fastq.gz,HRR366014
HRR366016_f1.fastq.gz,HRR366016
HRR366016_r2.fastq.gz,HRR366016
HRR366015_f1.fq.gz,HRR366015
HRR366015_r2.fq.gz,HRR366015
HRR366018_f1.fastq.gz,HRR366018
HRR366018_r2.fastq.gz,HRR366018
HRR366017_f1.fq.gz,HRR366017
HRR366017_r2.fq.gz,HRR366017
HRR366019_f1.fastq.gz,HRR366019
HRR366019_r2.fastq.gz,HRR366019
HRR366020_f1.fastq.gz,HRR366020
HRR366020_r2.fastq.gz,HRR366020
HRR366022_f1.fastq.gz,HRR366022
HRR366022_r2.fastq.gz,HRR366022
HRR366021_f1.fq.gz,HRR366021
HRR366021_r2.fq.gz,HRR366021
HRR366023_f1.fastq.gz,HRR366023
HRR366023_r2.fastq.gz,HRR366023
HRR366024_f1.fq.gz,HRR366024
HRR366024_r2.fq.gz,HRR366024
HRR366025_f1.fastq.gz,HRR366025
HRR366025_r2.fastq.gz,HRR366025
HRR366026_f1.fastq.gz,HRR366026
HRR366026_r2.fastq.gz,HRR366026
HRR366027_f1.fastq.gz,HRR366027
HRR366027_r2.fastq.gz,HRR366027
HRR366028_f1.fastq.gz,HRR366028
HRR366028_r2.fastq.gz,HRR366028
HRR366029_f1.fastq.gz,HRR366029
HRR366029_r2.fastq.gz,HRR366029
HRR366030_f1.fastq.gz,HRR366030
HRR366030_r2.fastq.gz,HRR366030
HRR366031_f1.fq.gz,HRR366031
HRR366031_r2.fq.gz,HRR366031
HRR366033_f1.fastq.gz,HRR366033
HRR366033_r2.fastq.gz,HRR366033
HRR366032_f1.fq.gz,HRR366032
HRR366032_r2.fq.gz,HRR366032
HRR366034_f1.fastq.gz,HRR366034
HRR366034_r2.fastq.gz,HRR366034
HRR366035_f1.fastq.gz,HRR366035
HRR366035_r2.fastq.gz,HRR366035
HRR366036_f1.fastq.gz,HRR366036
HRR366036_r2.fastq.gz,HRR366036
HRR366037_f1.fastq.gz,HRR366037
HRR366037_r2.fastq.gz,HRR366037
HRR366038_f1.fq.gz,HRR366038
HRR366038_r2.fq.gz,HRR366038
HRR366039_f1.fastq.gz,HRR366039
HRR366039_r2.fastq.gz,HRR366039
HRR366041_f1.fastq.gz,HRR366041
HRR366041_r2.fastq.gz,HRR366041
HRR366040_f1.fq.gz,HRR366040
HRR366040_r2.fq.gz,HRR366040
HRR366042_f1.fastq.gz,HRR366042
HRR366042_r2.fastq.gz,HRR366042
HRR366043_f1.fastq.gz,HRR366043
HRR366043_r2.fastq.gz,HRR366043
HRR366044_f1.fastq.gz,HRR366044
HRR366044_r2.fastq.gz,HRR366044
HRR366045_f1.fastq.gz,HRR366045
HRR366045_r2.fastq.gz,HRR366045
HRR366046_f1.fastq.gz,HRR366046
HRR366046_r2.fastq.gz,HRR366046
HRR366047_f1.fq.gz,HRR366047
HRR366047_r2.fq.gz,HRR366047
HRR366048_f1.fastq.gz,HRR366048
HRR366048_r2.fastq.gz,HRR366048
HRR366049_f1.fastq.gz,HRR366049
HRR366049_r2.fastq.gz,HRR366049
HRR366050_f1.fastq.gz,HRR366050
HRR366050_r2.fastq.gz,HRR366050
HRR366051_f1.fq.gz,HRR366051
HRR366051_r2.fq.gz,HRR366051
HRR366052_f1.fastq.gz,HRR366052
HRR366052_r2.fastq.gz,HRR366052
HRR366053_f1.fq.gz,HRR366053
HRR366053_r2.fq.gz,HRR366053
HRR366055_f1.fastq.gz,HRR366055
HRR366055_r2.fastq.gz,HRR366055
HRR366054_f1.fq.gz,HRR366054
HRR366054_r2.fq.gz,HRR366054
HRR366056_f1.fastq.gz,HRR366056
HRR366056_r2.fastq.gz,HRR366056
HRR366786_f1.fq.gz,HRR366786
HRR366786_r2.fq.gz,HRR366786
HRR366058_f1.fastq.gz,HRR366058
HRR366058_r2.fastq.gz,HRR366058
HRR366057_f1.fq.gz,HRR366057
HRR366057_r2.fq.gz,HRR366057
HRR366059_f1.fastq.gz,HRR366059
HRR366059_r2.fastq.gz,HRR366059
HRR366060_f1.fq.gz,HRR366060
HRR366060_r2.fq.gz,HRR366060
HRR366061_f1.fastq.gz,HRR366061
HRR366061_r2.fastq.gz,HRR366061
HRR366062_f1.fastq.gz,HRR366062
HRR366062_r2.fastq.gz,HRR366062
HRR366063_f1.fastq.gz,HRR366063
HRR366063_r2.fastq.gz,HRR366063
HRR366064_f1.fastq.gz,HRR366064
HRR366064_r2.fastq.gz,HRR366064
HRR366787_f1.fq.gz,HRR366787
HRR366787_r2.fq.gz,HRR366787
HRR366065_f1.fastq.gz,HRR366065
HRR366065_r2.fastq.gz,HRR366065
HRR366788_f1.fq.gz,HRR366788
HRR366788_r2.fq.gz,HRR366788
HRR366066_f1.fastq.gz,HRR366066
HRR366066_r2.fastq.gz,HRR366066
HRR366067_f1.fq.gz,HRR366067
HRR366067_r2.fq.gz,HRR366067
HRR366068_f1.fastq.gz,HRR366068
HRR366068_r2.fastq.gz,HRR366068
HRR366069_f1.fastq.gz,HRR366069
HRR366069_r2.fastq.gz,HRR366069
HRR366070_f1.fastq.gz,HRR366070
HRR366070_r2.fastq.gz,HRR366070
HRR366071_f1.fastq.gz,HRR366071
HRR366071_r2.fastq.gz,HRR366071
HRR366072_f1.fastq.gz,HRR366072
HRR366072_r2.fastq.gz,HRR366072
HRR366789_f1.fq.gz,HRR366789
HRR366789_r2.fq.gz,HRR366789
HRR366074_f1.fastq.gz,HRR366074
HRR366074_r2.fastq.gz,HRR366074
HRR366073_f1.fq.gz,HRR366073
HRR366073_r2.fq.gz,HRR366073
HRR366075_f1.fastq.gz,HRR366075
HRR366075_r2.fastq.gz,HRR366075
HRR366076_f1.fq.gz,HRR366076
HRR366076_r2.fq.gz,HRR366076
HRR366077_f1.fastq.gz,HRR366077
HRR366077_r2.fastq.gz,HRR366077
HRR366790_f1.fq.gz,HRR366790
HRR366790_r2.fq.gz,HRR366790
HRR366079_f1.fastq.gz,HRR366079
HRR366079_r2.fastq.gz,HRR366079
HRR366078_f1.fq.gz,HRR366078
HRR366078_r2.fq.gz,HRR366078
HRR366081_f1.fastq.gz,HRR366081
HRR366081_r2.fastq.gz,HRR366081
HRR366080_f1.fq.gz,HRR366080
HRR366080_r2.fq.gz,HRR366080
HRR366083_f1.fastq.gz,HRR366083
HRR366083_r2.fastq.gz,HRR366083
HRR366082_f1.fq.gz,HRR366082
HRR366082_r2.fq.gz,HRR366082
HRR366084_f1.fastq.gz,HRR366084
HRR366084_r2.fastq.gz,HRR366084
HRR366086_f1.fastq.gz,HRR366086
HRR366086_r2.fastq.gz,HRR366086
HRR366085_f1.fq.gz,HRR366085
HRR366085_r2.fq.gz,HRR366085
HRR366088_f1.fastq.gz,HRR366088
HRR366088_r2.fastq.gz,HRR366088
HRR366087_f1.fq.gz,HRR366087
HRR366087_r2.fq.gz,HRR366087
HRR366089_f1.fastq.gz,HRR366089
HRR366089_r2.fastq.gz,HRR366089
HRR366090_f1.fastq.gz,HRR366090
HRR366090_r2.fastq.gz,HRR366090
HRR366791_f1.fq.gz,HRR366791
HRR366791_r2.fq.gz,HRR366791
HRR366092_f1.fastq.gz,HRR366092
HRR366092_r2.fastq.gz,HRR366092
HRR366091_f1.fq.gz,HRR366091
HRR366091_r2.fq.gz,HRR366091
HRR366093_f1.fastq.gz,HRR366093
HRR366093_r2.fastq.gz,HRR366093
HRR366792_f1.fq.gz,HRR366792
HRR366792_r2.fq.gz,HRR366792
HRR366094_f1.fastq.gz,HRR366094
HRR366094_r2.fastq.gz,HRR366094
HRR366095_f1.fq.gz,HRR366095
HRR366095_r2.fq.gz,HRR366095
HRR366096_f1.fastq.gz,HRR366096
HRR366096_r2.fastq.gz,HRR366096
HRR366097_f1.fq.gz,HRR366097
HRR366097_r2.fq.gz,HRR366097
HRR366099_f1.fastq.gz,HRR366099
HRR366099_r2.fastq.gz,HRR366099
HRR366098_f1.fq.gz,HRR366098
HRR366098_r2.fq.gz,HRR366098
HRR366100_f1.fastq.gz,HRR366100
HRR366100_r2.fastq.gz,HRR366100
HRR366793_f1.fq.gz,HRR366793
HRR366793_r2.fq.gz,HRR366793
HRR366101_f1.fastq.gz,HRR366101
HRR366101_r2.fastq.gz,HRR366101
HRR366103_f1.fastq.gz,HRR366103
HRR366103_r2.fastq.gz,HRR366103
HRR366102_f1.fq.gz,HRR366102
HRR366102_r2.fq.gz,HRR366102
HRR366105_f1.fastq.gz,HRR366105
HRR366105_r2.fastq.gz,HRR366105
HRR366104_f1.fq.gz,HRR366104
HRR366104_r2.fq.gz,HRR366104
HRR366106_f1.fastq.gz,HRR366106
HRR366106_r2.fastq.gz,HRR366106
HRR366107_f1.fq.gz,HRR366107
HRR366107_r2.fq.gz,HRR366107
HRR366109_f1.fastq.gz,HRR366109
HRR366109_r2.fastq.gz,HRR366109
HRR366108_f1.fq.gz,HRR366108
HRR366108_r2.fq.gz,HRR366108
HRR366110_f1.fq.gz,HRR366110
HRR366110_r2.fq.gz,HRR366110
HRR366111_f1.fastq.gz,HRR366111
HRR366111_r2.fastq.gz,HRR366111
HRR366113_f1.fastq.gz,HRR366113
HRR366113_r2.fastq.gz,HRR366113
HRR366112_f1.fq.gz,HRR366112
HRR366112_r2.fq.gz,HRR366112
HRR366170_f1.fastq.gz,HRR366170
HRR366170_r2.fastq.gz,HRR366170
HRR366171_f1.fastq.gz,HRR366171
HRR366171_r2.fastq.gz,HRR366171
HRR366172_f1.fq.gz,HRR366172
HRR366172_r2.fq.gz,HRR366172
HRR366189_f1.fastq.gz,HRR366189
HRR366189_r2.fastq.gz,HRR366189
HRR366191_f1.fastq.gz,HRR366191
HRR366191_r2.fastq.gz,HRR366191
HRR366190_f1.fq.gz,HRR366190
HRR366190_r2.fq.gz,HRR366190
HRR366192_f1.fastq.gz,HRR366192
HRR366192_r2.fastq.gz,HRR366192
HRR366194_f1.fastq.gz,HRR366194
HRR366194_r2.fastq.gz,HRR366194
HRR366193_f1.fq.gz,HRR366193
HRR366193_r2.fq.gz,HRR366193
HRR366195_f1.fastq.gz,HRR366195
HRR366195_r2.fastq.gz,HRR366195
HRR366196_f1.fastq.gz,HRR366196
HRR366196_r2.fastq.gz,HRR366196
HRR366197_f1.fq.gz,HRR366197
HRR366197_r2.fq.gz,HRR366197
HRR366198_f1.fastq.gz,HRR366198
HRR366198_r2.fastq.gz,HRR366198
HRR366200_f1.fastq.gz,HRR366200
HRR366200_r2.fastq.gz,HRR366200
HRR366199_f1.fq.gz,HRR366199
HRR366199_r2.fq.gz,HRR366199
HRR366201_f1.fastq.gz,HRR366201
HRR366201_r2.fastq.gz,HRR366201
HRR366203_f1.fastq.gz,HRR366203
HRR366203_r2.fastq.gz,HRR366203
HRR366202_f1.fq.gz,HRR366202
HRR366202_r2.fq.gz,HRR366202
HRR366204_f1.fastq.gz,HRR366204
HRR366204_r2.fastq.gz,HRR366204
HRR366205_f1.fastq.gz,HRR366205
HRR366205_r2.fastq.gz,HRR366205
HRR366206_f1.fq.gz,HRR366206
HRR366206_r2.fq.gz,HRR366206
HRR366207_f1.fastq.gz,HRR366207
HRR366207_r2.fastq.gz,HRR366207
HRR366209_f1.fastq.gz,HRR366209
HRR366209_r2.fastq.gz,HRR366209
HRR366208_f1.fq.gz,HRR366208
HRR366208_r2.fq.gz,HRR366208
HRR366210_f1.fastq.gz,HRR366210
HRR366210_r2.fastq.gz,HRR366210
HRR366211_f1.fastq.gz,HRR366211
HRR366211_r2.fastq.gz,HRR366211
HRR366212_f1.fq.gz,HRR366212
HRR366212_r2.fq.gz,HRR366212
HRR366213_f1.fastq.gz,HRR366213
HRR366213_r2.fastq.gz,HRR366213
HRR366214_f1.fastq.gz,HRR366214
HRR366214_r2.fastq.gz,HRR366214
HRR366215_f1.fq.gz,HRR366215
HRR366215_r2.fq.gz,HRR366215
HRR366216_f1.fastq.gz,HRR366216
HRR366216_r2.fastq.gz,HRR366216
HRR366217_f1.fastq.gz,HRR366217
HRR366217_r2.fastq.gz,HRR366217
HRR366218_f1.fq.gz,HRR366218
HRR366218_r2.fq.gz,HRR366218
HRR366219_f1.fastq.gz,HRR366219
HRR366219_r2.fastq.gz,HRR366219
HRR366220_f1.fastq.gz,HRR366220
HRR366220_r2.fastq.gz,HRR366220
HRR366221_f1.fq.gz,HRR366221
HRR366221_r2.fq.gz,HRR366221
HRR366222_f1.fastq.gz,HRR366222
HRR366222_r2.fastq.gz,HRR366222
HRR366223_f1.fastq.gz,HRR366223
HRR366223_r2.fastq.gz,HRR366223
HRR366224_f1.fq.gz,HRR366224
HRR366224_r2.fq.gz,HRR366224
HRR366225_f1.fastq.gz,HRR366225
HRR366225_r2.fastq.gz,HRR366225
HRR366226_f1.fastq.gz,HRR366226
HRR366226_r2.fastq.gz,HRR366226
HRR366227_f1.fq.gz,HRR366227
HRR366227_r2.fq.gz,HRR366227
HRR366228_f1.fastq.gz,HRR366228
HRR366228_r2.fastq.gz,HRR366228
HRR366229_f1.fastq.gz,HRR366229
HRR366229_r2.fastq.gz,HRR366229
HRR366230_f1.fq.gz,HRR366230
HRR366230_r2.fq.gz,HRR366230
HRR366231_f1.fastq.gz,HRR366231
HRR366231_r2.fastq.gz,HRR366231
HRR366232_f1.fastq.gz,HRR366232
HRR366232_r2.fastq.gz,HRR366232
HRR366233_f1.fq.gz,HRR366233
HRR366233_r2.fq.gz,HRR366233
HRR366234_f1.fastq.gz,HRR366234
HRR366234_r2.fastq.gz,HRR366234
HRR366235_f1.fastq.gz,HRR366235
HRR366235_r2.fastq.gz,HRR366235
HRR366236_f1.fq.gz,HRR366236
HRR366236_r2.fq.gz,HRR366236
HRR366237_f1.fastq.gz,HRR366237
HRR366237_r2.fastq.gz,HRR366237
HRR366238_f1.fastq.gz,HRR366238
HRR366238_r2.fastq.gz,HRR366238
HRR366239_f1.fq.gz,HRR366239
HRR366239_r2.fq.gz,HRR366239
HRR366240_f1.fastq.gz,HRR366240
HRR366240_r2.fastq.gz,HRR366240
HRR366241_f1.fastq.gz,HRR366241
HRR366241_r2.fastq.gz,HRR366241
HRR366242_f1.fq.gz,HRR366242
HRR366242_r2.fq.gz,HRR366242
HRR366243_f1.fastq.gz,HRR366243
HRR366243_r2.fastq.gz,HRR366243
HRR366244_f1.fastq.gz,HRR366244
HRR366244_r2.fastq.gz,HRR366244
HRR366245_f1.fq.gz,HRR366245
HRR366245_r2.fq.gz,HRR366245
HRR366246_f1.fastq.gz,HRR366246
HRR366246_r2.fastq.gz,HRR366246
HRR366247_f1.fastq.gz,HRR366247
HRR366247_r2.fastq.gz,HRR366247
HRR366248_f1.fq.gz,HRR366248
HRR366248_r2.fq.gz,HRR366248
HRR366249_f1.fastq.gz,HRR366249
HRR366249_r2.fastq.gz,HRR366249
HRR366250_f1.fastq.gz,HRR366250
HRR366250_r2.fastq.gz,HRR366250
HRR366251_f1.fq.gz,HRR366251
HRR366251_r2.fq.gz,HRR366251
HRR366252_f1.fastq.gz,HRR366252
HRR366252_r2.fastq.gz,HRR366252
HRR366253_f1.fastq.gz,HRR366253
HRR366253_r2.fastq.gz,HRR366253
HRR366254_f1.fq.gz,HRR366254
HRR366254_r2.fq.gz,HRR366254
HRR366255_f1.fastq.gz,HRR366255
HRR366255_r2.fastq.gz,HRR366255
HRR366256_f1.fastq.gz,HRR366256
HRR366256_r2.fastq.gz,HRR366256
HRR366257_f1.fq.gz,HRR366257
HRR366257_r2.fq.gz,HRR366257
HRR366258_f1.fastq.gz,HRR366258
HRR366258_r2.fastq.gz,HRR366258
HRR366259_f1.fastq.gz,HRR366259
HRR366259_r2.fastq.gz,HRR366259
HRR366260_f1.fq.gz,HRR366260
HRR366260_r2.fq.gz,HRR366260
HRR366261_f1.fastq.gz,HRR366261
HRR366261_r2.fastq.gz,HRR366261
HRR366262_f1.fastq.gz,HRR366262
HRR366262_r2.fastq.gz,HRR366262
HRR366263_f1.fq.gz,HRR366263
HRR366263_r2.fq.gz,HRR366263
HRR366273_f1.fastq.gz,HRR366273
HRR366273_r2.fastq.gz,HRR366273
HRR366274_f1.fastq.gz,HRR366274
HRR366274_r2.fastq.gz,HRR366274
HRR366275_f1.fq.gz,HRR366275
HRR366275_r2.fq.gz,HRR366275
HRR366276_f1.fastq.gz,HRR366276
HRR366276_r2.fastq.gz,HRR366276
HRR366277_f1.fastq.gz,HRR366277
HRR366277_r2.fastq.gz,HRR366277
HRR366278_f1.fq.gz,HRR366278
HRR366278_r2.fq.gz,HRR366278
HRR366279_f1.fastq.gz,HRR366279
HRR366279_r2.fastq.gz,HRR366279
HRR366280_f1.fastq.gz,HRR366280
HRR366280_r2.fastq.gz,HRR366280
HRR366281_f1.fq.gz,HRR366281
HRR366281_r2.fq.gz,HRR366281
HRR366282_f1.fastq.gz,HRR366282
HRR366282_r2.fastq.gz,HRR366282
HRR366283_f1.fastq.gz,HRR366283
HRR366283_r2.fastq.gz,HRR366283
HRR366284_f1.fq.gz,HRR366284
HRR366284_r2.fq.gz,HRR366284
HRR366285_f1.fastq.gz,HRR366285
HRR366285_r2.fastq.gz,HRR366285
HRR366286_f1.fastq.gz,HRR366286
HRR366286_r2.fastq.gz,HRR366286
HRR366287_f1.fq.gz,HRR366287
HRR366287_r2.fq.gz,HRR366287
HRR366288_f1.fastq.gz,HRR366288
HRR366288_r2.fastq.gz,HRR366288
HRR366289_f1.fastq.gz,HRR366289
HRR366289_r2.fastq.gz,HRR366289
HRR366290_f1.fq.gz,HRR366290
HRR366290_r2.fq.gz,HRR366290
HRR366533_f1.fastq.gz,HRR366533
HRR366533_r2.fastq.gz,HRR366533
HRR366534_f1.fastq.gz,HRR366534
HRR366534_r2.fastq.gz,HRR366534
HRR366535_f1.fastq.gz,HRR366535
HRR366535_r2.fastq.gz,HRR366535
HRR366536_f1.fastq.gz,HRR366536
HRR366536_r2.fastq.gz,HRR366536
HRR366537_f1.fastq.gz,HRR366537
HRR366537_r2.fastq.gz,HRR366537
HRR366538_f1.fastq.gz,HRR366538
HRR366538_r2.fastq.gz,HRR366538
HRR366539_f1.fastq.gz,HRR366539
HRR366539_r2.fastq.gz,HRR366539
HRR366540_f1.fastq.gz,HRR366540
HRR366540_r2.fastq.gz,HRR366540
HRR366541_f1.fastq.gz,HRR366541
HRR366541_r2.fastq.gz,HRR366541
HRR366542_f1.fastq.gz,HRR366542
HRR366542_r2.fastq.gz,HRR366542
HRR366543_f1.fastq.gz,HRR366543
HRR366543_r2.fastq.gz,HRR366543
HRR366544_f1.fastq.gz,HRR366544
HRR366544_r2.fastq.gz,HRR366544
HRR366545_f1.fastq.gz,HRR366545
HRR366545_r2.fastq.gz,HRR366545
HRR366546_f1.fastq.gz,HRR366546
HRR366546_r2.fastq.gz,HRR366546
HRR366547_f1.fastq.gz,HRR366547
HRR366547_r2.fastq.gz,HRR366547
HRR366548_f1.fastq.gz,HRR366548
HRR366548_r2.fastq.gz,HRR366548
HRR366549_f1.fastq.gz,HRR366549
HRR366549_r2.fastq.gz,HRR366549
HRR366550_f1.fastq.gz,HRR366550
HRR366550_r2.fastq.gz,HRR366550
HRR366551_f1.fastq.gz,HRR366551
HRR366551_r2.fastq.gz,HRR366551
HRR366552_f1.fastq.gz,HRR366552
HRR366552_r2.fastq.gz,HRR366552
HRR366553_f1.fastq.gz,HRR366553
HRR366553_r2.fastq.gz,HRR366553
HRR366554_f1.fastq.gz,HRR366554
HRR366554_r2.fastq.gz,HRR366554
HRR366555_f1.fastq.gz,HRR366555
HRR366555_r2.fastq.gz,HRR366555
HRR366556_f1.fastq.gz,HRR366556
HRR366556_r2.fastq.gz,HRR366556
HRR366557_f1.fastq.gz,HRR366557
HRR366557_r2.fastq.gz,HRR366557
HRR366558_f1.fastq.gz,HRR366558
HRR366558_r2.fastq.gz,HRR366558
HRR366559_f1.fastq.gz,HRR366559
HRR366559_r2.fastq.gz,HRR366559
HRR366560_f1.fastq.gz,HRR366560
HRR366560_r2.fastq.gz,HRR366560
HRR366561_f1.fastq.gz,HRR366561
HRR366561_r2.fastq.gz,HRR366561
HRR366562_f1.fastq.gz,HRR366562
HRR366562_r2.fastq.gz,HRR366562
HRR366563_f1.fastq.gz,HRR366563
HRR366563_r2.fastq.gz,HRR366563
HRR366564_f1.fastq.gz,HRR366564
HRR366564_r2.fastq.gz,HRR366564
HRR366565_f1.fastq.gz,HRR366565
HRR366565_r2.fastq.gz,HRR366565
HRR366566_f1.fastq.gz,HRR366566
HRR366566_r2.fastq.gz,HRR366566
HRR366567_f1.fastq.gz,HRR366567
HRR366567_r2.fastq.gz,HRR366567
HRR366568_f1.fastq.gz,HRR366568
HRR366568_r2.fastq.gz,HRR366568
HRR366569_f1.fastq.gz,HRR366569
HRR366569_r2.fastq.gz,HRR366569
HRR366570_f1.fastq.gz,HRR366570
HRR366570_r2.fastq.gz,HRR366570
HRR366571_f1.fastq.gz,HRR366571
HRR366571_r2.fastq.gz,HRR366571
HRR366572_f1.fastq.gz,HRR366572
HRR366572_r2.fastq.gz,HRR366572
HRR366573_f1.fastq.gz,HRR366573
HRR366573_r2.fastq.gz,HRR366573
HRR366574_f1.fastq.gz,HRR366574
HRR366574_r2.fastq.gz,HRR366574
HRR366575_f1.fastq.gz,HRR366575
HRR366575_r2.fastq.gz,HRR366575
HRR366576_f1.fastq.gz,HRR366576
HRR366576_r2.fastq.gz,HRR366576
HRR366577_f1.fastq.gz,HRR366577
HRR366577_r2.fastq.gz,HRR366577
HRR366578_f1.fastq.gz,HRR366578
HRR366578_r2.fastq.gz,HRR366578
HRR366579_f1.fastq.gz,HRR366579
HRR366579_r2.fastq.gz,HRR366579
HRR366580_f1.fastq.gz,HRR366580
HRR366580_r2.fastq.gz,HRR366580
HRR366581_f1.fastq.gz,HRR366581
HRR366581_r2.fastq.gz,HRR366581
HRR366582_f1.fastq.gz,HRR366582
HRR366582_r2.fastq.gz,HRR366582
HRR366583_f1.fastq.gz,HRR366583
HRR366583_r2.fastq.gz,HRR366583
HRR366584_f1.fastq.gz,HRR366584
HRR366584_r2.fastq.gz,HRR366584
HRR366585_f1.fastq.gz,HRR366585
HRR366585_r2.fastq.gz,HRR366585
HRR366586_f1.fastq.gz,HRR366586
HRR366586_r2.fastq.gz,HRR366586
HRR366587_f1.fastq.gz,HRR366587
HRR366587_r2.fastq.gz,HRR366587
HRR366588_f1.fastq.gz,HRR366588
HRR366588_r2.fastq.gz,HRR366588
HRR366589_f1.fastq.gz,HRR366589
HRR366589_r2.fastq.gz,HRR366589
HRR366590_f1.fastq.gz,HRR366590
HRR366590_r2.fastq.gz,HRR366590
HRR366591_f1.fastq.gz,HRR366591
HRR366591_r2.fastq.gz,HRR366591
HRR366592_f1.fastq.gz,HRR366592
HRR366592_r2.fastq.gz,HRR366592
HRR366593_f1.fastq.gz,HRR366593
HRR366593_r2.fastq.gz,HRR366593
HRR366594_f1.fastq.gz,HRR366594
HRR366594_r2.fastq.gz,HRR366594
HRR366595_f1.fastq.gz,HRR366595
HRR366595_r2.fastq.gz,HRR366595
HRR366596_f1.fastq.gz,HRR366596
HRR366596_r2.fastq.gz,HRR366596
HRR366597_f1.fastq.gz,HRR366597
HRR366597_r2.fastq.gz,HRR366597
HRR366598_f1.fastq.gz,HRR366598
HRR366598_r2.fastq.gz,HRR366598
HRR366599_f1.fastq.gz,HRR366599
HRR366599_r2.fastq.gz,HRR366599
HRR366600_f1.fastq.gz,HRR366600
HRR366600_r2.fastq.gz,HRR366600
HRR366601_f1.fastq.gz,HRR366601
HRR366601_r2.fastq.gz,HRR366601
HRR366602_f1.fastq.gz,HRR366602
HRR366602_r2.fastq.gz,HRR366602
HRR366603_f1.fastq.gz,HRR366603
HRR366603_r2.fastq.gz,HRR366603
HRR366604_f1.fastq.gz,HRR366604
HRR366604_r2.fastq.gz,HRR366604
HRR366605_f1.fastq.gz,HRR366605
HRR366605_r2.fastq.gz,HRR366605
HRR366606_f1.fastq.gz,HRR366606
HRR366606_r2.fastq.gz,HRR366606
HRR366607_f1.fastq.gz,HRR366607
HRR366607_r2.fastq.gz,HRR366607
HRR366608_f1.fastq.gz,HRR366608
HRR366608_r2.fastq.gz,HRR366608
HRR366609_f1.fastq.gz,HRR366609
HRR366609_r2.fastq.gz,HRR366609
HRR366610_f1.fastq.gz,HRR366610
HRR366610_r2.fastq.gz,HRR366610
HRR366611_f1.fastq.gz,HRR366611
HRR366611_r2.fastq.gz,HRR366611
HRR366612_f1.fastq.gz,HRR366612
HRR366612_r2.fastq.gz,HRR366612
HRR366613_f1.fastq.gz,HRR366613
HRR366613_r2.fastq.gz,HRR366613
HRR366614_f1.fastq.gz,HRR366614
HRR366614_r2.fastq.gz,HRR366614
HRR366615_f1.fastq.gz,HRR366615
HRR366615_r2.fastq.gz,HRR366615
HRR366616_f1.fastq.gz,HRR366616
HRR366616_r2.fastq.gz,HRR366616
HRR366617_f1.fastq.gz,HRR366617
HRR366617_r2.fastq.gz,HRR366617
HRR366618_f1.fastq.gz,HRR366618
HRR366618_r2.fastq.gz,HRR366618
HRR366619_f1.fastq.gz,HRR366619
HRR366619_r2.fastq.gz,HRR366619
HRR366620_f1.fastq.gz,HRR366620
HRR366620_r2.fastq.gz,HRR366620
HRR366621_f1.fastq.gz,HRR366621
HRR366621_r2.fastq.gz,HRR366621
HRR366622_f1.fastq.gz,HRR366622
HRR366622_r2.fastq.gz,HRR366622
HRR366623_f1.fastq.gz,HRR366623
HRR366623_r2.fastq.gz,HRR366623
HRR366624_f1.fastq.gz,HRR366624
HRR366624_r2.fastq.gz,HRR366624
HRR366625_f1.fastq.gz,HRR366625
HRR366625_r2.fastq.gz,HRR366625
HRR366626_f1.fastq.gz,HRR366626
HRR366626_r2.fastq.gz,HRR366626
HRR366627_f1.fastq.gz,HRR366627
HRR366627_r2.fastq.gz,HRR366627
HRR366628_f1.fastq.gz,HRR366628
HRR366628_r2.fastq.gz,HRR366628
HRR366629_f1.fastq.gz,HRR366629
HRR366629_r2.fastq.gz,HRR366629
HRR366630_f1.fastq.gz,HRR366630
HRR366630_r2.fastq.gz,HRR366630
HRR366631_f1.fastq.gz,HRR366631
HRR366631_r2.fastq.gz,HRR366631
HRR366632_f1.fastq.gz,HRR366632
HRR366632_r2.fastq.gz,HRR366632
HRR366633_f1.fastq.gz,HRR366633
HRR366633_r2.fastq.gz,HRR366633
HRR366634_f1.fastq.gz,HRR366634
HRR366634_r2.fastq.gz,HRR366634
HRR366635_f1.fastq.gz,HRR366635
HRR366635_r2.fastq.gz,HRR366635
HRR366636_f1.fastq.gz,HRR366636
HRR366636_r2.fastq.gz,HRR366636
HRR366637_f1.fastq.gz,HRR366637
HRR366637_r2.fastq.gz,HRR366637
HRR366638_f1.fastq.gz,HRR366638
HRR366638_r2.fastq.gz,HRR366638
HRR366639_f1.fastq.gz,HRR366639
HRR366639_r2.fastq.gz,HRR366639
HRR366640_f1.fastq.gz,HRR366640
HRR366640_r2.fastq.gz,HRR366640
HRR366641_f1.fastq.gz,HRR366641
HRR366641_r2.fastq.gz,HRR366641
HRR366642_f1.fastq.gz,HRR366642
HRR366642_r2.fastq.gz,HRR366642
HRR366643_f1.fastq.gz,HRR366643
HRR366643_r2.fastq.gz,HRR366643
HRR366644_f1.fastq.gz,HRR366644
HRR366644_r2.fastq.gz,HRR366644
HRR366645_f1.fastq.gz,HRR366645
HRR366645_r2.fastq.gz,HRR366645
HRR366646_f1.fastq.gz,HRR366646
HRR366646_r2.fastq.gz,HRR366646
HRR366647_f1.fastq.gz,HRR366647
HRR366647_r2.fastq.gz,HRR366647
HRR366648_f1.fastq.gz,HRR366648
HRR366648_r2.fastq.gz,HRR366648
HRR366649_f1.fastq.gz,HRR366649
HRR366649_r2.fastq.gz,HRR366649
HRR366650_f1.fastq.gz,HRR366650
HRR366650_r2.fastq.gz,HRR366650
HRR366651_f1.fastq.gz,HRR366651
HRR366651_r2.fastq.gz,HRR366651
HRR366652_f1.fastq.gz,HRR366652
HRR366652_r2.fastq.gz,HRR366652
HRR366653_f1.fastq.gz,HRR366653
HRR366653_r2.fastq.gz,HRR366653
HRR366654_f1.fastq.gz,HRR366654
HRR366654_r2.fastq.gz,HRR366654
HRR366655_f1.fastq.gz,HRR366655
HRR366655_r2.fastq.gz,HRR366655
HRR366656_f1.fastq.gz,HRR366656
HRR366656_r2.fastq.gz,HRR366656
HRR366657_f1.fastq.gz,HRR366657
HRR366657_r2.fastq.gz,HRR366657
HRR366658_f1.fastq.gz,HRR366658
HRR366658_r2.fastq.gz,HRR366658
HRR366659_f1.fastq.gz,HRR366659
HRR366659_r2.fastq.gz,HRR366659
HRR366660_f1.fastq.gz,HRR366660
HRR366660_r2.fastq.gz,HRR366660
HRR366661_f1.fastq.gz,HRR366661
HRR366661_r2.fastq.gz,HRR366661
HRR366662_f1.fastq.gz,HRR366662
HRR366662_r2.fastq.gz,HRR366662
HRR366663_f1.fastq.gz,HRR366663
HRR366663_r2.fastq.gz,HRR366663
HRR366664_f1.fastq.gz,HRR366664
HRR366664_r2.fastq.gz,HRR366664
HRR366665_f1.fastq.gz,HRR366665
HRR366665_r2.fastq.gz,HRR366665
HRR366666_f1.fastq.gz,HRR366666
HRR366666_r2.fastq.gz,HRR366666
HRR366667_f1.fastq.gz,HRR366667
HRR366667_r2.fastq.gz,HRR366667
HRR366668_f1.fastq.gz,HRR366668
HRR366668_r2.fastq.gz,HRR366668
HRR366669_f1.fastq.gz,HRR366669
HRR366669_r2.fastq.gz,HRR366669
HRR366670_f1.fastq.gz,HRR366670
HRR366670_r2.fastq.gz,HRR366670
HRR366671_f1.fastq.gz,HRR366671
HRR366671_r2.fastq.gz,HRR366671
HRR366672_f1.fastq.gz,HRR366672
HRR366672_r2.fastq.gz,HRR366672
HRR366673_f1.fastq.gz,HRR366673
HRR366673_r2.fastq.gz,HRR366673
HRR366674_f1.fastq.gz,HRR366674
HRR366674_r2.fastq.gz,HRR366674
HRR366675_f1.fastq.gz,HRR366675
HRR366675_r2.fastq.gz,HRR366675
HRR366676_f1.fastq.gz,HRR366676
HRR366676_r2.fastq.gz,HRR366676
HRR366677_f1.fastq.gz,HRR366677
HRR366677_r2.fastq.gz,HRR366677
HRR366678_f1.fastq.gz,HRR366678
HRR366678_r2.fastq.gz,HRR366678
HRR366679_f1.fastq.gz,HRR366679
HRR366679_r2.fastq.gz,HRR366679
HRR366680_f1.fastq.gz,HRR366680
HRR366680_r2.fastq.gz,HRR366680
HRR366681_f1.fastq.gz,HRR366681
HRR366681_r2.fastq.gz,HRR366681
HRR366682_f1.fastq.gz,HRR366682
HRR366682_r2.fastq.gz,HRR366682
HRR366683_f1.fastq.gz,HRR366683
HRR366683_r2.fastq.gz,HRR366683
HRR366684_f1.fastq.gz,HRR366684
HRR366684_r2.fastq.gz,HRR366684
HRR366685_f1.fastq.gz,HRR366685
HRR366685_r2.fastq.gz,HRR366685
HRR366686_f1.fastq.gz,HRR366686
HRR366686_r2.fastq.gz,HRR366686
HRR366687_f1.fastq.gz,HRR366687
HRR366687_r2.fastq.gz,HRR366687
HRR366688_f1.fastq.gz,HRR366688
HRR366688_r2.fastq.gz,HRR366688
HRR366689_f1.fastq.gz,HRR366689
HRR366689_r2.fastq.gz,HRR366689
HRR366690_f1.fastq.gz,HRR366690
HRR366690_r2.fastq.gz,HRR366690
HRR366691_f1.fastq.gz,HRR366691
HRR366691_r2.fastq.gz,HRR366691
HRR366692_f1.fastq.gz,HRR366692
HRR366692_r2.fastq.gz,HRR366692
HRR366693_f1.fastq.gz,HRR366693
HRR366693_r2.fastq.gz,HRR366693
HRR366694_f1.fastq.gz,HRR366694
HRR366694_r2.fastq.gz,HRR366694
HRR366695_f1.fastq.gz,HRR366695
HRR366695_r2.fastq.gz,HRR366695
HRR366696_f1.fastq.gz,HRR366696
HRR366696_r2.fastq.gz,HRR366696
HRR366697_f1.fastq.gz,HRR366697
HRR366697_r2.fastq.gz,HRR366697
HRR366698_f1.fastq.gz,HRR366698
HRR366698_r2.fastq.gz,HRR366698
HRR366699_f1.fastq.gz,HRR366699
HRR366699_r2.fastq.gz,HRR366699
HRR366700_f1.fastq.gz,HRR366700
HRR366700_r2.fastq.gz,HRR366700
HRR366701_f1.fastq.gz,HRR366701
HRR366701_r2.fastq.gz,HRR366701
HRR366702_f1.fastq.gz,HRR366702
HRR366702_r2.fastq.gz,HRR366702
HRR366703_f1.fastq.gz,HRR366703
HRR366703_r2.fastq.gz,HRR366703
HRR366704_f1.fastq.gz,HRR366704
HRR366704_r2.fastq.gz,HRR366704
HRR366705_f1.fastq.gz,HRR366705
HRR366705_r2.fastq.gz,HRR366705
HRR366706_f1.fastq.gz,HRR366706
HRR366706_r2.fastq.gz,HRR366706
HRR366707_f1.fastq.gz,HRR366707
HRR366707_r2.fastq.gz,HRR366707
HRR366708_f1.fastq.gz,HRR366708
HRR366708_r2.fastq.gz,HRR366708
HRR366709_f1.fastq.gz,HRR366709
HRR366709_r2.fastq.gz,HRR366709
HRR366710_f1.fastq.gz,HRR366710
HRR366710_r2.fastq.gz,HRR366710
HRR366711_f1.fastq.gz,HRR366711
HRR366711_r2.fastq.gz,HRR366711
HRR366712_f1.fastq.gz,HRR366712
HRR366712_r2.fastq.gz,HRR366712
HRR366713_f1.fastq.gz,HRR366713
HRR366713_r2.fastq.gz,HRR366713
HRR366714_f1.fastq.gz,HRR366714
HRR366714_r2.fastq.gz,HRR366714
HRR366715_f1.fastq.gz,HRR366715
HRR366715_r2.fastq.gz,HRR366715
HRR366716_f1.fastq.gz,HRR366716
HRR366716_r2.fastq.gz,HRR366716
HRR366717_f1.fastq.gz,HRR366717
HRR366717_r2.fastq.gz,HRR366717
HRR366718_f1.fastq.gz,HRR366718
HRR366718_r2.fastq.gz,HRR366718
HRR366719_f1.fastq.gz,HRR366719
HRR366719_r2.fastq.gz,HRR366719
HRR366720_f1.fastq.gz,HRR366720
HRR366720_r2.fastq.gz,HRR366720
HRR366721_f1.fastq.gz,HRR366721
HRR366721_r2.fastq.gz,HRR366721
HRR366722_f1.fastq.gz,HRR366722
HRR366722_r2.fastq.gz,HRR366722
HRR366723_f1.fastq.gz,HRR366723
HRR366723_r2.fastq.gz,HRR366723
HRR366724_f1.fastq.gz,HRR366724
HRR366724_r2.fastq.gz,HRR366724
HRR366725_f1.fastq.gz,HRR366725
HRR366725_r2.fastq.gz,HRR366725
HRR366726_f1.fastq.gz,HRR366726
HRR366726_r2.fastq.gz,HRR366726
HRR366727_f1.fastq.gz,HRR366727
HRR366727_r2.fastq.gz,HRR366727
HRR366728_f1.fastq.gz,HRR366728
HRR366728_r2.fastq.gz,HRR366728
HRR366729_f1.fastq.gz,HRR366729
HRR366729_r2.fastq.gz,HRR366729
HRR366730_f1.fastq.gz,HRR366730
HRR366730_r2.fastq.gz,HRR366730
HRR366731_f1.fastq.gz,HRR366731
HRR366731_r2.fastq.gz,HRR366731
HRR366732_f1.fastq.gz,HRR366732
HRR366732_r2.fastq.gz,HRR366732
HRR366733_f1.fastq.gz,HRR366733
HRR366733_r2.fastq.gz,HRR366733
HRR366734_f1.fastq.gz,HRR366734
HRR366734_r2.fastq.gz,HRR366734
HRR366735_f1.fastq.gz,HRR366735
HRR366735_r2.fastq.gz,HRR366735
HRR366736_f1.fastq.gz,HRR366736
HRR366736_r2.fastq.gz,HRR366736
HRR366737_f1.fastq.gz,HRR366737
HRR366737_r2.fastq.gz,HRR366737
HRR366738_f1.fastq.gz,HRR366738
HRR366738_r2.fastq.gz,HRR366738
HRR366739_f1.fastq.gz,HRR366739
HRR366739_r2.fastq.gz,HRR366739
HRR366740_f1.fastq.gz,HRR366740
HRR366740_r2.fastq.gz,HRR366740
HRR366741_f1.fastq.gz,HRR366741
HRR366741_r2.fastq.gz,HRR366741
HRR366742_f1.fastq.gz,HRR366742
HRR366742_r2.fastq.gz,HRR366742
HRR366743_f1.fastq.gz,HRR366743
HRR366743_r2.fastq.gz,HRR366743
HRR366744_f1.fastq.gz,HRR366744
HRR366744_r2.fastq.gz,HRR366744
HRR366745_f1.fastq.gz,HRR366745
HRR366745_r2.fastq.gz,HRR366745
HRR366746_f1.fastq.gz,HRR366746
HRR366746_r2.fastq.gz,HRR366746
HRR366747_f1.fastq.gz,HRR366747
HRR366747_r2.fastq.gz,HRR366747
HRR366748_f1.fastq.gz,HRR366748
HRR366748_r2.fastq.gz,HRR366748
HRR366749_f1.fastq.gz,HRR366749
HRR366749_r2.fastq.gz,HRR366749
HRR366750_f1.fastq.gz,HRR366750
HRR366750_r2.fastq.gz,HRR366750
HRR366751_f1.fastq.gz,HRR366751
HRR366751_r2.fastq.gz,HRR366751
HRR366752_f1.fastq.gz,HRR366752
HRR366752_r2.fastq.gz,HRR366752
HRR366753_f1.fastq.gz,HRR366753
HRR366753_r2.fastq.gz,HRR366753
HRR366754_f1.fastq.gz,HRR366754
HRR366754_r2.fastq.gz,HRR366754
HRR366755_f1.fastq.gz,HRR366755
HRR366755_r2.fastq.gz,HRR366755
HRR1402616_f1.fastq.gz,HRR1402616
HRR1402616_r2.fastq.gz,HRR1402616
HRR1402797_f1.fastq.gz,HRR1402797
HRR1402797_r2.fastq.gz,HRR1402797
HRR1402617_f1.fastq.gz,HRR1402617
HRR1402617_r2.fastq.gz,HRR1402617
HRR1402798_f1.fastq.gz,HRR1402798
HRR1402798_r2.fastq.gz,HRR1402798
HRR1402618_f1.fastq.gz,HRR1402618
HRR1402618_r2.fastq.gz,HRR1402618
HRR1402799_f1.fastq.gz,HRR1402799
HRR1402799_r2.fastq.gz,HRR1402799
HRR1402619_f1.fastq.gz,HRR1402619
HRR1402619_r2.fastq.gz,HRR1402619
HRR1402800_f1.fastq.gz,HRR1402800
HRR1402800_r2.fastq.gz,HRR1402800
HRR1402801_f1.fastq.gz,HRR1402801
HRR1402801_r2.fastq.gz,HRR1402801
HRR1402620_f1.fastq.gz,HRR1402620
HRR1402620_r2.fastq.gz,HRR1402620
HRR1402802_f1.fastq.gz,HRR1402802
HRR1402802_r2.fastq.gz,HRR1402802
HRR1402621_f1.fastq.gz,HRR1402621
HRR1402621_r2.fastq.gz,HRR1402621
HRR1402622_f1.fastq.gz,HRR1402622
HRR1402622_r2.fastq.gz,HRR1402622
HRR1402803_f1.fastq.gz,HRR1402803
HRR1402803_r2.fastq.gz,HRR1402803
HRR1402623_f1.fastq.gz,HRR1402623
HRR1402623_r2.fastq.gz,HRR1402623
HRR1402624_f1.fastq.gz,HRR1402624
HRR1402624_r2.fastq.gz,HRR1402624
HRR1402804_f1.fastq.gz,HRR1402804
HRR1402804_r2.fastq.gz,HRR1402804
HRR1402625_f1.fastq.gz,HRR1402625
HRR1402625_r2.fastq.gz,HRR1402625
HRR1402626_f1.fastq.gz,HRR1402626
HRR1402626_r2.fastq.gz,HRR1402626
HRR1402805_f1.fastq.gz,HRR1402805
HRR1402805_r2.fastq.gz,HRR1402805
HRR1402627_f1.fastq.gz,HRR1402627
HRR1402627_r2.fastq.gz,HRR1402627
HRR1402806_f1.fastq.gz,HRR1402806
HRR1402806_r2.fastq.gz,HRR1402806
HRR1402628_f1.fastq.gz,HRR1402628
HRR1402628_r2.fastq.gz,HRR1402628
HRR1402807_f1.fastq.gz,HRR1402807
HRR1402807_r2.fastq.gz,HRR1402807
HRR1402629_f1.fastq.gz,HRR1402629
HRR1402629_r2.fastq.gz,HRR1402629
HRR1402808_f1.fastq.gz,HRR1402808
HRR1402808_r2.fastq.gz,HRR1402808
HRR1402630_f1.fastq.gz,HRR1402630
HRR1402630_r2.fastq.gz,HRR1402630
HRR1402809_f1.fastq.gz,HRR1402809
HRR1402809_r2.fastq.gz,HRR1402809
HRR1402631_f1.fastq.gz,HRR1402631
HRR1402631_r2.fastq.gz,HRR1402631
HRR1402632_f1.fastq.gz,HRR1402632
HRR1402632_r2.fastq.gz,HRR1402632
HRR1402810_f1.fastq.gz,HRR1402810
HRR1402810_r2.fastq.gz,HRR1402810
HRR1402811_f1.fastq.gz,HRR1402811
HRR1402811_r2.fastq.gz,HRR1402811
HRR1402633_f1.fastq.gz,HRR1402633
HRR1402633_r2.fastq.gz,HRR1402633
HRR1402812_f1.fastq.gz,HRR1402812
HRR1402812_r2.fastq.gz,HRR1402812
HRR1402634_f1.fastq.gz,HRR1402634
HRR1402634_r2.fastq.gz,HRR1402634
HRR1402813_f1.fastq.gz,HRR1402813
HRR1402813_r2.fastq.gz,HRR1402813
HRR1402635_f1.fastq.gz,HRR1402635
HRR1402635_r2.fastq.gz,HRR1402635
HRR1402814_f1.fastq.gz,HRR1402814
HRR1402814_r2.fastq.gz,HRR1402814
HRR1402815_f1.fastq.gz,HRR1402815
HRR1402815_r2.fastq.gz,HRR1402815
HRR1402636_f1.fastq.gz,HRR1402636
HRR1402636_r2.fastq.gz,HRR1402636
HRR1402816_f1.fastq.gz,HRR1402816
HRR1402816_r2.fastq.gz,HRR1402816
HRR1402637_f1.fastq.gz,HRR1402637
HRR1402637_r2.fastq.gz,HRR1402637
HRR1402817_f1.fastq.gz,HRR1402817
HRR1402817_r2.fastq.gz,HRR1402817
HRR1402638_f1.fastq.gz,HRR1402638
HRR1402638_r2.fastq.gz,HRR1402638
HRR1402818_f1.fastq.gz,HRR1402818
HRR1402818_r2.fastq.gz,HRR1402818
HRR1402639_f1.fastq.gz,HRR1402639
HRR1402639_r2.fastq.gz,HRR1402639
HRR1402640_f1.fastq.gz,HRR1402640
HRR1402640_r2.fastq.gz,HRR1402640
HRR1402819_f1.fastq.gz,HRR1402819
HRR1402819_r2.fastq.gz,HRR1402819
HRR1402820_f1.fastq.gz,HRR1402820
HRR1402820_r2.fastq.gz,HRR1402820
HRR1402641_f1.fastq.gz,HRR1402641
HRR1402641_r2.fastq.gz,HRR1402641
HRR1402821_f1.fastq.gz,HRR1402821
HRR1402821_r2.fastq.gz,HRR1402821
HRR1402642_f1.fastq.gz,HRR1402642
HRR1402642_r2.fastq.gz,HRR1402642
HRR1402822_f1.fastq.gz,HRR1402822
HRR1402822_r2.fastq.gz,HRR1402822
HRR1402643_f1.fastq.gz,HRR1402643
HRR1402643_r2.fastq.gz,HRR1402643
HRR1402823_f1.fastq.gz,HRR1402823
HRR1402823_r2.fastq.gz,HRR1402823
HRR1402824_f1.fastq.gz,HRR1402824
HRR1402824_r2.fastq.gz,HRR1402824
HRR1402644_f1.fastq.gz,HRR1402644
HRR1402644_r2.fastq.gz,HRR1402644
HRR1402825_f1.fastq.gz,HRR1402825
HRR1402825_r2.fastq.gz,HRR1402825
HRR1402645_f1.fastq.gz,HRR1402645
HRR1402645_r2.fastq.gz,HRR1402645
HRR1402826_f1.fastq.gz,HRR1402826
HRR1402826_r2.fastq.gz,HRR1402826
HRR1402827_f1.fastq.gz,HRR1402827
HRR1402827_r2.fastq.gz,HRR1402827
HRR1402646_f1.fastq.gz,HRR1402646
HRR1402646_r2.fastq.gz,HRR1402646
HRR1402828_f1.fastq.gz,HRR1402828
HRR1402828_r2.fastq.gz,HRR1402828
HRR1402829_f1.fastq.gz,HRR1402829
HRR1402829_r2.fastq.gz,HRR1402829
HRR1402647_f1.fastq.gz,HRR1402647
HRR1402647_r2.fastq.gz,HRR1402647
HRR1402830_f1.fastq.gz,HRR1402830
HRR1402830_r2.fastq.gz,HRR1402830
HRR1402648_f1.fastq.gz,HRR1402648
HRR1402648_r2.fastq.gz,HRR1402648
HRR1402831_f1.fastq.gz,HRR1402831
HRR1402831_r2.fastq.gz,HRR1402831
HRR1402649_f1.fastq.gz,HRR1402649
HRR1402649_r2.fastq.gz,HRR1402649
HRR1402832_f1.fastq.gz,HRR1402832
HRR1402832_r2.fastq.gz,HRR1402832
HRR1402650_f1.fastq.gz,HRR1402650
HRR1402650_r2.fastq.gz,HRR1402650
HRR1402833_f1.fastq.gz,HRR1402833
HRR1402833_r2.fastq.gz,HRR1402833
HRR1402834_f1.fastq.gz,HRR1402834
HRR1402834_r2.fastq.gz,HRR1402834
HRR1402651_f1.fastq.gz,HRR1402651
HRR1402651_r2.fastq.gz,HRR1402651
HRR1402835_f1.fastq.gz,HRR1402835
HRR1402835_r2.fastq.gz,HRR1402835
HRR1402836_f1.fastq.gz,HRR1402836
HRR1402836_r2.fastq.gz,HRR1402836
HRR1402652_f1.fastq.gz,HRR1402652
HRR1402652_r2.fastq.gz,HRR1402652
HRR1402653_f1.fastq.gz,HRR1402653
HRR1402653_r2.fastq.gz,HRR1402653
HRR1402837_f1.fastq.gz,HRR1402837
HRR1402837_r2.fastq.gz,HRR1402837
HRR1402838_f1.fastq.gz,HRR1402838
HRR1402838_r2.fastq.gz,HRR1402838
HRR1402654_f1.fastq.gz,HRR1402654
HRR1402654_r2.fastq.gz,HRR1402654
HRR1402839_f1.fastq.gz,HRR1402839
HRR1402839_r2.fastq.gz,HRR1402839
HRR1402840_f1.fastq.gz,HRR1402840
HRR1402840_r2.fastq.gz,HRR1402840
HRR1402655_f1.fastq.gz,HRR1402655
HRR1402655_r2.fastq.gz,HRR1402655
HRR1402656_f1.fastq.gz,HRR1402656
HRR1402656_r2.fastq.gz,HRR1402656
HRR1402841_f1.fastq.gz,HRR1402841
HRR1402841_r2.fastq.gz,HRR1402841
HRR1402657_f1.fastq.gz,HRR1402657
HRR1402657_r2.fastq.gz,HRR1402657
HRR1402842_f1.fastq.gz,HRR1402842
HRR1402842_r2.fastq.gz,HRR1402842
HRR1402658_f1.fastq.gz,HRR1402658
HRR1402658_r2.fastq.gz,HRR1402658
HRR1402843_f1.fastq.gz,HRR1402843
HRR1402843_r2.fastq.gz,HRR1402843
HRR1402844_f1.fastq.gz,HRR1402844
HRR1402844_r2.fastq.gz,HRR1402844
HRR1402659_f1.fastq.gz,HRR1402659
HRR1402659_r2.fastq.gz,HRR1402659
HRR1402845_f1.fastq.gz,HRR1402845
HRR1402845_r2.fastq.gz,HRR1402845
HRR1402660_f1.fastq.gz,HRR1402660
HRR1402660_r2.fastq.gz,HRR1402660
HRR1402846_f1.fastq.gz,HRR1402846
HRR1402846_r2.fastq.gz,HRR1402846
HRR1402661_f1.fastq.gz,HRR1402661
HRR1402661_r2.fastq.gz,HRR1402661
HRR1402662_f1.fastq.gz,HRR1402662
HRR1402662_r2.fastq.gz,HRR1402662
HRR1402663_f1.fastq.gz,HRR1402663
HRR1402663_r2.fastq.gz,HRR1402663
HRR1402847_f1.fastq.gz,HRR1402847
HRR1402847_r2.fastq.gz,HRR1402847
HRR1402664_f1.fastq.gz,HRR1402664
HRR1402664_r2.fastq.gz,HRR1402664
HRR1402665_f1.fastq.gz,HRR1402665
HRR1402665_r2.fastq.gz,HRR1402665
HRR1402848_f1.fastq.gz,HRR1402848
HRR1402848_r2.fastq.gz,HRR1402848
HRR1402666_f1.fastq.gz,HRR1402666
HRR1402666_r2.fastq.gz,HRR1402666
HRR1402849_f1.fastq.gz,HRR1402849
HRR1402849_r2.fastq.gz,HRR1402849
HRR1402667_f1.fastq.gz,HRR1402667
HRR1402667_r2.fastq.gz,HRR1402667
HRR1402850_f1.fastq.gz,HRR1402850
HRR1402850_r2.fastq.gz,HRR1402850
HRR1402668_f1.fastq.gz,HRR1402668
HRR1402668_r2.fastq.gz,HRR1402668
HRR1402851_f1.fastq.gz,HRR1402851
HRR1402851_r2.fastq.gz,HRR1402851
HRR1402669_f1.fastq.gz,HRR1402669
HRR1402669_r2.fastq.gz,HRR1402669
HRR1402852_f1.fastq.gz,HRR1402852
HRR1402852_r2.fastq.gz,HRR1402852
HRR1402853_f1.fastq.gz,HRR1402853
HRR1402853_r2.fastq.gz,HRR1402853
HRR1402670_f1.fastq.gz,HRR1402670
HRR1402670_r2.fastq.gz,HRR1402670
HRR1402854_f1.fastq.gz,HRR1402854
HRR1402854_r2.fastq.gz,HRR1402854
HRR1402855_f1.fastq.gz,HRR1402855
HRR1402855_r2.fastq.gz,HRR1402855
HRR1402671_f1.fastq.gz,HRR1402671
HRR1402671_r2.fastq.gz,HRR1402671
HRR1402856_f1.fastq.gz,HRR1402856
HRR1402856_r2.fastq.gz,HRR1402856
HRR1402857_f1.fastq.gz,HRR1402857
HRR1402857_r2.fastq.gz,HRR1402857
HRR1402672_f1.fastq.gz,HRR1402672
HRR1402672_r2.fastq.gz,HRR1402672
HRR1402673_f1.fastq.gz,HRR1402673
HRR1402673_r2.fastq.gz,HRR1402673
HRR1402858_f1.fastq.gz,HRR1402858
HRR1402858_r2.fastq.gz,HRR1402858
HRR1402859_f1.fastq.gz,HRR1402859
HRR1402859_r2.fastq.gz,HRR1402859
HRR1402674_f1.fastq.gz,HRR1402674
HRR1402674_r2.fastq.gz,HRR1402674
HRR1402860_f1.fastq.gz,HRR1402860
HRR1402860_r2.fastq.gz,HRR1402860
HRR1402861_f1.fastq.gz,HRR1402861
HRR1402861_r2.fastq.gz,HRR1402861
HRR1402675_f1.fastq.gz,HRR1402675
HRR1402675_r2.fastq.gz,HRR1402675
HRR1402862_f1.fastq.gz,HRR1402862
HRR1402862_r2.fastq.gz,HRR1402862
HRR1402863_f1.fastq.gz,HRR1402863
HRR1402863_r2.fastq.gz,HRR1402863
HRR1402676_f1.fastq.gz,HRR1402676
HRR1402676_r2.fastq.gz,HRR1402676
HRR1402864_f1.fastq.gz,HRR1402864
HRR1402864_r2.fastq.gz,HRR1402864
HRR1402677_f1.fastq.gz,HRR1402677
HRR1402677_r2.fastq.gz,HRR1402677
HRR1402865_f1.fastq.gz,HRR1402865
HRR1402865_r2.fastq.gz,HRR1402865
HRR1402678_f1.fastq.gz,HRR1402678
HRR1402678_r2.fastq.gz,HRR1402678
HRR1402679_f1.fastq.gz,HRR1402679
HRR1402679_r2.fastq.gz,HRR1402679
HRR1402866_f1.fastq.gz,HRR1402866
HRR1402866_r2.fastq.gz,HRR1402866
HRR1402680_f1.fastq.gz,HRR1402680
HRR1402680_r2.fastq.gz,HRR1402680
HRR1402867_f1.fastq.gz,HRR1402867
HRR1402867_r2.fastq.gz,HRR1402867
HRR1402681_f1.fastq.gz,HRR1402681
HRR1402681_r2.fastq.gz,HRR1402681
HRR1402682_f1.fastq.gz,HRR1402682
HRR1402682_r2.fastq.gz,HRR1402682
HRR1402683_f1.fastq.gz,HRR1402683
HRR1402683_r2.fastq.gz,HRR1402683
HRR1402868_f1.fastq.gz,HRR1402868
HRR1402868_r2.fastq.gz,HRR1402868
HRR1402869_f1.fastq.gz,HRR1402869
HRR1402869_r2.fastq.gz,HRR1402869
HRR1402684_f1.fastq.gz,HRR1402684
HRR1402684_r2.fastq.gz,HRR1402684
HRR1402685_f1.fastq.gz,HRR1402685
HRR1402685_r2.fastq.gz,HRR1402685
HRR1402686_f1.fastq.gz,HRR1402686
HRR1402686_r2.fastq.gz,HRR1402686
HRR1402687_f1.fastq.gz,HRR1402687
HRR1402687_r2.fastq.gz,HRR1402687
HRR1402870_f1.fastq.gz,HRR1402870
HRR1402870_r2.fastq.gz,HRR1402870
HRR1402871_f1.fastq.gz,HRR1402871
HRR1402871_r2.fastq.gz,HRR1402871
HRR1402688_f1.fastq.gz,HRR1402688
HRR1402688_r2.fastq.gz,HRR1402688
HRR1402689_f1.fastq.gz,HRR1402689
HRR1402689_r2.fastq.gz,HRR1402689
HRR1402690_f1.fastq.gz,HRR1402690
HRR1402690_r2.fastq.gz,HRR1402690
HRR1402872_f1.fastq.gz,HRR1402872
HRR1402872_r2.fastq.gz,HRR1402872
HRR1402873_f1.fastq.gz,HRR1402873
HRR1402873_r2.fastq.gz,HRR1402873
HRR1402691_f1.fastq.gz,HRR1402691
HRR1402691_r2.fastq.gz,HRR1402691
HRR1402874_f1.fastq.gz,HRR1402874
HRR1402874_r2.fastq.gz,HRR1402874
HRR1402875_f1.fastq.gz,HRR1402875
HRR1402875_r2.fastq.gz,HRR1402875
HRR1402692_f1.fastq.gz,HRR1402692
HRR1402692_r2.fastq.gz,HRR1402692
HRR1402693_f1.fastq.gz,HRR1402693
HRR1402693_r2.fastq.gz,HRR1402693
HRR1402694_f1.fastq.gz,HRR1402694
HRR1402694_r2.fastq.gz,HRR1402694
HRR1402876_f1.fastq.gz,HRR1402876
HRR1402876_r2.fastq.gz,HRR1402876
HRR1402877_f1.fastq.gz,HRR1402877
HRR1402877_r2.fastq.gz,HRR1402877
HRR1402695_f1.fastq.gz,HRR1402695
HRR1402695_r2.fastq.gz,HRR1402695
HRR1402696_f1.fastq.gz,HRR1402696
HRR1402696_r2.fastq.gz,HRR1402696
HRR1402697_f1.fastq.gz,HRR1402697
HRR1402697_r2.fastq.gz,HRR1402697
HRR1402878_f1.fastq.gz,HRR1402878
HRR1402878_r2.fastq.gz,HRR1402878
HRR1402698_f1.fastq.gz,HRR1402698
HRR1402698_r2.fastq.gz,HRR1402698
HRR1402879_f1.fastq.gz,HRR1402879
HRR1402879_r2.fastq.gz,HRR1402879
HRR1402699_f1.fastq.gz,HRR1402699
HRR1402699_r2.fastq.gz,HRR1402699
HRR1402880_f1.fastq.gz,HRR1402880
HRR1402880_r2.fastq.gz,HRR1402880
HRR1402881_f1.fastq.gz,HRR1402881
HRR1402881_r2.fastq.gz,HRR1402881
HRR1402700_f1.fastq.gz,HRR1402700
HRR1402700_r2.fastq.gz,HRR1402700
HRR1402701_f1.fastq.gz,HRR1402701
HRR1402701_r2.fastq.gz,HRR1402701
HRR1402702_f1.fastq.gz,HRR1402702
HRR1402702_r2.fastq.gz,HRR1402702
HRR1402703_f1.fastq.gz,HRR1402703
HRR1402703_r2.fastq.gz,HRR1402703
HRR1402882_f1.fastq.gz,HRR1402882
HRR1402882_r2.fastq.gz,HRR1402882
HRR1402883_f1.fastq.gz,HRR1402883
HRR1402883_r2.fastq.gz,HRR1402883
HRR1402704_f1.fastq.gz,HRR1402704
HRR1402704_r2.fastq.gz,HRR1402704
HRR1402884_f1.fastq.gz,HRR1402884
HRR1402884_r2.fastq.gz,HRR1402884
HRR1402885_f1.fastq.gz,HRR1402885
HRR1402885_r2.fastq.gz,HRR1402885
HRR1402705_f1.fastq.gz,HRR1402705
HRR1402705_r2.fastq.gz,HRR1402705
HRR1402886_f1.fastq.gz,HRR1402886
HRR1402886_r2.fastq.gz,HRR1402886
HRR1402887_f1.fastq.gz,HRR1402887
HRR1402887_r2.fastq.gz,HRR1402887
HRR1402706_f1.fastq.gz,HRR1402706
HRR1402706_r2.fastq.gz,HRR1402706
HRR1402707_f1.fastq.gz,HRR1402707
HRR1402707_r2.fastq.gz,HRR1402707
HRR1402888_f1.fastq.gz,HRR1402888
HRR1402888_r2.fastq.gz,HRR1402888
HRR1402708_f1.fastq.gz,HRR1402708
HRR1402708_r2.fastq.gz,HRR1402708
HRR1402709_f1.fastq.gz,HRR1402709
HRR1402709_r2.fastq.gz,HRR1402709
HRR1402889_f1.fastq.gz,HRR1402889
HRR1402889_r2.fastq.gz,HRR1402889
HRR1402890_f1.fastq.gz,HRR1402890
HRR1402890_r2.fastq.gz,HRR1402890
HRR1402710_f1.fastq.gz,HRR1402710
HRR1402710_r2.fastq.gz,HRR1402710
HRR1402891_f1.fastq.gz,HRR1402891
HRR1402891_r2.fastq.gz,HRR1402891
HRR1402892_f1.fastq.gz,HRR1402892
HRR1402892_r2.fastq.gz,HRR1402892
HRR1402711_f1.fastq.gz,HRR1402711
HRR1402711_r2.fastq.gz,HRR1402711
HRR1402712_f1.fastq.gz,HRR1402712
HRR1402712_r2.fastq.gz,HRR1402712
HRR1402713_f1.fastq.gz,HRR1402713
HRR1402713_r2.fastq.gz,HRR1402713
HRR1402893_f1.fastq.gz,HRR1402893
HRR1402893_r2.fastq.gz,HRR1402893
HRR1402714_f1.fastq.gz,HRR1402714
HRR1402714_r2.fastq.gz,HRR1402714
HRR1402894_f1.fastq.gz,HRR1402894
HRR1402894_r2.fastq.gz,HRR1402894
HRR1402895_f1.fastq.gz,HRR1402895
HRR1402895_r2.fastq.gz,HRR1402895
HRR1402715_f1.fastq.gz,HRR1402715
HRR1402715_r2.fastq.gz,HRR1402715
HRR1402896_f1.fastq.gz,HRR1402896
HRR1402896_r2.fastq.gz,HRR1402896
HRR1402897_f1.fastq.gz,HRR1402897
HRR1402897_r2.fastq.gz,HRR1402897
HRR1402716_f1.fastq.gz,HRR1402716
HRR1402716_r2.fastq.gz,HRR1402716
HRR1402898_f1.fastq.gz,HRR1402898
HRR1402898_r2.fastq.gz,HRR1402898
HRR1402899_f1.fastq.gz,HRR1402899
HRR1402899_r2.fastq.gz,HRR1402899
HRR1402717_f1.fastq.gz,HRR1402717
HRR1402717_r2.fastq.gz,HRR1402717
HRR1402900_f1.fastq.gz,HRR1402900
HRR1402900_r2.fastq.gz,HRR1402900
HRR1402718_f1.fastq.gz,HRR1402718
HRR1402718_r2.fastq.gz,HRR1402718
HRR1402901_f1.fastq.gz,HRR1402901
HRR1402901_r2.fastq.gz,HRR1402901
HRR1402902_f1.fastq.gz,HRR1402902
HRR1402902_r2.fastq.gz,HRR1402902
HRR1402719_f1.fastq.gz,HRR1402719
HRR1402719_r2.fastq.gz,HRR1402719
HRR1402903_f1.fastq.gz,HRR1402903
HRR1402903_r2.fastq.gz,HRR1402903
HRR1402904_f1.fastq.gz,HRR1402904
HRR1402904_r2.fastq.gz,HRR1402904
HRR1402720_f1.fastq.gz,HRR1402720
HRR1402720_r2.fastq.gz,HRR1402720
HRR1402905_f1.fastq.gz,HRR1402905
HRR1402905_r2.fastq.gz,HRR1402905
HRR1402906_f1.fastq.gz,HRR1402906
HRR1402906_r2.fastq.gz,HRR1402906
HRR1402721_f1.fastq.gz,HRR1402721
HRR1402721_r2.fastq.gz,HRR1402721
HRR1402722_f1.fastq.gz,HRR1402722
HRR1402722_r2.fastq.gz,HRR1402722
HRR1402907_f1.fastq.gz,HRR1402907
HRR1402907_r2.fastq.gz,HRR1402907
HRR1402723_f1.fastq.gz,HRR1402723
HRR1402723_r2.fastq.gz,HRR1402723
HRR1402908_f1.fastq.gz,HRR1402908
HRR1402908_r2.fastq.gz,HRR1402908
HRR1402909_f1.fastq.gz,HRR1402909
HRR1402909_r2.fastq.gz,HRR1402909
HRR1402724_f1.fastq.gz,HRR1402724
HRR1402724_r2.fastq.gz,HRR1402724
HRR1402910_f1.fastq.gz,HRR1402910
HRR1402910_r2.fastq.gz,HRR1402910
HRR1402725_f1.fastq.gz,HRR1402725
HRR1402725_r2.fastq.gz,HRR1402725
HRR1402726_f1.fastq.gz,HRR1402726
HRR1402726_r2.fastq.gz,HRR1402726
HRR1402911_f1.fastq.gz,HRR1402911
HRR1402911_r2.fastq.gz,HRR1402911
HRR1402727_f1.fastq.gz,HRR1402727
HRR1402727_r2.fastq.gz,HRR1402727
HRR1402728_f1.fastq.gz,HRR1402728
HRR1402728_r2.fastq.gz,HRR1402728
HRR1402729_f1.fastq.gz,HRR1402729
HRR1402729_r2.fastq.gz,HRR1402729
HRR1402912_f1.fastq.gz,HRR1402912
HRR1402912_r2.fastq.gz,HRR1402912
HRR1402730_f1.fastq.gz,HRR1402730
HRR1402730_r2.fastq.gz,HRR1402730
HRR1402913_f1.fastq.gz,HRR1402913
HRR1402913_r2.fastq.gz,HRR1402913
HRR1402731_f1.fastq.gz,HRR1402731
HRR1402731_r2.fastq.gz,HRR1402731
HRR1402914_f1.fastq.gz,HRR1402914
HRR1402914_r2.fastq.gz,HRR1402914
HRR1402732_f1.fastq.gz,HRR1402732
HRR1402732_r2.fastq.gz,HRR1402732
HRR1402915_f1.fastq.gz,HRR1402915
HRR1402915_r2.fastq.gz,HRR1402915
HRR1402733_f1.fastq.gz,HRR1402733
HRR1402733_r2.fastq.gz,HRR1402733
HRR1402916_f1.fastq.gz,HRR1402916
HRR1402916_r2.fastq.gz,HRR1402916
HRR1402734_f1.fastq.gz,HRR1402734
HRR1402734_r2.fastq.gz,HRR1402734
HRR1402917_f1.fastq.gz,HRR1402917
HRR1402917_r2.fastq.gz,HRR1402917
HRR1402735_f1.fastq.gz,HRR1402735
HRR1402735_r2.fastq.gz,HRR1402735
HRR1402918_f1.fastq.gz,HRR1402918
HRR1402918_r2.fastq.gz,HRR1402918
HRR1402736_f1.fastq.gz,HRR1402736
HRR1402736_r2.fastq.gz,HRR1402736
HRR1402737_f1.fastq.gz,HRR1402737
HRR1402737_r2.fastq.gz,HRR1402737
HRR1402919_f1.fastq.gz,HRR1402919
HRR1402919_r2.fastq.gz,HRR1402919
HRR1402738_f1.fastq.gz,HRR1402738
HRR1402738_r2.fastq.gz,HRR1402738
HRR1402920_f1.fastq.gz,HRR1402920
HRR1402920_r2.fastq.gz,HRR1402920
HRR1402739_f1.fastq.gz,HRR1402739
HRR1402739_r2.fastq.gz,HRR1402739
HRR1402921_f1.fastq.gz,HRR1402921
HRR1402921_r2.fastq.gz,HRR1402921
HRR1402740_f1.fastq.gz,HRR1402740
HRR1402740_r2.fastq.gz,HRR1402740
HRR1402922_f1.fastq.gz,HRR1402922
HRR1402922_r2.fastq.gz,HRR1402922
HRR1402741_f1.fastq.gz,HRR1402741
HRR1402741_r2.fastq.gz,HRR1402741
HRR1402923_f1.fastq.gz,HRR1402923
HRR1402923_r2.fastq.gz,HRR1402923
HRR1402924_f1.fastq.gz,HRR1402924
HRR1402924_r2.fastq.gz,HRR1402924
HRR1402742_f1.fastq.gz,HRR1402742
HRR1402742_r2.fastq.gz,HRR1402742
HRR1402925_f1.fastq.gz,HRR1402925
HRR1402925_r2.fastq.gz,HRR1402925
HRR1402926_f1.fastq.gz,HRR1402926
HRR1402926_r2.fastq.gz,HRR1402926
HRR1402743_f1.fastq.gz,HRR1402743
HRR1402743_r2.fastq.gz,HRR1402743
HRR1402744_f1.fastq.gz,HRR1402744
HRR1402744_r2.fastq.gz,HRR1402744
HRR1402927_f1.fastq.gz,HRR1402927
HRR1402927_r2.fastq.gz,HRR1402927
HRR1402745_f1.fastq.gz,HRR1402745
HRR1402745_r2.fastq.gz,HRR1402745
HRR1402928_f1.fastq.gz,HRR1402928
HRR1402928_r2.fastq.gz,HRR1402928
HRR1402746_f1.fastq.gz,HRR1402746
HRR1402746_r2.fastq.gz,HRR1402746
HRR1402929_f1.fastq.gz,HRR1402929
HRR1402929_r2.fastq.gz,HRR1402929
HRR1402930_f1.fastq.gz,HRR1402930
HRR1402930_r2.fastq.gz,HRR1402930
HRR1402747_f1.fastq.gz,HRR1402747
HRR1402747_r2.fastq.gz,HRR1402747
HRR1402931_f1.fastq.gz,HRR1402931
HRR1402931_r2.fastq.gz,HRR1402931
HRR1402932_f1.fastq.gz,HRR1402932
HRR1402932_r2.fastq.gz,HRR1402932
HRR1402748_f1.fastq.gz,HRR1402748
HRR1402748_r2.fastq.gz,HRR1402748
HRR1402933_f1.fastq.gz,HRR1402933
HRR1402933_r2.fastq.gz,HRR1402933
HRR1402934_f1.fastq.gz,HRR1402934
HRR1402934_r2.fastq.gz,HRR1402934
HRR1402749_f1.fastq.gz,HRR1402749
HRR1402749_r2.fastq.gz,HRR1402749
HRR1402750_f1.fastq.gz,HRR1402750
HRR1402750_r2.fastq.gz,HRR1402750
HRR1402935_f1.fastq.gz,HRR1402935
HRR1402935_r2.fastq.gz,HRR1402935
HRR1402751_f1.fastq.gz,HRR1402751
HRR1402751_r2.fastq.gz,HRR1402751
HRR1402936_f1.fastq.gz,HRR1402936
HRR1402936_r2.fastq.gz,HRR1402936
HRR1402937_f1.fastq.gz,HRR1402937
HRR1402937_r2.fastq.gz,HRR1402937
HRR1402752_f1.fastq.gz,HRR1402752
HRR1402752_r2.fastq.gz,HRR1402752
HRR1402753_f1.fastq.gz,HRR1402753
HRR1402753_r2.fastq.gz,HRR1402753
HRR1402754_f1.fastq.gz,HRR1402754
HRR1402754_r2.fastq.gz,HRR1402754
HRR1402755_f1.fastq.gz,HRR1402755
HRR1402755_r2.fastq.gz,HRR1402755
HRR1402938_f1.fastq.gz,HRR1402938
HRR1402938_r2.fastq.gz,HRR1402938
HRR1402939_f1.fastq.gz,HRR1402939
HRR1402939_r2.fastq.gz,HRR1402939
HRR1402756_f1.fastq.gz,HRR1402756
HRR1402756_r2.fastq.gz,HRR1402756
HRR1402757_f1.fastq.gz,HRR1402757
HRR1402757_r2.fastq.gz,HRR1402757
HRR1402940_f1.fastq.gz,HRR1402940
HRR1402940_r2.fastq.gz,HRR1402940
HRR1402758_f1.fastq.gz,HRR1402758
HRR1402758_r2.fastq.gz,HRR1402758
HRR1402941_f1.fastq.gz,HRR1402941
HRR1402941_r2.fastq.gz,HRR1402941
HRR1402759_f1.fastq.gz,HRR1402759
HRR1402759_r2.fastq.gz,HRR1402759
HRR1402942_f1.fastq.gz,HRR1402942
HRR1402942_r2.fastq.gz,HRR1402942
HRR1402943_f1.fastq.gz,HRR1402943
HRR1402943_r2.fastq.gz,HRR1402943
HRR1402760_f1.fastq.gz,HRR1402760
HRR1402760_r2.fastq.gz,HRR1402760
HRR1402944_f1.fastq.gz,HRR1402944
HRR1402944_r2.fastq.gz,HRR1402944
HRR1402761_f1.fastq.gz,HRR1402761
HRR1402761_r2.fastq.gz,HRR1402761
HRR1402945_f1.fastq.gz,HRR1402945
HRR1402945_r2.fastq.gz,HRR1402945
HRR1402762_f1.fastq.gz,HRR1402762
HRR1402762_r2.fastq.gz,HRR1402762
HRR1402946_f1.fastq.gz,HRR1402946
HRR1402946_r2.fastq.gz,HRR1402946
HRR1402763_f1.fastq.gz,HRR1402763
HRR1402763_r2.fastq.gz,HRR1402763
HRR1402947_f1.fastq.gz,HRR1402947
HRR1402947_r2.fastq.gz,HRR1402947
HRR1402764_f1.fastq.gz,HRR1402764
HRR1402764_r2.fastq.gz,HRR1402764
HRR1402948_f1.fastq.gz,HRR1402948
HRR1402948_r2.fastq.gz,HRR1402948
HRR1402765_f1.fastq.gz,HRR1402765
HRR1402765_r2.fastq.gz,HRR1402765
HRR1402949_f1.fastq.gz,HRR1402949
HRR1402949_r2.fastq.gz,HRR1402949
HRR1402766_f1.fastq.gz,HRR1402766
HRR1402766_r2.fastq.gz,HRR1402766
HRR1402767_f1.fastq.gz,HRR1402767
HRR1402767_r2.fastq.gz,HRR1402767
HRR1402950_f1.fastq.gz,HRR1402950
HRR1402950_r2.fastq.gz,HRR1402950
HRR1402768_f1.fastq.gz,HRR1402768
HRR1402768_r2.fastq.gz,HRR1402768
HRR1402951_f1.fastq.gz,HRR1402951
HRR1402951_r2.fastq.gz,HRR1402951
HRR1402769_f1.fastq.gz,HRR1402769
HRR1402769_r2.fastq.gz,HRR1402769
HRR1402770_f1.fastq.gz,HRR1402770
HRR1402770_r2.fastq.gz,HRR1402770
HRR1402952_f1.fastq.gz,HRR1402952
HRR1402952_r2.fastq.gz,HRR1402952
HRR1402953_f1.fastq.gz,HRR1402953
HRR1402953_r2.fastq.gz,HRR1402953
HRR1402771_f1.fastq.gz,HRR1402771
HRR1402771_r2.fastq.gz,HRR1402771
HRR1402954_f1.fastq.gz,HRR1402954
HRR1402954_r2.fastq.gz,HRR1402954
HRR1402772_f1.fastq.gz,HRR1402772
HRR1402772_r2.fastq.gz,HRR1402772
HRR1402773_f1.fastq.gz,HRR1402773
HRR1402773_r2.fastq.gz,HRR1402773
HRR1402955_f1.fastq.gz,HRR1402955
HRR1402955_r2.fastq.gz,HRR1402955
HRR1402774_f1.fastq.gz,HRR1402774
HRR1402774_r2.fastq.gz,HRR1402774
HRR1402956_f1.fastq.gz,HRR1402956
HRR1402956_r2.fastq.gz,HRR1402956
HRR1402775_f1.fastq.gz,HRR1402775
HRR1402775_r2.fastq.gz,HRR1402775
HRR1402957_f1.fastq.gz,HRR1402957
HRR1402957_r2.fastq.gz,HRR1402957
HRR1402776_f1.fastq.gz,HRR1402776
HRR1402776_r2.fastq.gz,HRR1402776
HRR1402958_f1.fastq.gz,HRR1402958
HRR1402958_r2.fastq.gz,HRR1402958
HRR1402777_f1.fastq.gz,HRR1402777
HRR1402777_r2.fastq.gz,HRR1402777
HRR1402959_f1.fastq.gz,HRR1402959
HRR1402959_r2.fastq.gz,HRR1402959
HRR1402960_f1.fastq.gz,HRR1402960
HRR1402960_r2.fastq.gz,HRR1402960
HRR1402778_f1.fastq.gz,HRR1402778
HRR1402778_r2.fastq.gz,HRR1402778
HRR1402961_f1.fastq.gz,HRR1402961
HRR1402961_r2.fastq.gz,HRR1402961
HRR1402779_f1.fastq.gz,HRR1402779
HRR1402779_r2.fastq.gz,HRR1402779
HRR1402962_f1.fastq.gz,HRR1402962
HRR1402962_r2.fastq.gz,HRR1402962
HRR1402780_f1.fastq.gz,HRR1402780
HRR1402780_r2.fastq.gz,HRR1402780
HRR1402963_f1.fastq.gz,HRR1402963
HRR1402963_r2.fastq.gz,HRR1402963
HRR1402781_f1.fastq.gz,HRR1402781
HRR1402781_r2.fastq.gz,HRR1402781
HRR1402964_f1.fastq.gz,HRR1402964
HRR1402964_r2.fastq.gz,HRR1402964
HRR1402965_f1.fastq.gz,HRR1402965
HRR1402965_r2.fastq.gz,HRR1402965
HRR1402782_f1.fastq.gz,HRR1402782
HRR1402782_r2.fastq.gz,HRR1402782
HRR1402966_f1.fastq.gz,HRR1402966
HRR1402966_r2.fastq.gz,HRR1402966
HRR1402967_f1.fastq.gz,HRR1402967
HRR1402967_r2.fastq.gz,HRR1402967
HRR1402783_f1.fastq.gz,HRR1402783
HRR1402783_r2.fastq.gz,HRR1402783
HRR1402968_f1.fastq.gz,HRR1402968
HRR1402968_r2.fastq.gz,HRR1402968
HRR1402969_f1.fastq.gz,HRR1402969
HRR1402969_r2.fastq.gz,HRR1402969
HRR1402784_f1.fastq.gz,HRR1402784
HRR1402784_r2.fastq.gz,HRR1402784
HRR1402785_f1.fastq.gz,HRR1402785
HRR1402785_r2.fastq.gz,HRR1402785
HRR1402970_f1.fastq.gz,HRR1402970
HRR1402970_r2.fastq.gz,HRR1402970
HRR1402971_f1.fastq.gz,HRR1402971
HRR1402971_r2.fastq.gz,HRR1402971
HRR1402786_f1.fastq.gz,HRR1402786
HRR1402786_r2.fastq.gz,HRR1402786
HRR1402787_f1.fastq.gz,HRR1402787
HRR1402787_r2.fastq.gz,HRR1402787
HRR1402972_f1.fastq.gz,HRR1402972
HRR1402972_r2.fastq.gz,HRR1402972
HRR1402788_f1.fastq.gz,HRR1402788
HRR1402788_r2.fastq.gz,HRR1402788
HRR1402789_f1.fastq.gz,HRR1402789
HRR1402789_r2.fastq.gz,HRR1402789
HRR1402973_f1.fastq.gz,HRR1402973
HRR1402973_r2.fastq.gz,HRR1402973
HRR1402790_f1.fastq.gz,HRR1402790
HRR1402790_r2.fastq.gz,HRR1402790
HRR1402974_f1.fastq.gz,HRR1402974
HRR1402974_r2.fastq.gz,HRR1402974
HRR1402975_f1.fastq.gz,HRR1402975
HRR1402975_r2.fastq.gz,HRR1402975
HRR1402791_f1.fastq.gz,HRR1402791
HRR1402791_r2.fastq.gz,HRR1402791
HRR1402792_f1.fastq.gz,HRR1402792
HRR1402792_r2.fastq.gz,HRR1402792
HRR1402976_f1.fastq.gz,HRR1402976
HRR1402976_r2.fastq.gz,HRR1402976
HRR1402977_f1.fastq.gz,HRR1402977
HRR1402977_r2.fastq.gz,HRR1402977
HRR1402793_f1.fastq.gz,HRR1402793
HRR1402793_r2.fastq.gz,HRR1402793
HRR1402794_f1.fastq.gz,HRR1402794
HRR1402794_r2.fastq.gz,HRR1402794
HRR1402978_f1.fastq.gz,HRR1402978
HRR1402978_r2.fastq.gz,HRR1402978
HRR1402979_f1.fastq.gz,HRR1402979
HRR1402979_r2.fastq.gz,HRR1402979
HRR1402795_f1.fastq.gz,HRR1402795
HRR1402795_r2.fastq.gz,HRR1402795
HRR1402796_f1.fastq.gz,HRR1402796
HRR1402796_r2.fastq.gz,HRR1402796
HRR1402980_f1.fastq.gz,HRR1402980
HRR1402980_r2.fastq.gz,HRR1402980
HRR1402981_f1.fastq.gz,HRR1402981
HRR1402981_r2.fastq.gz,HRR1402981
HRR572934_f1.fq.gz,HRR572934
HRR572934_r2.fq.gz,HRR572934
HRR572935_f1.fq.gz,HRR572935
HRR572935_r2.fq.gz,HRR572935
HRR572936_f1.fq.gz,HRR572936
HRR572936_r2.fq.gz,HRR572936
HRR572937_f1.fq.gz,HRR572937
HRR572937_r2.fq.gz,HRR572937
HRR572938_f1.fq.gz,HRR572938
HRR572938_r2.fq.gz,HRR572938
HRR572939_f1.fq.gz,HRR572939
HRR572939_r2.fq.gz,HRR572939
HRR572940_f1.fq.gz,HRR572940
HRR572940_r2.fq.gz,HRR572940
HRR572941_f1.fq.gz,HRR572941
HRR572941_r2.fq.gz,HRR572941
HRR572942_f1.fq.gz,HRR572942
HRR572942_r2.fq.gz,HRR572942
HRR572943_f1.fq.gz,HRR572943
HRR572943_r2.fq.gz,HRR572943
HRR572944_f1.fq.gz,HRR572944
HRR572944_r2.fq.gz,HRR572944
HRR572945_f1.fq.gz,HRR572945
HRR572945_r2.fq.gz,HRR572945
HRR572946_f1.fq.gz,HRR572946
HRR572946_r2.fq.gz,HRR572946
HRR572947_f1.fq.gz,HRR572947
HRR572947_r2.fq.gz,HRR572947
HRR572948_f1.fq.gz,HRR572948
HRR572948_r2.fq.gz,HRR572948
HRR572949_f1.fq.gz,HRR572949
HRR572949_r2.fq.gz,HRR572949
HRR572950_f1.fq.gz,HRR572950
HRR572950_r2.fq.gz,HRR572950
HRR572951_f1.fq.gz,HRR572951
HRR572951_r2.fq.gz,HRR572951
HRR572952_f1.fq.gz,HRR572952
HRR572952_r2.fq.gz,HRR572952
HRR572953_f1.fq.gz,HRR572953
HRR572953_r2.fq.gz,HRR572953
HRR572954_f1.fq.gz,HRR572954
HRR572954_r2.fq.gz,HRR572954
HRR572955_f1.fq.gz,HRR572955
HRR572955_r2.fq.gz,HRR572955
HRR572956_f1.fq.gz,HRR572956
HRR572956_r2.fq.gz,HRR572956
HRR572957_f1.fq.gz,HRR572957
HRR572957_r2.fq.gz,HRR572957
HRR572958_f1.fq.gz,HRR572958
HRR572958_r2.fq.gz,HRR572958
HRR572959_f1.fq.gz,HRR572959
HRR572959_r2.fq.gz,HRR572959
HRR572960_f1.fq.gz,HRR572960
HRR572960_r2.fq.gz,HRR572960
HRR572961_f1.fq.gz,HRR572961
HRR572961_r2.fq.gz,HRR572961
HRR572962_f1.fq.gz,HRR572962
HRR572962_r2.fq.gz,HRR572962
HRR572963_f1.fq.gz,HRR572963
HRR572963_r2.fq.gz,HRR572963
HRR572964_f1.fq.gz,HRR572964
HRR572964_r2.fq.gz,HRR572964
HRR572965_f1.fq.gz,HRR572965
HRR572965_r2.fq.gz,HRR572965
HRR572966_f1.fq.gz,HRR572966
HRR572966_r2.fq.gz,HRR572966
HRR572967_f1.fq.gz,HRR572967
HRR572967_r2.fq.gz,HRR572967
HRR572968_f1.fq.gz,HRR572968
HRR572968_r2.fq.gz,HRR572968
HRR572969_f1.fq.gz,HRR572969
HRR572969_r2.fq.gz,HRR572969
HRR572970_f1.fq.gz,HRR572970
HRR572970_r2.fq.gz,HRR572970
HRR572971_f1.fq.gz,HRR572971
HRR572971_r2.fq.gz,HRR572971
HRR572972_f1.fq.gz,HRR572972
HRR572972_r2.fq.gz,HRR572972
HRR572973_f1.fq.gz,HRR572973
HRR572973_r2.fq.gz,HRR572973
HRR572974_f1.fq.gz,HRR572974
HRR572974_r2.fq.gz,HRR572974
HRR572975_f1.fq.gz,HRR572975
HRR572975_r2.fq.gz,HRR572975
HRR572976_f1.fq.gz,HRR572976
HRR572976_r2.fq.gz,HRR572976
HRR572977_f1.fq.gz,HRR572977
HRR572977_r2.fq.gz,HRR572977
HRR572978_f1.fq.gz,HRR572978
HRR572978_r2.fq.gz,HRR572978
HRR572979_f1.fq.gz,HRR572979
HRR572979_r2.fq.gz,HRR572979
HRR572980_f1.fq.gz,HRR572980
HRR572980_r2.fq.gz,HRR572980
HRR572981_f1.fq.gz,HRR572981
HRR572981_r2.fq.gz,HRR572981
HRR572982_f1.fq.gz,HRR572982
HRR572982_r2.fq.gz,HRR572982
HRR572983_f1.fq.gz,HRR572983
HRR572983_r2.fq.gz,HRR572983
HRR572984_f1.fq.gz,HRR572984
HRR572984_r2.fq.gz,HRR572984
HRR572985_f1.fq.gz,HRR572985
HRR572985_r2.fq.gz,HRR572985
HRR572986_f1.fq.gz,HRR572986
HRR572986_r2.fq.gz,HRR572986
HRR572987_f1.fq.gz,HRR572987
HRR572987_r2.fq.gz,HRR572987
HRR572988_f1.fq.gz,HRR572988
HRR572988_r2.fq.gz,HRR572988
HRR572989_f1.fq.gz,HRR572989
HRR572989_r2.fq.gz,HRR572989
HRR572990_f1.fq.gz,HRR572990
HRR572990_r2.fq.gz,HRR572990
HRR572991_f1.fq.gz,HRR572991
HRR572991_r2.fq.gz,HRR572991
HRR572992_f1.fq.gz,HRR572992
HRR572992_r2.fq.gz,HRR572992
HRR572993_f1.fq.gz,HRR572993
HRR572993_r2.fq.gz,HRR572993
HRR572994_f1.fq.gz,HRR572994
HRR572994_r2.fq.gz,HRR572994
HRR572995_f1.fq.gz,HRR572995
HRR572995_r2.fq.gz,HRR572995
HRR572996_f1.fq.gz,HRR572996
HRR572996_r2.fq.gz,HRR572996
HRR572997_f1.fq.gz,HRR572997
HRR572997_r2.fq.gz,HRR572997
HRR572998_f1.fq.gz,HRR572998
HRR572998_r2.fq.gz,HRR572998
HRR572999_f1.fq.gz,HRR572999
HRR572999_r2.fq.gz,HRR572999
HRR573000_f1.fq.gz,HRR573000
HRR573000_r2.fq.gz,HRR573000
HRR573001_f1.fq.gz,HRR573001
HRR573001_r2.fq.gz,HRR573001
HRR573002_f1.fq.gz,HRR573002
HRR573002_r2.fq.gz,HRR573002
HRR573003_f1.fq.gz,HRR573003
HRR573003_r2.fq.gz,HRR573003
HRR573004_f1.fq.gz,HRR573004
HRR573004_r2.fq.gz,HRR573004
HRR573005_f1.fq.gz,HRR573005
HRR573005_r2.fq.gz,HRR573005
HRR573006_f1.fq.gz,HRR573006
HRR573006_r2.fq.gz,HRR573006
HRR573007_f1.fq.gz,HRR573007
HRR573007_r2.fq.gz,HRR573007
HRR573008_f1.fq.gz,HRR573008
HRR573008_r2.fq.gz,HRR573008
HRR573009_f1.fq.gz,HRR573009
HRR573009_r2.fq.gz,HRR573009
HRR573010_f1.fq.gz,HRR573010
HRR573010_r2.fq.gz,HRR573010
HRR573011_f1.fq.gz,HRR573011
HRR573011_r2.fq.gz,HRR573011
HRR573012_f1.fq.gz,HRR573012
HRR573012_r2.fq.gz,HRR573012
HRR573013_f1.fq.gz,HRR573013
HRR573013_r2.fq.gz,HRR573013
HRR573014_f1.fq.gz,HRR573014
HRR573014_r2.fq.gz,HRR573014
HRR573015_f1.fq.gz,HRR573015
HRR573015_r2.fq.gz,HRR573015
HRR573016_f1.fq.gz,HRR573016
HRR573016_r2.fq.gz,HRR573016
HRR573017_f1.fq.gz,HRR573017
HRR573017_r2.fq.gz,HRR573017
HRR573018_f1.fq.gz,HRR573018
HRR573018_r2.fq.gz,HRR573018
HRR573019_f1.fq.gz,HRR573019
HRR573019_r2.fq.gz,HRR573019
HRR573020_f1.fq.gz,HRR573020
HRR573020_r2.fq.gz,HRR573020
HRR573021_f1.fq.gz,HRR573021
HRR573021_r2.fq.gz,HRR573021
HRR573022_f1.fq.gz,HRR573022
HRR573022_r2.fq.gz,HRR573022
HRR573023_f1.fq.gz,HRR573023
HRR573023_r2.fq.gz,HRR573023
HRR573024_f1.fq.gz,HRR573024
HRR573024_r2.fq.gz,HRR573024
HRR573025_f1.fq.gz,HRR573025
HRR573025_r2.fq.gz,HRR573025
HRR573026_f1.fq.gz,HRR573026
HRR573026_r2.fq.gz,HRR573026
HRR573027_f1.fq.gz,HRR573027
HRR573027_r2.fq.gz,HRR573027
HRR573028_f1.fq.gz,HRR573028
HRR573028_r2.fq.gz,HRR573028
HRR573029_f1.fq.gz,HRR573029
HRR573029_r2.fq.gz,HRR573029
HRR573030_f1.fq.gz,HRR573030
HRR573030_r2.fq.gz,HRR573030
HRR573031_f1.fq.gz,HRR573031
HRR573031_r2.fq.gz,HRR573031
HRR573032_f1.fq.gz,HRR573032
HRR573032_r2.fq.gz,HRR573032
HRR573033_f1.fq.gz,HRR573033
HRR573033_r2.fq.gz,HRR573033
HRR573034_f1.fq.gz,HRR573034
HRR573034_r2.fq.gz,HRR573034
HRR573035_f1.fq.gz,HRR573035
HRR573035_r2.fq.gz,HRR573035
HRR573036_f1.fq.gz,HRR573036
HRR573036_r2.fq.gz,HRR573036
HRR573037_f1.fq.gz,HRR573037
HRR573037_r2.fq.gz,HRR573037
HRR573038_f1.fq.gz,HRR573038
HRR573038_r2.fq.gz,HRR573038
HRR573039_f1.fq.gz,HRR573039
HRR573039_r2.fq.gz,HRR573039
HRR573040_f1.fq.gz,HRR573040
HRR573040_r2.fq.gz,HRR573040
HRR573041_f1.fq.gz,HRR573041
HRR573041_r2.fq.gz,HRR573041
HRR573042_f1.fq.gz,HRR573042
HRR573042_r2.fq.gz,HRR573042
HRR573043_f1.fq.gz,HRR573043
HRR573043_r2.fq.gz,HRR573043
HRR573044_f1.fq.gz,HRR573044
HRR573044_r2.fq.gz,HRR573044
HRR573045_f1.fq.gz,HRR573045
HRR573045_r2.fq.gz,HRR573045
HRR573046_f1.fq.gz,HRR573046
HRR573046_r2.fq.gz,HRR573046
HRR573047_f1.fq.gz,HRR573047
HRR573047_r2.fq.gz,HRR573047
HRR573048_f1.fq.gz,HRR573048
HRR573048_r2.fq.gz,HRR573048
HRR573049_f1.fq.gz,HRR573049
HRR573049_r2.fq.gz,HRR573049
HRR573050_f1.fq.gz,HRR573050
HRR573050_r2.fq.gz,HRR573050
HRR573051_f1.fq.gz,HRR573051
HRR573051_r2.fq.gz,HRR573051
HRR573052_f1.fq.gz,HRR573052
HRR573052_r2.fq.gz,HRR573052
HRR573053_f1.fq.gz,HRR573053
HRR573053_r2.fq.gz,HRR573053
HRR573054_f1.fq.gz,HRR573054
HRR573054_r2.fq.gz,HRR573054
HRR573055_f1.fq.gz,HRR573055
HRR573055_r2.fq.gz,HRR573055
HRR573056_f1.fq.gz,HRR573056
HRR573056_r2.fq.gz,HRR573056
HRR573057_f1.fq.gz,HRR573057
HRR573057_r2.fq.gz,HRR573057
HRR573058_f1.fq.gz,HRR573058
HRR573058_r2.fq.gz,HRR573058
HRR573059_f1.fq.gz,HRR573059
HRR573059_r2.fq.gz,HRR573059
HRR573060_f1.fq.gz,HRR573060
HRR573060_r2.fq.gz,HRR573060
HRR573061_f1.fq.gz,HRR573061
HRR573061_r2.fq.gz,HRR573061
HRR573062_f1.fq.gz,HRR573062
HRR573062_r2.fq.gz,HRR573062
HRR573063_f1.fq.gz,HRR573063
HRR573063_r2.fq.gz,HRR573063
HRR573064_f1.fq.gz,HRR573064
HRR573064_r2.fq.gz,HRR573064
HRR573065_f1.fq.gz,HRR573065
HRR573065_r2.fq.gz,HRR573065
HRR573066_f1.fq.gz,HRR573066
HRR573066_r2.fq.gz,HRR573066
HRR573067_f1.fq.gz,HRR573067
HRR573067_r2.fq.gz,HRR573067
HRR573068_f1.fq.gz,HRR573068
HRR573068_r2.fq.gz,HRR573068
HRR573069_f1.fq.gz,HRR573069
HRR573069_r2.fq.gz,HRR573069
HRR573070_f1.fq.gz,HRR573070
HRR573070_r2.fq.gz,HRR573070
HRR573071_f1.fq.gz,HRR573071
HRR573071_r2.fq.gz,HRR573071
HRR573072_f1.fq.gz,HRR573072
HRR573072_r2.fq.gz,HRR573072
HRR573073_f1.fq.gz,HRR573073
HRR573073_r2.fq.gz,HRR573073
HRR573074_f1.fq.gz,HRR573074
HRR573074_r2.fq.gz,HRR573074
HRR573075_f1.fq.gz,HRR573075
HRR573075_r2.fq.gz,HRR573075
HRR573076_f1.fq.gz,HRR573076
HRR573076_r2.fq.gz,HRR573076
HRR573077_f1.fq.gz,HRR573077
HRR573077_r2.fq.gz,HRR573077
HRR573078_f1.fq.gz,HRR573078
HRR573078_r2.fq.gz,HRR573078
HRR573079_f1.fq.gz,HRR573079
HRR573079_r2.fq.gz,HRR573079
HRR573080_f1.fq.gz,HRR573080
HRR573080_r2.fq.gz,HRR573080
HRR573081_f1.fq.gz,HRR573081
HRR573081_r2.fq.gz,HRR573081
HRR573082_f1.fq.gz,HRR573082
HRR573082_r2.fq.gz,HRR573082
HRR573083_f1.fq.gz,HRR573083
HRR573083_r2.fq.gz,HRR573083
HRR573084_f1.fq.gz,HRR573084
HRR573084_r2.fq.gz,HRR573084
HRR573085_f1.fq.gz,HRR573085
HRR573085_r2.fq.gz,HRR573085
HRR573086_f1.fq.gz,HRR573086
HRR573086_r2.fq.gz,HRR573086
HRR573087_f1.fq.gz,HRR573087
HRR573087_r2.fq.gz,HRR573087
HRR573088_f1.fq.gz,HRR573088
HRR573088_r2.fq.gz,HRR573088
HRR573089_f1.fq.gz,HRR573089
HRR573089_r2.fq.gz,HRR573089
HRR573090_f1.fq.gz,HRR573090
HRR573090_r2.fq.gz,HRR573090
HRR573091_f1.fq.gz,HRR573091
HRR573091_r2.fq.gz,HRR573091
HRR573092_f1.fq.gz,HRR573092
HRR573092_r2.fq.gz,HRR573092
HRR573093_f1.fq.gz,HRR573093
HRR573093_r2.fq.gz,HRR573093
HRR573094_f1.fq.gz,HRR573094
HRR573094_r2.fq.gz,HRR573094
HRR573095_f1.fq.gz,HRR573095
HRR573095_r2.fq.gz,HRR573095
HRR573096_f1.fq.gz,HRR573096
HRR573096_r2.fq.gz,HRR573096
HRR573097_f1.fq.gz,HRR573097
HRR573097_r2.fq.gz,HRR573097
HRR573098_f1.fq.gz,HRR573098
HRR573098_r2.fq.gz,HRR573098
HRR573099_f1.fq.gz,HRR573099
HRR573099_r2.fq.gz,HRR573099
HRR573100_f1.fq.gz,HRR573100
HRR573100_r2.fq.gz,HRR573100
HRR573101_f1.fq.gz,HRR573101
HRR573101_r2.fq.gz,HRR573101
HRR573102_f1.fq.gz,HRR573102
HRR573102_r2.fq.gz,HRR573102
HRR573103_f1.fq.gz,HRR573103
HRR573103_r2.fq.gz,HRR573103
HRR573104_f1.fq.gz,HRR573104
HRR573104_r2.fq.gz,HRR573104
HRR573105_f1.fq.gz,HRR573105
HRR573105_r2.fq.gz,HRR573105
HRR573106_f1.fq.gz,HRR573106
HRR573106_r2.fq.gz,HRR573106
HRR573107_f1.fq.gz,HRR573107
HRR573107_r2.fq.gz,HRR573107
HRR573108_f1.fq.gz,HRR573108
HRR573108_r2.fq.gz,HRR573108
HRR573109_f1.fq.gz,HRR573109
HRR573109_r2.fq.gz,HRR573109
HRR573110_f1.fq.gz,HRR573110
HRR573110_r2.fq.gz,HRR573110
HRR573111_f1.fq.gz,HRR573111
HRR573111_r2.fq.gz,HRR573111
HRR573112_f1.fq.gz,HRR573112
HRR573112_r2.fq.gz,HRR573112
HRR573113_f1.fq.gz,HRR573113
HRR573113_r2.fq.gz,HRR573113
HRR573114_f1.fq.gz,HRR573114
HRR573114_r2.fq.gz,HRR573114
HRR573115_f1.fq.gz,HRR573115
HRR573115_r2.fq.gz,HRR573115
HRR573116_f1.fq.gz,HRR573116
HRR573116_r2.fq.gz,HRR573116
HRR573117_f1.fq.gz,HRR573117
HRR573117_r2.fq.gz,HRR573117
HRR573118_f1.fq.gz,HRR573118
HRR573118_r2.fq.gz,HRR573118
HRR573119_f1.fq.gz,HRR573119
HRR573119_r2.fq.gz,HRR573119
HRR573120_f1.fq.gz,HRR573120
HRR573120_r2.fq.gz,HRR573120
HRR573121_f1.fq.gz,HRR573121
HRR573121_r2.fq.gz,HRR573121
HRR573122_f1.fq.gz,HRR573122
HRR573122_r2.fq.gz,HRR573122
HRR573123_f1.fq.gz,HRR573123
HRR573123_r2.fq.gz,HRR573123
HRR573124_f1.fq.gz,HRR573124
HRR573124_r2.fq.gz,HRR573124
HRR573125_f1.fq.gz,HRR573125
HRR573125_r2.fq.gz,HRR573125
HRR573126_f1.fq.gz,HRR573126
HRR573126_r2.fq.gz,HRR573126
HRR573127_f1.fq.gz,HRR573127
HRR573127_r2.fq.gz,HRR573127
HRR573128_f1.fq.gz,HRR573128
HRR573128_r2.fq.gz,HRR573128
HRR573129_f1.fq.gz,HRR573129
HRR573129_r2.fq.gz,HRR573129
HRR573130_f1.fq.gz,HRR573130
HRR573130_r2.fq.gz,HRR573130
HRR573131_f1.fq.gz,HRR573131
HRR573131_r2.fq.gz,HRR573131
HRR573132_f1.fq.gz,HRR573132
HRR573132_r2.fq.gz,HRR573132
HRR573133_f1.fq.gz,HRR573133
HRR573133_r2.fq.gz,HRR573133
HRR573134_f1.fq.gz,HRR573134
HRR573134_r2.fq.gz,HRR573134
HRR573135_f1.fq.gz,HRR573135
HRR573135_r2.fq.gz,HRR573135
HRR573136_f1.fq.gz,HRR573136
HRR573136_r2.fq.gz,HRR573136
HRR573137_f1.fq.gz,HRR573137
HRR573137_r2.fq.gz,HRR573137
HRR573138_f1.fq.gz,HRR573138
HRR573138_r2.fq.gz,HRR573138
HRR573139_f1.fq.gz,HRR573139
HRR573139_r2.fq.gz,HRR573139
HRR573140_f1.fq.gz,HRR573140
HRR573140_r2.fq.gz,HRR573140
HRR573141_f1.fq.gz,HRR573141
HRR573141_r2.fq.gz,HRR573141
HRR573142_f1.fq.gz,HRR573142
HRR573142_r2.fq.gz,HRR573142
HRR573143_f1.fq.gz,HRR573143
HRR573143_r2.fq.gz,HRR573143
HRR573144_f1.fq.gz,HRR573144
HRR573144_r2.fq.gz,HRR573144
HRR573145_f1.fq.gz,HRR573145
HRR573145_r2.fq.gz,HRR573145
HRR573146_f1.fq.gz,HRR573146
HRR573146_r2.fq.gz,HRR573146
HRR573147_f1.fq.gz,HRR573147
HRR573147_r2.fq.gz,HRR573147
HRR573148_f1.fq.gz,HRR573148
HRR573148_r2.fq.gz,HRR573148
HRR573149_f1.fq.gz,HRR573149
HRR573149_r2.fq.gz,HRR573149
HRR573150_f1.fq.gz,HRR573150
HRR573150_r2.fq.gz,HRR573150
HRR573151_f1.fq.gz,HRR573151
HRR573151_r2.fq.gz,HRR573151
HRR573152_f1.fq.gz,HRR573152
HRR573152_r2.fq.gz,HRR573152
HRR573153_f1.fq.gz,HRR573153
HRR573153_r2.fq.gz,HRR573153
HRR573154_f1.fq.gz,HRR573154
HRR573154_r2.fq.gz,HRR573154
HRR573155_f1.fq.gz,HRR573155
HRR573155_r2.fq.gz,HRR573155
HRR573156_f1.fq.gz,HRR573156
HRR573156_r2.fq.gz,HRR573156
HRR573157_f1.fq.gz,HRR573157
HRR573157_r2.fq.gz,HRR573157
HRR573158_f1.fq.gz,HRR573158
HRR573158_r2.fq.gz,HRR573158
HRR573159_f1.fq.gz,HRR573159
HRR573159_r2.fq.gz,HRR573159
HRR573160_f1.fq.gz,HRR573160
HRR573160_r2.fq.gz,HRR573160
HRR573161_f1.fq.gz,HRR573161
HRR573161_r2.fq.gz,HRR573161
HRR573162_f1.fq.gz,HRR573162
HRR573162_r2.fq.gz,HRR573162
HRR573163_f1.fq.gz,HRR573163
HRR573163_r2.fq.gz,HRR573163
HRR573164_f1.fq.gz,HRR573164
HRR573164_r2.fq.gz,HRR573164
HRR573165_f1.fq.gz,HRR573165
HRR573165_r2.fq.gz,HRR573165
HRR573166_f1.fq.gz,HRR573166
HRR573166_r2.fq.gz,HRR573166
HRR573167_f1.fq.gz,HRR573167
HRR573167_r2.fq.gz,HRR573167
HRR573168_f1.fq.gz,HRR573168
HRR573168_r2.fq.gz,HRR573168
HRR573169_f1.fq.gz,HRR573169
HRR573169_r2.fq.gz,HRR573169
HRR573170_f1.fq.gz,HRR573170
HRR573170_r2.fq.gz,HRR573170
HRR573171_f1.fq.gz,HRR573171
HRR573171_r2.fq.gz,HRR573171
HRR573172_f1.fq.gz,HRR573172
HRR573172_r2.fq.gz,HRR573172
HRR573173_f1.fq.gz,HRR573173
HRR573173_r2.fq.gz,HRR573173
HRR573174_f1.fq.gz,HRR573174
HRR573174_r2.fq.gz,HRR573174
HRR573175_f1.fq.gz,HRR573175
HRR573175_r2.fq.gz,HRR573175
HRR573176_f1.fq.gz,HRR573176
HRR573176_r2.fq.gz,HRR573176
HRR573177_f1.fq.gz,HRR573177
HRR573177_r2.fq.gz,HRR573177
HRR573178_f1.fq.gz,HRR573178
HRR573178_r2.fq.gz,HRR573178
HRR573179_f1.fq.gz,HRR573179
HRR573179_r2.fq.gz,HRR573179
HRR573180_f1.fq.gz,HRR573180
HRR573180_r2.fq.gz,HRR573180
HRR573181_f1.fq.gz,HRR573181
HRR573181_r2.fq.gz,HRR573181
HRR573182_f1.fq.gz,HRR573182
HRR573182_r2.fq.gz,HRR573182
HRR573183_f1.fq.gz,HRR573183
HRR573183_r2.fq.gz,HRR573183
HRR573184_f1.fq.gz,HRR573184
HRR573184_r2.fq.gz,HRR573184
HRR573185_f1.fq.gz,HRR573185
HRR573185_r2.fq.gz,HRR573185
HRR573186_f1.fq.gz,HRR573186
HRR573186_r2.fq.gz,HRR573186
HRR573187_f1.fq.gz,HRR573187
HRR573187_r2.fq.gz,HRR573187
HRR573188_f1.fq.gz,HRR573188
HRR573188_r2.fq.gz,HRR573188
HRR573189_f1.fq.gz,HRR573189
HRR573189_r2.fq.gz,HRR573189
HRR573190_f1.fq.gz,HRR573190
HRR573190_r2.fq.gz,HRR573190
HRR573191_f1.fq.gz,HRR573191
HRR573191_r2.fq.gz,HRR573191
HRR573192_f1.fq.gz,HRR573192
HRR573192_r2.fq.gz,HRR573192
HRR573193_f1.fq.gz,HRR573193
HRR573193_r2.fq.gz,HRR573193
HRR573194_f1.fq.gz,HRR573194
HRR573194_r2.fq.gz,HRR573194
HRR573195_f1.fq.gz,HRR573195
HRR573195_r2.fq.gz,HRR573195
HRR573196_f1.fq.gz,HRR573196
HRR573196_r2.fq.gz,HRR573196
HRR573197_f1.fq.gz,HRR573197
HRR573197_r2.fq.gz,HRR573197
HRR573198_f1.fq.gz,HRR573198
HRR573198_r2.fq.gz,HRR573198
HRR573199_f1.fq.gz,HRR573199
HRR573199_r2.fq.gz,HRR573199
HRR573200_f1.fq.gz,HRR573200
HRR573200_r2.fq.gz,HRR573200
HRR573201_f1.fq.gz,HRR573201
HRR573201_r2.fq.gz,HRR573201
HRR573202_f1.fq.gz,HRR573202
HRR573202_r2.fq.gz,HRR573202
HRR573203_f1.fq.gz,HRR573203
HRR573203_r2.fq.gz,HRR573203
HRR573204_f1.fq.gz,HRR573204
HRR573204_r2.fq.gz,HRR573204
HRR573205_f1.fq.gz,HRR573205
HRR573205_r2.fq.gz,HRR573205
HRR573206_f1.fq.gz,HRR573206
HRR573206_r2.fq.gz,HRR573206
HRR573207_f1.fq.gz,HRR573207
HRR573207_r2.fq.gz,HRR573207
HRR573208_f1.fq.gz,HRR573208
HRR573208_r2.fq.gz,HRR573208
HRR573209_f1.fq.gz,HRR573209
HRR573209_r2.fq.gz,HRR573209
HRR573210_f1.fq.gz,HRR573210
HRR573210_r2.fq.gz,HRR573210
HRR573211_f1.fq.gz,HRR573211
HRR573211_r2.fq.gz,HRR573211
HRR573212_f1.fq.gz,HRR573212
HRR573212_r2.fq.gz,HRR573212
HRR573213_f1.fq.gz,HRR573213
HRR573213_r2.fq.gz,HRR573213
HRR573214_f1.fq.gz,HRR573214
HRR573214_r2.fq.gz,HRR573214
HRR573215_f1.fq.gz,HRR573215
HRR573215_r2.fq.gz,HRR573215
HRR573216_f1.fq.gz,HRR573216
HRR573216_r2.fq.gz,HRR573216
HRR573217_f1.fq.gz,HRR573217
HRR573217_r2.fq.gz,HRR573217
HRR573218_f1.fq.gz,HRR573218
HRR573218_r2.fq.gz,HRR573218
HRR573219_f1.fq.gz,HRR573219
HRR573219_r2.fq.gz,HRR573219
HRR573220_f1.fq.gz,HRR573220
HRR573220_r2.fq.gz,HRR573220
HRR573221_f1.fq.gz,HRR573221
HRR573221_r2.fq.gz,HRR573221
HRR573222_f1.fq.gz,HRR573222
HRR573222_r2.fq.gz,HRR573222
HRR573223_f1.fq.gz,HRR573223
HRR573223_r2.fq.gz,HRR573223
HRR573224_f1.fq.gz,HRR573224
HRR573224_r2.fq.gz,HRR573224
HRR573225_f1.fq.gz,HRR573225
HRR573225_r2.fq.gz,HRR573225
HRR573226_f1.fq.gz,HRR573226
HRR573226_r2.fq.gz,HRR573226
HRR573227_f1.fq.gz,HRR573227
HRR573227_r2.fq.gz,HRR573227
HRR573228_f1.fq.gz,HRR573228
HRR573228_r2.fq.gz,HRR573228
HRR573229_f1.fq.gz,HRR573229
HRR573229_r2.fq.gz,HRR573229
HRR573230_f1.fq.gz,HRR573230
HRR573230_r2.fq.gz,HRR573230
HRR573231_f1.fq.gz,HRR573231
HRR573231_r2.fq.gz,HRR573231
HRR573232_f1.fq.gz,HRR573232
HRR573232_r2.fq.gz,HRR573232
HRR573233_f1.fq.gz,HRR573233
HRR573233_r2.fq.gz,HRR573233
HRR573234_f1.fq.gz,HRR573234
HRR573234_r2.fq.gz,HRR573234
HRR573235_f1.fq.gz,HRR573235
HRR573235_r2.fq.gz,HRR573235
HRR573236_f1.fq.gz,HRR573236
HRR573236_r2.fq.gz,HRR573236
HRR573237_f1.fq.gz,HRR573237
HRR573237_r2.fq.gz,HRR573237
HRR573238_f1.fq.gz,HRR573238
HRR573238_r2.fq.gz,HRR573238
HRR573239_f1.fq.gz,HRR573239
HRR573239_r2.fq.gz,HRR573239
HRR573240_f1.fq.gz,HRR573240
HRR573240_r2.fq.gz,HRR573240
HRR573241_f1.fq.gz,HRR573241
HRR573241_r2.fq.gz,HRR573241
HRR573242_f1.fq.gz,HRR573242
HRR573242_r2.fq.gz,HRR573242
HRR573243_f1.fq.gz,HRR573243
HRR573243_r2.fq.gz,HRR573243
HRR573244_f1.fq.gz,HRR573244
HRR573244_r2.fq.gz,HRR573244
HRR573245_f1.fq.gz,HRR573245
HRR573245_r2.fq.gz,HRR573245
HRR573246_f1.fq.gz,HRR573246
HRR573246_r2.fq.gz,HRR573246
HRR573247_f1.fq.gz,HRR573247
HRR573247_r2.fq.gz,HRR573247
HRR573248_f1.fq.gz,HRR573248
HRR573248_r2.fq.gz,HRR573248
HRR573249_f1.fq.gz,HRR573249
HRR573249_r2.fq.gz,HRR573249
HRR573250_f1.fq.gz,HRR573250
HRR573250_r2.fq.gz,HRR573250
HRR573251_f1.fq.gz,HRR573251
HRR573251_r2.fq.gz,HRR573251
HRR573252_f1.fq.gz,HRR573252
HRR573252_r2.fq.gz,HRR573252
HRR573253_f1.fq.gz,HRR573253
HRR573253_r2.fq.gz,HRR573253
HRR573254_f1.fq.gz,HRR573254
HRR573254_r2.fq.gz,HRR573254
HRR573255_f1.fq.gz,HRR573255
HRR573255_r2.fq.gz,HRR573255
HRR573256_f1.fq.gz,HRR573256
HRR573256_r2.fq.gz,HRR573256
HRR573257_f1.fq.gz,HRR573257
HRR573257_r2.fq.gz,HRR573257
HRR573258_f1.fq.gz,HRR573258
HRR573258_r2.fq.gz,HRR573258
HRR573259_f1.fq.gz,HRR573259
HRR573259_r2.fq.gz,HRR573259
HRR573260_f1.fq.gz,HRR573260
HRR573260_r2.fq.gz,HRR573260
HRR573261_f1.fq.gz,HRR573261
HRR573261_r2.fq.gz,HRR573261
HRR573262_f1.fq.gz,HRR573262
HRR573262_r2.fq.gz,HRR573262
HRR573263_f1.fq.gz,HRR573263
HRR573263_r2.fq.gz,HRR573263
HRR573264_f1.fq.gz,HRR573264
HRR573264_r2.fq.gz,HRR573264
HRR573265_f1.fq.gz,HRR573265
HRR573265_r2.fq.gz,HRR573265
HRR573266_f1.fq.gz,HRR573266
HRR573266_r2.fq.gz,HRR573266
HRR573267_f1.fq.gz,HRR573267
HRR573267_r2.fq.gz,HRR573267
HRR573268_f1.fq.gz,HRR573268
HRR573268_r2.fq.gz,HRR573268
HRR573269_f1.fq.gz,HRR573269
HRR573269_r2.fq.gz,HRR573269
HRR573270_f1.fq.gz,HRR573270
HRR573270_r2.fq.gz,HRR573270
HRR573271_f1.fq.gz,HRR573271
HRR573271_r2.fq.gz,HRR573271
HRR757543_f1.fastq.gz,HRR757543
HRR757543_r2.fastq.gz,HRR757543
HRR757853_f1.fastq.gz,HRR757853
HRR757853_r2.fastq.gz,HRR757853
HRR757544_f1.fastq.gz,HRR757544
HRR757544_r2.fastq.gz,HRR757544
HRR757854_f1.fastq.gz,HRR757854
HRR757854_r2.fastq.gz,HRR757854
HRR757545_f1.fastq.gz,HRR757545
HRR757545_r2.fastq.gz,HRR757545
HRR757855_f1.fastq.gz,HRR757855
HRR757855_r2.fastq.gz,HRR757855
HRR757546_f1.fastq.gz,HRR757546
HRR757546_r2.fastq.gz,HRR757546
HRR757856_f1.fastq.gz,HRR757856
HRR757856_r2.fastq.gz,HRR757856
HRR757547_f1.fastq.gz,HRR757547
HRR757547_r2.fastq.gz,HRR757547
HRR757857_f1.fastq.gz,HRR757857
HRR757857_r2.fastq.gz,HRR757857
HRR757548_f1.fastq.gz,HRR757548
HRR757548_r2.fastq.gz,HRR757548
HRR757858_f1.fastq.gz,HRR757858
HRR757858_r2.fastq.gz,HRR757858
HRR757549_f1.fastq.gz,HRR757549
HRR757549_r2.fastq.gz,HRR757549
HRR757859_f1.fastq.gz,HRR757859
HRR757859_r2.fastq.gz,HRR757859
HRR757550_f1.fastq.gz,HRR757550
HRR757550_r2.fastq.gz,HRR757550
HRR757860_f1.fastq.gz,HRR757860
HRR757860_r2.fastq.gz,HRR757860
HRR757551_f1.fastq.gz,HRR757551
HRR757551_r2.fastq.gz,HRR757551
HRR757861_f1.fastq.gz,HRR757861
HRR757861_r2.fastq.gz,HRR757861
HRR757552_f1.fastq.gz,HRR757552
HRR757552_r2.fastq.gz,HRR757552
HRR757862_f1.fastq.gz,HRR757862
HRR757862_r2.fastq.gz,HRR757862
HRR757553_f1.fastq.gz,HRR757553
HRR757553_r2.fastq.gz,HRR757553
HRR757863_f1.fastq.gz,HRR757863
HRR757863_r2.fastq.gz,HRR757863
HRR757554_f1.fastq.gz,HRR757554
HRR757554_r2.fastq.gz,HRR757554
HRR757864_f1.fastq.gz,HRR757864
HRR757864_r2.fastq.gz,HRR757864
HRR757555_f1.fastq.gz,HRR757555
HRR757555_r2.fastq.gz,HRR757555
HRR757865_f1.fastq.gz,HRR757865
HRR757865_r2.fastq.gz,HRR757865
HRR757556_f1.fastq.gz,HRR757556
HRR757556_r2.fastq.gz,HRR757556
HRR757866_f1.fastq.gz,HRR757866
HRR757866_r2.fastq.gz,HRR757866
HRR757557_f1.fastq.gz,HRR757557
HRR757557_r2.fastq.gz,HRR757557
HRR757867_f1.fastq.gz,HRR757867
HRR757867_r2.fastq.gz,HRR757867
HRR757558_f1.fastq.gz,HRR757558
HRR757558_r2.fastq.gz,HRR757558
HRR757868_f1.fastq.gz,HRR757868
HRR757868_r2.fastq.gz,HRR757868
HRR757559_f1.fastq.gz,HRR757559
HRR757559_r2.fastq.gz,HRR757559
HRR757869_f1.fastq.gz,HRR757869
HRR757869_r2.fastq.gz,HRR757869
HRR757560_f1.fastq.gz,HRR757560
HRR757560_r2.fastq.gz,HRR757560
HRR757870_f1.fastq.gz,HRR757870
HRR757870_r2.fastq.gz,HRR757870
HRR757561_f1.fastq.gz,HRR757561
HRR757561_r2.fastq.gz,HRR757561
HRR757871_f1.fastq.gz,HRR757871
HRR757871_r2.fastq.gz,HRR757871
HRR757562_f1.fastq.gz,HRR757562
HRR757562_r2.fastq.gz,HRR757562
HRR757872_f1.fastq.gz,HRR757872
HRR757872_r2.fastq.gz,HRR757872
HRR757873_f1.fastq.gz,HRR757873
HRR757873_r2.fastq.gz,HRR757873
HRR757874_f1.fastq.gz,HRR757874
HRR757874_r2.fastq.gz,HRR757874
HRR757565_f1.fastq.gz,HRR757565
HRR757565_r2.fastq.gz,HRR757565
HRR757875_f1.fastq.gz,HRR757875
HRR757875_r2.fastq.gz,HRR757875
HRR757566_f1.fastq.gz,HRR757566
HRR757566_r2.fastq.gz,HRR757566
HRR757876_f1.fastq.gz,HRR757876
HRR757876_r2.fastq.gz,HRR757876
HRR757567_f1.fastq.gz,HRR757567
HRR757567_r2.fastq.gz,HRR757567
HRR757877_f1.fastq.gz,HRR757877
HRR757877_r2.fastq.gz,HRR757877
HRR757568_f1.fastq.gz,HRR757568
HRR757568_r2.fastq.gz,HRR757568
HRR757878_f1.fastq.gz,HRR757878
HRR757878_r2.fastq.gz,HRR757878
HRR757569_f1.fastq.gz,HRR757569
HRR757569_r2.fastq.gz,HRR757569
HRR757879_f1.fastq.gz,HRR757879
HRR757879_r2.fastq.gz,HRR757879
HRR757570_f1.fastq.gz,HRR757570
HRR757570_r2.fastq.gz,HRR757570
HRR757880_f1.fastq.gz,HRR757880
HRR757880_r2.fastq.gz,HRR757880
HRR757571_f1.fastq.gz,HRR757571
HRR757571_r2.fastq.gz,HRR757571
HRR757881_f1.fastq.gz,HRR757881
HRR757881_r2.fastq.gz,HRR757881
HRR757572_f1.fastq.gz,HRR757572
HRR757572_r2.fastq.gz,HRR757572
HRR757882_f1.fastq.gz,HRR757882
HRR757882_r2.fastq.gz,HRR757882
HRR757573_f1.fastq.gz,HRR757573
HRR757573_r2.fastq.gz,HRR757573
HRR757883_f1.fastq.gz,HRR757883
HRR757883_r2.fastq.gz,HRR757883
HRR757574_f1.fastq.gz,HRR757574
HRR757574_r2.fastq.gz,HRR757574
HRR757884_f1.fastq.gz,HRR757884
HRR757884_r2.fastq.gz,HRR757884
HRR757575_f1.fastq.gz,HRR757575
HRR757575_r2.fastq.gz,HRR757575
HRR757885_f1.fastq.gz,HRR757885
HRR757885_r2.fastq.gz,HRR757885
HRR757576_f1.fastq.gz,HRR757576
HRR757576_r2.fastq.gz,HRR757576
HRR757886_f1.fastq.gz,HRR757886
HRR757886_r2.fastq.gz,HRR757886
HRR757887_f1.fastq.gz,HRR757887
HRR757887_r2.fastq.gz,HRR757887
HRR757888_f1.fastq.gz,HRR757888
HRR757888_r2.fastq.gz,HRR757888
HRR757579_f1.fastq.gz,HRR757579
HRR757579_r2.fastq.gz,HRR757579
HRR757889_f1.fastq.gz,HRR757889
HRR757889_r2.fastq.gz,HRR757889
HRR757580_f1.fastq.gz,HRR757580
HRR757580_r2.fastq.gz,HRR757580
HRR757890_f1.fastq.gz,HRR757890
HRR757890_r2.fastq.gz,HRR757890
HRR757581_f1.fastq.gz,HRR757581
HRR757581_r2.fastq.gz,HRR757581
HRR757891_f1.fastq.gz,HRR757891
HRR757891_r2.fastq.gz,HRR757891
HRR757582_f1.fastq.gz,HRR757582
HRR757582_r2.fastq.gz,HRR757582
HRR757892_f1.fastq.gz,HRR757892
HRR757892_r2.fastq.gz,HRR757892
HRR757583_f1.fastq.gz,HRR757583
HRR757583_r2.fastq.gz,HRR757583
HRR757893_f1.fastq.gz,HRR757893
HRR757893_r2.fastq.gz,HRR757893
HRR757584_f1.fastq.gz,HRR757584
HRR757584_r2.fastq.gz,HRR757584
HRR757894_f1.fastq.gz,HRR757894
HRR757894_r2.fastq.gz,HRR757894
HRR757585_f1.fastq.gz,HRR757585
HRR757585_r2.fastq.gz,HRR757585
HRR757895_f1.fastq.gz,HRR757895
HRR757895_r2.fastq.gz,HRR757895
HRR757586_f1.fastq.gz,HRR757586
HRR757586_r2.fastq.gz,HRR757586
HRR757896_f1.fastq.gz,HRR757896
HRR757896_r2.fastq.gz,HRR757896
HRR757587_f1.fastq.gz,HRR757587
HRR757587_r2.fastq.gz,HRR757587
HRR757897_f1.fastq.gz,HRR757897
HRR757897_r2.fastq.gz,HRR757897
HRR757588_f1.fastq.gz,HRR757588
HRR757588_r2.fastq.gz,HRR757588
HRR757898_f1.fastq.gz,HRR757898
HRR757898_r2.fastq.gz,HRR757898
HRR757589_f1.fastq.gz,HRR757589
HRR757589_r2.fastq.gz,HRR757589
HRR757899_f1.fastq.gz,HRR757899
HRR757899_r2.fastq.gz,HRR757899
HRR757900_f1.fastq.gz,HRR757900
HRR757900_r2.fastq.gz,HRR757900
HRR757591_f1.fastq.gz,HRR757591
HRR757591_r2.fastq.gz,HRR757591
HRR757901_f1.fastq.gz,HRR757901
HRR757901_r2.fastq.gz,HRR757901
HRR757592_f1.fastq.gz,HRR757592
HRR757592_r2.fastq.gz,HRR757592
HRR757902_f1.fastq.gz,HRR757902
HRR757902_r2.fastq.gz,HRR757902
HRR757593_f1.fastq.gz,HRR757593
HRR757593_r2.fastq.gz,HRR757593
HRR757903_f1.fastq.gz,HRR757903
HRR757903_r2.fastq.gz,HRR757903
HRR757594_f1.fastq.gz,HRR757594
HRR757594_r2.fastq.gz,HRR757594
HRR757904_f1.fastq.gz,HRR757904
HRR757904_r2.fastq.gz,HRR757904
HRR757595_f1.fastq.gz,HRR757595
HRR757595_r2.fastq.gz,HRR757595
HRR757905_f1.fastq.gz,HRR757905
HRR757905_r2.fastq.gz,HRR757905
HRR757596_f1.fastq.gz,HRR757596
HRR757596_r2.fastq.gz,HRR757596
HRR757906_f1.fastq.gz,HRR757906
HRR757906_r2.fastq.gz,HRR757906
HRR757597_f1.fastq.gz,HRR757597
HRR757597_r2.fastq.gz,HRR757597
HRR757907_f1.fastq.gz,HRR757907
HRR757907_r2.fastq.gz,HRR757907
HRR757908_f1.fastq.gz,HRR757908
HRR757908_r2.fastq.gz,HRR757908
HRR757599_f1.fastq.gz,HRR757599
HRR757599_r2.fastq.gz,HRR757599
HRR757909_f1.fastq.gz,HRR757909
HRR757909_r2.fastq.gz,HRR757909
HRR757600_f1.fastq.gz,HRR757600
HRR757600_r2.fastq.gz,HRR757600
HRR757910_f1.fastq.gz,HRR757910
HRR757910_r2.fastq.gz,HRR757910
HRR757601_f1.fastq.gz,HRR757601
HRR757601_r2.fastq.gz,HRR757601
HRR757911_f1.fastq.gz,HRR757911
HRR757911_r2.fastq.gz,HRR757911
HRR757602_f1.fastq.gz,HRR757602
HRR757602_r2.fastq.gz,HRR757602
HRR757912_f1.fastq.gz,HRR757912
HRR757912_r2.fastq.gz,HRR757912
HRR757603_f1.fastq.gz,HRR757603
HRR757603_r2.fastq.gz,HRR757603
HRR757913_f1.fastq.gz,HRR757913
HRR757913_r2.fastq.gz,HRR757913
HRR757604_f1.fastq.gz,HRR757604
HRR757604_r2.fastq.gz,HRR757604
HRR757914_f1.fastq.gz,HRR757914
HRR757914_r2.fastq.gz,HRR757914
HRR757605_f1.fastq.gz,HRR757605
HRR757605_r2.fastq.gz,HRR757605
HRR757915_f1.fastq.gz,HRR757915
HRR757915_r2.fastq.gz,HRR757915
HRR757606_f1.fastq.gz,HRR757606
HRR757606_r2.fastq.gz,HRR757606
HRR757916_f1.fastq.gz,HRR757916
HRR757916_r2.fastq.gz,HRR757916
HRR757607_f1.fastq.gz,HRR757607
HRR757607_r2.fastq.gz,HRR757607
HRR757917_f1.fastq.gz,HRR757917
HRR757917_r2.fastq.gz,HRR757917
HRR757608_f1.fastq.gz,HRR757608
HRR757608_r2.fastq.gz,HRR757608
HRR757918_f1.fastq.gz,HRR757918
HRR757918_r2.fastq.gz,HRR757918
HRR757609_f1.fastq.gz,HRR757609
HRR757609_r2.fastq.gz,HRR757609
HRR757919_f1.fastq.gz,HRR757919
HRR757919_r2.fastq.gz,HRR757919
HRR757610_f1.fastq.gz,HRR757610
HRR757610_r2.fastq.gz,HRR757610
HRR757920_f1.fastq.gz,HRR757920
HRR757920_r2.fastq.gz,HRR757920
HRR757611_f1.fastq.gz,HRR757611
HRR757611_r2.fastq.gz,HRR757611
HRR757921_f1.fastq.gz,HRR757921
HRR757921_r2.fastq.gz,HRR757921
HRR757612_f1.fastq.gz,HRR757612
HRR757612_r2.fastq.gz,HRR757612
HRR757922_f1.fastq.gz,HRR757922
HRR757922_r2.fastq.gz,HRR757922
HRR757613_f1.fastq.gz,HRR757613
HRR757613_r2.fastq.gz,HRR757613
HRR757923_f1.fastq.gz,HRR757923
HRR757923_r2.fastq.gz,HRR757923
HRR757614_f1.fastq.gz,HRR757614
HRR757614_r2.fastq.gz,HRR757614
HRR757924_f1.fastq.gz,HRR757924
HRR757924_r2.fastq.gz,HRR757924
HRR757615_f1.fastq.gz,HRR757615
HRR757615_r2.fastq.gz,HRR757615
HRR757925_f1.fastq.gz,HRR757925
HRR757925_r2.fastq.gz,HRR757925
HRR757616_f1.fastq.gz,HRR757616
HRR757616_r2.fastq.gz,HRR757616
HRR757926_f1.fastq.gz,HRR757926
HRR757926_r2.fastq.gz,HRR757926
HRR757617_f1.fastq.gz,HRR757617
HRR757617_r2.fastq.gz,HRR757617
HRR757927_f1.fastq.gz,HRR757927
HRR757927_r2.fastq.gz,HRR757927
HRR757618_f1.fastq.gz,HRR757618
HRR757618_r2.fastq.gz,HRR757618
HRR757928_f1.fastq.gz,HRR757928
HRR757928_r2.fastq.gz,HRR757928
HRR757619_f1.fastq.gz,HRR757619
HRR757619_r2.fastq.gz,HRR757619
HRR757929_f1.fastq.gz,HRR757929
HRR757929_r2.fastq.gz,HRR757929
HRR757620_f1.fastq.gz,HRR757620
HRR757620_r2.fastq.gz,HRR757620
HRR757930_f1.fastq.gz,HRR757930
HRR757930_r2.fastq.gz,HRR757930
HRR757621_f1.fastq.gz,HRR757621
HRR757621_r2.fastq.gz,HRR757621
HRR757931_f1.fastq.gz,HRR757931
HRR757931_r2.fastq.gz,HRR757931
HRR757622_f1.fastq.gz,HRR757622
HRR757622_r2.fastq.gz,HRR757622
HRR757932_f1.fastq.gz,HRR757932
HRR757932_r2.fastq.gz,HRR757932
HRR757623_f1.fastq.gz,HRR757623
HRR757623_r2.fastq.gz,HRR757623
HRR757933_f1.fastq.gz,HRR757933
HRR757933_r2.fastq.gz,HRR757933
HRR757624_f1.fastq.gz,HRR757624
HRR757624_r2.fastq.gz,HRR757624
HRR757934_f1.fastq.gz,HRR757934
HRR757934_r2.fastq.gz,HRR757934
HRR757625_f1.fastq.gz,HRR757625
HRR757625_r2.fastq.gz,HRR757625
HRR757935_f1.fastq.gz,HRR757935
HRR757935_r2.fastq.gz,HRR757935
HRR757626_f1.fastq.gz,HRR757626
HRR757626_r2.fastq.gz,HRR757626
HRR757936_f1.fastq.gz,HRR757936
HRR757936_r2.fastq.gz,HRR757936
HRR757627_f1.fastq.gz,HRR757627
HRR757627_r2.fastq.gz,HRR757627
HRR757937_f1.fastq.gz,HRR757937
HRR757937_r2.fastq.gz,HRR757937
HRR757628_f1.fastq.gz,HRR757628
HRR757628_r2.fastq.gz,HRR757628
HRR757938_f1.fastq.gz,HRR757938
HRR757938_r2.fastq.gz,HRR757938
HRR757629_f1.fastq.gz,HRR757629
HRR757629_r2.fastq.gz,HRR757629
HRR757939_f1.fastq.gz,HRR757939
HRR757939_r2.fastq.gz,HRR757939
HRR757630_f1.fastq.gz,HRR757630
HRR757630_r2.fastq.gz,HRR757630
HRR757940_f1.fastq.gz,HRR757940
HRR757940_r2.fastq.gz,HRR757940
HRR757631_f1.fastq.gz,HRR757631
HRR757631_r2.fastq.gz,HRR757631
HRR757941_f1.fastq.gz,HRR757941
HRR757941_r2.fastq.gz,HRR757941
HRR757632_f1.fastq.gz,HRR757632
HRR757632_r2.fastq.gz,HRR757632
HRR757942_f1.fastq.gz,HRR757942
HRR757942_r2.fastq.gz,HRR757942
HRR757633_f1.fastq.gz,HRR757633
HRR757633_r2.fastq.gz,HRR757633
HRR757943_f1.fastq.gz,HRR757943
HRR757943_r2.fastq.gz,HRR757943
HRR757634_f1.fastq.gz,HRR757634
HRR757634_r2.fastq.gz,HRR757634
HRR757944_f1.fastq.gz,HRR757944
HRR757944_r2.fastq.gz,HRR757944
HRR757635_f1.fastq.gz,HRR757635
HRR757635_r2.fastq.gz,HRR757635
HRR757945_f1.fastq.gz,HRR757945
HRR757945_r2.fastq.gz,HRR757945
HRR757636_f1.fastq.gz,HRR757636
HRR757636_r2.fastq.gz,HRR757636
HRR757946_f1.fastq.gz,HRR757946
HRR757946_r2.fastq.gz,HRR757946
HRR757637_f1.fastq.gz,HRR757637
HRR757637_r2.fastq.gz,HRR757637
HRR757947_f1.fastq.gz,HRR757947
HRR757947_r2.fastq.gz,HRR757947
HRR757638_f1.fastq.gz,HRR757638
HRR757638_r2.fastq.gz,HRR757638
HRR757948_f1.fastq.gz,HRR757948
HRR757948_r2.fastq.gz,HRR757948
HRR757949_f1.fastq.gz,HRR757949
HRR757949_r2.fastq.gz,HRR757949
HRR757640_f1.fastq.gz,HRR757640
HRR757640_r2.fastq.gz,HRR757640
HRR757950_f1.fastq.gz,HRR757950
HRR757950_r2.fastq.gz,HRR757950
HRR757641_f1.fastq.gz,HRR757641
HRR757641_r2.fastq.gz,HRR757641
HRR757951_f1.fastq.gz,HRR757951
HRR757951_r2.fastq.gz,HRR757951
HRR757642_f1.fastq.gz,HRR757642
HRR757642_r2.fastq.gz,HRR757642
HRR757952_f1.fastq.gz,HRR757952
HRR757952_r2.fastq.gz,HRR757952
HRR757643_f1.fastq.gz,HRR757643
HRR757643_r2.fastq.gz,HRR757643
HRR757953_f1.fastq.gz,HRR757953
HRR757953_r2.fastq.gz,HRR757953
HRR757644_f1.fastq.gz,HRR757644
HRR757644_r2.fastq.gz,HRR757644
HRR757954_f1.fastq.gz,HRR757954
HRR757954_r2.fastq.gz,HRR757954
HRR757645_f1.fastq.gz,HRR757645
HRR757645_r2.fastq.gz,HRR757645
HRR757955_f1.fastq.gz,HRR757955
HRR757955_r2.fastq.gz,HRR757955
HRR757646_f1.fastq.gz,HRR757646
HRR757646_r2.fastq.gz,HRR757646
HRR757956_f1.fastq.gz,HRR757956
HRR757956_r2.fastq.gz,HRR757956
HRR757647_f1.fastq.gz,HRR757647
HRR757647_r2.fastq.gz,HRR757647
HRR757957_f1.fastq.gz,HRR757957
HRR757957_r2.fastq.gz,HRR757957
HRR757648_f1.fastq.gz,HRR757648
HRR757648_r2.fastq.gz,HRR757648
HRR757958_f1.fastq.gz,HRR757958
HRR757958_r2.fastq.gz,HRR757958
HRR757649_f1.fastq.gz,HRR757649
HRR757649_r2.fastq.gz,HRR757649
HRR757959_f1.fastq.gz,HRR757959
HRR757959_r2.fastq.gz,HRR757959
HRR757650_f1.fastq.gz,HRR757650
HRR757650_r2.fastq.gz,HRR757650
HRR757960_f1.fastq.gz,HRR757960
HRR757960_r2.fastq.gz,HRR757960
HRR757651_f1.fastq.gz,HRR757651
HRR757651_r2.fastq.gz,HRR757651
HRR757961_f1.fastq.gz,HRR757961
HRR757961_r2.fastq.gz,HRR757961
HRR757652_f1.fastq.gz,HRR757652
HRR757652_r2.fastq.gz,HRR757652
HRR757962_f1.fastq.gz,HRR757962
HRR757962_r2.fastq.gz,HRR757962
HRR757653_f1.fastq.gz,HRR757653
HRR757653_r2.fastq.gz,HRR757653
HRR757963_f1.fastq.gz,HRR757963
HRR757963_r2.fastq.gz,HRR757963
HRR757654_f1.fastq.gz,HRR757654
HRR757654_r2.fastq.gz,HRR757654
HRR757964_f1.fastq.gz,HRR757964
HRR757964_r2.fastq.gz,HRR757964
HRR757965_f1.fastq.gz,HRR757965
HRR757965_r2.fastq.gz,HRR757965
HRR757656_f1.fastq.gz,HRR757656
HRR757656_r2.fastq.gz,HRR757656
HRR757966_f1.fastq.gz,HRR757966
HRR757966_r2.fastq.gz,HRR757966
HRR757657_f1.fastq.gz,HRR757657
HRR757657_r2.fastq.gz,HRR757657
HRR757967_f1.fastq.gz,HRR757967
HRR757967_r2.fastq.gz,HRR757967
HRR757658_f1.fastq.gz,HRR757658
HRR757658_r2.fastq.gz,HRR757658
HRR757968_f1.fastq.gz,HRR757968
HRR757968_r2.fastq.gz,HRR757968
HRR757659_f1.fastq.gz,HRR757659
HRR757659_r2.fastq.gz,HRR757659
HRR757969_f1.fastq.gz,HRR757969
HRR757969_r2.fastq.gz,HRR757969
HRR757660_f1.fastq.gz,HRR757660
HRR757660_r2.fastq.gz,HRR757660
HRR757970_f1.fastq.gz,HRR757970
HRR757970_r2.fastq.gz,HRR757970
HRR757661_f1.fastq.gz,HRR757661
HRR757661_r2.fastq.gz,HRR757661
HRR757971_f1.fastq.gz,HRR757971
HRR757971_r2.fastq.gz,HRR757971
HRR757662_f1.fastq.gz,HRR757662
HRR757662_r2.fastq.gz,HRR757662
HRR757972_f1.fastq.gz,HRR757972
HRR757972_r2.fastq.gz,HRR757972
HRR757663_f1.fastq.gz,HRR757663
HRR757663_r2.fastq.gz,HRR757663
HRR757973_f1.fastq.gz,HRR757973
HRR757973_r2.fastq.gz,HRR757973
HRR757664_f1.fastq.gz,HRR757664
HRR757664_r2.fastq.gz,HRR757664
HRR757974_f1.fastq.gz,HRR757974
HRR757974_r2.fastq.gz,HRR757974
HRR757665_f1.fastq.gz,HRR757665
HRR757665_r2.fastq.gz,HRR757665
HRR757975_f1.fastq.gz,HRR757975
HRR757975_r2.fastq.gz,HRR757975
HRR757666_f1.fastq.gz,HRR757666
HRR757666_r2.fastq.gz,HRR757666
HRR757976_f1.fastq.gz,HRR757976
HRR757976_r2.fastq.gz,HRR757976
HRR757667_f1.fastq.gz,HRR757667
HRR757667_r2.fastq.gz,HRR757667
HRR757977_f1.fastq.gz,HRR757977
HRR757977_r2.fastq.gz,HRR757977
HRR757668_f1.fastq.gz,HRR757668
HRR757668_r2.fastq.gz,HRR757668
HRR757978_f1.fastq.gz,HRR757978
HRR757978_r2.fastq.gz,HRR757978
HRR757979_f1.fastq.gz,HRR757979
HRR757979_r2.fastq.gz,HRR757979
HRR757670_f1.fastq.gz,HRR757670
HRR757670_r2.fastq.gz,HRR757670
HRR757980_f1.fastq.gz,HRR757980
HRR757980_r2.fastq.gz,HRR757980
HRR757671_f1.fastq.gz,HRR757671
HRR757671_r2.fastq.gz,HRR757671
HRR757981_f1.fastq.gz,HRR757981
HRR757981_r2.fastq.gz,HRR757981
HRR757672_f1.fastq.gz,HRR757672
HRR757672_r2.fastq.gz,HRR757672
HRR757982_f1.fastq.gz,HRR757982
HRR757982_r2.fastq.gz,HRR757982
HRR757673_f1.fastq.gz,HRR757673
HRR757673_r2.fastq.gz,HRR757673
HRR757983_f1.fastq.gz,HRR757983
HRR757983_r2.fastq.gz,HRR757983
HRR757674_f1.fastq.gz,HRR757674
HRR757674_r2.fastq.gz,HRR757674
HRR757984_f1.fastq.gz,HRR757984
HRR757984_r2.fastq.gz,HRR757984
HRR757985_f1.fastq.gz,HRR757985
HRR757985_r2.fastq.gz,HRR757985
HRR757986_f1.fastq.gz,HRR757986
HRR757986_r2.fastq.gz,HRR757986
HRR757677_f1.fastq.gz,HRR757677
HRR757677_r2.fastq.gz,HRR757677
HRR757987_f1.fastq.gz,HRR757987
HRR757987_r2.fastq.gz,HRR757987
HRR757678_f1.fastq.gz,HRR757678
HRR757678_r2.fastq.gz,HRR757678
HRR757988_f1.fastq.gz,HRR757988
HRR757988_r2.fastq.gz,HRR757988
HRR757989_f1.fastq.gz,HRR757989
HRR757989_r2.fastq.gz,HRR757989
HRR757680_f1.fastq.gz,HRR757680
HRR757680_r2.fastq.gz,HRR757680
HRR757990_f1.fastq.gz,HRR757990
HRR757990_r2.fastq.gz,HRR757990
HRR757681_f1.fastq.gz,HRR757681
HRR757681_r2.fastq.gz,HRR757681
HRR757991_f1.fastq.gz,HRR757991
HRR757991_r2.fastq.gz,HRR757991
HRR757682_f1.fastq.gz,HRR757682
HRR757682_r2.fastq.gz,HRR757682
HRR757992_f1.fastq.gz,HRR757992
HRR757992_r2.fastq.gz,HRR757992
HRR757683_f1.fastq.gz,HRR757683
HRR757683_r2.fastq.gz,HRR757683
HRR757993_f1.fastq.gz,HRR757993
HRR757993_r2.fastq.gz,HRR757993
HRR757684_f1.fastq.gz,HRR757684
HRR757684_r2.fastq.gz,HRR757684
HRR757994_f1.fastq.gz,HRR757994
HRR757994_r2.fastq.gz,HRR757994
HRR757995_f1.fastq.gz,HRR757995
HRR757995_r2.fastq.gz,HRR757995
HRR757686_f1.fastq.gz,HRR757686
HRR757686_r2.fastq.gz,HRR757686
HRR757996_f1.fastq.gz,HRR757996
HRR757996_r2.fastq.gz,HRR757996
HRR757997_f1.fastq.gz,HRR757997
HRR757997_r2.fastq.gz,HRR757997
HRR757998_f1.fastq.gz,HRR757998
HRR757998_r2.fastq.gz,HRR757998
HRR757999_f1.fastq.gz,HRR757999
HRR757999_r2.fastq.gz,HRR757999
HRR758000_f1.fastq.gz,HRR758000
HRR758000_r2.fastq.gz,HRR758000
HRR758001_f1.fastq.gz,HRR758001
HRR758001_r2.fastq.gz,HRR758001
HRR758002_f1.fastq.gz,HRR758002
HRR758002_r2.fastq.gz,HRR758002
HRR758003_f1.fastq.gz,HRR758003
HRR758003_r2.fastq.gz,HRR758003
HRR758004_f1.fastq.gz,HRR758004
HRR758004_r2.fastq.gz,HRR758004
HRR758005_f1.fastq.gz,HRR758005
HRR758005_r2.fastq.gz,HRR758005
HRR758006_f1.fastq.gz,HRR758006
HRR758006_r2.fastq.gz,HRR758006
HRR758007_f1.fastq.gz,HRR758007
HRR758007_r2.fastq.gz,HRR758007
HRR757698_f1.fastq.gz,HRR757698
HRR757698_r2.fastq.gz,HRR757698
HRR758008_f1.fastq.gz,HRR758008
HRR758008_r2.fastq.gz,HRR758008
HRR757699_f1.fastq.gz,HRR757699
HRR757699_r2.fastq.gz,HRR757699
HRR758009_f1.fastq.gz,HRR758009
HRR758009_r2.fastq.gz,HRR758009
HRR757700_f1.fastq.gz,HRR757700
HRR757700_r2.fastq.gz,HRR757700
HRR758010_f1.fastq.gz,HRR758010
HRR758010_r2.fastq.gz,HRR758010
HRR757701_f1.fastq.gz,HRR757701
HRR757701_r2.fastq.gz,HRR757701
HRR758011_f1.fastq.gz,HRR758011
HRR758011_r2.fastq.gz,HRR758011
HRR757702_f1.fastq.gz,HRR757702
HRR757702_r2.fastq.gz,HRR757702
HRR758012_f1.fastq.gz,HRR758012
HRR758012_r2.fastq.gz,HRR758012
HRR757703_f1.fastq.gz,HRR757703
HRR757703_r2.fastq.gz,HRR757703
HRR758013_f1.fastq.gz,HRR758013
HRR758013_r2.fastq.gz,HRR758013
HRR757704_f1.fastq.gz,HRR757704
HRR757704_r2.fastq.gz,HRR757704
HRR758014_f1.fastq.gz,HRR758014
HRR758014_r2.fastq.gz,HRR758014
HRR758015_f1.fastq.gz,HRR758015
HRR758015_r2.fastq.gz,HRR758015
HRR758016_f1.fastq.gz,HRR758016
HRR758016_r2.fastq.gz,HRR758016
HRR758017_f1.fastq.gz,HRR758017
HRR758017_r2.fastq.gz,HRR758017
HRR758018_f1.fastq.gz,HRR758018
HRR758018_r2.fastq.gz,HRR758018
HRR757709_f1.fastq.gz,HRR757709
HRR757709_r2.fastq.gz,HRR757709
HRR758019_f1.fastq.gz,HRR758019
HRR758019_r2.fastq.gz,HRR758019
HRR757710_f1.fastq.gz,HRR757710
HRR757710_r2.fastq.gz,HRR757710
HRR758020_f1.fastq.gz,HRR758020
HRR758020_r2.fastq.gz,HRR758020
HRR758021_f1.fastq.gz,HRR758021
HRR758021_r2.fastq.gz,HRR758021
HRR758022_f1.fastq.gz,HRR758022
HRR758022_r2.fastq.gz,HRR758022
HRR758023_f1.fastq.gz,HRR758023
HRR758023_r2.fastq.gz,HRR758023
HRR758024_f1.fastq.gz,HRR758024
HRR758024_r2.fastq.gz,HRR758024
HRR757715_f1.fastq.gz,HRR757715
HRR757715_r2.fastq.gz,HRR757715
HRR758025_f1.fastq.gz,HRR758025
HRR758025_r2.fastq.gz,HRR758025
HRR757716_f1.fastq.gz,HRR757716
HRR757716_r2.fastq.gz,HRR757716
HRR758026_f1.fastq.gz,HRR758026
HRR758026_r2.fastq.gz,HRR758026
HRR757717_f1.fastq.gz,HRR757717
HRR757717_r2.fastq.gz,HRR757717
HRR758027_f1.fastq.gz,HRR758027
HRR758027_r2.fastq.gz,HRR758027
HRR757718_f1.fastq.gz,HRR757718
HRR757718_r2.fastq.gz,HRR757718
HRR758028_f1.fastq.gz,HRR758028
HRR758028_r2.fastq.gz,HRR758028
HRR757719_f1.fastq.gz,HRR757719
HRR757719_r2.fastq.gz,HRR757719
HRR758029_f1.fastq.gz,HRR758029
HRR758029_r2.fastq.gz,HRR758029
HRR757720_f1.fastq.gz,HRR757720
HRR757720_r2.fastq.gz,HRR757720
HRR758030_f1.fastq.gz,HRR758030
HRR758030_r2.fastq.gz,HRR758030
HRR757721_f1.fastq.gz,HRR757721
HRR757721_r2.fastq.gz,HRR757721
HRR758031_f1.fastq.gz,HRR758031
HRR758031_r2.fastq.gz,HRR758031
HRR757722_f1.fastq.gz,HRR757722
HRR757722_r2.fastq.gz,HRR757722
HRR758032_f1.fastq.gz,HRR758032
HRR758032_r2.fastq.gz,HRR758032
HRR757723_f1.fastq.gz,HRR757723
HRR757723_r2.fastq.gz,HRR757723
HRR758033_f1.fastq.gz,HRR758033
HRR758033_r2.fastq.gz,HRR758033
HRR757724_f1.fastq.gz,HRR757724
HRR757724_r2.fastq.gz,HRR757724
HRR758034_f1.fastq.gz,HRR758034
HRR758034_r2.fastq.gz,HRR758034
HRR758035_f1.fastq.gz,HRR758035
HRR758035_r2.fastq.gz,HRR758035
HRR758036_f1.fastq.gz,HRR758036
HRR758036_r2.fastq.gz,HRR758036
HRR758037_f1.fastq.gz,HRR758037
HRR758037_r2.fastq.gz,HRR758037
HRR758038_f1.fastq.gz,HRR758038
HRR758038_r2.fastq.gz,HRR758038
HRR757729_f1.fastq.gz,HRR757729
HRR757729_r2.fastq.gz,HRR757729
HRR758039_f1.fastq.gz,HRR758039
HRR758039_r2.fastq.gz,HRR758039
HRR757730_f1.fastq.gz,HRR757730
HRR757730_r2.fastq.gz,HRR757730
HRR758040_f1.fastq.gz,HRR758040
HRR758040_r2.fastq.gz,HRR758040
HRR758041_f1.fastq.gz,HRR758041
HRR758041_r2.fastq.gz,HRR758041
HRR758042_f1.fastq.gz,HRR758042
HRR758042_r2.fastq.gz,HRR758042
HRR757733_f1.fastq.gz,HRR757733
HRR757733_r2.fastq.gz,HRR757733
HRR758043_f1.fastq.gz,HRR758043
HRR758043_r2.fastq.gz,HRR758043
HRR757734_f1.fastq.gz,HRR757734
HRR757734_r2.fastq.gz,HRR757734
HRR758044_f1.fastq.gz,HRR758044
HRR758044_r2.fastq.gz,HRR758044
HRR757735_f1.fastq.gz,HRR757735
HRR757735_r2.fastq.gz,HRR757735
HRR758045_f1.fastq.gz,HRR758045
HRR758045_r2.fastq.gz,HRR758045
HRR758046_f1.fastq.gz,HRR758046
HRR758046_r2.fastq.gz,HRR758046
HRR757737_f1.fastq.gz,HRR757737
HRR757737_r2.fastq.gz,HRR757737
HRR758047_f1.fastq.gz,HRR758047
HRR758047_r2.fastq.gz,HRR758047
HRR757738_f1.fastq.gz,HRR757738
HRR757738_r2.fastq.gz,HRR757738
HRR758048_f1.fastq.gz,HRR758048
HRR758048_r2.fastq.gz,HRR758048
HRR757739_f1.fastq.gz,HRR757739
HRR757739_r2.fastq.gz,HRR757739
HRR758049_f1.fastq.gz,HRR758049
HRR758049_r2.fastq.gz,HRR758049
HRR757740_f1.fastq.gz,HRR757740
HRR757740_r2.fastq.gz,HRR757740
HRR758050_f1.fastq.gz,HRR758050
HRR758050_r2.fastq.gz,HRR758050
HRR757741_f1.fastq.gz,HRR757741
HRR757741_r2.fastq.gz,HRR757741
HRR758051_f1.fastq.gz,HRR758051
HRR758051_r2.fastq.gz,HRR758051
HRR757742_f1.fastq.gz,HRR757742
HRR757742_r2.fastq.gz,HRR757742
HRR758052_f1.fastq.gz,HRR758052
HRR758052_r2.fastq.gz,HRR758052
HRR757743_f1.fastq.gz,HRR757743
HRR757743_r2.fastq.gz,HRR757743
HRR758053_f1.fastq.gz,HRR758053
HRR758053_r2.fastq.gz,HRR758053
HRR757744_f1.fastq.gz,HRR757744
HRR757744_r2.fastq.gz,HRR757744
HRR758054_f1.fastq.gz,HRR758054
HRR758054_r2.fastq.gz,HRR758054
HRR757745_f1.fastq.gz,HRR757745
HRR757745_r2.fastq.gz,HRR757745
HRR758055_f1.fastq.gz,HRR758055
HRR758055_r2.fastq.gz,HRR758055
HRR757746_f1.fastq.gz,HRR757746
HRR757746_r2.fastq.gz,HRR757746
HRR758056_f1.fastq.gz,HRR758056
HRR758056_r2.fastq.gz,HRR758056
HRR757747_f1.fastq.gz,HRR757747
HRR757747_r2.fastq.gz,HRR757747
HRR758057_f1.fastq.gz,HRR758057
HRR758057_r2.fastq.gz,HRR758057
HRR757748_f1.fastq.gz,HRR757748
HRR757748_r2.fastq.gz,HRR757748
HRR758058_f1.fastq.gz,HRR758058
HRR758058_r2.fastq.gz,HRR758058
HRR757749_f1.fastq.gz,HRR757749
HRR757749_r2.fastq.gz,HRR757749
HRR758059_f1.fastq.gz,HRR758059
HRR758059_r2.fastq.gz,HRR758059
HRR757750_f1.fastq.gz,HRR757750
HRR757750_r2.fastq.gz,HRR757750
HRR758060_f1.fastq.gz,HRR758060
HRR758060_r2.fastq.gz,HRR758060
HRR757751_f1.fastq.gz,HRR757751
HRR757751_r2.fastq.gz,HRR757751
HRR758061_f1.fastq.gz,HRR758061
HRR758061_r2.fastq.gz,HRR758061
HRR757752_f1.fastq.gz,HRR757752
HRR757752_r2.fastq.gz,HRR757752
HRR758062_f1.fastq.gz,HRR758062
HRR758062_r2.fastq.gz,HRR758062
HRR757753_f1.fastq.gz,HRR757753
HRR757753_r2.fastq.gz,HRR757753
HRR758063_f1.fastq.gz,HRR758063
HRR758063_r2.fastq.gz,HRR758063
HRR757754_f1.fastq.gz,HRR757754
HRR757754_r2.fastq.gz,HRR757754
HRR758064_f1.fastq.gz,HRR758064
HRR758064_r2.fastq.gz,HRR758064
HRR757755_f1.fastq.gz,HRR757755
HRR757755_r2.fastq.gz,HRR757755
HRR758065_f1.fastq.gz,HRR758065
HRR758065_r2.fastq.gz,HRR758065
HRR757756_f1.fastq.gz,HRR757756
HRR757756_r2.fastq.gz,HRR757756
HRR758066_f1.fastq.gz,HRR758066
HRR758066_r2.fastq.gz,HRR758066
HRR758067_f1.fastq.gz,HRR758067
HRR758067_r2.fastq.gz,HRR758067
HRR758068_f1.fastq.gz,HRR758068
HRR758068_r2.fastq.gz,HRR758068
HRR757759_f1.fastq.gz,HRR757759
HRR757759_r2.fastq.gz,HRR757759
HRR758069_f1.fastq.gz,HRR758069
HRR758069_r2.fastq.gz,HRR758069
HRR757760_f1.fastq.gz,HRR757760
HRR757760_r2.fastq.gz,HRR757760
HRR758070_f1.fastq.gz,HRR758070
HRR758070_r2.fastq.gz,HRR758070
HRR757761_f1.fastq.gz,HRR757761
HRR757761_r2.fastq.gz,HRR757761
HRR758071_f1.fastq.gz,HRR758071
HRR758071_r2.fastq.gz,HRR758071
HRR757762_f1.fastq.gz,HRR757762
HRR757762_r2.fastq.gz,HRR757762
HRR758072_f1.fastq.gz,HRR758072
HRR758072_r2.fastq.gz,HRR758072
HRR757763_f1.fastq.gz,HRR757763
HRR757763_r2.fastq.gz,HRR757763
HRR758073_f1.fastq.gz,HRR758073
HRR758073_r2.fastq.gz,HRR758073
HRR757764_f1.fastq.gz,HRR757764
HRR757764_r2.fastq.gz,HRR757764
HRR758074_f1.fastq.gz,HRR758074
HRR758074_r2.fastq.gz,HRR758074
HRR757765_f1.fastq.gz,HRR757765
HRR757765_r2.fastq.gz,HRR757765
HRR758075_f1.fastq.gz,HRR758075
HRR758075_r2.fastq.gz,HRR758075
HRR757766_f1.fastq.gz,HRR757766
HRR757766_r2.fastq.gz,HRR757766
HRR758076_f1.fastq.gz,HRR758076
HRR758076_r2.fastq.gz,HRR758076
HRR757767_f1.fastq.gz,HRR757767
HRR757767_r2.fastq.gz,HRR757767
HRR758077_f1.fastq.gz,HRR758077
HRR758077_r2.fastq.gz,HRR758077
HRR757768_f1.fastq.gz,HRR757768
HRR757768_r2.fastq.gz,HRR757768
HRR758078_f1.fastq.gz,HRR758078
HRR758078_r2.fastq.gz,HRR758078
HRR757769_f1.fastq.gz,HRR757769
HRR757769_r2.fastq.gz,HRR757769
HRR758079_f1.fastq.gz,HRR758079
HRR758079_r2.fastq.gz,HRR758079
HRR757770_f1.fastq.gz,HRR757770
HRR757770_r2.fastq.gz,HRR757770
HRR758080_f1.fastq.gz,HRR758080
HRR758080_r2.fastq.gz,HRR758080
HRR757771_f1.fastq.gz,HRR757771
HRR757771_r2.fastq.gz,HRR757771
HRR758081_f1.fastq.gz,HRR758081
HRR758081_r2.fastq.gz,HRR758081
HRR757772_f1.fastq.gz,HRR757772
HRR757772_r2.fastq.gz,HRR757772
HRR758082_f1.fastq.gz,HRR758082
HRR758082_r2.fastq.gz,HRR758082
HRR757773_f1.fastq.gz,HRR757773
HRR757773_r2.fastq.gz,HRR757773
HRR758083_f1.fastq.gz,HRR758083
HRR758083_r2.fastq.gz,HRR758083
HRR757774_f1.fastq.gz,HRR757774
HRR757774_r2.fastq.gz,HRR757774
HRR758084_f1.fastq.gz,HRR758084
HRR758084_r2.fastq.gz,HRR758084
HRR757775_f1.fastq.gz,HRR757775
HRR757775_r2.fastq.gz,HRR757775
HRR758085_f1.fastq.gz,HRR758085
HRR758085_r2.fastq.gz,HRR758085
HRR757776_f1.fastq.gz,HRR757776
HRR757776_r2.fastq.gz,HRR757776
HRR758086_f1.fastq.gz,HRR758086
HRR758086_r2.fastq.gz,HRR758086
HRR757777_f1.fastq.gz,HRR757777
HRR757777_r2.fastq.gz,HRR757777
HRR758087_f1.fastq.gz,HRR758087
HRR758087_r2.fastq.gz,HRR758087
HRR757778_f1.fastq.gz,HRR757778
HRR757778_r2.fastq.gz,HRR757778
HRR758088_f1.fastq.gz,HRR758088
HRR758088_r2.fastq.gz,HRR758088
HRR757779_f1.fastq.gz,HRR757779
HRR757779_r2.fastq.gz,HRR757779
HRR758089_f1.fastq.gz,HRR758089
HRR758089_r2.fastq.gz,HRR758089
HRR757780_f1.fastq.gz,HRR757780
HRR757780_r2.fastq.gz,HRR757780
HRR758090_f1.fastq.gz,HRR758090
HRR758090_r2.fastq.gz,HRR758090
HRR757781_f1.fastq.gz,HRR757781
HRR757781_r2.fastq.gz,HRR757781
HRR758091_f1.fastq.gz,HRR758091
HRR758091_r2.fastq.gz,HRR758091
HRR757782_f1.fastq.gz,HRR757782
HRR757782_r2.fastq.gz,HRR757782
HRR758092_f1.fastq.gz,HRR758092
HRR758092_r2.fastq.gz,HRR758092
HRR757783_f1.fastq.gz,HRR757783
HRR757783_r2.fastq.gz,HRR757783
HRR758093_f1.fastq.gz,HRR758093
HRR758093_r2.fastq.gz,HRR758093
HRR757784_f1.fastq.gz,HRR757784
HRR757784_r2.fastq.gz,HRR757784
HRR758094_f1.fastq.gz,HRR758094
HRR758094_r2.fastq.gz,HRR758094
HRR757785_f1.fastq.gz,HRR757785
HRR757785_r2.fastq.gz,HRR757785
HRR758095_f1.fastq.gz,HRR758095
HRR758095_r2.fastq.gz,HRR758095
HRR757786_f1.fastq.gz,HRR757786
HRR757786_r2.fastq.gz,HRR757786
HRR758096_f1.fastq.gz,HRR758096
HRR758096_r2.fastq.gz,HRR758096
HRR757787_f1.fastq.gz,HRR757787
HRR757787_r2.fastq.gz,HRR757787
HRR758097_f1.fastq.gz,HRR758097
HRR758097_r2.fastq.gz,HRR758097
HRR757788_f1.fastq.gz,HRR757788
HRR757788_r2.fastq.gz,HRR757788
HRR758098_f1.fastq.gz,HRR758098
HRR758098_r2.fastq.gz,HRR758098
HRR757789_f1.fastq.gz,HRR757789
HRR757789_r2.fastq.gz,HRR757789
HRR758099_f1.fastq.gz,HRR758099
HRR758099_r2.fastq.gz,HRR758099
HRR757790_f1.fastq.gz,HRR757790
HRR757790_r2.fastq.gz,HRR757790
HRR758100_f1.fastq.gz,HRR758100
HRR758100_r2.fastq.gz,HRR758100
HRR757791_f1.fastq.gz,HRR757791
HRR757791_r2.fastq.gz,HRR757791
HRR758101_f1.fastq.gz,HRR758101
HRR758101_r2.fastq.gz,HRR758101
HRR757792_f1.fastq.gz,HRR757792
HRR757792_r2.fastq.gz,HRR757792
HRR758102_f1.fastq.gz,HRR758102
HRR758102_r2.fastq.gz,HRR758102
HRR757793_f1.fastq.gz,HRR757793
HRR757793_r2.fastq.gz,HRR757793
HRR758103_f1.fastq.gz,HRR758103
HRR758103_r2.fastq.gz,HRR758103
HRR757794_f1.fastq.gz,HRR757794
HRR757794_r2.fastq.gz,HRR757794
HRR758104_f1.fastq.gz,HRR758104
HRR758104_r2.fastq.gz,HRR758104
HRR757795_f1.fastq.gz,HRR757795
HRR757795_r2.fastq.gz,HRR757795
HRR758105_f1.fastq.gz,HRR758105
HRR758105_r2.fastq.gz,HRR758105
HRR757796_f1.fastq.gz,HRR757796
HRR757796_r2.fastq.gz,HRR757796
HRR758106_f1.fastq.gz,HRR758106
HRR758106_r2.fastq.gz,HRR758106
HRR757797_f1.fastq.gz,HRR757797
HRR757797_r2.fastq.gz,HRR757797
HRR758107_f1.fastq.gz,HRR758107
HRR758107_r2.fastq.gz,HRR758107
HRR757798_f1.fastq.gz,HRR757798
HRR757798_r2.fastq.gz,HRR757798
HRR758108_f1.fastq.gz,HRR758108
HRR758108_r2.fastq.gz,HRR758108
HRR757799_f1.fastq.gz,HRR757799
HRR757799_r2.fastq.gz,HRR757799
HRR758109_f1.fastq.gz,HRR758109
HRR758109_r2.fastq.gz,HRR758109
HRR757800_f1.fastq.gz,HRR757800
HRR757800_r2.fastq.gz,HRR757800
HRR758110_f1.fastq.gz,HRR758110
HRR758110_r2.fastq.gz,HRR758110
HRR757801_f1.fastq.gz,HRR757801
HRR757801_r2.fastq.gz,HRR757801
HRR758111_f1.fastq.gz,HRR758111
HRR758111_r2.fastq.gz,HRR758111
HRR757802_f1.fastq.gz,HRR757802
HRR757802_r2.fastq.gz,HRR757802
HRR758112_f1.fastq.gz,HRR758112
HRR758112_r2.fastq.gz,HRR758112
HRR757803_f1.fastq.gz,HRR757803
HRR757803_r2.fastq.gz,HRR757803
HRR758113_f1.fastq.gz,HRR758113
HRR758113_r2.fastq.gz,HRR758113
HRR757804_f1.fastq.gz,HRR757804
HRR757804_r2.fastq.gz,HRR757804
HRR758114_f1.fastq.gz,HRR758114
HRR758114_r2.fastq.gz,HRR758114
HRR758115_f1.fastq.gz,HRR758115
HRR758115_r2.fastq.gz,HRR758115
HRR757806_f1.fastq.gz,HRR757806
HRR757806_r2.fastq.gz,HRR757806
HRR758116_f1.fastq.gz,HRR758116
HRR758116_r2.fastq.gz,HRR758116
HRR757807_f1.fastq.gz,HRR757807
HRR757807_r2.fastq.gz,HRR757807
HRR758117_f1.fastq.gz,HRR758117
HRR758117_r2.fastq.gz,HRR758117
HRR757808_f1.fastq.gz,HRR757808
HRR757808_r2.fastq.gz,HRR757808
HRR758118_f1.fastq.gz,HRR758118
HRR758118_r2.fastq.gz,HRR758118
HRR757809_f1.fastq.gz,HRR757809
HRR757809_r2.fastq.gz,HRR757809
HRR758119_f1.fastq.gz,HRR758119
HRR758119_r2.fastq.gz,HRR758119
HRR757810_f1.fastq.gz,HRR757810
HRR757810_r2.fastq.gz,HRR757810
HRR758120_f1.fastq.gz,HRR758120
HRR758120_r2.fastq.gz,HRR758120
HRR757811_f1.fastq.gz,HRR757811
HRR757811_r2.fastq.gz,HRR757811
HRR758121_f1.fastq.gz,HRR758121
HRR758121_r2.fastq.gz,HRR758121
HRR757812_f1.fastq.gz,HRR757812
HRR757812_r2.fastq.gz,HRR757812
HRR758122_f1.fastq.gz,HRR758122
HRR758122_r2.fastq.gz,HRR758122
HRR757813_f1.fastq.gz,HRR757813
HRR757813_r2.fastq.gz,HRR757813
HRR758123_f1.fastq.gz,HRR758123
HRR758123_r2.fastq.gz,HRR758123
HRR757814_f1.fastq.gz,HRR757814
HRR757814_r2.fastq.gz,HRR757814
HRR758124_f1.fastq.gz,HRR758124
HRR758124_r2.fastq.gz,HRR758124
HRR757815_f1.fastq.gz,HRR757815
HRR757815_r2.fastq.gz,HRR757815
HRR758125_f1.fastq.gz,HRR758125
HRR758125_r2.fastq.gz,HRR758125
HRR757816_f1.fastq.gz,HRR757816
HRR757816_r2.fastq.gz,HRR757816
HRR758126_f1.fastq.gz,HRR758126
HRR758126_r2.fastq.gz,HRR758126
HRR757817_f1.fastq.gz,HRR757817
HRR757817_r2.fastq.gz,HRR757817
HRR758127_f1.fastq.gz,HRR758127
HRR758127_r2.fastq.gz,HRR758127
HRR757818_f1.fastq.gz,HRR757818
HRR757818_r2.fastq.gz,HRR757818
HRR758128_f1.fastq.gz,HRR758128
HRR758128_r2.fastq.gz,HRR758128
HRR757819_f1.fastq.gz,HRR757819
HRR757819_r2.fastq.gz,HRR757819
HRR758129_f1.fastq.gz,HRR758129
HRR758129_r2.fastq.gz,HRR758129
HRR757820_f1.fastq.gz,HRR757820
HRR757820_r2.fastq.gz,HRR757820
HRR758130_f1.fastq.gz,HRR758130
HRR758130_r2.fastq.gz,HRR758130
HRR757821_f1.fastq.gz,HRR757821
HRR757821_r2.fastq.gz,HRR757821
HRR758131_f1.fastq.gz,HRR758131
HRR758131_r2.fastq.gz,HRR758131
HRR757822_f1.fastq.gz,HRR757822
HRR757822_r2.fastq.gz,HRR757822
HRR758132_f1.fastq.gz,HRR758132
HRR758132_r2.fastq.gz,HRR758132
HRR757823_f1.fastq.gz,HRR757823
HRR757823_r2.fastq.gz,HRR757823
HRR758133_f1.fastq.gz,HRR758133
HRR758133_r2.fastq.gz,HRR758133
HRR757824_f1.fastq.gz,HRR757824
HRR757824_r2.fastq.gz,HRR757824
HRR758134_f1.fastq.gz,HRR758134
HRR758134_r2.fastq.gz,HRR758134
HRR757825_f1.fastq.gz,HRR757825
HRR757825_r2.fastq.gz,HRR757825
HRR758135_f1.fastq.gz,HRR758135
HRR758135_r2.fastq.gz,HRR758135
HRR757826_f1.fastq.gz,HRR757826
HRR757826_r2.fastq.gz,HRR757826
HRR758136_f1.fastq.gz,HRR758136
HRR758136_r2.fastq.gz,HRR758136
HRR757827_f1.fastq.gz,HRR757827
HRR757827_r2.fastq.gz,HRR757827
HRR758137_f1.fastq.gz,HRR758137
HRR758137_r2.fastq.gz,HRR758137
HRR757828_f1.fastq.gz,HRR757828
HRR757828_r2.fastq.gz,HRR757828
HRR758138_f1.fastq.gz,HRR758138
HRR758138_r2.fastq.gz,HRR758138
HRR757829_f1.fastq.gz,HRR757829
HRR757829_r2.fastq.gz,HRR757829
HRR758139_f1.fastq.gz,HRR758139
HRR758139_r2.fastq.gz,HRR758139
HRR757830_f1.fastq.gz,HRR757830
HRR757830_r2.fastq.gz,HRR757830
HRR758140_f1.fastq.gz,HRR758140
HRR758140_r2.fastq.gz,HRR758140
HRR758141_f1.fastq.gz,HRR758141
HRR758141_r2.fastq.gz,HRR758141
HRR757832_f1.fastq.gz,HRR757832
HRR757832_r2.fastq.gz,HRR757832
HRR758142_f1.fastq.gz,HRR758142
HRR758142_r2.fastq.gz,HRR758142
HRR757833_f1.fastq.gz,HRR757833
HRR757833_r2.fastq.gz,HRR757833
HRR758143_f1.fastq.gz,HRR758143
HRR758143_r2.fastq.gz,HRR758143
HRR757834_f1.fastq.gz,HRR757834
HRR757834_r2.fastq.gz,HRR757834
HRR758144_f1.fastq.gz,HRR758144
HRR758144_r2.fastq.gz,HRR758144
HRR757835_f1.fastq.gz,HRR757835
HRR757835_r2.fastq.gz,HRR757835
HRR758145_f1.fastq.gz,HRR758145
HRR758145_r2.fastq.gz,HRR758145
HRR757836_f1.fastq.gz,HRR757836
HRR757836_r2.fastq.gz,HRR757836
HRR758146_f1.fastq.gz,HRR758146
HRR758146_r2.fastq.gz,HRR758146
HRR757837_f1.fastq.gz,HRR757837
HRR757837_r2.fastq.gz,HRR757837
HRR758147_f1.fastq.gz,HRR758147
HRR758147_r2.fastq.gz,HRR758147
HRR757838_f1.fastq.gz,HRR757838
HRR757838_r2.fastq.gz,HRR757838
HRR758148_f1.fastq.gz,HRR758148
HRR758148_r2.fastq.gz,HRR758148
HRR757839_f1.fastq.gz,HRR757839
HRR757839_r2.fastq.gz,HRR757839
HRR758149_f1.fastq.gz,HRR758149
HRR758149_r2.fastq.gz,HRR758149
HRR757840_f1.fastq.gz,HRR757840
HRR757840_r2.fastq.gz,HRR757840
HRR758150_f1.fastq.gz,HRR758150
HRR758150_r2.fastq.gz,HRR758150
HRR757841_f1.fastq.gz,HRR757841
HRR757841_r2.fastq.gz,HRR757841
HRR758151_f1.fastq.gz,HRR758151
HRR758151_r2.fastq.gz,HRR758151
HRR757842_f1.fastq.gz,HRR757842
HRR757842_r2.fastq.gz,HRR757842
HRR758152_f1.fastq.gz,HRR758152
HRR758152_r2.fastq.gz,HRR758152
HRR757843_f1.fastq.gz,HRR757843
HRR757843_r2.fastq.gz,HRR757843
HRR758153_f1.fastq.gz,HRR758153
HRR758153_r2.fastq.gz,HRR758153
HRR757844_f1.fastq.gz,HRR757844
HRR757844_r2.fastq.gz,HRR757844
HRR758154_f1.fastq.gz,HRR758154
HRR758154_r2.fastq.gz,HRR758154
HRR758155_f1.fastq.gz,HRR758155
HRR758155_r2.fastq.gz,HRR758155
HRR757846_f1.fastq.gz,HRR757846
HRR757846_r2.fastq.gz,HRR757846
HRR758156_f1.fastq.gz,HRR758156
HRR758156_r2.fastq.gz,HRR758156
HRR757847_f1.fastq.gz,HRR757847
HRR757847_r2.fastq.gz,HRR757847
HRR758157_f1.fastq.gz,HRR758157
HRR758157_r2.fastq.gz,HRR758157
HRR757848_f1.fastq.gz,HRR757848
HRR757848_r2.fastq.gz,HRR757848
HRR758158_f1.fastq.gz,HRR758158
HRR758158_r2.fastq.gz,HRR758158
HRR757849_f1.fastq.gz,HRR757849
HRR757849_r2.fastq.gz,HRR757849
HRR758159_f1.fastq.gz,HRR758159
HRR758159_r2.fastq.gz,HRR758159
HRR757850_f1.fastq.gz,HRR757850
HRR757850_r2.fastq.gz,HRR757850
HRR758160_f1.fastq.gz,HRR758160
HRR758160_r2.fastq.gz,HRR758160
HRR757851_f1.fastq.gz,HRR757851
HRR757851_r2.fastq.gz,HRR757851
HRR758161_f1.fastq.gz,HRR758161
HRR758161_r2.fastq.gz,HRR758161
HRR757852_f1.fastq.gz,HRR757852
HRR757852_r2.fastq.gz,HRR757852
HRR758162_f1.fastq.gz,HRR758162
HRR758162_r2.fastq.gz,HRR758162
HRR1320767_f1.fq.gz,HRR1320767
HRR1320767_r2.fq.gz,HRR1320767
HRR1321010_f1.fq.gz,HRR1321010
HRR1321010_r2.fq.gz,HRR1321010
HRR1320768_f1.fq.gz,HRR1320768
HRR1320768_r2.fq.gz,HRR1320768
HRR1321011_f1.fq.gz,HRR1321011
HRR1321011_r2.fq.gz,HRR1321011
HRR1320769_f1.fq.gz,HRR1320769
HRR1320769_r2.fq.gz,HRR1320769
HRR1321012_f1.fq.gz,HRR1321012
HRR1321012_r2.fq.gz,HRR1321012
HRR1320770_f1.fq.gz,HRR1320770
HRR1320770_r2.fq.gz,HRR1320770
HRR1321013_f1.fq.gz,HRR1321013
HRR1321013_r2.fq.gz,HRR1321013
HRR1320771_f1.fq.gz,HRR1320771
HRR1320771_r2.fq.gz,HRR1320771
HRR1321014_f1.fq.gz,HRR1321014
HRR1321014_r2.fq.gz,HRR1321014
HRR1320772_f1.fq.gz,HRR1320772
HRR1320772_r2.fq.gz,HRR1320772
HRR1321015_f1.fq.gz,HRR1321015
HRR1321015_r2.fq.gz,HRR1321015
HRR1320773_f1.fq.gz,HRR1320773
HRR1320773_r2.fq.gz,HRR1320773
HRR1321016_f1.fq.gz,HRR1321016
HRR1321016_r2.fq.gz,HRR1321016
HRR1320774_f1.fq.gz,HRR1320774
HRR1320774_r2.fq.gz,HRR1320774
HRR1321017_f1.fq.gz,HRR1321017
HRR1321017_r2.fq.gz,HRR1321017
HRR1320775_f1.fq.gz,HRR1320775
HRR1320775_r2.fq.gz,HRR1320775
HRR1321018_f1.fq.gz,HRR1321018
HRR1321018_r2.fq.gz,HRR1321018
HRR1320776_f1.fq.gz,HRR1320776
HRR1320776_r2.fq.gz,HRR1320776
HRR1321019_f1.fq.gz,HRR1321019
HRR1321019_r2.fq.gz,HRR1321019
HRR1320777_f1.fq.gz,HRR1320777
HRR1320777_r2.fq.gz,HRR1320777
HRR1321020_f1.fq.gz,HRR1321020
HRR1321020_r2.fq.gz,HRR1321020
HRR1320778_f1.fq.gz,HRR1320778
HRR1320778_r2.fq.gz,HRR1320778
HRR1321021_f1.fq.gz,HRR1321021
HRR1321021_r2.fq.gz,HRR1321021
HRR1320779_f1.fq.gz,HRR1320779
HRR1320779_r2.fq.gz,HRR1320779
HRR1321022_f1.fq.gz,HRR1321022
HRR1321022_r2.fq.gz,HRR1321022
HRR1320780_f1.fq.gz,HRR1320780
HRR1320780_r2.fq.gz,HRR1320780
HRR1321023_f1.fq.gz,HRR1321023
HRR1321023_r2.fq.gz,HRR1321023
HRR1320781_f1.fq.gz,HRR1320781
HRR1320781_r2.fq.gz,HRR1320781
HRR1321024_f1.fq.gz,HRR1321024
HRR1321024_r2.fq.gz,HRR1321024
HRR1320782_f1.fq.gz,HRR1320782
HRR1320782_r2.fq.gz,HRR1320782
HRR1321025_f1.fq.gz,HRR1321025
HRR1321025_r2.fq.gz,HRR1321025
HRR1320783_f1.fq.gz,HRR1320783
HRR1320783_r2.fq.gz,HRR1320783
HRR1321026_f1.fq.gz,HRR1321026
HRR1321026_r2.fq.gz,HRR1321026
HRR1320784_f1.fq.gz,HRR1320784
HRR1320784_r2.fq.gz,HRR1320784
HRR1321027_f1.fq.gz,HRR1321027
HRR1321027_r2.fq.gz,HRR1321027
HRR1320785_f1.fq.gz,HRR1320785
HRR1320785_r2.fq.gz,HRR1320785
HRR1321028_f1.fq.gz,HRR1321028
HRR1321028_r2.fq.gz,HRR1321028
HRR1320786_f1.fq.gz,HRR1320786
HRR1320786_r2.fq.gz,HRR1320786
HRR1321029_f1.fq.gz,HRR1321029
HRR1321029_r2.fq.gz,HRR1321029
HRR1320787_f1.fq.gz,HRR1320787
HRR1320787_r2.fq.gz,HRR1320787
HRR1321030_f1.fq.gz,HRR1321030
HRR1321030_r2.fq.gz,HRR1321030
HRR1320788_f1.fq.gz,HRR1320788
HRR1320788_r2.fq.gz,HRR1320788
HRR1321031_f1.fq.gz,HRR1321031
HRR1321031_r2.fq.gz,HRR1321031
HRR1320789_f1.fq.gz,HRR1320789
HRR1320789_r2.fq.gz,HRR1320789
HRR1321032_f1.fq.gz,HRR1321032
HRR1321032_r2.fq.gz,HRR1321032
HRR1320790_f1.fq.gz,HRR1320790
HRR1320790_r2.fq.gz,HRR1320790
HRR1321033_f1.fq.gz,HRR1321033
HRR1321033_r2.fq.gz,HRR1321033
HRR1320791_f1.fq.gz,HRR1320791
HRR1320791_r2.fq.gz,HRR1320791
HRR1321034_f1.fq.gz,HRR1321034
HRR1321034_r2.fq.gz,HRR1321034
HRR1320792_f1.fq.gz,HRR1320792
HRR1320792_r2.fq.gz,HRR1320792
HRR1321035_f1.fq.gz,HRR1321035
HRR1321035_r2.fq.gz,HRR1321035
HRR1320793_f1.fq.gz,HRR1320793
HRR1320793_r2.fq.gz,HRR1320793
HRR1321036_f1.fq.gz,HRR1321036
HRR1321036_r2.fq.gz,HRR1321036
HRR1320794_f1.fq.gz,HRR1320794
HRR1320794_r2.fq.gz,HRR1320794
HRR1321037_f1.fq.gz,HRR1321037
HRR1321037_r2.fq.gz,HRR1321037
HRR1320795_f1.fq.gz,HRR1320795
HRR1320795_r2.fq.gz,HRR1320795
HRR1321038_f1.fq.gz,HRR1321038
HRR1321038_r2.fq.gz,HRR1321038
HRR1320796_f1.fq.gz,HRR1320796
HRR1320796_r2.fq.gz,HRR1320796
HRR1321039_f1.fq.gz,HRR1321039
HRR1321039_r2.fq.gz,HRR1321039
HRR1320797_f1.fq.gz,HRR1320797
HRR1320797_r2.fq.gz,HRR1320797
HRR1321040_f1.fq.gz,HRR1321040
HRR1321040_r2.fq.gz,HRR1321040
HRR1320798_f1.fq.gz,HRR1320798
HRR1320798_r2.fq.gz,HRR1320798
HRR1321041_f1.fq.gz,HRR1321041
HRR1321041_r2.fq.gz,HRR1321041
HRR1320799_f1.fq.gz,HRR1320799
HRR1320799_r2.fq.gz,HRR1320799
HRR1321042_f1.fq.gz,HRR1321042
HRR1321042_r2.fq.gz,HRR1321042
HRR1320800_f1.fq.gz,HRR1320800
HRR1320800_r2.fq.gz,HRR1320800
HRR1321043_f1.fq.gz,HRR1321043
HRR1321043_r2.fq.gz,HRR1321043
HRR1320801_f1.fq.gz,HRR1320801
HRR1320801_r2.fq.gz,HRR1320801
HRR1321044_f1.fq.gz,HRR1321044
HRR1321044_r2.fq.gz,HRR1321044
HRR1320802_f1.fq.gz,HRR1320802
HRR1320802_r2.fq.gz,HRR1320802
HRR1321045_f1.fq.gz,HRR1321045
HRR1321045_r2.fq.gz,HRR1321045
HRR1320803_f1.fq.gz,HRR1320803
HRR1320803_r2.fq.gz,HRR1320803
HRR1321046_f1.fq.gz,HRR1321046
HRR1321046_r2.fq.gz,HRR1321046
HRR1320804_f1.fq.gz,HRR1320804
HRR1320804_r2.fq.gz,HRR1320804
HRR1321047_f1.fq.gz,HRR1321047
HRR1321047_r2.fq.gz,HRR1321047
HRR1320805_f1.fq.gz,HRR1320805
HRR1320805_r2.fq.gz,HRR1320805
HRR1321048_f1.fq.gz,HRR1321048
HRR1321048_r2.fq.gz,HRR1321048
HRR1320806_f1.fq.gz,HRR1320806
HRR1320806_r2.fq.gz,HRR1320806
HRR1321049_f1.fq.gz,HRR1321049
HRR1321049_r2.fq.gz,HRR1321049
HRR1320807_f1.fq.gz,HRR1320807
HRR1320807_r2.fq.gz,HRR1320807
HRR1321050_f1.fq.gz,HRR1321050
HRR1321050_r2.fq.gz,HRR1321050
HRR1320808_f1.fq.gz,HRR1320808
HRR1320808_r2.fq.gz,HRR1320808
HRR1321051_f1.fq.gz,HRR1321051
HRR1321051_r2.fq.gz,HRR1321051
HRR1320809_f1.fq.gz,HRR1320809
HRR1320809_r2.fq.gz,HRR1320809
HRR1321052_f1.fq.gz,HRR1321052
HRR1321052_r2.fq.gz,HRR1321052
HRR1320810_f1.fq.gz,HRR1320810
HRR1320810_r2.fq.gz,HRR1320810
HRR1321053_f1.fq.gz,HRR1321053
HRR1321053_r2.fq.gz,HRR1321053
HRR1320811_f1.fq.gz,HRR1320811
HRR1320811_r2.fq.gz,HRR1320811
HRR1321054_f1.fq.gz,HRR1321054
HRR1321054_r2.fq.gz,HRR1321054
HRR1320812_f1.fq.gz,HRR1320812
HRR1320812_r2.fq.gz,HRR1320812
HRR1321055_f1.fq.gz,HRR1321055
HRR1321055_r2.fq.gz,HRR1321055
HRR1320813_f1.fq.gz,HRR1320813
HRR1320813_r2.fq.gz,HRR1320813
HRR1321056_f1.fq.gz,HRR1321056
HRR1321056_r2.fq.gz,HRR1321056
HRR1320814_f1.fq.gz,HRR1320814
HRR1320814_r2.fq.gz,HRR1320814
HRR1321057_f1.fq.gz,HRR1321057
HRR1321057_r2.fq.gz,HRR1321057
HRR1320815_f1.fq.gz,HRR1320815
HRR1320815_r2.fq.gz,HRR1320815
HRR1321058_f1.fq.gz,HRR1321058
HRR1321058_r2.fq.gz,HRR1321058
HRR1320816_f1.fq.gz,HRR1320816
HRR1320816_r2.fq.gz,HRR1320816
HRR1321059_f1.fq.gz,HRR1321059
HRR1321059_r2.fq.gz,HRR1321059
HRR1320817_f1.fq.gz,HRR1320817
HRR1320817_r2.fq.gz,HRR1320817
HRR1321060_f1.fq.gz,HRR1321060
HRR1321060_r2.fq.gz,HRR1321060
HRR1320818_f1.fq.gz,HRR1320818
HRR1320818_r2.fq.gz,HRR1320818
HRR1321061_f1.fq.gz,HRR1321061
HRR1321061_r2.fq.gz,HRR1321061
HRR1320819_f1.fq.gz,HRR1320819
HRR1320819_r2.fq.gz,HRR1320819
HRR1321062_f1.fq.gz,HRR1321062
HRR1321062_r2.fq.gz,HRR1321062
HRR1320820_f1.fq.gz,HRR1320820
HRR1320820_r2.fq.gz,HRR1320820
HRR1321063_f1.fq.gz,HRR1321063
HRR1321063_r2.fq.gz,HRR1321063
HRR1320821_f1.fq.gz,HRR1320821
HRR1320821_r2.fq.gz,HRR1320821
HRR1321064_f1.fq.gz,HRR1321064
HRR1321064_r2.fq.gz,HRR1321064
HRR1320822_f1.fq.gz,HRR1320822
HRR1320822_r2.fq.gz,HRR1320822
HRR1321065_f1.fq.gz,HRR1321065
HRR1321065_r2.fq.gz,HRR1321065
HRR1320823_f1.fq.gz,HRR1320823
HRR1320823_r2.fq.gz,HRR1320823
HRR1321066_f1.fq.gz,HRR1321066
HRR1321066_r2.fq.gz,HRR1321066
HRR1320824_f1.fq.gz,HRR1320824
HRR1320824_r2.fq.gz,HRR1320824
HRR1321067_f1.fq.gz,HRR1321067
HRR1321067_r2.fq.gz,HRR1321067
HRR1320825_f1.fq.gz,HRR1320825
HRR1320825_r2.fq.gz,HRR1320825
HRR1321068_f1.fq.gz,HRR1321068
HRR1321068_r2.fq.gz,HRR1321068
HRR1320826_f1.fq.gz,HRR1320826
HRR1320826_r2.fq.gz,HRR1320826
HRR1321069_f1.fq.gz,HRR1321069
HRR1321069_r2.fq.gz,HRR1321069
HRR1320827_f1.fq.gz,HRR1320827
HRR1320827_r2.fq.gz,HRR1320827
HRR1321070_f1.fq.gz,HRR1321070
HRR1321070_r2.fq.gz,HRR1321070
HRR1320828_f1.fq.gz,HRR1320828
HRR1320828_r2.fq.gz,HRR1320828
HRR1321071_f1.fq.gz,HRR1321071
HRR1321071_r2.fq.gz,HRR1321071
HRR1320829_f1.fq.gz,HRR1320829
HRR1320829_r2.fq.gz,HRR1320829
HRR1321072_f1.fq.gz,HRR1321072
HRR1321072_r2.fq.gz,HRR1321072
HRR1320830_f1.fq.gz,HRR1320830
HRR1320830_r2.fq.gz,HRR1320830
HRR1321073_f1.fq.gz,HRR1321073
HRR1321073_r2.fq.gz,HRR1321073
HRR1320831_f1.fq.gz,HRR1320831
HRR1320831_r2.fq.gz,HRR1320831
HRR1321074_f1.fq.gz,HRR1321074
HRR1321074_r2.fq.gz,HRR1321074
HRR1320832_f1.fq.gz,HRR1320832
HRR1320832_r2.fq.gz,HRR1320832
HRR1321075_f1.fq.gz,HRR1321075
HRR1321075_r2.fq.gz,HRR1321075
HRR1320833_f1.fq.gz,HRR1320833
HRR1320833_r2.fq.gz,HRR1320833
HRR1321076_f1.fq.gz,HRR1321076
HRR1321076_r2.fq.gz,HRR1321076
HRR1320834_f1.fq.gz,HRR1320834
HRR1320834_r2.fq.gz,HRR1320834
HRR1321077_f1.fq.gz,HRR1321077
HRR1321077_r2.fq.gz,HRR1321077
HRR1320835_f1.fq.gz,HRR1320835
HRR1320835_r2.fq.gz,HRR1320835
HRR1321078_f1.fq.gz,HRR1321078
HRR1321078_r2.fq.gz,HRR1321078
HRR1320836_f1.fq.gz,HRR1320836
HRR1320836_r2.fq.gz,HRR1320836
HRR1321079_f1.fq.gz,HRR1321079
HRR1321079_r2.fq.gz,HRR1321079
HRR1320837_f1.fq.gz,HRR1320837
HRR1320837_r2.fq.gz,HRR1320837
HRR1321080_f1.fq.gz,HRR1321080
HRR1321080_r2.fq.gz,HRR1321080
HRR1320838_f1.fq.gz,HRR1320838
HRR1320838_r2.fq.gz,HRR1320838
HRR1321081_f1.fq.gz,HRR1321081
HRR1321081_r2.fq.gz,HRR1321081
HRR1320839_f1.fq.gz,HRR1320839
HRR1320839_r2.fq.gz,HRR1320839
HRR1321082_f1.fq.gz,HRR1321082
HRR1321082_r2.fq.gz,HRR1321082
HRR1320840_f1.fq.gz,HRR1320840
HRR1320840_r2.fq.gz,HRR1320840
HRR1321083_f1.fq.gz,HRR1321083
HRR1321083_r2.fq.gz,HRR1321083
HRR1320841_f1.fq.gz,HRR1320841
HRR1320841_r2.fq.gz,HRR1320841
HRR1321084_f1.fq.gz,HRR1321084
HRR1321084_r2.fq.gz,HRR1321084
HRR1320842_f1.fq.gz,HRR1320842
HRR1320842_r2.fq.gz,HRR1320842
HRR1321085_f1.fq.gz,HRR1321085
HRR1321085_r2.fq.gz,HRR1321085
HRR1320843_f1.fq.gz,HRR1320843
HRR1320843_r2.fq.gz,HRR1320843
HRR1321086_f1.fq.gz,HRR1321086
HRR1321086_r2.fq.gz,HRR1321086
HRR1320844_f1.fq.gz,HRR1320844
HRR1320844_r2.fq.gz,HRR1320844
HRR1320845_f1.fq.gz,HRR1320845
HRR1320845_r2.fq.gz,HRR1320845
HRR1321087_f1.fq.gz,HRR1321087
HRR1321087_r2.fq.gz,HRR1321087
HRR1320846_f1.fq.gz,HRR1320846
HRR1320846_r2.fq.gz,HRR1320846
HRR1321088_f1.fq.gz,HRR1321088
HRR1321088_r2.fq.gz,HRR1321088
HRR1320847_f1.fq.gz,HRR1320847
HRR1320847_r2.fq.gz,HRR1320847
HRR1321089_f1.fq.gz,HRR1321089
HRR1321089_r2.fq.gz,HRR1321089
HRR1320848_f1.fq.gz,HRR1320848
HRR1320848_r2.fq.gz,HRR1320848
HRR1321090_f1.fq.gz,HRR1321090
HRR1321090_r2.fq.gz,HRR1321090
HRR1320849_f1.fq.gz,HRR1320849
HRR1320849_r2.fq.gz,HRR1320849
HRR1321091_f1.fq.gz,HRR1321091
HRR1321091_r2.fq.gz,HRR1321091
HRR1320850_f1.fq.gz,HRR1320850
HRR1320850_r2.fq.gz,HRR1320850
HRR1321092_f1.fq.gz,HRR1321092
HRR1321092_r2.fq.gz,HRR1321092
HRR1320851_f1.fq.gz,HRR1320851
HRR1320851_r2.fq.gz,HRR1320851
HRR1321093_f1.fq.gz,HRR1321093
HRR1321093_r2.fq.gz,HRR1321093
HRR1320852_f1.fq.gz,HRR1320852
HRR1320852_r2.fq.gz,HRR1320852
HRR1321094_f1.fq.gz,HRR1321094
HRR1321094_r2.fq.gz,HRR1321094
HRR1320853_f1.fq.gz,HRR1320853
HRR1320853_r2.fq.gz,HRR1320853
HRR1321095_f1.fq.gz,HRR1321095
HRR1321095_r2.fq.gz,HRR1321095
HRR1320854_f1.fq.gz,HRR1320854
HRR1320854_r2.fq.gz,HRR1320854
HRR1321096_f1.fq.gz,HRR1321096
HRR1321096_r2.fq.gz,HRR1321096
HRR1320855_f1.fq.gz,HRR1320855
HRR1320855_r2.fq.gz,HRR1320855
HRR1321097_f1.fq.gz,HRR1321097
HRR1321097_r2.fq.gz,HRR1321097
HRR1320856_f1.fq.gz,HRR1320856
HRR1320856_r2.fq.gz,HRR1320856
HRR1321098_f1.fq.gz,HRR1321098
HRR1321098_r2.fq.gz,HRR1321098
HRR1320857_f1.fq.gz,HRR1320857
HRR1320857_r2.fq.gz,HRR1320857
HRR1321099_f1.fq.gz,HRR1321099
HRR1321099_r2.fq.gz,HRR1321099
HRR1320858_f1.fq.gz,HRR1320858
HRR1320858_r2.fq.gz,HRR1320858
HRR1321100_f1.fq.gz,HRR1321100
HRR1321100_r2.fq.gz,HRR1321100
HRR1320859_f1.fq.gz,HRR1320859
HRR1320859_r2.fq.gz,HRR1320859
HRR1321101_f1.fq.gz,HRR1321101
HRR1321101_r2.fq.gz,HRR1321101
HRR1320860_f1.fq.gz,HRR1320860
HRR1320860_r2.fq.gz,HRR1320860
HRR1321102_f1.fq.gz,HRR1321102
HRR1321102_r2.fq.gz,HRR1321102
HRR1320861_f1.fq.gz,HRR1320861
HRR1320861_r2.fq.gz,HRR1320861
HRR1321103_f1.fq.gz,HRR1321103
HRR1321103_r2.fq.gz,HRR1321103
HRR1320862_f1.fq.gz,HRR1320862
HRR1320862_r2.fq.gz,HRR1320862
HRR1321104_f1.fq.gz,HRR1321104
HRR1321104_r2.fq.gz,HRR1321104
HRR1320863_f1.fq.gz,HRR1320863
HRR1320863_r2.fq.gz,HRR1320863
HRR1321105_f1.fq.gz,HRR1321105
HRR1321105_r2.fq.gz,HRR1321105
HRR1320864_f1.fq.gz,HRR1320864
HRR1320864_r2.fq.gz,HRR1320864
HRR1321106_f1.fq.gz,HRR1321106
HRR1321106_r2.fq.gz,HRR1321106
HRR1320865_f1.fq.gz,HRR1320865
HRR1320865_r2.fq.gz,HRR1320865
HRR1321107_f1.fq.gz,HRR1321107
HRR1321107_r2.fq.gz,HRR1321107
HRR1320866_f1.fq.gz,HRR1320866
HRR1320866_r2.fq.gz,HRR1320866
HRR1321108_f1.fq.gz,HRR1321108
HRR1321108_r2.fq.gz,HRR1321108
HRR1320867_f1.fq.gz,HRR1320867
HRR1320867_r2.fq.gz,HRR1320867
HRR1321109_f1.fq.gz,HRR1321109
HRR1321109_r2.fq.gz,HRR1321109
HRR1320868_f1.fq.gz,HRR1320868
HRR1320868_r2.fq.gz,HRR1320868
HRR1321110_f1.fq.gz,HRR1321110
HRR1321110_r2.fq.gz,HRR1321110
HRR1320869_f1.fq.gz,HRR1320869
HRR1320869_r2.fq.gz,HRR1320869
HRR1321111_f1.fq.gz,HRR1321111
HRR1321111_r2.fq.gz,HRR1321111
HRR1320870_f1.fq.gz,HRR1320870
HRR1320870_r2.fq.gz,HRR1320870
HRR1321112_f1.fq.gz,HRR1321112
HRR1321112_r2.fq.gz,HRR1321112
HRR1320871_f1.fq.gz,HRR1320871
HRR1320871_r2.fq.gz,HRR1320871
HRR1321113_f1.fq.gz,HRR1321113
HRR1321113_r2.fq.gz,HRR1321113
HRR1320872_f1.fq.gz,HRR1320872
HRR1320872_r2.fq.gz,HRR1320872
HRR1321114_f1.fq.gz,HRR1321114
HRR1321114_r2.fq.gz,HRR1321114
HRR1320873_f1.fq.gz,HRR1320873
HRR1320873_r2.fq.gz,HRR1320873
HRR1321115_f1.fq.gz,HRR1321115
HRR1321115_r2.fq.gz,HRR1321115
HRR1320874_f1.fq.gz,HRR1320874
HRR1320874_r2.fq.gz,HRR1320874
HRR1321116_f1.fq.gz,HRR1321116
HRR1321116_r2.fq.gz,HRR1321116
HRR1320875_f1.fq.gz,HRR1320875
HRR1320875_r2.fq.gz,HRR1320875
HRR1321117_f1.fq.gz,HRR1321117
HRR1321117_r2.fq.gz,HRR1321117
HRR1320876_f1.fq.gz,HRR1320876
HRR1320876_r2.fq.gz,HRR1320876
HRR1321118_f1.fq.gz,HRR1321118
HRR1321118_r2.fq.gz,HRR1321118
HRR1320877_f1.fq.gz,HRR1320877
HRR1320877_r2.fq.gz,HRR1320877
HRR1321119_f1.fq.gz,HRR1321119
HRR1321119_r2.fq.gz,HRR1321119
HRR1320878_f1.fq.gz,HRR1320878
HRR1320878_r2.fq.gz,HRR1320878
HRR1321120_f1.fq.gz,HRR1321120
HRR1321120_r2.fq.gz,HRR1321120
HRR1320879_f1.fq.gz,HRR1320879
HRR1320879_r2.fq.gz,HRR1320879
HRR1321121_f1.fq.gz,HRR1321121
HRR1321121_r2.fq.gz,HRR1321121
HRR1320880_f1.fq.gz,HRR1320880
HRR1320880_r2.fq.gz,HRR1320880
HRR1321122_f1.fq.gz,HRR1321122
HRR1321122_r2.fq.gz,HRR1321122
HRR1320881_f1.fq.gz,HRR1320881
HRR1320881_r2.fq.gz,HRR1320881
HRR1321123_f1.fq.gz,HRR1321123
HRR1321123_r2.fq.gz,HRR1321123
HRR1320882_f1.fq.gz,HRR1320882
HRR1320882_r2.fq.gz,HRR1320882
HRR1321124_f1.fq.gz,HRR1321124
HRR1321124_r2.fq.gz,HRR1321124
HRR1320883_f1.fq.gz,HRR1320883
HRR1320883_r2.fq.gz,HRR1320883
HRR1321125_f1.fq.gz,HRR1321125
HRR1321125_r2.fq.gz,HRR1321125
HRR1320884_f1.fq.gz,HRR1320884
HRR1320884_r2.fq.gz,HRR1320884
HRR1321126_f1.fq.gz,HRR1321126
HRR1321126_r2.fq.gz,HRR1321126
HRR1320885_f1.fq.gz,HRR1320885
HRR1320885_r2.fq.gz,HRR1320885
HRR1321127_f1.fq.gz,HRR1321127
HRR1321127_r2.fq.gz,HRR1321127
HRR1320886_f1.fq.gz,HRR1320886
HRR1320886_r2.fq.gz,HRR1320886
HRR1321128_f1.fq.gz,HRR1321128
HRR1321128_r2.fq.gz,HRR1321128
HRR1320887_f1.fq.gz,HRR1320887
HRR1320887_r2.fq.gz,HRR1320887
HRR1321129_f1.fq.gz,HRR1321129
HRR1321129_r2.fq.gz,HRR1321129
HRR1320888_f1.fq.gz,HRR1320888
HRR1320888_r2.fq.gz,HRR1320888
HRR1321130_f1.fq.gz,HRR1321130
HRR1321130_r2.fq.gz,HRR1321130
HRR1320889_f1.fq.gz,HRR1320889
HRR1320889_r2.fq.gz,HRR1320889
HRR1321131_f1.fq.gz,HRR1321131
HRR1321131_r2.fq.gz,HRR1321131
HRR1320890_f1.fq.gz,HRR1320890
HRR1320890_r2.fq.gz,HRR1320890
HRR1321132_f1.fq.gz,HRR1321132
HRR1321132_r2.fq.gz,HRR1321132
HRR1320891_f1.fq.gz,HRR1320891
HRR1320891_r2.fq.gz,HRR1320891
HRR1321133_f1.fq.gz,HRR1321133
HRR1321133_r2.fq.gz,HRR1321133
HRR1320892_f1.fq.gz,HRR1320892
HRR1320892_r2.fq.gz,HRR1320892
HRR1321134_f1.fq.gz,HRR1321134
HRR1321134_r2.fq.gz,HRR1321134
HRR1320893_f1.fq.gz,HRR1320893
HRR1320893_r2.fq.gz,HRR1320893
HRR1321135_f1.fq.gz,HRR1321135
HRR1321135_r2.fq.gz,HRR1321135
HRR1320894_f1.fq.gz,HRR1320894
HRR1320894_r2.fq.gz,HRR1320894
HRR1321136_f1.fq.gz,HRR1321136
HRR1321136_r2.fq.gz,HRR1321136
HRR1320895_f1.fq.gz,HRR1320895
HRR1320895_r2.fq.gz,HRR1320895
HRR1321137_f1.fq.gz,HRR1321137
HRR1321137_r2.fq.gz,HRR1321137
HRR1320896_f1.fq.gz,HRR1320896
HRR1320896_r2.fq.gz,HRR1320896
HRR1321138_f1.fq.gz,HRR1321138
HRR1321138_r2.fq.gz,HRR1321138
HRR1320897_f1.fq.gz,HRR1320897
HRR1320897_r2.fq.gz,HRR1320897
HRR1321139_f1.fq.gz,HRR1321139
HRR1321139_r2.fq.gz,HRR1321139
HRR1320898_f1.fq.gz,HRR1320898
HRR1320898_r2.fq.gz,HRR1320898
HRR1321140_f1.fq.gz,HRR1321140
HRR1321140_r2.fq.gz,HRR1321140
HRR1320899_f1.fq.gz,HRR1320899
HRR1320899_r2.fq.gz,HRR1320899
HRR1321141_f1.fq.gz,HRR1321141
HRR1321141_r2.fq.gz,HRR1321141
HRR1320900_f1.fq.gz,HRR1320900
HRR1320900_r2.fq.gz,HRR1320900
HRR1321142_f1.fq.gz,HRR1321142
HRR1321142_r2.fq.gz,HRR1321142
HRR1320901_f1.fq.gz,HRR1320901
HRR1320901_r2.fq.gz,HRR1320901
HRR1321143_f1.fq.gz,HRR1321143
HRR1321143_r2.fq.gz,HRR1321143
HRR1320902_f1.fq.gz,HRR1320902
HRR1320902_r2.fq.gz,HRR1320902
HRR1321144_f1.fq.gz,HRR1321144
HRR1321144_r2.fq.gz,HRR1321144
HRR1320903_f1.fq.gz,HRR1320903
HRR1320903_r2.fq.gz,HRR1320903
HRR1321145_f1.fq.gz,HRR1321145
HRR1321145_r2.fq.gz,HRR1321145
HRR1320904_f1.fq.gz,HRR1320904
HRR1320904_r2.fq.gz,HRR1320904
HRR1321146_f1.fq.gz,HRR1321146
HRR1321146_r2.fq.gz,HRR1321146
HRR1320905_f1.fq.gz,HRR1320905
HRR1320905_r2.fq.gz,HRR1320905
HRR1321147_f1.fq.gz,HRR1321147
HRR1321147_r2.fq.gz,HRR1321147
HRR1320906_f1.fq.gz,HRR1320906
HRR1320906_r2.fq.gz,HRR1320906
HRR1321148_f1.fq.gz,HRR1321148
HRR1321148_r2.fq.gz,HRR1321148
HRR1320907_f1.fq.gz,HRR1320907
HRR1320907_r2.fq.gz,HRR1320907
HRR1321149_f1.fq.gz,HRR1321149
HRR1321149_r2.fq.gz,HRR1321149
HRR1320908_f1.fq.gz,HRR1320908
HRR1320908_r2.fq.gz,HRR1320908
HRR1321150_f1.fq.gz,HRR1321150
HRR1321150_r2.fq.gz,HRR1321150
HRR1320909_f1.fq.gz,HRR1320909
HRR1320909_r2.fq.gz,HRR1320909
HRR1321151_f1.fq.gz,HRR1321151
HRR1321151_r2.fq.gz,HRR1321151
HRR1320910_f1.fq.gz,HRR1320910
HRR1320910_r2.fq.gz,HRR1320910
HRR1321152_f1.fq.gz,HRR1321152
HRR1321152_r2.fq.gz,HRR1321152
HRR1320911_f1.fq.gz,HRR1320911
HRR1320911_r2.fq.gz,HRR1320911
HRR1321153_f1.fq.gz,HRR1321153
HRR1321153_r2.fq.gz,HRR1321153
HRR1320912_f1.fq.gz,HRR1320912
HRR1320912_r2.fq.gz,HRR1320912
HRR1321154_f1.fq.gz,HRR1321154
HRR1321154_r2.fq.gz,HRR1321154
HRR1320913_f1.fq.gz,HRR1320913
HRR1320913_r2.fq.gz,HRR1320913
HRR1321155_f1.fq.gz,HRR1321155
HRR1321155_r2.fq.gz,HRR1321155
HRR1320914_f1.fq.gz,HRR1320914
HRR1320914_r2.fq.gz,HRR1320914
HRR1321156_f1.fq.gz,HRR1321156
HRR1321156_r2.fq.gz,HRR1321156
HRR1320915_f1.fq.gz,HRR1320915
HRR1320915_r2.fq.gz,HRR1320915
HRR1321157_f1.fq.gz,HRR1321157
HRR1321157_r2.fq.gz,HRR1321157
HRR1320916_f1.fq.gz,HRR1320916
HRR1320916_r2.fq.gz,HRR1320916
HRR1321158_f1.fq.gz,HRR1321158
HRR1321158_r2.fq.gz,HRR1321158
HRR1320917_f1.fq.gz,HRR1320917
HRR1320917_r2.fq.gz,HRR1320917
HRR1321159_f1.fq.gz,HRR1321159
HRR1321159_r2.fq.gz,HRR1321159
HRR1320918_f1.fq.gz,HRR1320918
HRR1320918_r2.fq.gz,HRR1320918
HRR1321160_f1.fq.gz,HRR1321160
HRR1321160_r2.fq.gz,HRR1321160
HRR1320919_f1.fq.gz,HRR1320919
HRR1320919_r2.fq.gz,HRR1320919
HRR1321161_f1.fq.gz,HRR1321161
HRR1321161_r2.fq.gz,HRR1321161
HRR1320920_f1.fq.gz,HRR1320920
HRR1320920_r2.fq.gz,HRR1320920
HRR1321162_f1.fq.gz,HRR1321162
HRR1321162_r2.fq.gz,HRR1321162
HRR1320921_f1.fq.gz,HRR1320921
HRR1320921_r2.fq.gz,HRR1320921
HRR1321163_f1.fq.gz,HRR1321163
HRR1321163_r2.fq.gz,HRR1321163
HRR1320922_f1.fq.gz,HRR1320922
HRR1320922_r2.fq.gz,HRR1320922
HRR1321164_f1.fq.gz,HRR1321164
HRR1321164_r2.fq.gz,HRR1321164
HRR1320923_f1.fq.gz,HRR1320923
HRR1320923_r2.fq.gz,HRR1320923
HRR1321165_f1.fq.gz,HRR1321165
HRR1321165_r2.fq.gz,HRR1321165
HRR1320924_f1.fq.gz,HRR1320924
HRR1320924_r2.fq.gz,HRR1320924
HRR1321166_f1.fq.gz,HRR1321166
HRR1321166_r2.fq.gz,HRR1321166
HRR1320925_f1.fq.gz,HRR1320925
HRR1320925_r2.fq.gz,HRR1320925
HRR1321167_f1.fq.gz,HRR1321167
HRR1321167_r2.fq.gz,HRR1321167
HRR1320926_f1.fq.gz,HRR1320926
HRR1320926_r2.fq.gz,HRR1320926
HRR1321168_f1.fq.gz,HRR1321168
HRR1321168_r2.fq.gz,HRR1321168
HRR1320927_f1.fq.gz,HRR1320927
HRR1320927_r2.fq.gz,HRR1320927
HRR1321169_f1.fq.gz,HRR1321169
HRR1321169_r2.fq.gz,HRR1321169
HRR1320928_f1.fq.gz,HRR1320928
HRR1320928_r2.fq.gz,HRR1320928
HRR1321170_f1.fq.gz,HRR1321170
HRR1321170_r2.fq.gz,HRR1321170
HRR1320929_f1.fq.gz,HRR1320929
HRR1320929_r2.fq.gz,HRR1320929
HRR1321171_f1.fq.gz,HRR1321171
HRR1321171_r2.fq.gz,HRR1321171
HRR1320930_f1.fq.gz,HRR1320930
HRR1320930_r2.fq.gz,HRR1320930
HRR1321172_f1.fq.gz,HRR1321172
HRR1321172_r2.fq.gz,HRR1321172
HRR1320931_f1.fq.gz,HRR1320931
HRR1320931_r2.fq.gz,HRR1320931
HRR1321173_f1.fq.gz,HRR1321173
HRR1321173_r2.fq.gz,HRR1321173
HRR1320932_f1.fq.gz,HRR1320932
HRR1320932_r2.fq.gz,HRR1320932
HRR1321174_f1.fq.gz,HRR1321174
HRR1321174_r2.fq.gz,HRR1321174
HRR1320933_f1.fq.gz,HRR1320933
HRR1320933_r2.fq.gz,HRR1320933
HRR1321175_f1.fq.gz,HRR1321175
HRR1321175_r2.fq.gz,HRR1321175
HRR1320934_f1.fq.gz,HRR1320934
HRR1320934_r2.fq.gz,HRR1320934
HRR1321176_f1.fq.gz,HRR1321176
HRR1321176_r2.fq.gz,HRR1321176
HRR1320935_f1.fq.gz,HRR1320935
HRR1320935_r2.fq.gz,HRR1320935
HRR1321177_f1.fq.gz,HRR1321177
HRR1321177_r2.fq.gz,HRR1321177
HRR1320936_f1.fq.gz,HRR1320936
HRR1320936_r2.fq.gz,HRR1320936
HRR1321178_f1.fq.gz,HRR1321178
HRR1321178_r2.fq.gz,HRR1321178
HRR1320937_f1.fq.gz,HRR1320937
HRR1320937_r2.fq.gz,HRR1320937
HRR1321179_f1.fq.gz,HRR1321179
HRR1321179_r2.fq.gz,HRR1321179
HRR1320938_f1.fq.gz,HRR1320938
HRR1320938_r2.fq.gz,HRR1320938
HRR1321180_f1.fq.gz,HRR1321180
HRR1321180_r2.fq.gz,HRR1321180
HRR1320939_f1.fq.gz,HRR1320939
HRR1320939_r2.fq.gz,HRR1320939
HRR1321181_f1.fq.gz,HRR1321181
HRR1321181_r2.fq.gz,HRR1321181
HRR1320940_f1.fq.gz,HRR1320940
HRR1320940_r2.fq.gz,HRR1320940
HRR1321182_f1.fq.gz,HRR1321182
HRR1321182_r2.fq.gz,HRR1321182
HRR1320941_f1.fq.gz,HRR1320941
HRR1320941_r2.fq.gz,HRR1320941
HRR1321183_f1.fq.gz,HRR1321183
HRR1321183_r2.fq.gz,HRR1321183
HRR1320942_f1.fq.gz,HRR1320942
HRR1320942_r2.fq.gz,HRR1320942
HRR1321184_f1.fq.gz,HRR1321184
HRR1321184_r2.fq.gz,HRR1321184
HRR1320943_f1.fq.gz,HRR1320943
HRR1320943_r2.fq.gz,HRR1320943
HRR1321185_f1.fq.gz,HRR1321185
HRR1321185_r2.fq.gz,HRR1321185
HRR1320944_f1.fq.gz,HRR1320944
HRR1320944_r2.fq.gz,HRR1320944
HRR1321186_f1.fq.gz,HRR1321186
HRR1321186_r2.fq.gz,HRR1321186
HRR1320945_f1.fq.gz,HRR1320945
HRR1320945_r2.fq.gz,HRR1320945
HRR1321187_f1.fq.gz,HRR1321187
HRR1321187_r2.fq.gz,HRR1321187
HRR1320946_f1.fq.gz,HRR1320946
HRR1320946_r2.fq.gz,HRR1320946
HRR1321188_f1.fq.gz,HRR1321188
HRR1321188_r2.fq.gz,HRR1321188
HRR1320947_f1.fq.gz,HRR1320947
HRR1320947_r2.fq.gz,HRR1320947
HRR1321189_f1.fq.gz,HRR1321189
HRR1321189_r2.fq.gz,HRR1321189
HRR1320948_f1.fq.gz,HRR1320948
HRR1320948_r2.fq.gz,HRR1320948
HRR1321190_f1.fq.gz,HRR1321190
HRR1321190_r2.fq.gz,HRR1321190
HRR1320949_f1.fq.gz,HRR1320949
HRR1320949_r2.fq.gz,HRR1320949
HRR1321191_f1.fq.gz,HRR1321191
HRR1321191_r2.fq.gz,HRR1321191
HRR1320950_f1.fq.gz,HRR1320950
HRR1320950_r2.fq.gz,HRR1320950
HRR1321192_f1.fq.gz,HRR1321192
HRR1321192_r2.fq.gz,HRR1321192
HRR1320951_f1.fq.gz,HRR1320951
HRR1320951_r2.fq.gz,HRR1320951
HRR1321193_f1.fq.gz,HRR1321193
HRR1321193_r2.fq.gz,HRR1321193
HRR1320952_f1.fq.gz,HRR1320952
HRR1320952_r2.fq.gz,HRR1320952
HRR1321194_f1.fq.gz,HRR1321194
HRR1321194_r2.fq.gz,HRR1321194
HRR1320953_f1.fq.gz,HRR1320953
HRR1320953_r2.fq.gz,HRR1320953
HRR1321195_f1.fq.gz,HRR1321195
HRR1321195_r2.fq.gz,HRR1321195
HRR1320954_f1.fq.gz,HRR1320954
HRR1320954_r2.fq.gz,HRR1320954
HRR1321196_f1.fq.gz,HRR1321196
HRR1321196_r2.fq.gz,HRR1321196
HRR1320955_f1.fq.gz,HRR1320955
HRR1320955_r2.fq.gz,HRR1320955
HRR1321197_f1.fq.gz,HRR1321197
HRR1321197_r2.fq.gz,HRR1321197
HRR1320956_f1.fq.gz,HRR1320956
HRR1320956_r2.fq.gz,HRR1320956
HRR1321198_f1.fq.gz,HRR1321198
HRR1321198_r2.fq.gz,HRR1321198
HRR1320957_f1.fq.gz,HRR1320957
HRR1320957_r2.fq.gz,HRR1320957
HRR1321199_f1.fq.gz,HRR1321199
HRR1321199_r2.fq.gz,HRR1321199
HRR1320958_f1.fq.gz,HRR1320958
HRR1320958_r2.fq.gz,HRR1320958
HRR1321200_f1.fq.gz,HRR1321200
HRR1321200_r2.fq.gz,HRR1321200
HRR1320959_f1.fq.gz,HRR1320959
HRR1320959_r2.fq.gz,HRR1320959
HRR1321201_f1.fq.gz,HRR1321201
HRR1321201_r2.fq.gz,HRR1321201
HRR1320960_f1.fq.gz,HRR1320960
HRR1320960_r2.fq.gz,HRR1320960
HRR1321202_f1.fq.gz,HRR1321202
HRR1321202_r2.fq.gz,HRR1321202
HRR1320961_f1.fq.gz,HRR1320961
HRR1320961_r2.fq.gz,HRR1320961
HRR1321203_f1.fq.gz,HRR1321203
HRR1321203_r2.fq.gz,HRR1321203
HRR1320962_f1.fq.gz,HRR1320962
HRR1320962_r2.fq.gz,HRR1320962
HRR1321204_f1.fq.gz,HRR1321204
HRR1321204_r2.fq.gz,HRR1321204
HRR1320963_f1.fq.gz,HRR1320963
HRR1320963_r2.fq.gz,HRR1320963
HRR1321205_f1.fq.gz,HRR1321205
HRR1321205_r2.fq.gz,HRR1321205
HRR1320964_f1.fq.gz,HRR1320964
HRR1320964_r2.fq.gz,HRR1320964
HRR1321206_f1.fq.gz,HRR1321206
HRR1321206_r2.fq.gz,HRR1321206
HRR1320965_f1.fq.gz,HRR1320965
HRR1320965_r2.fq.gz,HRR1320965
HRR1321207_f1.fq.gz,HRR1321207
HRR1321207_r2.fq.gz,HRR1321207
HRR1320966_f1.fq.gz,HRR1320966
HRR1320966_r2.fq.gz,HRR1320966
HRR1321208_f1.fq.gz,HRR1321208
HRR1321208_r2.fq.gz,HRR1321208
HRR1320967_f1.fq.gz,HRR1320967
HRR1320967_r2.fq.gz,HRR1320967
HRR1321209_f1.fq.gz,HRR1321209
HRR1321209_r2.fq.gz,HRR1321209
HRR1320968_f1.fq.gz,HRR1320968
HRR1320968_r2.fq.gz,HRR1320968
HRR1321210_f1.fq.gz,HRR1321210
HRR1321210_r2.fq.gz,HRR1321210
HRR1320969_f1.fq.gz,HRR1320969
HRR1320969_r2.fq.gz,HRR1320969
HRR1321211_f1.fq.gz,HRR1321211
HRR1321211_r2.fq.gz,HRR1321211
HRR1320970_f1.fq.gz,HRR1320970
HRR1320970_r2.fq.gz,HRR1320970
HRR1321212_f1.fq.gz,HRR1321212
HRR1321212_r2.fq.gz,HRR1321212
HRR1320971_f1.fq.gz,HRR1320971
HRR1320971_r2.fq.gz,HRR1320971
HRR1321213_f1.fq.gz,HRR1321213
HRR1321213_r2.fq.gz,HRR1321213
HRR1320972_f1.fq.gz,HRR1320972
HRR1320972_r2.fq.gz,HRR1320972
HRR1321214_f1.fq.gz,HRR1321214
HRR1321214_r2.fq.gz,HRR1321214
HRR1320973_f1.fq.gz,HRR1320973
HRR1320973_r2.fq.gz,HRR1320973
HRR1321215_f1.fq.gz,HRR1321215
HRR1321215_r2.fq.gz,HRR1321215
HRR1320974_f1.fq.gz,HRR1320974
HRR1320974_r2.fq.gz,HRR1320974
HRR1321216_f1.fq.gz,HRR1321216
HRR1321216_r2.fq.gz,HRR1321216
HRR1320975_f1.fq.gz,HRR1320975
HRR1320975_r2.fq.gz,HRR1320975
HRR1321217_f1.fq.gz,HRR1321217
HRR1321217_r2.fq.gz,HRR1321217
HRR1320976_f1.fq.gz,HRR1320976
HRR1320976_r2.fq.gz,HRR1320976
HRR1321218_f1.fq.gz,HRR1321218
HRR1321218_r2.fq.gz,HRR1321218
HRR1320977_f1.fq.gz,HRR1320977
HRR1320977_r2.fq.gz,HRR1320977
HRR1321219_f1.fq.gz,HRR1321219
HRR1321219_r2.fq.gz,HRR1321219
HRR1320978_f1.fq.gz,HRR1320978
HRR1320978_r2.fq.gz,HRR1320978
HRR1321220_f1.fq.gz,HRR1321220
HRR1321220_r2.fq.gz,HRR1321220
HRR1320979_f1.fq.gz,HRR1320979
HRR1320979_r2.fq.gz,HRR1320979
HRR1321221_f1.fq.gz,HRR1321221
HRR1321221_r2.fq.gz,HRR1321221
HRR1320980_f1.fq.gz,HRR1320980
HRR1320980_r2.fq.gz,HRR1320980
HRR1321222_f1.fq.gz,HRR1321222
HRR1321222_r2.fq.gz,HRR1321222
HRR1320981_f1.fq.gz,HRR1320981
HRR1320981_r2.fq.gz,HRR1320981
HRR1321223_f1.fq.gz,HRR1321223
HRR1321223_r2.fq.gz,HRR1321223
HRR1320982_f1.fq.gz,HRR1320982
HRR1320982_r2.fq.gz,HRR1320982
HRR1321224_f1.fq.gz,HRR1321224
HRR1321224_r2.fq.gz,HRR1321224
HRR1320983_f1.fq.gz,HRR1320983
HRR1320983_r2.fq.gz,HRR1320983
HRR1321225_f1.fq.gz,HRR1321225
HRR1321225_r2.fq.gz,HRR1321225
HRR1320984_f1.fq.gz,HRR1320984
HRR1320984_r2.fq.gz,HRR1320984
HRR1321226_f1.fq.gz,HRR1321226
HRR1321226_r2.fq.gz,HRR1321226
HRR1320985_f1.fq.gz,HRR1320985
HRR1320985_r2.fq.gz,HRR1320985
HRR1321227_f1.fq.gz,HRR1321227
HRR1321227_r2.fq.gz,HRR1321227
HRR1320986_f1.fq.gz,HRR1320986
HRR1320986_r2.fq.gz,HRR1320986
HRR1321228_f1.fq.gz,HRR1321228
HRR1321228_r2.fq.gz,HRR1321228
HRR1320987_f1.fq.gz,HRR1320987
HRR1320987_r2.fq.gz,HRR1320987
HRR1321229_f1.fq.gz,HRR1321229
HRR1321229_r2.fq.gz,HRR1321229
HRR1320988_f1.fq.gz,HRR1320988
HRR1320988_r2.fq.gz,HRR1320988
HRR1321230_f1.fq.gz,HRR1321230
HRR1321230_r2.fq.gz,HRR1321230
HRR1320989_f1.fq.gz,HRR1320989
HRR1320989_r2.fq.gz,HRR1320989
HRR1321231_f1.fq.gz,HRR1321231
HRR1321231_r2.fq.gz,HRR1321231
HRR1320990_f1.fq.gz,HRR1320990
HRR1320990_r2.fq.gz,HRR1320990
HRR1321232_f1.fq.gz,HRR1321232
HRR1321232_r2.fq.gz,HRR1321232
HRR1320991_f1.fq.gz,HRR1320991
HRR1320991_r2.fq.gz,HRR1320991
HRR1321233_f1.fq.gz,HRR1321233
HRR1321233_r2.fq.gz,HRR1321233
HRR1320992_f1.fq.gz,HRR1320992
HRR1320992_r2.fq.gz,HRR1320992
HRR1321234_f1.fq.gz,HRR1321234
HRR1321234_r2.fq.gz,HRR1321234
HRR1320993_f1.fq.gz,HRR1320993
HRR1320993_r2.fq.gz,HRR1320993
HRR1321235_f1.fq.gz,HRR1321235
HRR1321235_r2.fq.gz,HRR1321235
HRR1320994_f1.fq.gz,HRR1320994
HRR1320994_r2.fq.gz,HRR1320994
HRR1321236_f1.fq.gz,HRR1321236
HRR1321236_r2.fq.gz,HRR1321236
HRR1320995_f1.fq.gz,HRR1320995
HRR1320995_r2.fq.gz,HRR1320995
HRR1321237_f1.fq.gz,HRR1321237
HRR1321237_r2.fq.gz,HRR1321237
HRR1320996_f1.fq.gz,HRR1320996
HRR1320996_r2.fq.gz,HRR1320996
HRR1321238_f1.fq.gz,HRR1321238
HRR1321238_r2.fq.gz,HRR1321238
HRR1320997_f1.fq.gz,HRR1320997
HRR1320997_r2.fq.gz,HRR1320997
HRR1321239_f1.fq.gz,HRR1321239
HRR1321239_r2.fq.gz,HRR1321239
HRR1320998_f1.fq.gz,HRR1320998
HRR1320998_r2.fq.gz,HRR1320998
HRR1321240_f1.fq.gz,HRR1321240
HRR1321240_r2.fq.gz,HRR1321240
HRR1320999_f1.fq.gz,HRR1320999
HRR1320999_r2.fq.gz,HRR1320999
HRR1321241_f1.fq.gz,HRR1321241
HRR1321241_r2.fq.gz,HRR1321241
HRR1321000_f1.fq.gz,HRR1321000
HRR1321000_r2.fq.gz,HRR1321000
HRR1321242_f1.fq.gz,HRR1321242
HRR1321242_r2.fq.gz,HRR1321242
HRR1321001_f1.fq.gz,HRR1321001
HRR1321001_r2.fq.gz,HRR1321001
HRR1321243_f1.fq.gz,HRR1321243
HRR1321243_r2.fq.gz,HRR1321243
HRR1321002_f1.fq.gz,HRR1321002
HRR1321002_r2.fq.gz,HRR1321002
HRR1321244_f1.fq.gz,HRR1321244
HRR1321244_r2.fq.gz,HRR1321244
HRR1321003_f1.fq.gz,HRR1321003
HRR1321003_r2.fq.gz,HRR1321003
HRR1321245_f1.fq.gz,HRR1321245
HRR1321245_r2.fq.gz,HRR1321245
HRR1321004_f1.fq.gz,HRR1321004
HRR1321004_r2.fq.gz,HRR1321004
HRR1321246_f1.fq.gz,HRR1321246
HRR1321246_r2.fq.gz,HRR1321246
HRR1321005_f1.fq.gz,HRR1321005
HRR1321005_r2.fq.gz,HRR1321005
HRR1321247_f1.fq.gz,HRR1321247
HRR1321247_r2.fq.gz,HRR1321247
HRR1321006_f1.fq.gz,HRR1321006
HRR1321006_r2.fq.gz,HRR1321006
HRR1321248_f1.fq.gz,HRR1321248
HRR1321248_r2.fq.gz,HRR1321248
HRR1321007_f1.fq.gz,HRR1321007
HRR1321007_r2.fq.gz,HRR1321007
HRR1321249_f1.fq.gz,HRR1321249
HRR1321249_r2.fq.gz,HRR1321249
HRR1321008_f1.fq.gz,HRR1321008
HRR1321008_r2.fq.gz,HRR1321008
HRR1321250_f1.fq.gz,HRR1321250
HRR1321250_r2.fq.gz,HRR1321250
HRR1321009_f1.fq.gz,HRR1321009
HRR1321009_r2.fq.gz,HRR1321009
HRR1321251_f1.fq.gz,HRR1321251
HRR1321251_r2.fq.gz,HRR1321251
HRR1494221_f1.fastq.gz,HRR1494221
HRR1494221_r2.fastq.gz,HRR1494221
HRR1494222_f1.fastq.gz,HRR1494222
HRR1494222_r2.fastq.gz,HRR1494222
HRR1493845_f1.fastq.gz,HRR1493845
HRR1493845_r2.fastq.gz,HRR1493845
HRR1493846_f1.fastq.gz,HRR1493846
HRR1493846_r2.fastq.gz,HRR1493846
HRR1493847_f1.fastq.gz,HRR1493847
HRR1493847_r2.fastq.gz,HRR1493847
HRR1493848_f1.fastq.gz,HRR1493848
HRR1493848_r2.fastq.gz,HRR1493848
HRR1493849_f1.fastq.gz,HRR1493849
HRR1493849_r2.fastq.gz,HRR1493849
HRR1493850_f1.fastq.gz,HRR1493850
HRR1493850_r2.fastq.gz,HRR1493850
HRR1493851_f1.fastq.gz,HRR1493851
HRR1493851_r2.fastq.gz,HRR1493851
HRR1493852_f1.fastq.gz,HRR1493852
HRR1493852_r2.fastq.gz,HRR1493852
HRR1494223_f1.fastq.gz,HRR1494223
HRR1494223_r2.fastq.gz,HRR1494223
HRR1493853_f1.fastq.gz,HRR1493853
HRR1493853_r2.fastq.gz,HRR1493853
HRR1494224_f1.fastq.gz,HRR1494224
HRR1494224_r2.fastq.gz,HRR1494224
HRR1493854_f1.fastq.gz,HRR1493854
HRR1493854_r2.fastq.gz,HRR1493854
HRR1494225_f1.fastq.gz,HRR1494225
HRR1494225_r2.fastq.gz,HRR1494225
HRR1493855_f1.fastq.gz,HRR1493855
HRR1493855_r2.fastq.gz,HRR1493855
HRR1494226_f1.fastq.gz,HRR1494226
HRR1494226_r2.fastq.gz,HRR1494226
HRR1493856_f1.fastq.gz,HRR1493856
HRR1493856_r2.fastq.gz,HRR1493856
HRR1494227_f1.fastq.gz,HRR1494227
HRR1494227_r2.fastq.gz,HRR1494227
HRR1493857_f1.fastq.gz,HRR1493857
HRR1493857_r2.fastq.gz,HRR1493857
HRR1494228_f1.fastq.gz,HRR1494228
HRR1494228_r2.fastq.gz,HRR1494228
HRR1493861_f1.fastq.gz,HRR1493861
HRR1493861_r2.fastq.gz,HRR1493861
HRR1494229_f1.fastq.gz,HRR1494229
HRR1494229_r2.fastq.gz,HRR1494229
HRR1493860_f1.fastq.gz,HRR1493860
HRR1493860_r2.fastq.gz,HRR1493860
HRR1494230_f1.fastq.gz,HRR1494230
HRR1494230_r2.fastq.gz,HRR1494230
HRR1494231_f1.fastq.gz,HRR1494231
HRR1494231_r2.fastq.gz,HRR1494231
HRR1493858_f1.fastq.gz,HRR1493858
HRR1493858_r2.fastq.gz,HRR1493858
HRR1494232_f1.fastq.gz,HRR1494232
HRR1494232_r2.fastq.gz,HRR1494232
HRR1493859_f1.fastq.gz,HRR1493859
HRR1493859_r2.fastq.gz,HRR1493859
HRR1494233_f1.fastq.gz,HRR1494233
HRR1494233_r2.fastq.gz,HRR1494233
HRR1494234_f1.fastq.gz,HRR1494234
HRR1494234_r2.fastq.gz,HRR1494234
HRR1493862_f1.fastq.gz,HRR1493862
HRR1493862_r2.fastq.gz,HRR1493862
HRR1494235_f1.fastq.gz,HRR1494235
HRR1494235_r2.fastq.gz,HRR1494235
HRR1493863_f1.fastq.gz,HRR1493863
HRR1493863_r2.fastq.gz,HRR1493863
HRR1493864_f1.fastq.gz,HRR1493864
HRR1493864_r2.fastq.gz,HRR1493864
HRR1493865_f1.fastq.gz,HRR1493865
HRR1493865_r2.fastq.gz,HRR1493865
HRR1493866_f1.fastq.gz,HRR1493866
HRR1493866_r2.fastq.gz,HRR1493866
HRR1493867_f1.fastq.gz,HRR1493867
HRR1493867_r2.fastq.gz,HRR1493867
HRR1493868_f1.fastq.gz,HRR1493868
HRR1493868_r2.fastq.gz,HRR1493868
HRR1493869_f1.fastq.gz,HRR1493869
HRR1493869_r2.fastq.gz,HRR1493869
HRR1493870_f1.fastq.gz,HRR1493870
HRR1493870_r2.fastq.gz,HRR1493870
HRR1493871_f1.fastq.gz,HRR1493871
HRR1493871_r2.fastq.gz,HRR1493871
HRR1493872_f1.fastq.gz,HRR1493872
HRR1493872_r2.fastq.gz,HRR1493872
HRR1493874_f1.fastq.gz,HRR1493874
HRR1493874_r2.fastq.gz,HRR1493874
HRR1494236_f1.fastq.gz,HRR1494236
HRR1494236_r2.fastq.gz,HRR1494236
HRR1493877_f1.fastq.gz,HRR1493877
HRR1493877_r2.fastq.gz,HRR1493877
HRR1494237_f1.fastq.gz,HRR1494237
HRR1494237_r2.fastq.gz,HRR1494237
HRR1493875_f1.fastq.gz,HRR1493875
HRR1493875_r2.fastq.gz,HRR1493875
HRR1494238_f1.fastq.gz,HRR1494238
HRR1494238_r2.fastq.gz,HRR1494238
HRR1493878_f1.fastq.gz,HRR1493878
HRR1493878_r2.fastq.gz,HRR1493878
HRR1494239_f1.fastq.gz,HRR1494239
HRR1494239_r2.fastq.gz,HRR1494239
HRR1493873_f1.fastq.gz,HRR1493873
HRR1493873_r2.fastq.gz,HRR1493873
HRR1493876_f1.fastq.gz,HRR1493876
HRR1493876_r2.fastq.gz,HRR1493876
HRR1493879_f1.fastq.gz,HRR1493879
HRR1493879_r2.fastq.gz,HRR1493879
HRR1494240_f1.fastq.gz,HRR1494240
HRR1494240_r2.fastq.gz,HRR1494240
HRR1494241_f1.fastq.gz,HRR1494241
HRR1494241_r2.fastq.gz,HRR1494241
HRR1493882_f1.fastq.gz,HRR1493882
HRR1493882_r2.fastq.gz,HRR1493882
HRR1494242_f1.fastq.gz,HRR1494242
HRR1494242_r2.fastq.gz,HRR1494242
HRR1493883_f1.fastq.gz,HRR1493883
HRR1493883_r2.fastq.gz,HRR1493883
HRR1494243_f1.fastq.gz,HRR1494243
HRR1494243_r2.fastq.gz,HRR1494243
HRR1493880_f1.fastq.gz,HRR1493880
HRR1493880_r2.fastq.gz,HRR1493880
HRR1494244_f1.fastq.gz,HRR1494244
HRR1494244_r2.fastq.gz,HRR1494244
HRR1493881_f1.fastq.gz,HRR1493881
HRR1493881_r2.fastq.gz,HRR1493881
HRR1494245_f1.fastq.gz,HRR1494245
HRR1494245_r2.fastq.gz,HRR1494245
HRR1493886_f1.fastq.gz,HRR1493886
HRR1493886_r2.fastq.gz,HRR1493886
HRR1494246_f1.fastq.gz,HRR1494246
HRR1494246_r2.fastq.gz,HRR1494246
HRR1493887_f1.fastq.gz,HRR1493887
HRR1493887_r2.fastq.gz,HRR1493887
HRR1494247_f1.fastq.gz,HRR1494247
HRR1494247_r2.fastq.gz,HRR1494247
HRR1493884_f1.fastq.gz,HRR1493884
HRR1493884_r2.fastq.gz,HRR1493884
HRR1494248_f1.fastq.gz,HRR1494248
HRR1494248_r2.fastq.gz,HRR1494248
HRR1493885_f1.fastq.gz,HRR1493885
HRR1493885_r2.fastq.gz,HRR1493885
HRR1494249_f1.fastq.gz,HRR1494249
HRR1494249_r2.fastq.gz,HRR1494249
HRR1493888_f1.fastq.gz,HRR1493888
HRR1493888_r2.fastq.gz,HRR1493888
HRR1493889_f1.fastq.gz,HRR1493889
HRR1493889_r2.fastq.gz,HRR1493889
HRR1494250_f1.fastq.gz,HRR1494250
HRR1494250_r2.fastq.gz,HRR1494250
HRR1493890_f1.fastq.gz,HRR1493890
HRR1493890_r2.fastq.gz,HRR1493890
HRR1494251_f1.fastq.gz,HRR1494251
HRR1494251_r2.fastq.gz,HRR1494251
HRR1493891_f1.fastq.gz,HRR1493891
HRR1493891_r2.fastq.gz,HRR1493891
HRR1493894_f1.fastq.gz,HRR1493894
HRR1493894_r2.fastq.gz,HRR1493894
HRR1494252_f1.fastq.gz,HRR1494252
HRR1494252_r2.fastq.gz,HRR1494252
HRR1493895_f1.fastq.gz,HRR1493895
HRR1493895_r2.fastq.gz,HRR1493895
HRR1494253_f1.fastq.gz,HRR1494253
HRR1494253_r2.fastq.gz,HRR1494253
HRR1493898_f1.fastq.gz,HRR1493898
HRR1493898_r2.fastq.gz,HRR1493898
HRR1494254_f1.fastq.gz,HRR1494254
HRR1494254_r2.fastq.gz,HRR1494254
HRR1493892_f1.fastq.gz,HRR1493892
HRR1493892_r2.fastq.gz,HRR1493892
HRR1493893_f1.fastq.gz,HRR1493893
HRR1493893_r2.fastq.gz,HRR1493893
HRR1493896_f1.fastq.gz,HRR1493896
HRR1493896_r2.fastq.gz,HRR1493896
HRR1493897_f1.fastq.gz,HRR1493897
HRR1493897_r2.fastq.gz,HRR1493897
HRR1493899_f1.fastq.gz,HRR1493899
HRR1493899_r2.fastq.gz,HRR1493899
HRR1493900_f1.fastq.gz,HRR1493900
HRR1493900_r2.fastq.gz,HRR1493900
HRR1493901_f1.fastq.gz,HRR1493901
HRR1493901_r2.fastq.gz,HRR1493901
HRR1493902_f1.fastq.gz,HRR1493902
HRR1493902_r2.fastq.gz,HRR1493902
HRR1493903_f1.fastq.gz,HRR1493903
HRR1493903_r2.fastq.gz,HRR1493903
HRR1493905_f1.fastq.gz,HRR1493905
HRR1493905_r2.fastq.gz,HRR1493905
HRR1494255_f1.fastq.gz,HRR1494255
HRR1494255_r2.fastq.gz,HRR1494255
HRR1493906_f1.fastq.gz,HRR1493906
HRR1493906_r2.fastq.gz,HRR1493906
HRR1494256_f1.fastq.gz,HRR1494256
HRR1494256_r2.fastq.gz,HRR1494256
HRR1493907_f1.fastq.gz,HRR1493907
HRR1493907_r2.fastq.gz,HRR1493907
HRR1494257_f1.fastq.gz,HRR1494257
HRR1494257_r2.fastq.gz,HRR1494257
HRR1493908_f1.fastq.gz,HRR1493908
HRR1493908_r2.fastq.gz,HRR1493908
HRR1494258_f1.fastq.gz,HRR1494258
HRR1494258_r2.fastq.gz,HRR1494258
HRR1493909_f1.fastq.gz,HRR1493909
HRR1493909_r2.fastq.gz,HRR1493909
HRR1494259_f1.fastq.gz,HRR1494259
HRR1494259_r2.fastq.gz,HRR1494259
HRR1493910_f1.fastq.gz,HRR1493910
HRR1493910_r2.fastq.gz,HRR1493910
HRR1494260_f1.fastq.gz,HRR1494260
HRR1494260_r2.fastq.gz,HRR1494260
HRR1493904_f1.fastq.gz,HRR1493904
HRR1493904_r2.fastq.gz,HRR1493904
HRR1493912_f1.fastq.gz,HRR1493912
HRR1493912_r2.fastq.gz,HRR1493912
HRR1494261_f1.fastq.gz,HRR1494261
HRR1494261_r2.fastq.gz,HRR1494261
HRR1493913_f1.fastq.gz,HRR1493913
HRR1493913_r2.fastq.gz,HRR1493913
HRR1494262_f1.fastq.gz,HRR1494262
HRR1494262_r2.fastq.gz,HRR1494262
HRR1493914_f1.fastq.gz,HRR1493914
HRR1493914_r2.fastq.gz,HRR1493914
HRR1494263_f1.fastq.gz,HRR1494263
HRR1494263_r2.fastq.gz,HRR1494263
HRR1493915_f1.fastq.gz,HRR1493915
HRR1493915_r2.fastq.gz,HRR1493915
HRR1494264_f1.fastq.gz,HRR1494264
HRR1494264_r2.fastq.gz,HRR1494264
HRR1493916_f1.fastq.gz,HRR1493916
HRR1493916_r2.fastq.gz,HRR1493916
HRR1494265_f1.fastq.gz,HRR1494265
HRR1494265_r2.fastq.gz,HRR1494265
HRR1493917_f1.fastq.gz,HRR1493917
HRR1493917_r2.fastq.gz,HRR1493917
HRR1494266_f1.fastq.gz,HRR1494266
HRR1494266_r2.fastq.gz,HRR1494266
HRR1493911_f1.fastq.gz,HRR1493911
HRR1493911_r2.fastq.gz,HRR1493911
HRR1493919_f1.fastq.gz,HRR1493919
HRR1493919_r2.fastq.gz,HRR1493919
HRR1494267_f1.fastq.gz,HRR1494267
HRR1494267_r2.fastq.gz,HRR1494267
HRR1493920_f1.fastq.gz,HRR1493920
HRR1493920_r2.fastq.gz,HRR1493920
HRR1494268_f1.fastq.gz,HRR1494268
HRR1494268_r2.fastq.gz,HRR1494268
HRR1493921_f1.fastq.gz,HRR1493921
HRR1493921_r2.fastq.gz,HRR1493921
HRR1494269_f1.fastq.gz,HRR1494269
HRR1494269_r2.fastq.gz,HRR1494269
HRR1493922_f1.fastq.gz,HRR1493922
HRR1493922_r2.fastq.gz,HRR1493922
HRR1494270_f1.fastq.gz,HRR1494270
HRR1494270_r2.fastq.gz,HRR1494270
HRR1493923_f1.fastq.gz,HRR1493923
HRR1493923_r2.fastq.gz,HRR1493923
HRR1494271_f1.fastq.gz,HRR1494271
HRR1494271_r2.fastq.gz,HRR1494271
HRR1493924_f1.fastq.gz,HRR1493924
HRR1493924_r2.fastq.gz,HRR1493924
HRR1494272_f1.fastq.gz,HRR1494272
HRR1494272_r2.fastq.gz,HRR1494272
HRR1493918_f1.fastq.gz,HRR1493918
HRR1493918_r2.fastq.gz,HRR1493918
HRR1494273_f1.fastq.gz,HRR1494273
HRR1494273_r2.fastq.gz,HRR1494273
HRR1494274_f1.fastq.gz,HRR1494274
HRR1494274_r2.fastq.gz,HRR1494274
HRR1493926_f1.fastq.gz,HRR1493926
HRR1493926_r2.fastq.gz,HRR1493926
HRR1494275_f1.fastq.gz,HRR1494275
HRR1494275_r2.fastq.gz,HRR1494275
HRR1493927_f1.fastq.gz,HRR1493927
HRR1493927_r2.fastq.gz,HRR1493927
HRR1494276_f1.fastq.gz,HRR1494276
HRR1494276_r2.fastq.gz,HRR1494276
HRR1493928_f1.fastq.gz,HRR1493928
HRR1493928_r2.fastq.gz,HRR1493928
HRR1494277_f1.fastq.gz,HRR1494277
HRR1494277_r2.fastq.gz,HRR1494277
HRR1493929_f1.fastq.gz,HRR1493929
HRR1493929_r2.fastq.gz,HRR1493929
HRR1494278_f1.fastq.gz,HRR1494278
HRR1494278_r2.fastq.gz,HRR1494278
HRR1493930_f1.fastq.gz,HRR1493930
HRR1493930_r2.fastq.gz,HRR1493930
HRR1494279_f1.fastq.gz,HRR1494279
HRR1494279_r2.fastq.gz,HRR1494279
HRR1493931_f1.fastq.gz,HRR1493931
HRR1493931_r2.fastq.gz,HRR1493931
HRR1494280_f1.fastq.gz,HRR1494280
HRR1494280_r2.fastq.gz,HRR1494280
HRR1493932_f1.fastq.gz,HRR1493932
HRR1493932_r2.fastq.gz,HRR1493932
HRR1494281_f1.fastq.gz,HRR1494281
HRR1494281_r2.fastq.gz,HRR1494281
HRR1493933_f1.fastq.gz,HRR1493933
HRR1493933_r2.fastq.gz,HRR1493933
HRR1494282_f1.fastq.gz,HRR1494282
HRR1494282_r2.fastq.gz,HRR1494282
HRR1493925_f1.fastq.gz,HRR1493925
HRR1493925_r2.fastq.gz,HRR1493925
HRR1493935_f1.fastq.gz,HRR1493935
HRR1493935_r2.fastq.gz,HRR1493935
HRR1494283_f1.fastq.gz,HRR1494283
HRR1494283_r2.fastq.gz,HRR1494283
HRR1493936_f1.fastq.gz,HRR1493936
HRR1493936_r2.fastq.gz,HRR1493936
HRR1494284_f1.fastq.gz,HRR1494284
HRR1494284_r2.fastq.gz,HRR1494284
HRR1493937_f1.fastq.gz,HRR1493937
HRR1493937_r2.fastq.gz,HRR1493937
HRR1494285_f1.fastq.gz,HRR1494285
HRR1494285_r2.fastq.gz,HRR1494285
HRR1493938_f1.fastq.gz,HRR1493938
HRR1493938_r2.fastq.gz,HRR1493938
HRR1494286_f1.fastq.gz,HRR1494286
HRR1494286_r2.fastq.gz,HRR1494286
HRR1493939_f1.fastq.gz,HRR1493939
HRR1493939_r2.fastq.gz,HRR1493939
HRR1494287_f1.fastq.gz,HRR1494287
HRR1494287_r2.fastq.gz,HRR1494287
HRR1493940_f1.fastq.gz,HRR1493940
HRR1493940_r2.fastq.gz,HRR1493940
HRR1494288_f1.fastq.gz,HRR1494288
HRR1494288_r2.fastq.gz,HRR1494288
HRR1493934_f1.fastq.gz,HRR1493934
HRR1493934_r2.fastq.gz,HRR1493934
HRR1494289_f1.fastq.gz,HRR1494289
HRR1494289_r2.fastq.gz,HRR1494289
HRR1493942_f1.fastq.gz,HRR1493942
HRR1493942_r2.fastq.gz,HRR1493942
HRR1494290_f1.fastq.gz,HRR1494290
HRR1494290_r2.fastq.gz,HRR1494290
HRR1493943_f1.fastq.gz,HRR1493943
HRR1493943_r2.fastq.gz,HRR1493943
HRR1494291_f1.fastq.gz,HRR1494291
HRR1494291_r2.fastq.gz,HRR1494291
HRR1493941_f1.fastq.gz,HRR1493941
HRR1493941_r2.fastq.gz,HRR1493941
HRR1494292_f1.fastq.gz,HRR1494292
HRR1494292_r2.fastq.gz,HRR1494292
HRR1494293_f1.fastq.gz,HRR1494293
HRR1494293_r2.fastq.gz,HRR1494293
HRR1493945_f1.fastq.gz,HRR1493945
HRR1493945_r2.fastq.gz,HRR1493945
HRR1494294_f1.fastq.gz,HRR1494294
HRR1494294_r2.fastq.gz,HRR1494294
HRR1493946_f1.fastq.gz,HRR1493946
HRR1493946_r2.fastq.gz,HRR1493946
HRR1494295_f1.fastq.gz,HRR1494295
HRR1494295_r2.fastq.gz,HRR1494295
HRR1493947_f1.fastq.gz,HRR1493947
HRR1493947_r2.fastq.gz,HRR1493947
HRR1494296_f1.fastq.gz,HRR1494296
HRR1494296_r2.fastq.gz,HRR1494296
HRR1493948_f1.fastq.gz,HRR1493948
HRR1493948_r2.fastq.gz,HRR1493948
HRR1494297_f1.fastq.gz,HRR1494297
HRR1494297_r2.fastq.gz,HRR1494297
HRR1493944_f1.fastq.gz,HRR1493944
HRR1493944_r2.fastq.gz,HRR1493944
HRR1494298_f1.fastq.gz,HRR1494298
HRR1494298_r2.fastq.gz,HRR1494298
HRR1494299_f1.fastq.gz,HRR1494299
HRR1494299_r2.fastq.gz,HRR1494299
HRR1493950_f1.fastq.gz,HRR1493950
HRR1493950_r2.fastq.gz,HRR1493950
HRR1494300_f1.fastq.gz,HRR1494300
HRR1494300_r2.fastq.gz,HRR1494300
HRR1493951_f1.fastq.gz,HRR1493951
HRR1493951_r2.fastq.gz,HRR1493951
HRR1494301_f1.fastq.gz,HRR1494301
HRR1494301_r2.fastq.gz,HRR1494301
HRR1493952_f1.fastq.gz,HRR1493952
HRR1493952_r2.fastq.gz,HRR1493952
HRR1494302_f1.fastq.gz,HRR1494302
HRR1494302_r2.fastq.gz,HRR1494302
HRR1493953_f1.fastq.gz,HRR1493953
HRR1493953_r2.fastq.gz,HRR1493953
HRR1494303_f1.fastq.gz,HRR1494303
HRR1494303_r2.fastq.gz,HRR1494303
HRR1493954_f1.fastq.gz,HRR1493954
HRR1493954_r2.fastq.gz,HRR1493954
HRR1494304_f1.fastq.gz,HRR1494304
HRR1494304_r2.fastq.gz,HRR1494304
HRR1493955_f1.fastq.gz,HRR1493955
HRR1493955_r2.fastq.gz,HRR1493955
HRR1494305_f1.fastq.gz,HRR1494305
HRR1494305_r2.fastq.gz,HRR1494305
HRR1493949_f1.fastq.gz,HRR1493949
HRR1493949_r2.fastq.gz,HRR1493949
HRR1493960_f1.fastq.gz,HRR1493960
HRR1493960_r2.fastq.gz,HRR1493960
HRR1494306_f1.fastq.gz,HRR1494306
HRR1494306_r2.fastq.gz,HRR1494306
HRR1493958_f1.fastq.gz,HRR1493958
HRR1493958_r2.fastq.gz,HRR1493958
HRR1494307_f1.fastq.gz,HRR1494307
HRR1494307_r2.fastq.gz,HRR1494307
HRR1493961_f1.fastq.gz,HRR1493961
HRR1493961_r2.fastq.gz,HRR1493961
HRR1494308_f1.fastq.gz,HRR1494308
HRR1494308_r2.fastq.gz,HRR1494308
HRR1493956_f1.fastq.gz,HRR1493956
HRR1493956_r2.fastq.gz,HRR1493956
HRR1493957_f1.fastq.gz,HRR1493957
HRR1493957_r2.fastq.gz,HRR1493957
HRR1493959_f1.fastq.gz,HRR1493959
HRR1493959_r2.fastq.gz,HRR1493959
HRR1493962_f1.fastq.gz,HRR1493962
HRR1493962_r2.fastq.gz,HRR1493962
HRR1493964_f1.fastq.gz,HRR1493964
HRR1493964_r2.fastq.gz,HRR1493964
HRR1494309_f1.fastq.gz,HRR1494309
HRR1494309_r2.fastq.gz,HRR1494309
HRR1493965_f1.fastq.gz,HRR1493965
HRR1493965_r2.fastq.gz,HRR1493965
HRR1494310_f1.fastq.gz,HRR1494310
HRR1494310_r2.fastq.gz,HRR1494310
HRR1493967_f1.fastq.gz,HRR1493967
HRR1493967_r2.fastq.gz,HRR1493967
HRR1494311_f1.fastq.gz,HRR1494311
HRR1494311_r2.fastq.gz,HRR1494311
HRR1493968_f1.fastq.gz,HRR1493968
HRR1493968_r2.fastq.gz,HRR1493968
HRR1494312_f1.fastq.gz,HRR1494312
HRR1494312_r2.fastq.gz,HRR1494312
HRR1493963_f1.fastq.gz,HRR1493963
HRR1493963_r2.fastq.gz,HRR1493963
HRR1494313_f1.fastq.gz,HRR1494313
HRR1494313_r2.fastq.gz,HRR1494313
HRR1493966_f1.fastq.gz,HRR1493966
HRR1493966_r2.fastq.gz,HRR1493966
HRR1494314_f1.fastq.gz,HRR1494314
HRR1494314_r2.fastq.gz,HRR1494314
HRR1493969_f1.fastq.gz,HRR1493969
HRR1493969_r2.fastq.gz,HRR1493969
HRR1493970_f1.fastq.gz,HRR1493970
HRR1493970_r2.fastq.gz,HRR1493970
HRR1494315_f1.fastq.gz,HRR1494315
HRR1494315_r2.fastq.gz,HRR1494315
HRR1493971_f1.fastq.gz,HRR1493971
HRR1493971_r2.fastq.gz,HRR1493971
HRR1494316_f1.fastq.gz,HRR1494316
HRR1494316_r2.fastq.gz,HRR1494316
HRR1493972_f1.fastq.gz,HRR1493972
HRR1493972_r2.fastq.gz,HRR1493972
HRR1494317_f1.fastq.gz,HRR1494317
HRR1494317_r2.fastq.gz,HRR1494317
HRR1493973_f1.fastq.gz,HRR1493973
HRR1493973_r2.fastq.gz,HRR1493973
HRR1494318_f1.fastq.gz,HRR1494318
HRR1494318_r2.fastq.gz,HRR1494318
HRR1493974_f1.fastq.gz,HRR1493974
HRR1493974_r2.fastq.gz,HRR1493974
HRR1494319_f1.fastq.gz,HRR1494319
HRR1494319_r2.fastq.gz,HRR1494319
HRR1493975_f1.fastq.gz,HRR1493975
HRR1493975_r2.fastq.gz,HRR1493975
HRR1494320_f1.fastq.gz,HRR1494320
HRR1494320_r2.fastq.gz,HRR1494320
HRR1493976_f1.fastq.gz,HRR1493976
HRR1493976_r2.fastq.gz,HRR1493976
HRR1494321_f1.fastq.gz,HRR1494321
HRR1494321_r2.fastq.gz,HRR1494321
HRR1493977_f1.fastq.gz,HRR1493977
HRR1493977_r2.fastq.gz,HRR1493977
HRR1494322_f1.fastq.gz,HRR1494322
HRR1494322_r2.fastq.gz,HRR1494322
HRR1493978_f1.fastq.gz,HRR1493978
HRR1493978_r2.fastq.gz,HRR1493978
HRR1493979_f1.fastq.gz,HRR1493979
HRR1493979_r2.fastq.gz,HRR1493979
HRR1494323_f1.fastq.gz,HRR1494323
HRR1494323_r2.fastq.gz,HRR1494323
HRR1493980_f1.fastq.gz,HRR1493980
HRR1493980_r2.fastq.gz,HRR1493980
HRR1494324_f1.fastq.gz,HRR1494324
HRR1494324_r2.fastq.gz,HRR1494324
HRR1493981_f1.fastq.gz,HRR1493981
HRR1493981_r2.fastq.gz,HRR1493981
HRR1494325_f1.fastq.gz,HRR1494325
HRR1494325_r2.fastq.gz,HRR1494325
HRR1493982_f1.fastq.gz,HRR1493982
HRR1493982_r2.fastq.gz,HRR1493982
HRR1494326_f1.fastq.gz,HRR1494326
HRR1494326_r2.fastq.gz,HRR1494326
HRR1493983_f1.fastq.gz,HRR1493983
HRR1493983_r2.fastq.gz,HRR1493983
HRR1494327_f1.fastq.gz,HRR1494327
HRR1494327_r2.fastq.gz,HRR1494327
HRR1493984_f1.fastq.gz,HRR1493984
HRR1493984_r2.fastq.gz,HRR1493984
HRR1494328_f1.fastq.gz,HRR1494328
HRR1494328_r2.fastq.gz,HRR1494328
HRR1493985_f1.fastq.gz,HRR1493985
HRR1493985_r2.fastq.gz,HRR1493985
HRR1494329_f1.fastq.gz,HRR1494329
HRR1494329_r2.fastq.gz,HRR1494329
HRR1493986_f1.fastq.gz,HRR1493986
HRR1493986_r2.fastq.gz,HRR1493986
HRR1494330_f1.fastq.gz,HRR1494330
HRR1494330_r2.fastq.gz,HRR1494330
HRR1493987_f1.fastq.gz,HRR1493987
HRR1493987_r2.fastq.gz,HRR1493987
HRR1493988_f1.fastq.gz,HRR1493988
HRR1493988_r2.fastq.gz,HRR1493988
HRR1494331_f1.fastq.gz,HRR1494331
HRR1494331_r2.fastq.gz,HRR1494331
HRR1493989_f1.fastq.gz,HRR1493989
HRR1493989_r2.fastq.gz,HRR1493989
HRR1494332_f1.fastq.gz,HRR1494332
HRR1494332_r2.fastq.gz,HRR1494332
HRR1493991_f1.fastq.gz,HRR1493991
HRR1493991_r2.fastq.gz,HRR1493991
HRR1494333_f1.fastq.gz,HRR1494333
HRR1494333_r2.fastq.gz,HRR1494333
HRR1493992_f1.fastq.gz,HRR1493992
HRR1493992_r2.fastq.gz,HRR1493992
HRR1494334_f1.fastq.gz,HRR1494334
HRR1494334_r2.fastq.gz,HRR1494334
HRR1493993_f1.fastq.gz,HRR1493993
HRR1493993_r2.fastq.gz,HRR1493993
HRR1494335_f1.fastq.gz,HRR1494335
HRR1494335_r2.fastq.gz,HRR1494335
HRR1493990_f1.fastq.gz,HRR1493990
HRR1493990_r2.fastq.gz,HRR1493990
HRR1494336_f1.fastq.gz,HRR1494336
HRR1494336_r2.fastq.gz,HRR1494336
HRR1493994_f1.fastq.gz,HRR1493994
HRR1493994_r2.fastq.gz,HRR1493994
HRR1493995_f1.fastq.gz,HRR1493995
HRR1493995_r2.fastq.gz,HRR1493995
HRR1494337_f1.fastq.gz,HRR1494337
HRR1494337_r2.fastq.gz,HRR1494337
HRR1493996_f1.fastq.gz,HRR1493996
HRR1493996_r2.fastq.gz,HRR1493996
HRR1494338_f1.fastq.gz,HRR1494338
HRR1494338_r2.fastq.gz,HRR1494338
HRR1493997_f1.fastq.gz,HRR1493997
HRR1493997_r2.fastq.gz,HRR1493997
HRR1494339_f1.fastq.gz,HRR1494339
HRR1494339_r2.fastq.gz,HRR1494339
HRR1493998_f1.fastq.gz,HRR1493998
HRR1493998_r2.fastq.gz,HRR1493998
HRR1494340_f1.fastq.gz,HRR1494340
HRR1494340_r2.fastq.gz,HRR1494340
HRR1493999_f1.fastq.gz,HRR1493999
HRR1493999_r2.fastq.gz,HRR1493999
HRR1494341_f1.fastq.gz,HRR1494341
HRR1494341_r2.fastq.gz,HRR1494341
HRR1494000_f1.fastq.gz,HRR1494000
HRR1494000_r2.fastq.gz,HRR1494000
HRR1494342_f1.fastq.gz,HRR1494342
HRR1494342_r2.fastq.gz,HRR1494342
HRR1494001_f1.fastq.gz,HRR1494001
HRR1494001_r2.fastq.gz,HRR1494001
HRR1494002_f1.fastq.gz,HRR1494002
HRR1494002_r2.fastq.gz,HRR1494002
HRR1494343_f1.fastq.gz,HRR1494343
HRR1494343_r2.fastq.gz,HRR1494343
HRR1494004_f1.fastq.gz,HRR1494004
HRR1494004_r2.fastq.gz,HRR1494004
HRR1494344_f1.fastq.gz,HRR1494344
HRR1494344_r2.fastq.gz,HRR1494344
HRR1494003_f1.fastq.gz,HRR1494003
HRR1494003_r2.fastq.gz,HRR1494003
HRR1494345_f1.fastq.gz,HRR1494345
HRR1494345_r2.fastq.gz,HRR1494345
HRR1494005_f1.fastq.gz,HRR1494005
HRR1494005_r2.fastq.gz,HRR1494005
HRR1494346_f1.fastq.gz,HRR1494346
HRR1494346_r2.fastq.gz,HRR1494346
HRR1494006_f1.fastq.gz,HRR1494006
HRR1494006_r2.fastq.gz,HRR1494006
HRR1494347_f1.fastq.gz,HRR1494347
HRR1494347_r2.fastq.gz,HRR1494347
HRR1494348_f1.fastq.gz,HRR1494348
HRR1494348_r2.fastq.gz,HRR1494348
HRR1494007_f1.fastq.gz,HRR1494007
HRR1494007_r2.fastq.gz,HRR1494007
HRR1494349_f1.fastq.gz,HRR1494349
HRR1494349_r2.fastq.gz,HRR1494349
HRR1494008_f1.fastq.gz,HRR1494008
HRR1494008_r2.fastq.gz,HRR1494008
HRR1494350_f1.fastq.gz,HRR1494350
HRR1494350_r2.fastq.gz,HRR1494350
HRR1494009_f1.fastq.gz,HRR1494009
HRR1494009_r2.fastq.gz,HRR1494009
HRR1494351_f1.fastq.gz,HRR1494351
HRR1494351_r2.fastq.gz,HRR1494351
HRR1494010_f1.fastq.gz,HRR1494010
HRR1494010_r2.fastq.gz,HRR1494010
HRR1494352_f1.fastq.gz,HRR1494352
HRR1494352_r2.fastq.gz,HRR1494352
HRR1494011_f1.fastq.gz,HRR1494011
HRR1494011_r2.fastq.gz,HRR1494011
HRR1494353_f1.fastq.gz,HRR1494353
HRR1494353_r2.fastq.gz,HRR1494353
HRR1494012_f1.fastq.gz,HRR1494012
HRR1494012_r2.fastq.gz,HRR1494012
HRR1494354_f1.fastq.gz,HRR1494354
HRR1494354_r2.fastq.gz,HRR1494354
HRR1494013_f1.fastq.gz,HRR1494013
HRR1494013_r2.fastq.gz,HRR1494013
HRR1494355_f1.fastq.gz,HRR1494355
HRR1494355_r2.fastq.gz,HRR1494355
HRR1494014_f1.fastq.gz,HRR1494014
HRR1494014_r2.fastq.gz,HRR1494014
HRR1494356_f1.fastq.gz,HRR1494356
HRR1494356_r2.fastq.gz,HRR1494356
HRR1494015_f1.fastq.gz,HRR1494015
HRR1494015_r2.fastq.gz,HRR1494015
HRR1494357_f1.fastq.gz,HRR1494357
HRR1494357_r2.fastq.gz,HRR1494357
HRR1494016_f1.fastq.gz,HRR1494016
HRR1494016_r2.fastq.gz,HRR1494016
HRR1494358_f1.fastq.gz,HRR1494358
HRR1494358_r2.fastq.gz,HRR1494358
HRR1494017_f1.fastq.gz,HRR1494017
HRR1494017_r2.fastq.gz,HRR1494017
HRR1494359_f1.fastq.gz,HRR1494359
HRR1494359_r2.fastq.gz,HRR1494359
HRR1494360_f1.fastq.gz,HRR1494360
HRR1494360_r2.fastq.gz,HRR1494360
HRR1494018_f1.fastq.gz,HRR1494018
HRR1494018_r2.fastq.gz,HRR1494018
HRR1494361_f1.fastq.gz,HRR1494361
HRR1494361_r2.fastq.gz,HRR1494361
HRR1494019_f1.fastq.gz,HRR1494019
HRR1494019_r2.fastq.gz,HRR1494019
HRR1494362_f1.fastq.gz,HRR1494362
HRR1494362_r2.fastq.gz,HRR1494362
HRR1494020_f1.fastq.gz,HRR1494020
HRR1494020_r2.fastq.gz,HRR1494020
HRR1494363_f1.fastq.gz,HRR1494363
HRR1494363_r2.fastq.gz,HRR1494363
HRR1494021_f1.fastq.gz,HRR1494021
HRR1494021_r2.fastq.gz,HRR1494021
HRR1494364_f1.fastq.gz,HRR1494364
HRR1494364_r2.fastq.gz,HRR1494364
HRR1494022_f1.fastq.gz,HRR1494022
HRR1494022_r2.fastq.gz,HRR1494022
HRR1494365_f1.fastq.gz,HRR1494365
HRR1494365_r2.fastq.gz,HRR1494365
HRR1494023_f1.fastq.gz,HRR1494023
HRR1494023_r2.fastq.gz,HRR1494023
HRR1494366_f1.fastq.gz,HRR1494366
HRR1494366_r2.fastq.gz,HRR1494366
HRR1494024_f1.fastq.gz,HRR1494024
HRR1494024_r2.fastq.gz,HRR1494024
HRR1494367_f1.fastq.gz,HRR1494367
HRR1494367_r2.fastq.gz,HRR1494367
HRR1494025_f1.fastq.gz,HRR1494025
HRR1494025_r2.fastq.gz,HRR1494025
HRR1494368_f1.fastq.gz,HRR1494368
HRR1494368_r2.fastq.gz,HRR1494368
HRR1494026_f1.fastq.gz,HRR1494026
HRR1494026_r2.fastq.gz,HRR1494026
HRR1494369_f1.fastq.gz,HRR1494369
HRR1494369_r2.fastq.gz,HRR1494369
HRR1494027_f1.fastq.gz,HRR1494027
HRR1494027_r2.fastq.gz,HRR1494027
HRR1494370_f1.fastq.gz,HRR1494370
HRR1494370_r2.fastq.gz,HRR1494370
HRR1494028_f1.fastq.gz,HRR1494028
HRR1494028_r2.fastq.gz,HRR1494028
HRR1494371_f1.fastq.gz,HRR1494371
HRR1494371_r2.fastq.gz,HRR1494371
HRR1494372_f1.fastq.gz,HRR1494372
HRR1494372_r2.fastq.gz,HRR1494372
HRR1494029_f1.fastq.gz,HRR1494029
HRR1494029_r2.fastq.gz,HRR1494029
HRR1494373_f1.fastq.gz,HRR1494373
HRR1494373_r2.fastq.gz,HRR1494373
HRR1494030_f1.fastq.gz,HRR1494030
HRR1494030_r2.fastq.gz,HRR1494030
HRR1494374_f1.fastq.gz,HRR1494374
HRR1494374_r2.fastq.gz,HRR1494374
HRR1494031_f1.fastq.gz,HRR1494031
HRR1494031_r2.fastq.gz,HRR1494031
HRR1494375_f1.fastq.gz,HRR1494375
HRR1494375_r2.fastq.gz,HRR1494375
HRR1494032_f1.fastq.gz,HRR1494032
HRR1494032_r2.fastq.gz,HRR1494032
HRR1494376_f1.fastq.gz,HRR1494376
HRR1494376_r2.fastq.gz,HRR1494376
HRR1494033_f1.fastq.gz,HRR1494033
HRR1494033_r2.fastq.gz,HRR1494033
HRR1494377_f1.fastq.gz,HRR1494377
HRR1494377_r2.fastq.gz,HRR1494377
HRR1494034_f1.fastq.gz,HRR1494034
HRR1494034_r2.fastq.gz,HRR1494034
HRR1494378_f1.fastq.gz,HRR1494378
HRR1494378_r2.fastq.gz,HRR1494378
HRR1494035_f1.fastq.gz,HRR1494035
HRR1494035_r2.fastq.gz,HRR1494035
HRR1494036_f1.fastq.gz,HRR1494036
HRR1494036_r2.fastq.gz,HRR1494036
HRR1494379_f1.fastq.gz,HRR1494379
HRR1494379_r2.fastq.gz,HRR1494379
HRR1494039_f1.fastq.gz,HRR1494039
HRR1494039_r2.fastq.gz,HRR1494039
HRR1494380_f1.fastq.gz,HRR1494380
HRR1494380_r2.fastq.gz,HRR1494380
HRR1494041_f1.fastq.gz,HRR1494041
HRR1494041_r2.fastq.gz,HRR1494041
HRR1494381_f1.fastq.gz,HRR1494381
HRR1494381_r2.fastq.gz,HRR1494381
HRR1494044_f1.fastq.gz,HRR1494044
HRR1494044_r2.fastq.gz,HRR1494044
HRR1494382_f1.fastq.gz,HRR1494382
HRR1494382_r2.fastq.gz,HRR1494382
HRR1494037_f1.fastq.gz,HRR1494037
HRR1494037_r2.fastq.gz,HRR1494037
HRR1494038_f1.fastq.gz,HRR1494038
HRR1494038_r2.fastq.gz,HRR1494038
HRR1494040_f1.fastq.gz,HRR1494040
HRR1494040_r2.fastq.gz,HRR1494040
HRR1494042_f1.fastq.gz,HRR1494042
HRR1494042_r2.fastq.gz,HRR1494042
HRR1494043_f1.fastq.gz,HRR1494043
HRR1494043_r2.fastq.gz,HRR1494043
HRR1494383_f1.fastq.gz,HRR1494383
HRR1494383_r2.fastq.gz,HRR1494383
HRR1494045_f1.fastq.gz,HRR1494045
HRR1494045_r2.fastq.gz,HRR1494045
HRR1494384_f1.fastq.gz,HRR1494384
HRR1494384_r2.fastq.gz,HRR1494384
HRR1494046_f1.fastq.gz,HRR1494046
HRR1494046_r2.fastq.gz,HRR1494046
HRR1494047_f1.fastq.gz,HRR1494047
HRR1494047_r2.fastq.gz,HRR1494047
HRR1494048_f1.fastq.gz,HRR1494048
HRR1494048_r2.fastq.gz,HRR1494048
HRR1494049_f1.fastq.gz,HRR1494049
HRR1494049_r2.fastq.gz,HRR1494049
HRR1494050_f1.fastq.gz,HRR1494050
HRR1494050_r2.fastq.gz,HRR1494050
HRR1494051_f1.fastq.gz,HRR1494051
HRR1494051_r2.fastq.gz,HRR1494051
HRR1494052_f1.fastq.gz,HRR1494052
HRR1494052_r2.fastq.gz,HRR1494052
HRR1494053_f1.fastq.gz,HRR1494053
HRR1494053_r2.fastq.gz,HRR1494053
HRR1494054_f1.fastq.gz,HRR1494054
HRR1494054_r2.fastq.gz,HRR1494054
HRR1494055_f1.fastq.gz,HRR1494055
HRR1494055_r2.fastq.gz,HRR1494055
HRR1494056_f1.fastq.gz,HRR1494056
HRR1494056_r2.fastq.gz,HRR1494056
HRR1494057_f1.fastq.gz,HRR1494057
HRR1494057_r2.fastq.gz,HRR1494057
HRR1494058_f1.fastq.gz,HRR1494058
HRR1494058_r2.fastq.gz,HRR1494058
HRR1494059_f1.fastq.gz,HRR1494059
HRR1494059_r2.fastq.gz,HRR1494059
HRR1494060_f1.fastq.gz,HRR1494060
HRR1494060_r2.fastq.gz,HRR1494060
HRR1494385_f1.fastq.gz,HRR1494385
HRR1494385_r2.fastq.gz,HRR1494385
HRR1494386_f1.fastq.gz,HRR1494386
HRR1494386_r2.fastq.gz,HRR1494386
HRR1494061_f1.fastq.gz,HRR1494061
HRR1494061_r2.fastq.gz,HRR1494061
HRR1494387_f1.fastq.gz,HRR1494387
HRR1494387_r2.fastq.gz,HRR1494387
HRR1494062_f1.fastq.gz,HRR1494062
HRR1494062_r2.fastq.gz,HRR1494062
HRR1494388_f1.fastq.gz,HRR1494388
HRR1494388_r2.fastq.gz,HRR1494388
HRR1494063_f1.fastq.gz,HRR1494063
HRR1494063_r2.fastq.gz,HRR1494063
HRR1494389_f1.fastq.gz,HRR1494389
HRR1494389_r2.fastq.gz,HRR1494389
HRR1494064_f1.fastq.gz,HRR1494064
HRR1494064_r2.fastq.gz,HRR1494064
HRR1494390_f1.fastq.gz,HRR1494390
HRR1494390_r2.fastq.gz,HRR1494390
HRR1494065_f1.fastq.gz,HRR1494065
HRR1494065_r2.fastq.gz,HRR1494065
HRR1494391_f1.fastq.gz,HRR1494391
HRR1494391_r2.fastq.gz,HRR1494391
HRR1494066_f1.fastq.gz,HRR1494066
HRR1494066_r2.fastq.gz,HRR1494066
HRR1494392_f1.fastq.gz,HRR1494392
HRR1494392_r2.fastq.gz,HRR1494392
HRR1494067_f1.fastq.gz,HRR1494067
HRR1494067_r2.fastq.gz,HRR1494067
HRR1494393_f1.fastq.gz,HRR1494393
HRR1494393_r2.fastq.gz,HRR1494393
HRR1494068_f1.fastq.gz,HRR1494068
HRR1494068_r2.fastq.gz,HRR1494068
HRR1494394_f1.fastq.gz,HRR1494394
HRR1494394_r2.fastq.gz,HRR1494394
HRR1494395_f1.fastq.gz,HRR1494395
HRR1494395_r2.fastq.gz,HRR1494395
HRR1494070_f1.fastq.gz,HRR1494070
HRR1494070_r2.fastq.gz,HRR1494070
HRR1494396_f1.fastq.gz,HRR1494396
HRR1494396_r2.fastq.gz,HRR1494396
HRR1494071_f1.fastq.gz,HRR1494071
HRR1494071_r2.fastq.gz,HRR1494071
HRR1494397_f1.fastq.gz,HRR1494397
HRR1494397_r2.fastq.gz,HRR1494397
HRR1494072_f1.fastq.gz,HRR1494072
HRR1494072_r2.fastq.gz,HRR1494072
HRR1494398_f1.fastq.gz,HRR1494398
HRR1494398_r2.fastq.gz,HRR1494398
HRR1494073_f1.fastq.gz,HRR1494073
HRR1494073_r2.fastq.gz,HRR1494073
HRR1494399_f1.fastq.gz,HRR1494399
HRR1494399_r2.fastq.gz,HRR1494399
HRR1494069_f1.fastq.gz,HRR1494069
HRR1494069_r2.fastq.gz,HRR1494069
HRR1494400_f1.fastq.gz,HRR1494400
HRR1494400_r2.fastq.gz,HRR1494400
HRR1494401_f1.fastq.gz,HRR1494401
HRR1494401_r2.fastq.gz,HRR1494401
HRR1494075_f1.fastq.gz,HRR1494075
HRR1494075_r2.fastq.gz,HRR1494075
HRR1494402_f1.fastq.gz,HRR1494402
HRR1494402_r2.fastq.gz,HRR1494402
HRR1494076_f1.fastq.gz,HRR1494076
HRR1494076_r2.fastq.gz,HRR1494076
HRR1494403_f1.fastq.gz,HRR1494403
HRR1494403_r2.fastq.gz,HRR1494403
HRR1494077_f1.fastq.gz,HRR1494077
HRR1494077_r2.fastq.gz,HRR1494077
HRR1494404_f1.fastq.gz,HRR1494404
HRR1494404_r2.fastq.gz,HRR1494404
HRR1494078_f1.fastq.gz,HRR1494078
HRR1494078_r2.fastq.gz,HRR1494078
HRR1494405_f1.fastq.gz,HRR1494405
HRR1494405_r2.fastq.gz,HRR1494405
HRR1494079_f1.fastq.gz,HRR1494079
HRR1494079_r2.fastq.gz,HRR1494079
HRR1494406_f1.fastq.gz,HRR1494406
HRR1494406_r2.fastq.gz,HRR1494406
HRR1494080_f1.fastq.gz,HRR1494080
HRR1494080_r2.fastq.gz,HRR1494080
HRR1494407_f1.fastq.gz,HRR1494407
HRR1494407_r2.fastq.gz,HRR1494407
HRR1494074_f1.fastq.gz,HRR1494074
HRR1494074_r2.fastq.gz,HRR1494074
HRR1494082_f1.fastq.gz,HRR1494082
HRR1494082_r2.fastq.gz,HRR1494082
HRR1494408_f1.fastq.gz,HRR1494408
HRR1494408_r2.fastq.gz,HRR1494408
HRR1494083_f1.fastq.gz,HRR1494083
HRR1494083_r2.fastq.gz,HRR1494083
HRR1494409_f1.fastq.gz,HRR1494409
HRR1494409_r2.fastq.gz,HRR1494409
HRR1494081_f1.fastq.gz,HRR1494081
HRR1494081_r2.fastq.gz,HRR1494081
HRR1494084_f1.fastq.gz,HRR1494084
HRR1494084_r2.fastq.gz,HRR1494084
HRR1494085_f1.fastq.gz,HRR1494085
HRR1494085_r2.fastq.gz,HRR1494085
HRR1494086_f1.fastq.gz,HRR1494086
HRR1494086_r2.fastq.gz,HRR1494086
HRR1494087_f1.fastq.gz,HRR1494087
HRR1494087_r2.fastq.gz,HRR1494087
HRR1494088_f1.fastq.gz,HRR1494088
HRR1494088_r2.fastq.gz,HRR1494088
HRR1494410_f1.fastq.gz,HRR1494410
HRR1494410_r2.fastq.gz,HRR1494410
HRR1494411_f1.fastq.gz,HRR1494411
HRR1494411_r2.fastq.gz,HRR1494411
HRR1494412_f1.fastq.gz,HRR1494412
HRR1494412_r2.fastq.gz,HRR1494412
HRR1494413_f1.fastq.gz,HRR1494413
HRR1494413_r2.fastq.gz,HRR1494413
HRR1494414_f1.fastq.gz,HRR1494414
HRR1494414_r2.fastq.gz,HRR1494414
HRR1494415_f1.fastq.gz,HRR1494415
HRR1494415_r2.fastq.gz,HRR1494415
HRR1494416_f1.fastq.gz,HRR1494416
HRR1494416_r2.fastq.gz,HRR1494416
HRR1494417_f1.fastq.gz,HRR1494417
HRR1494417_r2.fastq.gz,HRR1494417
HRR1494418_f1.fastq.gz,HRR1494418
HRR1494418_r2.fastq.gz,HRR1494418
HRR1494419_f1.fastq.gz,HRR1494419
HRR1494419_r2.fastq.gz,HRR1494419
HRR1494089_f1.fastq.gz,HRR1494089
HRR1494089_r2.fastq.gz,HRR1494089
HRR1494420_f1.fastq.gz,HRR1494420
HRR1494420_r2.fastq.gz,HRR1494420
HRR1494091_f1.fastq.gz,HRR1494091
HRR1494091_r2.fastq.gz,HRR1494091
HRR1494421_f1.fastq.gz,HRR1494421
HRR1494421_r2.fastq.gz,HRR1494421
HRR1494090_f1.fastq.gz,HRR1494090
HRR1494090_r2.fastq.gz,HRR1494090
HRR1494422_f1.fastq.gz,HRR1494422
HRR1494422_r2.fastq.gz,HRR1494422
HRR1494092_f1.fastq.gz,HRR1494092
HRR1494092_r2.fastq.gz,HRR1494092
HRR1494423_f1.fastq.gz,HRR1494423
HRR1494423_r2.fastq.gz,HRR1494423
HRR1494093_f1.fastq.gz,HRR1494093
HRR1494093_r2.fastq.gz,HRR1494093
HRR1494424_f1.fastq.gz,HRR1494424
HRR1494424_r2.fastq.gz,HRR1494424
HRR1494425_f1.fastq.gz,HRR1494425
HRR1494425_r2.fastq.gz,HRR1494425
HRR1494426_f1.fastq.gz,HRR1494426
HRR1494426_r2.fastq.gz,HRR1494426
HRR1494427_f1.fastq.gz,HRR1494427
HRR1494427_r2.fastq.gz,HRR1494427
HRR1494428_f1.fastq.gz,HRR1494428
HRR1494428_r2.fastq.gz,HRR1494428
HRR1494429_f1.fastq.gz,HRR1494429
HRR1494429_r2.fastq.gz,HRR1494429
HRR1494430_f1.fastq.gz,HRR1494430
HRR1494430_r2.fastq.gz,HRR1494430
HRR1494431_f1.fastq.gz,HRR1494431
HRR1494431_r2.fastq.gz,HRR1494431
HRR1494432_f1.fastq.gz,HRR1494432
HRR1494432_r2.fastq.gz,HRR1494432
HRR1494433_f1.fastq.gz,HRR1494433
HRR1494433_r2.fastq.gz,HRR1494433
HRR1494434_f1.fastq.gz,HRR1494434
HRR1494434_r2.fastq.gz,HRR1494434
HRR1494435_f1.fastq.gz,HRR1494435
HRR1494435_r2.fastq.gz,HRR1494435
HRR1494436_f1.fastq.gz,HRR1494436
HRR1494436_r2.fastq.gz,HRR1494436
HRR1494437_f1.fastq.gz,HRR1494437
HRR1494437_r2.fastq.gz,HRR1494437
HRR1494438_f1.fastq.gz,HRR1494438
HRR1494438_r2.fastq.gz,HRR1494438
HRR1494439_f1.fastq.gz,HRR1494439
HRR1494439_r2.fastq.gz,HRR1494439
HRR1494440_f1.fastq.gz,HRR1494440
HRR1494440_r2.fastq.gz,HRR1494440
HRR1494441_f1.fastq.gz,HRR1494441
HRR1494441_r2.fastq.gz,HRR1494441
HRR1494442_f1.fastq.gz,HRR1494442
HRR1494442_r2.fastq.gz,HRR1494442
HRR1494443_f1.fastq.gz,HRR1494443
HRR1494443_r2.fastq.gz,HRR1494443
HRR1494444_f1.fastq.gz,HRR1494444
HRR1494444_r2.fastq.gz,HRR1494444
HRR1494445_f1.fastq.gz,HRR1494445
HRR1494445_r2.fastq.gz,HRR1494445
HRR1494446_f1.fastq.gz,HRR1494446
HRR1494446_r2.fastq.gz,HRR1494446
HRR1494094_f1.fastq.gz,HRR1494094
HRR1494094_r2.fastq.gz,HRR1494094
HRR1494447_f1.fastq.gz,HRR1494447
HRR1494447_r2.fastq.gz,HRR1494447
HRR1494095_f1.fastq.gz,HRR1494095
HRR1494095_r2.fastq.gz,HRR1494095
HRR1494448_f1.fastq.gz,HRR1494448
HRR1494448_r2.fastq.gz,HRR1494448
HRR1494096_f1.fastq.gz,HRR1494096
HRR1494096_r2.fastq.gz,HRR1494096
HRR1494449_f1.fastq.gz,HRR1494449
HRR1494449_r2.fastq.gz,HRR1494449
HRR1494097_f1.fastq.gz,HRR1494097
HRR1494097_r2.fastq.gz,HRR1494097
HRR1494450_f1.fastq.gz,HRR1494450
HRR1494450_r2.fastq.gz,HRR1494450
HRR1494098_f1.fastq.gz,HRR1494098
HRR1494098_r2.fastq.gz,HRR1494098
HRR1494451_f1.fastq.gz,HRR1494451
HRR1494451_r2.fastq.gz,HRR1494451
HRR1494099_f1.fastq.gz,HRR1494099
HRR1494099_r2.fastq.gz,HRR1494099
HRR1494452_f1.fastq.gz,HRR1494452
HRR1494452_r2.fastq.gz,HRR1494452
HRR1494100_f1.fastq.gz,HRR1494100
HRR1494100_r2.fastq.gz,HRR1494100
HRR1494453_f1.fastq.gz,HRR1494453
HRR1494453_r2.fastq.gz,HRR1494453
HRR1494454_f1.fastq.gz,HRR1494454
HRR1494454_r2.fastq.gz,HRR1494454
HRR1494455_f1.fastq.gz,HRR1494455
HRR1494455_r2.fastq.gz,HRR1494455
HRR1494101_f1.fastq.gz,HRR1494101
HRR1494101_r2.fastq.gz,HRR1494101
HRR1494456_f1.fastq.gz,HRR1494456
HRR1494456_r2.fastq.gz,HRR1494456
HRR1494102_f1.fastq.gz,HRR1494102
HRR1494102_r2.fastq.gz,HRR1494102
HRR1494457_f1.fastq.gz,HRR1494457
HRR1494457_r2.fastq.gz,HRR1494457
HRR1494103_f1.fastq.gz,HRR1494103
HRR1494103_r2.fastq.gz,HRR1494103
HRR1494458_f1.fastq.gz,HRR1494458
HRR1494458_r2.fastq.gz,HRR1494458
HRR1494104_f1.fastq.gz,HRR1494104
HRR1494104_r2.fastq.gz,HRR1494104
HRR1494459_f1.fastq.gz,HRR1494459
HRR1494459_r2.fastq.gz,HRR1494459
HRR1494460_f1.fastq.gz,HRR1494460
HRR1494460_r2.fastq.gz,HRR1494460
HRR1494461_f1.fastq.gz,HRR1494461
HRR1494461_r2.fastq.gz,HRR1494461
HRR1494462_f1.fastq.gz,HRR1494462
HRR1494462_r2.fastq.gz,HRR1494462
HRR1494463_f1.fastq.gz,HRR1494463
HRR1494463_r2.fastq.gz,HRR1494463
HRR1494464_f1.fastq.gz,HRR1494464
HRR1494464_r2.fastq.gz,HRR1494464
HRR1494465_f1.fastq.gz,HRR1494465
HRR1494465_r2.fastq.gz,HRR1494465
HRR1494466_f1.fastq.gz,HRR1494466
HRR1494466_r2.fastq.gz,HRR1494466
HRR1494467_f1.fastq.gz,HRR1494467
HRR1494467_r2.fastq.gz,HRR1494467
HRR1494468_f1.fastq.gz,HRR1494468
HRR1494468_r2.fastq.gz,HRR1494468
HRR1494469_f1.fastq.gz,HRR1494469
HRR1494469_r2.fastq.gz,HRR1494469
HRR1494470_f1.fastq.gz,HRR1494470
HRR1494470_r2.fastq.gz,HRR1494470
HRR1494105_f1.fastq.gz,HRR1494105
HRR1494105_r2.fastq.gz,HRR1494105
HRR1494471_f1.fastq.gz,HRR1494471
HRR1494471_r2.fastq.gz,HRR1494471
HRR1494106_f1.fastq.gz,HRR1494106
HRR1494106_r2.fastq.gz,HRR1494106
HRR1494472_f1.fastq.gz,HRR1494472
HRR1494472_r2.fastq.gz,HRR1494472
HRR1494107_f1.fastq.gz,HRR1494107
HRR1494107_r2.fastq.gz,HRR1494107
HRR1494473_f1.fastq.gz,HRR1494473
HRR1494473_r2.fastq.gz,HRR1494473
HRR1494108_f1.fastq.gz,HRR1494108
HRR1494108_r2.fastq.gz,HRR1494108
HRR1494474_f1.fastq.gz,HRR1494474
HRR1494474_r2.fastq.gz,HRR1494474
HRR1494475_f1.fastq.gz,HRR1494475
HRR1494475_r2.fastq.gz,HRR1494475
HRR1494476_f1.fastq.gz,HRR1494476
HRR1494476_r2.fastq.gz,HRR1494476
HRR1494109_f1.fastq.gz,HRR1494109
HRR1494109_r2.fastq.gz,HRR1494109
HRR1494477_f1.fastq.gz,HRR1494477
HRR1494477_r2.fastq.gz,HRR1494477
HRR1494110_f1.fastq.gz,HRR1494110
HRR1494110_r2.fastq.gz,HRR1494110
HRR1494478_f1.fastq.gz,HRR1494478
HRR1494478_r2.fastq.gz,HRR1494478
HRR1494111_f1.fastq.gz,HRR1494111
HRR1494111_r2.fastq.gz,HRR1494111
HRR1494479_f1.fastq.gz,HRR1494479
HRR1494479_r2.fastq.gz,HRR1494479
HRR1494112_f1.fastq.gz,HRR1494112
HRR1494112_r2.fastq.gz,HRR1494112
HRR1494480_f1.fastq.gz,HRR1494480
HRR1494480_r2.fastq.gz,HRR1494480
HRR1494113_f1.fastq.gz,HRR1494113
HRR1494113_r2.fastq.gz,HRR1494113
HRR1494481_f1.fastq.gz,HRR1494481
HRR1494481_r2.fastq.gz,HRR1494481
HRR1494114_f1.fastq.gz,HRR1494114
HRR1494114_r2.fastq.gz,HRR1494114
HRR1494482_f1.fastq.gz,HRR1494482
HRR1494482_r2.fastq.gz,HRR1494482
HRR1494115_f1.fastq.gz,HRR1494115
HRR1494115_r2.fastq.gz,HRR1494115
HRR1494483_f1.fastq.gz,HRR1494483
HRR1494483_r2.fastq.gz,HRR1494483
HRR1494116_f1.fastq.gz,HRR1494116
HRR1494116_r2.fastq.gz,HRR1494116
HRR1494484_f1.fastq.gz,HRR1494484
HRR1494484_r2.fastq.gz,HRR1494484
HRR1494117_f1.fastq.gz,HRR1494117
HRR1494117_r2.fastq.gz,HRR1494117
HRR1494485_f1.fastq.gz,HRR1494485
HRR1494485_r2.fastq.gz,HRR1494485
HRR1494118_f1.fastq.gz,HRR1494118
HRR1494118_r2.fastq.gz,HRR1494118
HRR1494486_f1.fastq.gz,HRR1494486
HRR1494486_r2.fastq.gz,HRR1494486
HRR1494487_f1.fastq.gz,HRR1494487
HRR1494487_r2.fastq.gz,HRR1494487
HRR1494488_f1.fastq.gz,HRR1494488
HRR1494488_r2.fastq.gz,HRR1494488
HRR1494489_f1.fastq.gz,HRR1494489
HRR1494489_r2.fastq.gz,HRR1494489
HRR1494490_f1.fastq.gz,HRR1494490
HRR1494490_r2.fastq.gz,HRR1494490
HRR1494491_f1.fastq.gz,HRR1494491
HRR1494491_r2.fastq.gz,HRR1494491
HRR1494492_f1.fastq.gz,HRR1494492
HRR1494492_r2.fastq.gz,HRR1494492
HRR1494493_f1.fastq.gz,HRR1494493
HRR1494493_r2.fastq.gz,HRR1494493
HRR1494494_f1.fastq.gz,HRR1494494
HRR1494494_r2.fastq.gz,HRR1494494
HRR1494495_f1.fastq.gz,HRR1494495
HRR1494495_r2.fastq.gz,HRR1494495
HRR1494496_f1.fastq.gz,HRR1494496
HRR1494496_r2.fastq.gz,HRR1494496
HRR1494497_f1.fastq.gz,HRR1494497
HRR1494497_r2.fastq.gz,HRR1494497
HRR1494498_f1.fastq.gz,HRR1494498
HRR1494498_r2.fastq.gz,HRR1494498
HRR1494499_f1.fastq.gz,HRR1494499
HRR1494499_r2.fastq.gz,HRR1494499
HRR1494500_f1.fastq.gz,HRR1494500
HRR1494500_r2.fastq.gz,HRR1494500
HRR1494501_f1.fastq.gz,HRR1494501
HRR1494501_r2.fastq.gz,HRR1494501
HRR1494502_f1.fastq.gz,HRR1494502
HRR1494502_r2.fastq.gz,HRR1494502
HRR1494503_f1.fastq.gz,HRR1494503
HRR1494503_r2.fastq.gz,HRR1494503
HRR1494504_f1.fastq.gz,HRR1494504
HRR1494504_r2.fastq.gz,HRR1494504
HRR1494505_f1.fastq.gz,HRR1494505
HRR1494505_r2.fastq.gz,HRR1494505
HRR1494506_f1.fastq.gz,HRR1494506
HRR1494506_r2.fastq.gz,HRR1494506
HRR1494507_f1.fastq.gz,HRR1494507
HRR1494507_r2.fastq.gz,HRR1494507
HRR1494508_f1.fastq.gz,HRR1494508
HRR1494508_r2.fastq.gz,HRR1494508
HRR1494509_f1.fastq.gz,HRR1494509
HRR1494509_r2.fastq.gz,HRR1494509
HRR1494119_f1.fastq.gz,HRR1494119
HRR1494119_r2.fastq.gz,HRR1494119
HRR1494510_f1.fastq.gz,HRR1494510
HRR1494510_r2.fastq.gz,HRR1494510
HRR1494120_f1.fastq.gz,HRR1494120
HRR1494120_r2.fastq.gz,HRR1494120
HRR1494511_f1.fastq.gz,HRR1494511
HRR1494511_r2.fastq.gz,HRR1494511
HRR1494121_f1.fastq.gz,HRR1494121
HRR1494121_r2.fastq.gz,HRR1494121
HRR1494512_f1.fastq.gz,HRR1494512
HRR1494512_r2.fastq.gz,HRR1494512
HRR1494122_f1.fastq.gz,HRR1494122
HRR1494122_r2.fastq.gz,HRR1494122
HRR1494513_f1.fastq.gz,HRR1494513
HRR1494513_r2.fastq.gz,HRR1494513
HRR1494514_f1.fastq.gz,HRR1494514
HRR1494514_r2.fastq.gz,HRR1494514
HRR1494515_f1.fastq.gz,HRR1494515
HRR1494515_r2.fastq.gz,HRR1494515
HRR1494123_f1.fastq.gz,HRR1494123
HRR1494123_r2.fastq.gz,HRR1494123
HRR1494516_f1.fastq.gz,HRR1494516
HRR1494516_r2.fastq.gz,HRR1494516
HRR1494124_f1.fastq.gz,HRR1494124
HRR1494124_r2.fastq.gz,HRR1494124
HRR1494517_f1.fastq.gz,HRR1494517
HRR1494517_r2.fastq.gz,HRR1494517
HRR1494125_f1.fastq.gz,HRR1494125
HRR1494125_r2.fastq.gz,HRR1494125
HRR1494518_f1.fastq.gz,HRR1494518
HRR1494518_r2.fastq.gz,HRR1494518
HRR1494126_f1.fastq.gz,HRR1494126
HRR1494126_r2.fastq.gz,HRR1494126
HRR1494519_f1.fastq.gz,HRR1494519
HRR1494519_r2.fastq.gz,HRR1494519
HRR1494520_f1.fastq.gz,HRR1494520
HRR1494520_r2.fastq.gz,HRR1494520
HRR1494521_f1.fastq.gz,HRR1494521
HRR1494521_r2.fastq.gz,HRR1494521
HRR1494127_f1.fastq.gz,HRR1494127
HRR1494127_r2.fastq.gz,HRR1494127
HRR1494522_f1.fastq.gz,HRR1494522
HRR1494522_r2.fastq.gz,HRR1494522
HRR1494128_f1.fastq.gz,HRR1494128
HRR1494128_r2.fastq.gz,HRR1494128
HRR1494523_f1.fastq.gz,HRR1494523
HRR1494523_r2.fastq.gz,HRR1494523
HRR1494129_f1.fastq.gz,HRR1494129
HRR1494129_r2.fastq.gz,HRR1494129
HRR1494524_f1.fastq.gz,HRR1494524
HRR1494524_r2.fastq.gz,HRR1494524
HRR1494130_f1.fastq.gz,HRR1494130
HRR1494130_r2.fastq.gz,HRR1494130
HRR1494525_f1.fastq.gz,HRR1494525
HRR1494525_r2.fastq.gz,HRR1494525
HRR1494526_f1.fastq.gz,HRR1494526
HRR1494526_r2.fastq.gz,HRR1494526
HRR1494527_f1.fastq.gz,HRR1494527
HRR1494527_r2.fastq.gz,HRR1494527
HRR1494131_f1.fastq.gz,HRR1494131
HRR1494131_r2.fastq.gz,HRR1494131
HRR1494132_f1.fastq.gz,HRR1494132
HRR1494132_r2.fastq.gz,HRR1494132
HRR1494133_f1.fastq.gz,HRR1494133
HRR1494133_r2.fastq.gz,HRR1494133
HRR1494134_f1.fastq.gz,HRR1494134
HRR1494134_r2.fastq.gz,HRR1494134
HRR1494528_f1.fastq.gz,HRR1494528
HRR1494528_r2.fastq.gz,HRR1494528
HRR1494529_f1.fastq.gz,HRR1494529
HRR1494529_r2.fastq.gz,HRR1494529
HRR1494135_f1.fastq.gz,HRR1494135
HRR1494135_r2.fastq.gz,HRR1494135
HRR1494136_f1.fastq.gz,HRR1494136
HRR1494136_r2.fastq.gz,HRR1494136
HRR1494137_f1.fastq.gz,HRR1494137
HRR1494137_r2.fastq.gz,HRR1494137
HRR1494138_f1.fastq.gz,HRR1494138
HRR1494138_r2.fastq.gz,HRR1494138
HRR1494139_f1.fastq.gz,HRR1494139
HRR1494139_r2.fastq.gz,HRR1494139
HRR1494140_f1.fastq.gz,HRR1494140
HRR1494140_r2.fastq.gz,HRR1494140
HRR1494141_f1.fastq.gz,HRR1494141
HRR1494141_r2.fastq.gz,HRR1494141
HRR1494142_f1.fastq.gz,HRR1494142
HRR1494142_r2.fastq.gz,HRR1494142
HRR1494143_f1.fastq.gz,HRR1494143
HRR1494143_r2.fastq.gz,HRR1494143
HRR1494530_f1.fastq.gz,HRR1494530
HRR1494530_r2.fastq.gz,HRR1494530
HRR1494144_f1.fastq.gz,HRR1494144
HRR1494144_r2.fastq.gz,HRR1494144
HRR1494145_f1.fastq.gz,HRR1494145
HRR1494145_r2.fastq.gz,HRR1494145
HRR1494146_f1.fastq.gz,HRR1494146
HRR1494146_r2.fastq.gz,HRR1494146
HRR1494147_f1.fastq.gz,HRR1494147
HRR1494147_r2.fastq.gz,HRR1494147
HRR1494531_f1.fastq.gz,HRR1494531
HRR1494531_r2.fastq.gz,HRR1494531
HRR1494149_f1.fastq.gz,HRR1494149
HRR1494149_r2.fastq.gz,HRR1494149
HRR1494532_f1.fastq.gz,HRR1494532
HRR1494532_r2.fastq.gz,HRR1494532
HRR1494150_f1.fastq.gz,HRR1494150
HRR1494150_r2.fastq.gz,HRR1494150
HRR1494533_f1.fastq.gz,HRR1494533
HRR1494533_r2.fastq.gz,HRR1494533
HRR1494151_f1.fastq.gz,HRR1494151
HRR1494151_r2.fastq.gz,HRR1494151
HRR1494534_f1.fastq.gz,HRR1494534
HRR1494534_r2.fastq.gz,HRR1494534
HRR1494148_f1.fastq.gz,HRR1494148
HRR1494148_r2.fastq.gz,HRR1494148
HRR1494535_f1.fastq.gz,HRR1494535
HRR1494535_r2.fastq.gz,HRR1494535
HRR1494153_f1.fastq.gz,HRR1494153
HRR1494153_r2.fastq.gz,HRR1494153
HRR1494536_f1.fastq.gz,HRR1494536
HRR1494536_r2.fastq.gz,HRR1494536
HRR1494152_f1.fastq.gz,HRR1494152
HRR1494152_r2.fastq.gz,HRR1494152
HRR1494155_f1.fastq.gz,HRR1494155
HRR1494155_r2.fastq.gz,HRR1494155
HRR1494537_f1.fastq.gz,HRR1494537
HRR1494537_r2.fastq.gz,HRR1494537
HRR1494154_f1.fastq.gz,HRR1494154
HRR1494154_r2.fastq.gz,HRR1494154
HRR1494157_f1.fastq.gz,HRR1494157
HRR1494157_r2.fastq.gz,HRR1494157
HRR1494538_f1.fastq.gz,HRR1494538
HRR1494538_r2.fastq.gz,HRR1494538
HRR1494156_f1.fastq.gz,HRR1494156
HRR1494156_r2.fastq.gz,HRR1494156
HRR1494158_f1.fastq.gz,HRR1494158
HRR1494158_r2.fastq.gz,HRR1494158
HRR1494539_f1.fastq.gz,HRR1494539
HRR1494539_r2.fastq.gz,HRR1494539
HRR1494159_f1.fastq.gz,HRR1494159
HRR1494159_r2.fastq.gz,HRR1494159
HRR1494160_f1.fastq.gz,HRR1494160
HRR1494160_r2.fastq.gz,HRR1494160
HRR1494540_f1.fastq.gz,HRR1494540
HRR1494540_r2.fastq.gz,HRR1494540
HRR1494161_f1.fastq.gz,HRR1494161
HRR1494161_r2.fastq.gz,HRR1494161
HRR1494162_f1.fastq.gz,HRR1494162
HRR1494162_r2.fastq.gz,HRR1494162
HRR1494541_f1.fastq.gz,HRR1494541
HRR1494541_r2.fastq.gz,HRR1494541
HRR1494163_f1.fastq.gz,HRR1494163
HRR1494163_r2.fastq.gz,HRR1494163
HRR1494165_f1.fastq.gz,HRR1494165
HRR1494165_r2.fastq.gz,HRR1494165
HRR1494542_f1.fastq.gz,HRR1494542
HRR1494542_r2.fastq.gz,HRR1494542
HRR1494164_f1.fastq.gz,HRR1494164
HRR1494164_r2.fastq.gz,HRR1494164
HRR1494166_f1.fastq.gz,HRR1494166
HRR1494166_r2.fastq.gz,HRR1494166
HRR1494543_f1.fastq.gz,HRR1494543
HRR1494543_r2.fastq.gz,HRR1494543
HRR1494167_f1.fastq.gz,HRR1494167
HRR1494167_r2.fastq.gz,HRR1494167
HRR1494168_f1.fastq.gz,HRR1494168
HRR1494168_r2.fastq.gz,HRR1494168
HRR1494544_f1.fastq.gz,HRR1494544
HRR1494544_r2.fastq.gz,HRR1494544
HRR1494169_f1.fastq.gz,HRR1494169
HRR1494169_r2.fastq.gz,HRR1494169
HRR1494170_f1.fastq.gz,HRR1494170
HRR1494170_r2.fastq.gz,HRR1494170
HRR1494545_f1.fastq.gz,HRR1494545
HRR1494545_r2.fastq.gz,HRR1494545
HRR1494171_f1.fastq.gz,HRR1494171
HRR1494171_r2.fastq.gz,HRR1494171
HRR1494172_f1.fastq.gz,HRR1494172
HRR1494172_r2.fastq.gz,HRR1494172
HRR1494546_f1.fastq.gz,HRR1494546
HRR1494546_r2.fastq.gz,HRR1494546
HRR1494173_f1.fastq.gz,HRR1494173
HRR1494173_r2.fastq.gz,HRR1494173
HRR1494175_f1.fastq.gz,HRR1494175
HRR1494175_r2.fastq.gz,HRR1494175
HRR1494547_f1.fastq.gz,HRR1494547
HRR1494547_r2.fastq.gz,HRR1494547
HRR1494174_f1.fastq.gz,HRR1494174
HRR1494174_r2.fastq.gz,HRR1494174
HRR1494176_f1.fastq.gz,HRR1494176
HRR1494176_r2.fastq.gz,HRR1494176
HRR1494548_f1.fastq.gz,HRR1494548
HRR1494548_r2.fastq.gz,HRR1494548
HRR1494177_f1.fastq.gz,HRR1494177
HRR1494177_r2.fastq.gz,HRR1494177
HRR1494179_f1.fastq.gz,HRR1494179
HRR1494179_r2.fastq.gz,HRR1494179
HRR1494549_f1.fastq.gz,HRR1494549
HRR1494549_r2.fastq.gz,HRR1494549
HRR1494180_f1.fastq.gz,HRR1494180
HRR1494180_r2.fastq.gz,HRR1494180
HRR1494550_f1.fastq.gz,HRR1494550
HRR1494550_r2.fastq.gz,HRR1494550
HRR1494181_f1.fastq.gz,HRR1494181
HRR1494181_r2.fastq.gz,HRR1494181
HRR1494551_f1.fastq.gz,HRR1494551
HRR1494551_r2.fastq.gz,HRR1494551
HRR1494178_f1.fastq.gz,HRR1494178
HRR1494178_r2.fastq.gz,HRR1494178
HRR1494183_f1.fastq.gz,HRR1494183
HRR1494183_r2.fastq.gz,HRR1494183
HRR1494552_f1.fastq.gz,HRR1494552
HRR1494552_r2.fastq.gz,HRR1494552
HRR1494184_f1.fastq.gz,HRR1494184
HRR1494184_r2.fastq.gz,HRR1494184
HRR1494553_f1.fastq.gz,HRR1494553
HRR1494553_r2.fastq.gz,HRR1494553
HRR1494185_f1.fastq.gz,HRR1494185
HRR1494185_r2.fastq.gz,HRR1494185
HRR1494554_f1.fastq.gz,HRR1494554
HRR1494554_r2.fastq.gz,HRR1494554
HRR1494182_f1.fastq.gz,HRR1494182
HRR1494182_r2.fastq.gz,HRR1494182
HRR1494186_f1.fastq.gz,HRR1494186
HRR1494186_r2.fastq.gz,HRR1494186
HRR1494555_f1.fastq.gz,HRR1494555
HRR1494555_r2.fastq.gz,HRR1494555
HRR1494187_f1.fastq.gz,HRR1494187
HRR1494187_r2.fastq.gz,HRR1494187
HRR1494556_f1.fastq.gz,HRR1494556
HRR1494556_r2.fastq.gz,HRR1494556
HRR1494188_f1.fastq.gz,HRR1494188
HRR1494188_r2.fastq.gz,HRR1494188
HRR1494557_f1.fastq.gz,HRR1494557
HRR1494557_r2.fastq.gz,HRR1494557
HRR1494190_f1.fastq.gz,HRR1494190
HRR1494190_r2.fastq.gz,HRR1494190
HRR1494558_f1.fastq.gz,HRR1494558
HRR1494558_r2.fastq.gz,HRR1494558
HRR1494191_f1.fastq.gz,HRR1494191
HRR1494191_r2.fastq.gz,HRR1494191
HRR1494559_f1.fastq.gz,HRR1494559
HRR1494559_r2.fastq.gz,HRR1494559
HRR1494192_f1.fastq.gz,HRR1494192
HRR1494192_r2.fastq.gz,HRR1494192
HRR1494560_f1.fastq.gz,HRR1494560
HRR1494560_r2.fastq.gz,HRR1494560
HRR1494189_f1.fastq.gz,HRR1494189
HRR1494189_r2.fastq.gz,HRR1494189
HRR1494194_f1.fastq.gz,HRR1494194
HRR1494194_r2.fastq.gz,HRR1494194
HRR1494561_f1.fastq.gz,HRR1494561
HRR1494561_r2.fastq.gz,HRR1494561
HRR1494195_f1.fastq.gz,HRR1494195
HRR1494195_r2.fastq.gz,HRR1494195
HRR1494562_f1.fastq.gz,HRR1494562
HRR1494562_r2.fastq.gz,HRR1494562
HRR1494196_f1.fastq.gz,HRR1494196
HRR1494196_r2.fastq.gz,HRR1494196
HRR1494563_f1.fastq.gz,HRR1494563
HRR1494563_r2.fastq.gz,HRR1494563
HRR1494193_f1.fastq.gz,HRR1494193
HRR1494193_r2.fastq.gz,HRR1494193
HRR1494197_f1.fastq.gz,HRR1494197
HRR1494197_r2.fastq.gz,HRR1494197
HRR1494564_f1.fastq.gz,HRR1494564
HRR1494564_r2.fastq.gz,HRR1494564
HRR1494198_f1.fastq.gz,HRR1494198
HRR1494198_r2.fastq.gz,HRR1494198
HRR1494199_f1.fastq.gz,HRR1494199
HRR1494199_r2.fastq.gz,HRR1494199
HRR1494565_f1.fastq.gz,HRR1494565
HRR1494565_r2.fastq.gz,HRR1494565
HRR1494200_f1.fastq.gz,HRR1494200
HRR1494200_r2.fastq.gz,HRR1494200
HRR1494201_f1.fastq.gz,HRR1494201
HRR1494201_r2.fastq.gz,HRR1494201
HRR1494566_f1.fastq.gz,HRR1494566
HRR1494566_r2.fastq.gz,HRR1494566
HRR1494202_f1.fastq.gz,HRR1494202
HRR1494202_r2.fastq.gz,HRR1494202
HRR1494204_f1.fastq.gz,HRR1494204
HRR1494204_r2.fastq.gz,HRR1494204
HRR1494567_f1.fastq.gz,HRR1494567
HRR1494567_r2.fastq.gz,HRR1494567
HRR1494203_f1.fastq.gz,HRR1494203
HRR1494203_r2.fastq.gz,HRR1494203
HRR1494205_f1.fastq.gz,HRR1494205
HRR1494205_r2.fastq.gz,HRR1494205
HRR1494568_f1.fastq.gz,HRR1494568
HRR1494568_r2.fastq.gz,HRR1494568
HRR1494206_f1.fastq.gz,HRR1494206
HRR1494206_r2.fastq.gz,HRR1494206
HRR1494569_f1.fastq.gz,HRR1494569
HRR1494569_r2.fastq.gz,HRR1494569
HRR1494207_f1.fastq.gz,HRR1494207
HRR1494207_r2.fastq.gz,HRR1494207
HRR1494570_f1.fastq.gz,HRR1494570
HRR1494570_r2.fastq.gz,HRR1494570
HRR1494208_f1.fastq.gz,HRR1494208
HRR1494208_r2.fastq.gz,HRR1494208
HRR1494571_f1.fastq.gz,HRR1494571
HRR1494571_r2.fastq.gz,HRR1494571
HRR1494209_f1.fastq.gz,HRR1494209
HRR1494209_r2.fastq.gz,HRR1494209
HRR1494210_f1.fastq.gz,HRR1494210
HRR1494210_r2.fastq.gz,HRR1494210
HRR1494572_f1.fastq.gz,HRR1494572
HRR1494572_r2.fastq.gz,HRR1494572
HRR1494573_f1.fastq.gz,HRR1494573
HRR1494573_r2.fastq.gz,HRR1494573
HRR1494574_f1.fastq.gz,HRR1494574
HRR1494574_r2.fastq.gz,HRR1494574
HRR1494575_f1.fastq.gz,HRR1494575
HRR1494575_r2.fastq.gz,HRR1494575
HRR1494576_f1.fastq.gz,HRR1494576
HRR1494576_r2.fastq.gz,HRR1494576
HRR1494577_f1.fastq.gz,HRR1494577
HRR1494577_r2.fastq.gz,HRR1494577
HRR1494578_f1.fastq.gz,HRR1494578
HRR1494578_r2.fastq.gz,HRR1494578
HRR1494579_f1.fastq.gz,HRR1494579
HRR1494579_r2.fastq.gz,HRR1494579
HRR1494580_f1.fastq.gz,HRR1494580
HRR1494580_r2.fastq.gz,HRR1494580
HRR1494581_f1.fastq.gz,HRR1494581
HRR1494581_r2.fastq.gz,HRR1494581
HRR1494582_f1.fastq.gz,HRR1494582
HRR1494582_r2.fastq.gz,HRR1494582
HRR1494583_f1.fastq.gz,HRR1494583
HRR1494583_r2.fastq.gz,HRR1494583
HRR1494584_f1.fastq.gz,HRR1494584
HRR1494584_r2.fastq.gz,HRR1494584
HRR1494585_f1.fastq.gz,HRR1494585
HRR1494585_r2.fastq.gz,HRR1494585
HRR1494586_f1.fastq.gz,HRR1494586
HRR1494586_r2.fastq.gz,HRR1494586
HRR1494587_f1.fastq.gz,HRR1494587
HRR1494587_r2.fastq.gz,HRR1494587
HRR1494588_f1.fastq.gz,HRR1494588
HRR1494588_r2.fastq.gz,HRR1494588
HRR1494589_f1.fastq.gz,HRR1494589
HRR1494589_r2.fastq.gz,HRR1494589
HRR1494590_f1.fastq.gz,HRR1494590
HRR1494590_r2.fastq.gz,HRR1494590
HRR1494591_f1.fastq.gz,HRR1494591
HRR1494591_r2.fastq.gz,HRR1494591
HRR1494592_f1.fastq.gz,HRR1494592
HRR1494592_r2.fastq.gz,HRR1494592
HRR1494593_f1.fastq.gz,HRR1494593
HRR1494593_r2.fastq.gz,HRR1494593
HRR1494594_f1.fastq.gz,HRR1494594
HRR1494594_r2.fastq.gz,HRR1494594
HRR1494595_f1.fastq.gz,HRR1494595
HRR1494595_r2.fastq.gz,HRR1494595
HRR1494596_f1.fastq.gz,HRR1494596
HRR1494596_r2.fastq.gz,HRR1494596
HRR1494597_f1.fastq.gz,HRR1494597
HRR1494597_r2.fastq.gz,HRR1494597
HRR1494598_f1.fastq.gz,HRR1494598
HRR1494598_r2.fastq.gz,HRR1494598
HRR1494211_f1.fastq.gz,HRR1494211
HRR1494211_r2.fastq.gz,HRR1494211
HRR1494599_f1.fastq.gz,HRR1494599
HRR1494599_r2.fastq.gz,HRR1494599
HRR1494600_f1.fastq.gz,HRR1494600
HRR1494600_r2.fastq.gz,HRR1494600
HRR1494212_f1.fastq.gz,HRR1494212
HRR1494212_r2.fastq.gz,HRR1494212
HRR1494213_f1.fastq.gz,HRR1494213
HRR1494213_r2.fastq.gz,HRR1494213
HRR1494601_f1.fastq.gz,HRR1494601
HRR1494601_r2.fastq.gz,HRR1494601
HRR1494214_f1.fastq.gz,HRR1494214
HRR1494214_r2.fastq.gz,HRR1494214
HRR1494602_f1.fastq.gz,HRR1494602
HRR1494602_r2.fastq.gz,HRR1494602
HRR1494215_f1.fastq.gz,HRR1494215
HRR1494215_r2.fastq.gz,HRR1494215
HRR1494216_f1.fastq.gz,HRR1494216
HRR1494216_r2.fastq.gz,HRR1494216
HRR1494217_f1.fastq.gz,HRR1494217
HRR1494217_r2.fastq.gz,HRR1494217
HRR1494603_f1.fastq.gz,HRR1494603
HRR1494603_r2.fastq.gz,HRR1494603
HRR1494604_f1.fastq.gz,HRR1494604
HRR1494604_r2.fastq.gz,HRR1494604
HRR1494218_f1.fastq.gz,HRR1494218
HRR1494218_r2.fastq.gz,HRR1494218
HRR1494605_f1.fastq.gz,HRR1494605
HRR1494605_r2.fastq.gz,HRR1494605
HRR1494606_f1.fastq.gz,HRR1494606
HRR1494606_r2.fastq.gz,HRR1494606
HRR1494607_f1.fastq.gz,HRR1494607
HRR1494607_r2.fastq.gz,HRR1494607
HRR1494219_f1.fastq.gz,HRR1494219
HRR1494219_r2.fastq.gz,HRR1494219
HRR1494220_f1.fastq.gz,HRR1494220
HRR1494220_r2.fastq.gz,HRR1494220
HRR1725013_f1.fastq.gz,HRR1725013
HRR1725013_r2.fastq.gz,HRR1725013
HRR1725014_f1.fastq.gz,HRR1725014
HRR1725014_r2.fastq.gz,HRR1725014
HRR1725015_f1.fastq.gz,HRR1725015
HRR1725015_r2.fastq.gz,HRR1725015
HRR1725016_f1.fastq.gz,HRR1725016
HRR1725016_r2.fastq.gz,HRR1725016
HRR1725017_f1.fastq.gz,HRR1725017
HRR1725017_r2.fastq.gz,HRR1725017
HRR1725018_f1.fastq.gz,HRR1725018
HRR1725018_r2.fastq.gz,HRR1725018
HRR1725019_f1.fastq.gz,HRR1725019
HRR1725019_r2.fastq.gz,HRR1725019
HRR1725020_f1.fastq.gz,HRR1725020
HRR1725020_r2.fastq.gz,HRR1725020
HRR1725021_f1.fastq.gz,HRR1725021
HRR1725021_r2.fastq.gz,HRR1725021
HRR1725022_f1.fastq.gz,HRR1725022
HRR1725022_r2.fastq.gz,HRR1725022
HRR1725023_f1.fastq.gz,HRR1725023
HRR1725023_r2.fastq.gz,HRR1725023
HRR1725024_f1.fastq.gz,HRR1725024
HRR1725024_r2.fastq.gz,HRR1725024
HRR1725025_f1.fastq.gz,HRR1725025
HRR1725025_r2.fastq.gz,HRR1725025
HRR1725026_f1.fastq.gz,HRR1725026
HRR1725026_r2.fastq.gz,HRR1725026
HRR1725027_f1.fastq.gz,HRR1725027
HRR1725027_r2.fastq.gz,HRR1725027
HRR1725028_f1.fastq.gz,HRR1725028
HRR1725028_r2.fastq.gz,HRR1725028
HRR1725029_f1.fastq.gz,HRR1725029
HRR1725029_r2.fastq.gz,HRR1725029
HRR1725030_f1.fastq.gz,HRR1725030
HRR1725030_r2.fastq.gz,HRR1725030
HRR1725031_f1.fastq.gz,HRR1725031
HRR1725031_r2.fastq.gz,HRR1725031
HRR1725032_f1.fastq.gz,HRR1725032
HRR1725032_r2.fastq.gz,HRR1725032
HRR1725033_f1.fastq.gz,HRR1725033
HRR1725033_r2.fastq.gz,HRR1725033
HRR1725034_f1.fastq.gz,HRR1725034
HRR1725034_r2.fastq.gz,HRR1725034
HRR1725035_f1.fastq.gz,HRR1725035
HRR1725035_r2.fastq.gz,HRR1725035
HRR1725036_f1.fastq.gz,HRR1725036
HRR1725036_r2.fastq.gz,HRR1725036
HRR1725037_f1.fastq.gz,HRR1725037
HRR1725037_r2.fastq.gz,HRR1725037
HRR1725038_f1.fastq.gz,HRR1725038
HRR1725038_r2.fastq.gz,HRR1725038
HRR1725039_f1.fastq.gz,HRR1725039
HRR1725039_r2.fastq.gz,HRR1725039
HRR1725040_f1.fastq.gz,HRR1725040
HRR1725040_r2.fastq.gz,HRR1725040
HRR1725041_f1.fastq.gz,HRR1725041
HRR1725041_r2.fastq.gz,HRR1725041
HRR1725042_f1.fastq.gz,HRR1725042
HRR1725042_r2.fastq.gz,HRR1725042
HRR1725043_f1.fastq.gz,HRR1725043
HRR1725043_r2.fastq.gz,HRR1725043
HRR1725044_f1.fastq.gz,HRR1725044
HRR1725044_r2.fastq.gz,HRR1725044
HRR1725045_f1.fastq.gz,HRR1725045
HRR1725045_r2.fastq.gz,HRR1725045
HRR1725046_f1.fastq.gz,HRR1725046
HRR1725046_r2.fastq.gz,HRR1725046
HRR1725047_f1.fastq.gz,HRR1725047
HRR1725047_r2.fastq.gz,HRR1725047
HRR1725048_f1.fastq.gz,HRR1725048
HRR1725048_r2.fastq.gz,HRR1725048
HRR1725049_f1.fastq.gz,HRR1725049
HRR1725049_r2.fastq.gz,HRR1725049
HRR1725050_f1.fastq.gz,HRR1725050
HRR1725050_r2.fastq.gz,HRR1725050
HRR1725051_f1.fastq.gz,HRR1725051
HRR1725051_r2.fastq.gz,HRR1725051
HRR1725052_f1.fastq.gz,HRR1725052
HRR1725052_r2.fastq.gz,HRR1725052
HRR1725053_f1.fastq.gz,HRR1725053
HRR1725053_r2.fastq.gz,HRR1725053
HRR1725054_f1.fastq.gz,HRR1725054
HRR1725054_r2.fastq.gz,HRR1725054
HRR1725055_f1.fastq.gz,HRR1725055
HRR1725055_r2.fastq.gz,HRR1725055
HRR1725056_f1.fastq.gz,HRR1725056
HRR1725056_r2.fastq.gz,HRR1725056
HRR1725057_f1.fastq.gz,HRR1725057
HRR1725057_r2.fastq.gz,HRR1725057
HRR1725058_f1.fastq.gz,HRR1725058
HRR1725058_r2.fastq.gz,HRR1725058
HRR1725059_f1.fastq.gz,HRR1725059
HRR1725059_r2.fastq.gz,HRR1725059
HRR1725060_f1.fastq.gz,HRR1725060
HRR1725060_r2.fastq.gz,HRR1725060
HRR1725061_f1.fastq.gz,HRR1725061
HRR1725061_r2.fastq.gz,HRR1725061
HRR1725062_f1.fastq.gz,HRR1725062
HRR1725062_r2.fastq.gz,HRR1725062
HRR1725063_f1.fastq.gz,HRR1725063
HRR1725063_r2.fastq.gz,HRR1725063
HRR1725064_f1.fastq.gz,HRR1725064
HRR1725064_r2.fastq.gz,HRR1725064
HRR1725065_f1.fastq.gz,HRR1725065
HRR1725065_r2.fastq.gz,HRR1725065
HRR1725066_f1.fastq.gz,HRR1725066
HRR1725066_r2.fastq.gz,HRR1725066
HRR1725067_f1.fastq.gz,HRR1725067
HRR1725067_r2.fastq.gz,HRR1725067
HRR1725068_f1.fastq.gz,HRR1725068
HRR1725068_r2.fastq.gz,HRR1725068
HRR1725069_f1.fastq.gz,HRR1725069
HRR1725069_r2.fastq.gz,HRR1725069
HRR1725070_f1.fastq.gz,HRR1725070
HRR1725070_r2.fastq.gz,HRR1725070
HRR1725071_f1.fastq.gz,HRR1725071
HRR1725071_r2.fastq.gz,HRR1725071
HRR1725072_f1.fastq.gz,HRR1725072
HRR1725072_r2.fastq.gz,HRR1725072
HRR1725073_f1.fastq.gz,HRR1725073
HRR1725073_r2.fastq.gz,HRR1725073
HRR1725074_f1.fastq.gz,HRR1725074
HRR1725074_r2.fastq.gz,HRR1725074
HRR1725075_f1.fastq.gz,HRR1725075
HRR1725075_r2.fastq.gz,HRR1725075
HRR1725076_f1.fastq.gz,HRR1725076
HRR1725076_r2.fastq.gz,HRR1725076
HRR1725077_f1.fastq.gz,HRR1725077
HRR1725077_r2.fastq.gz,HRR1725077
HRR1725078_f1.fastq.gz,HRR1725078
HRR1725078_r2.fastq.gz,HRR1725078
HRR1725079_f1.fastq.gz,HRR1725079
HRR1725079_r2.fastq.gz,HRR1725079
HRR1725080_f1.fastq.gz,HRR1725080
HRR1725080_r2.fastq.gz,HRR1725080
HRR1725000_f1.fastq.gz,HRR1725000
HRR1725000_r2.fastq.gz,HRR1725000
HRR1725001_f1.fastq.gz,HRR1725001
HRR1725001_r2.fastq.gz,HRR1725001
HRR1725002_f1.fastq.gz,HRR1725002
HRR1725002_r2.fastq.gz,HRR1725002
HRR1725003_f1.fastq.gz,HRR1725003
HRR1725003_r2.fastq.gz,HRR1725003
HRR1725004_f1.fastq.gz,HRR1725004
HRR1725004_r2.fastq.gz,HRR1725004
HRR1725005_f1.fastq.gz,HRR1725005
HRR1725005_r2.fastq.gz,HRR1725005
HRR1725006_f1.fastq.gz,HRR1725006
HRR1725006_r2.fastq.gz,HRR1725006
HRR1725007_f1.fastq.gz,HRR1725007
HRR1725007_r2.fastq.gz,HRR1725007
HRR1725008_f1.fastq.gz,HRR1725008
HRR1725008_r2.fastq.gz,HRR1725008
HRR1725009_f1.fastq.gz,HRR1725009
HRR1725009_r2.fastq.gz,HRR1725009
HRR1725010_f1.fastq.gz,HRR1725010
HRR1725010_r2.fastq.gz,HRR1725010
HRR1725011_f1.fastq.gz,HRR1725011
HRR1725011_r2.fastq.gz,HRR1725011
HRR1725012_f1.fastq.gz,HRR1725012
HRR1725012_r2.fastq.gz,HRR1725012
HRR1725114_f1.fastq.gz,HRR1725114
HRR1725114_r2.fastq.gz,HRR1725114
HRR1725115_f1.fastq.gz,HRR1725115
HRR1725115_r2.fastq.gz,HRR1725115
HRR1725116_f1.fastq.gz,HRR1725116
HRR1725116_r2.fastq.gz,HRR1725116
HRR1725117_f1.fastq.gz,HRR1725117
HRR1725117_r2.fastq.gz,HRR1725117
HRR1725118_f1.fastq.gz,HRR1725118
HRR1725118_r2.fastq.gz,HRR1725118
HRR1725119_f1.fastq.gz,HRR1725119
HRR1725119_r2.fastq.gz,HRR1725119
HRR1725120_f1.fastq.gz,HRR1725120
HRR1725120_r2.fastq.gz,HRR1725120
HRR1725121_f1.fastq.gz,HRR1725121
HRR1725121_r2.fastq.gz,HRR1725121
HRR1725122_f1.fastq.gz,HRR1725122
HRR1725122_r2.fastq.gz,HRR1725122
HRR1725123_f1.fastq.gz,HRR1725123
HRR1725123_r2.fastq.gz,HRR1725123
HRR1725124_f1.fastq.gz,HRR1725124
HRR1725124_r2.fastq.gz,HRR1725124
HRR1725125_f1.fastq.gz,HRR1725125
HRR1725125_r2.fastq.gz,HRR1725125
HRR1725126_f1.fastq.gz,HRR1725126
HRR1725126_r2.fastq.gz,HRR1725126
HRR1725127_f1.fastq.gz,HRR1725127
HRR1725127_r2.fastq.gz,HRR1725127
HRR1725128_f1.fastq.gz,HRR1725128
HRR1725128_r2.fastq.gz,HRR1725128
HRR1725129_f1.fastq.gz,HRR1725129
HRR1725129_r2.fastq.gz,HRR1725129
HRR1725130_f1.fastq.gz,HRR1725130
HRR1725130_r2.fastq.gz,HRR1725130
HRR1725131_f1.fastq.gz,HRR1725131
HRR1725131_r2.fastq.gz,HRR1725131
HRR1725132_f1.fastq.gz,HRR1725132
HRR1725132_r2.fastq.gz,HRR1725132
HRR1725133_f1.fastq.gz,HRR1725133
HRR1725133_r2.fastq.gz,HRR1725133
HRR1725134_f1.fastq.gz,HRR1725134
HRR1725134_r2.fastq.gz,HRR1725134
HRR1725135_f1.fastq.gz,HRR1725135
HRR1725135_r2.fastq.gz,HRR1725135
HRR1725136_f1.fastq.gz,HRR1725136
HRR1725136_r2.fastq.gz,HRR1725136
HRR1725137_f1.fastq.gz,HRR1725137
HRR1725137_r2.fastq.gz,HRR1725137
HRR1725138_f1.fastq.gz,HRR1725138
HRR1725138_r2.fastq.gz,HRR1725138
HRR1725139_f1.fastq.gz,HRR1725139
HRR1725139_r2.fastq.gz,HRR1725139
HRR1725140_f1.fastq.gz,HRR1725140
HRR1725140_r2.fastq.gz,HRR1725140
HRR1725141_f1.fastq.gz,HRR1725141
HRR1725141_r2.fastq.gz,HRR1725141
HRR1725142_f1.fastq.gz,HRR1725142
HRR1725142_r2.fastq.gz,HRR1725142
HRR1725143_f1.fastq.gz,HRR1725143
HRR1725143_r2.fastq.gz,HRR1725143
HRR1725144_f1.fastq.gz,HRR1725144
HRR1725144_r2.fastq.gz,HRR1725144
HRR1725145_f1.fastq.gz,HRR1725145
HRR1725145_r2.fastq.gz,HRR1725145
HRR1725146_f1.fastq.gz,HRR1725146
HRR1725146_r2.fastq.gz,HRR1725146
HRR1725147_f1.fastq.gz,HRR1725147
HRR1725147_r2.fastq.gz,HRR1725147
HRR1725148_f1.fastq.gz,HRR1725148
HRR1725148_r2.fastq.gz,HRR1725148
HRR1725149_f1.fastq.gz,HRR1725149
HRR1725149_r2.fastq.gz,HRR1725149
HRR1725150_f1.fastq.gz,HRR1725150
HRR1725150_r2.fastq.gz,HRR1725150
HRR1725151_f1.fastq.gz,HRR1725151
HRR1725151_r2.fastq.gz,HRR1725151
HRR1725152_f1.fastq.gz,HRR1725152
HRR1725152_r2.fastq.gz,HRR1725152
HRR1725153_f1.fastq.gz,HRR1725153
HRR1725153_r2.fastq.gz,HRR1725153
HRR1725154_f1.fastq.gz,HRR1725154
HRR1725154_r2.fastq.gz,HRR1725154
HRR1725155_f1.fastq.gz,HRR1725155
HRR1725155_r2.fastq.gz,HRR1725155
HRR1725156_f1.fastq.gz,HRR1725156
HRR1725156_r2.fastq.gz,HRR1725156
HRR1725157_f1.fastq.gz,HRR1725157
HRR1725157_r2.fastq.gz,HRR1725157
HRR1725158_f1.fastq.gz,HRR1725158
HRR1725158_r2.fastq.gz,HRR1725158
HRR1725159_f1.fastq.gz,HRR1725159
HRR1725159_r2.fastq.gz,HRR1725159
HRR1725160_f1.fastq.gz,HRR1725160
HRR1725160_r2.fastq.gz,HRR1725160
HRR1725161_f1.fastq.gz,HRR1725161
HRR1725161_r2.fastq.gz,HRR1725161
HRR1725162_f1.fastq.gz,HRR1725162
HRR1725162_r2.fastq.gz,HRR1725162
HRR1725163_f1.fastq.gz,HRR1725163
HRR1725163_r2.fastq.gz,HRR1725163
HRR1725164_f1.fastq.gz,HRR1725164
HRR1725164_r2.fastq.gz,HRR1725164
HRR1725165_f1.fastq.gz,HRR1725165
HRR1725165_r2.fastq.gz,HRR1725165
HRR1725166_f1.fastq.gz,HRR1725166
HRR1725166_r2.fastq.gz,HRR1725166
HRR1725167_f1.fastq.gz,HRR1725167
HRR1725167_r2.fastq.gz,HRR1725167
HRR1725168_f1.fastq.gz,HRR1725168
HRR1725168_r2.fastq.gz,HRR1725168
HRR1725169_f1.fastq.gz,HRR1725169
HRR1725169_r2.fastq.gz,HRR1725169
HRR1725170_f1.fastq.gz,HRR1725170
HRR1725170_r2.fastq.gz,HRR1725170
HRR1725171_f1.fastq.gz,HRR1725171
HRR1725171_r2.fastq.gz,HRR1725171
HRR1725172_f1.fastq.gz,HRR1725172
HRR1725172_r2.fastq.gz,HRR1725172
HRR1725173_f1.fastq.gz,HRR1725173
HRR1725173_r2.fastq.gz,HRR1725173
HRR1725174_f1.fastq.gz,HRR1725174
HRR1725174_r2.fastq.gz,HRR1725174
HRR1725175_f1.fastq.gz,HRR1725175
HRR1725175_r2.fastq.gz,HRR1725175
HRR1725176_f1.fastq.gz,HRR1725176
HRR1725176_r2.fastq.gz,HRR1725176
HRR1725177_f1.fastq.gz,HRR1725177
HRR1725177_r2.fastq.gz,HRR1725177
HRR1725178_f1.fastq.gz,HRR1725178
HRR1725178_r2.fastq.gz,HRR1725178
HRR1725179_f1.fastq.gz,HRR1725179
HRR1725179_r2.fastq.gz,HRR1725179
HRR1725180_f1.fastq.gz,HRR1725180
HRR1725180_r2.fastq.gz,HRR1725180
HRR1725181_f1.fastq.gz,HRR1725181
HRR1725181_r2.fastq.gz,HRR1725181
HRR1725182_f1.fastq.gz,HRR1725182
HRR1725182_r2.fastq.gz,HRR1725182
HRR1725183_f1.fastq.gz,HRR1725183
HRR1725183_r2.fastq.gz,HRR1725183
HRR1725184_f1.fastq.gz,HRR1725184
HRR1725184_r2.fastq.gz,HRR1725184
HRR1725185_f1.fastq.gz,HRR1725185
HRR1725185_r2.fastq.gz,HRR1725185
HRR1725186_f1.fastq.gz,HRR1725186
HRR1725186_r2.fastq.gz,HRR1725186
HRR1725187_f1.fastq.gz,HRR1725187
HRR1725187_r2.fastq.gz,HRR1725187
HRR1725188_f1.fastq.gz,HRR1725188
HRR1725188_r2.fastq.gz,HRR1725188
HRR1725189_f1.fastq.gz,HRR1725189
HRR1725189_r2.fastq.gz,HRR1725189
HRR1725190_f1.fastq.gz,HRR1725190
HRR1725190_r2.fastq.gz,HRR1725190
HRR1725191_f1.fastq.gz,HRR1725191
HRR1725191_r2.fastq.gz,HRR1725191
HRR1725192_f1.fastq.gz,HRR1725192
HRR1725192_r2.fastq.gz,HRR1725192
HRR1725193_f1.fastq.gz,HRR1725193
HRR1725193_r2.fastq.gz,HRR1725193
HRR1725194_f1.fastq.gz,HRR1725194
HRR1725194_r2.fastq.gz,HRR1725194
HRR1725195_f1.fastq.gz,HRR1725195
HRR1725195_r2.fastq.gz,HRR1725195
HRR1725196_f1.fastq.gz,HRR1725196
HRR1725196_r2.fastq.gz,HRR1725196
HRR1725197_f1.fastq.gz,HRR1725197
HRR1725197_r2.fastq.gz,HRR1725197
HRR1725198_f1.fastq.gz,HRR1725198
HRR1725198_r2.fastq.gz,HRR1725198
HRR1725199_f1.fastq.gz,HRR1725199
HRR1725199_r2.fastq.gz,HRR1725199
HRR1725200_f1.fastq.gz,HRR1725200
HRR1725200_r2.fastq.gz,HRR1725200
HRR1725201_f1.fastq.gz,HRR1725201
HRR1725201_r2.fastq.gz,HRR1725201
HRR1725202_f1.fastq.gz,HRR1725202
HRR1725202_r2.fastq.gz,HRR1725202
HRR1725203_f1.fastq.gz,HRR1725203
HRR1725203_r2.fastq.gz,HRR1725203
HRR1725204_f1.fastq.gz,HRR1725204
HRR1725204_r2.fastq.gz,HRR1725204
HRR1725205_f1.fastq.gz,HRR1725205
HRR1725205_r2.fastq.gz,HRR1725205
HRR1725206_f1.fastq.gz,HRR1725206
HRR1725206_r2.fastq.gz,HRR1725206
HRR1725207_f1.fastq.gz,HRR1725207
HRR1725207_r2.fastq.gz,HRR1725207
HRR1725208_f1.fastq.gz,HRR1725208
HRR1725208_r2.fastq.gz,HRR1725208
HRR1725209_f1.fastq.gz,HRR1725209
HRR1725209_r2.fastq.gz,HRR1725209
HRR1725210_f1.fastq.gz,HRR1725210
HRR1725210_r2.fastq.gz,HRR1725210
HRR1725211_f1.fastq.gz,HRR1725211
HRR1725211_r2.fastq.gz,HRR1725211
HRR1725212_f1.fastq.gz,HRR1725212
HRR1725212_r2.fastq.gz,HRR1725212
HRR1725213_f1.fastq.gz,HRR1725213
HRR1725213_r2.fastq.gz,HRR1725213
HRR1725214_f1.fastq.gz,HRR1725214
HRR1725214_r2.fastq.gz,HRR1725214
HRR1725215_f1.fastq.gz,HRR1725215
HRR1725215_r2.fastq.gz,HRR1725215
HRR1725216_f1.fastq.gz,HRR1725216
HRR1725216_r2.fastq.gz,HRR1725216
HRR1725217_f1.fastq.gz,HRR1725217
HRR1725217_r2.fastq.gz,HRR1725217
HRR1725218_f1.fastq.gz,HRR1725218
HRR1725218_r2.fastq.gz,HRR1725218
HRR1725219_f1.fastq.gz,HRR1725219
HRR1725219_r2.fastq.gz,HRR1725219
HRR1725220_f1.fastq.gz,HRR1725220
HRR1725220_r2.fastq.gz,HRR1725220
HRR1725221_f1.fastq.gz,HRR1725221
HRR1725221_r2.fastq.gz,HRR1725221
HRR1725222_f1.fastq.gz,HRR1725222
HRR1725222_r2.fastq.gz,HRR1725222
HRR1725223_f1.fastq.gz,HRR1725223
HRR1725223_r2.fastq.gz,HRR1725223
HRR1725224_f1.fastq.gz,HRR1725224
HRR1725224_r2.fastq.gz,HRR1725224
HRR1725225_f1.fastq.gz,HRR1725225
HRR1725225_r2.fastq.gz,HRR1725225
HRR1725226_f1.fastq.gz,HRR1725226
HRR1725226_r2.fastq.gz,HRR1725226
HRR1725227_f1.fastq.gz,HRR1725227
HRR1725227_r2.fastq.gz,HRR1725227
HRR1725228_f1.fastq.gz,HRR1725228
HRR1725228_r2.fastq.gz,HRR1725228
HRR1725229_f1.fastq.gz,HRR1725229
HRR1725229_r2.fastq.gz,HRR1725229
HRR1725230_f1.fastq.gz,HRR1725230
HRR1725230_r2.fastq.gz,HRR1725230
HRR1725231_f1.fastq.gz,HRR1725231
HRR1725231_r2.fastq.gz,HRR1725231
HRR1725232_f1.fastq.gz,HRR1725232
HRR1725232_r2.fastq.gz,HRR1725232
HRR1725233_f1.fastq.gz,HRR1725233
HRR1725233_r2.fastq.gz,HRR1725233
HRR1725234_f1.fastq.gz,HRR1725234
HRR1725234_r2.fastq.gz,HRR1725234
HRR1725235_f1.fastq.gz,HRR1725235
HRR1725235_r2.fastq.gz,HRR1725235
HRR1725236_f1.fastq.gz,HRR1725236
HRR1725236_r2.fastq.gz,HRR1725236
HRR1725237_f1.fastq.gz,HRR1725237
HRR1725237_r2.fastq.gz,HRR1725237
HRR1725238_f1.fastq.gz,HRR1725238
HRR1725238_r2.fastq.gz,HRR1725238
HRR1725239_f1.fastq.gz,HRR1725239
HRR1725239_r2.fastq.gz,HRR1725239
HRR1725240_f1.fastq.gz,HRR1725240
HRR1725240_r2.fastq.gz,HRR1725240
HRR1725241_f1.fastq.gz,HRR1725241
HRR1725241_r2.fastq.gz,HRR1725241
HRR1725242_f1.fastq.gz,HRR1725242
HRR1725242_r2.fastq.gz,HRR1725242
HRR1725243_f1.fastq.gz,HRR1725243
HRR1725243_r2.fastq.gz,HRR1725243
HRR1725244_f1.fastq.gz,HRR1725244
HRR1725244_r2.fastq.gz,HRR1725244
HRR1725245_f1.fastq.gz,HRR1725245
HRR1725245_r2.fastq.gz,HRR1725245
HRR1725246_f1.fastq.gz,HRR1725246
HRR1725246_r2.fastq.gz,HRR1725246
HRR1725247_f1.fastq.gz,HRR1725247
HRR1725247_r2.fastq.gz,HRR1725247
HRR1725248_f1.fastq.gz,HRR1725248
HRR1725248_r2.fastq.gz,HRR1725248
HRR1725249_f1.fastq.gz,HRR1725249
HRR1725249_r2.fastq.gz,HRR1725249
HRR1725250_f1.fastq.gz,HRR1725250
HRR1725250_r2.fastq.gz,HRR1725250
HRR1725251_f1.fastq.gz,HRR1725251
HRR1725251_r2.fastq.gz,HRR1725251
HRR1725252_f1.fastq.gz,HRR1725252
HRR1725252_r2.fastq.gz,HRR1725252
HRR1725253_f1.fastq.gz,HRR1725253
HRR1725253_r2.fastq.gz,HRR1725253
HRR1725254_f1.fastq.gz,HRR1725254
HRR1725254_r2.fastq.gz,HRR1725254
HRR1725087_f1.fastq.gz,HRR1725087
HRR1725087_r2.fastq.gz,HRR1725087
HRR1725088_f1.fastq.gz,HRR1725088
HRR1725088_r2.fastq.gz,HRR1725088
HRR1725089_f1.fastq.gz,HRR1725089
HRR1725089_r2.fastq.gz,HRR1725089
HRR1725090_f1.fastq.gz,HRR1725090
HRR1725090_r2.fastq.gz,HRR1725090
HRR1725091_f1.fastq.gz,HRR1725091
HRR1725091_r2.fastq.gz,HRR1725091
HRR1725092_f1.fastq.gz,HRR1725092
HRR1725092_r2.fastq.gz,HRR1725092
HRR1725093_f1.fastq.gz,HRR1725093
HRR1725093_r2.fastq.gz,HRR1725093
HRR1725094_f1.fastq.gz,HRR1725094
HRR1725094_r2.fastq.gz,HRR1725094
HRR1725095_f1.fastq.gz,HRR1725095
HRR1725095_r2.fastq.gz,HRR1725095
HRR1725096_f1.fastq.gz,HRR1725096
HRR1725096_r2.fastq.gz,HRR1725096
HRR1725097_f1.fastq.gz,HRR1725097
HRR1725097_r2.fastq.gz,HRR1725097
HRR1725098_f1.fastq.gz,HRR1725098
HRR1725098_r2.fastq.gz,HRR1725098
HRR1725099_f1.fastq.gz,HRR1725099
HRR1725099_r2.fastq.gz,HRR1725099
HRR1725100_f1.fastq.gz,HRR1725100
HRR1725100_r2.fastq.gz,HRR1725100
HRR1725101_f1.fastq.gz,HRR1725101
HRR1725101_r2.fastq.gz,HRR1725101
HRR1725102_f1.fastq.gz,HRR1725102
HRR1725102_r2.fastq.gz,HRR1725102
HRR1725103_f1.fastq.gz,HRR1725103
HRR1725103_r2.fastq.gz,HRR1725103
HRR1725104_f1.fastq.gz,HRR1725104
HRR1725104_r2.fastq.gz,HRR1725104
HRR1725105_f1.fastq.gz,HRR1725105
HRR1725105_r2.fastq.gz,HRR1725105
HRR1725106_f1.fastq.gz,HRR1725106
HRR1725106_r2.fastq.gz,HRR1725106
HRR1725107_f1.fastq.gz,HRR1725107
HRR1725107_r2.fastq.gz,HRR1725107
HRR1725108_f1.fastq.gz,HRR1725108
HRR1725108_r2.fastq.gz,HRR1725108
HRR1725109_f1.fastq.gz,HRR1725109
HRR1725109_r2.fastq.gz,HRR1725109
HRR1725110_f1.fastq.gz,HRR1725110
HRR1725110_r2.fastq.gz,HRR1725110
HRR1725111_f1.fastq.gz,HRR1725111
HRR1725111_r2.fastq.gz,HRR1725111
HRR1725112_f1.fastq.gz,HRR1725112
HRR1725112_r2.fastq.gz,HRR1725112
HRR1725113_f1.fastq.gz,HRR1725113
HRR1725113_r2.fastq.gz,HRR1725113
