files,format
HRR024685_f1.fq.gz,Raw FASTQ
HRR024685_r2.fq.gz,Raw FASTQ
HRR024686_f1.fq.gz,Raw FASTQ
HRR024686_r2.fq.gz,Raw FASTQ
HRR024687_f1.fq.gz,Raw FASTQ
HRR024687_r2.fq.gz,Raw FASTQ
HRR024688_f1.fq.gz,Raw FASTQ
HRR024688_r2.fq.gz,Raw FASTQ
HRR024689_f1.fq.gz,Raw FASTQ
HRR024689_r2.fq.gz,Raw FASTQ
HRR024690_f1.fq.gz,Raw FASTQ
HRR024690_r2.fq.gz,Raw FASTQ
HRR024691_f1.fq.gz,Raw FASTQ
HRR024691_r2.fq.gz,Raw FASTQ
HRR024692_f1.fq.gz,Raw FASTQ
HRR024692_r2.fq.gz,Raw FASTQ
HRR024693_f1.fq.gz,Raw FASTQ
HRR024693_r2.fq.gz,Raw FASTQ
HRR024694_f1.fq.gz,Raw FASTQ
HRR024694_r2.fq.gz,Raw FASTQ
HRR024695_f1.fq.gz,Raw FASTQ
HRR024695_r2.fq.gz,Raw FASTQ
HRR024696_f1.fq.gz,Raw FASTQ
HRR024696_r2.fq.gz,Raw FASTQ
HRR024697_f1.fq.gz,Raw FASTQ
HRR024697_r2.fq.gz,Raw FASTQ
HRR024698_f1.fq.gz,Raw FASTQ
HRR024698_r2.fq.gz,Raw FASTQ
HRR024699_f1.fq.gz,Raw FASTQ
HRR024699_r2.fq.gz,Raw FASTQ
HRR024700_f1.fq.gz,Raw FASTQ
HRR024700_r2.fq.gz,Raw FASTQ
HRR024701_f1.fq.gz,Raw FASTQ
HRR024701_r2.fq.gz,Raw FASTQ
HRR024702_f1.fq.gz,Raw FASTQ
HRR024702_r2.fq.gz,Raw FASTQ
HRR024703_f1.fq.gz,Raw FASTQ
HRR024703_r2.fq.gz,Raw FASTQ
HRR024704_f1.fq.gz,Raw FASTQ
HRR024704_r2.fq.gz,Raw FASTQ
HRR024705_f1.fq.gz,Raw FASTQ
HRR024705_r2.fq.gz,Raw FASTQ
HRR024706_f1.fq.gz,Raw FASTQ
HRR024706_r2.fq.gz,Raw FASTQ
HRR024707_f1.fq.gz,Raw FASTQ
HRR024707_r2.fq.gz,Raw FASTQ
HRR024708_f1.fq.gz,Raw FASTQ
HRR024708_r2.fq.gz,Raw FASTQ
HRR024709_f1.fq.gz,Raw FASTQ
HRR024709_r2.fq.gz,Raw FASTQ
HRR024710_f1.fq.gz,Raw FASTQ
HRR024710_r2.fq.gz,Raw FASTQ
HRR024711_f1.fq.gz,Raw FASTQ
HRR024711_r2.fq.gz,Raw FASTQ
HRR024712_f1.fq.gz,Raw FASTQ
HRR024712_r2.fq.gz,Raw FASTQ
HRR024713_f1.fq.gz,Raw FASTQ
HRR024713_r2.fq.gz,Raw FASTQ
HRR024714_f1.fq.gz,Raw FASTQ
HRR024714_r2.fq.gz,Raw FASTQ
HRR024715_f1.fq.gz,Raw FASTQ
HRR024715_r2.fq.gz,Raw FASTQ
HRR024716_f1.fq.gz,Raw FASTQ
HRR024716_r2.fq.gz,Raw FASTQ
HRR024717_f1.fq.gz,Raw FASTQ
HRR024717_r2.fq.gz,Raw FASTQ
HRR024718_f1.fq.gz,Raw FASTQ
HRR024718_r2.fq.gz,Raw FASTQ
HRR024719_f1.fq.gz,Raw FASTQ
HRR024719_r2.fq.gz,Raw FASTQ
HRR024720_f1.fq.gz,Raw FASTQ
HRR024720_r2.fq.gz,Raw FASTQ
HRR024721_f1.fq.gz,Raw FASTQ
HRR024721_r2.fq.gz,Raw FASTQ
HRR024722_f1.fq.gz,Raw FASTQ
HRR024722_r2.fq.gz,Raw FASTQ
HRR024723_f1.fq.gz,Raw FASTQ
HRR024723_r2.fq.gz,Raw FASTQ
HRR024724_f1.fq.gz,Raw FASTQ
HRR024724_r2.fq.gz,Raw FASTQ
HRR024725_f1.fq.gz,Raw FASTQ
HRR024725_r2.fq.gz,Raw FASTQ
HRR024726_f1.fq.gz,Raw FASTQ
HRR024726_r2.fq.gz,Raw FASTQ
HRR024727_f1.fq.gz,Raw FASTQ
HRR024727_r2.fq.gz,Raw FASTQ
HRR024728_f1.fq.gz,Raw FASTQ
HRR024728_r2.fq.gz,Raw FASTQ
HRR024729_f1.fq.gz,Raw FASTQ
HRR024729_r2.fq.gz,Raw FASTQ
HRR024730_f1.fq.gz,Raw FASTQ
HRR024730_r2.fq.gz,Raw FASTQ
HRR024731_f1.fq.gz,Raw FASTQ
HRR024731_r2.fq.gz,Raw FASTQ
HRR024732_f1.fq.gz,Raw FASTQ
HRR024732_r2.fq.gz,Raw FASTQ
HRR024733_f1.fq.gz,Raw FASTQ
HRR024733_r2.fq.gz,Raw FASTQ
HRR024734_f1.fq.gz,Raw FASTQ
HRR024734_r2.fq.gz,Raw FASTQ
HRR024735_f1.fq.gz,Raw FASTQ
HRR024735_r2.fq.gz,Raw FASTQ
HRR024736_f1.fq.gz,Raw FASTQ
HRR024736_r2.fq.gz,Raw FASTQ
HRR024737_f1.fq.gz,Raw FASTQ
HRR024737_r2.fq.gz,Raw FASTQ
HRR024738_f1.fq.gz,Raw FASTQ
HRR024738_r2.fq.gz,Raw FASTQ
HRR024739_f1.fq.gz,Raw FASTQ
HRR024739_r2.fq.gz,Raw FASTQ
HRR024740_f1.fq.gz,Raw FASTQ
HRR024740_r2.fq.gz,Raw FASTQ
HRR024741_f1.fq.gz,Raw FASTQ
HRR024741_r2.fq.gz,Raw FASTQ
HRR024742_f1.fq.gz,Raw FASTQ
HRR024742_r2.fq.gz,Raw FASTQ
HRR024743_f1.fq.gz,Raw FASTQ
HRR024743_r2.fq.gz,Raw FASTQ
HRR024744_f1.fq.gz,Raw FASTQ
HRR024744_r2.fq.gz,Raw FASTQ
HRR024745_f1.fq.gz,Raw FASTQ
HRR024745_r2.fq.gz,Raw FASTQ
HRR024746_f1.fq.gz,Raw FASTQ
HRR024746_r2.fq.gz,Raw FASTQ
HRR024747_f1.fq.gz,Raw FASTQ
HRR024747_r2.fq.gz,Raw FASTQ
HRR024748_f1.fq.gz,Raw FASTQ
HRR024748_r2.fq.gz,Raw FASTQ
HRR024749_f1.fq.gz,Raw FASTQ
HRR024749_r2.fq.gz,Raw FASTQ
HRR024750_f1.fq.gz,Raw FASTQ
HRR024750_r2.fq.gz,Raw FASTQ
HRR024751_f1.fq.gz,Raw FASTQ
HRR024751_r2.fq.gz,Raw FASTQ
HRR024752_f1.fq.gz,Raw FASTQ
HRR024752_r2.fq.gz,Raw FASTQ
HRR024753_f1.fq.gz,Raw FASTQ
HRR024753_r2.fq.gz,Raw FASTQ
HRR024754_f1.fq.gz,Raw FASTQ
HRR024754_r2.fq.gz,Raw FASTQ
HRR024755_f1.fq.gz,Raw FASTQ
HRR024755_r2.fq.gz,Raw FASTQ
HRR024756_f1.fq.gz,Raw FASTQ
HRR024756_r2.fq.gz,Raw FASTQ
HRR024757_f1.fq.gz,Raw FASTQ
HRR024757_r2.fq.gz,Raw FASTQ
HRR024758_f1.fq.gz,Raw FASTQ
HRR024758_r2.fq.gz,Raw FASTQ
HRR024759_f1.fq.gz,Raw FASTQ
HRR024759_r2.fq.gz,Raw FASTQ
HRR024760_f1.fq.gz,Raw FASTQ
HRR024760_r2.fq.gz,Raw FASTQ
HRR024761_f1.fq.gz,Raw FASTQ
HRR024761_r2.fq.gz,Raw FASTQ
HRR024762_f1.fq.gz,Raw FASTQ
HRR024762_r2.fq.gz,Raw FASTQ
HRR024763_f1.fq.gz,Raw FASTQ
HRR024763_r2.fq.gz,Raw FASTQ
HRR024764_f1.fq.gz,Raw FASTQ
HRR024764_r2.fq.gz,Raw FASTQ
HRR024765_f1.fq.gz,Raw FASTQ
HRR024765_r2.fq.gz,Raw FASTQ
HRR024766_f1.fq.gz,Raw FASTQ
HRR024766_r2.fq.gz,Raw FASTQ
HRR024767_f1.fq.gz,Raw FASTQ
HRR024767_r2.fq.gz,Raw FASTQ
HRR024768_f1.fq.gz,Raw FASTQ
HRR024768_r2.fq.gz,Raw FASTQ
HRR024769_f1.fq.gz,Raw FASTQ
HRR024769_r2.fq.gz,Raw FASTQ
HRR024770_f1.fq.gz,Raw FASTQ
HRR024770_r2.fq.gz,Raw FASTQ
HRR024771_f1.fq.gz,Raw FASTQ
HRR024771_r2.fq.gz,Raw FASTQ
HRR024772_f1.fq.gz,Raw FASTQ
HRR024772_r2.fq.gz,Raw FASTQ
HRR024773_f1.fq.gz,Raw FASTQ
HRR024773_r2.fq.gz,Raw FASTQ
HRR024774_f1.fq.gz,Raw FASTQ
HRR024774_r2.fq.gz,Raw FASTQ
HRR024775_f1.fq.gz,Raw FASTQ
HRR024775_r2.fq.gz,Raw FASTQ
HRR024776_f1.fq.gz,Raw FASTQ
HRR024776_r2.fq.gz,Raw FASTQ
HRR024777_f1.fq.gz,Raw FASTQ
HRR024777_r2.fq.gz,Raw FASTQ
HRR024778_f1.fq.gz,Raw FASTQ
HRR024778_r2.fq.gz,Raw FASTQ
HRR024779_f1.fq.gz,Raw FASTQ
HRR024779_r2.fq.gz,Raw FASTQ
HRR024780_f1.fq.gz,Raw FASTQ
HRR024780_r2.fq.gz,Raw FASTQ
HRR024781_f1.fq.gz,Raw FASTQ
HRR024781_r2.fq.gz,Raw FASTQ
HRR024782_f1.fq.gz,Raw FASTQ
HRR024782_r2.fq.gz,Raw FASTQ
HRR024783_f1.fq.gz,Raw FASTQ
HRR024783_r2.fq.gz,Raw FASTQ
HRR024784_f1.fq.gz,Raw FASTQ
HRR024784_r2.fq.gz,Raw FASTQ
HRR024785_f1.fq.gz,Raw FASTQ
HRR024785_r2.fq.gz,Raw FASTQ
HRR024786_f1.fq.gz,Raw FASTQ
HRR024786_r2.fq.gz,Raw FASTQ
HRR024787_f1.fq.gz,Raw FASTQ
HRR024787_r2.fq.gz,Raw FASTQ
HRR024788_f1.fq.gz,Raw FASTQ
HRR024788_r2.fq.gz,Raw FASTQ
HRR024789_f1.fq.gz,Raw FASTQ
HRR024789_r2.fq.gz,Raw FASTQ
HRR024790_f1.fq.gz,Raw FASTQ
HRR024790_r2.fq.gz,Raw FASTQ
HRR024791_f1.fq.gz,Raw FASTQ
HRR024791_r2.fq.gz,Raw FASTQ
HRR024792_f1.fq.gz,Raw FASTQ
HRR024792_r2.fq.gz,Raw FASTQ
HRR024793_f1.fq.gz,Raw FASTQ
HRR024793_r2.fq.gz,Raw FASTQ
HRR024794_f1.fq.gz,Raw FASTQ
HRR024794_r2.fq.gz,Raw FASTQ
HRR024795_f1.fq.gz,Raw FASTQ
HRR024795_r2.fq.gz,Raw FASTQ
HRR024796_f1.fq.gz,Raw FASTQ
HRR024796_r2.fq.gz,Raw FASTQ
HRR024797_f1.fq.gz,Raw FASTQ
HRR024797_r2.fq.gz,Raw FASTQ
HRR024798_f1.fq.gz,Raw FASTQ
HRR024798_r2.fq.gz,Raw FASTQ
HRR024799_f1.fq.gz,Raw FASTQ
HRR024799_r2.fq.gz,Raw FASTQ
HRR024800_f1.fq.gz,Raw FASTQ
HRR024800_r2.fq.gz,Raw FASTQ
HRR024801_f1.fq.gz,Raw FASTQ
HRR024801_r2.fq.gz,Raw FASTQ
HRR024802_f1.fq.gz,Raw FASTQ
HRR024802_r2.fq.gz,Raw FASTQ
HRR024803_f1.fq.gz,Raw FASTQ
HRR024803_r2.fq.gz,Raw FASTQ
HRR024804_f1.fq.gz,Raw FASTQ
HRR024804_r2.fq.gz,Raw FASTQ
HRR024805_f1.fq.gz,Raw FASTQ
HRR024805_r2.fq.gz,Raw FASTQ
HRR024806_f1.fq.gz,Raw FASTQ
HRR024806_r2.fq.gz,Raw FASTQ
HRR024807_f1.fq.gz,Raw FASTQ
HRR024807_r2.fq.gz,Raw FASTQ
HRR024808_f1.fq.gz,Raw FASTQ
HRR024808_r2.fq.gz,Raw FASTQ
HRR024809_f1.fq.gz,Raw FASTQ
HRR024809_r2.fq.gz,Raw FASTQ
HRR024810_f1.fq.gz,Raw FASTQ
HRR024810_r2.fq.gz,Raw FASTQ
HRR024811_f1.fq.gz,Raw FASTQ
HRR024811_r2.fq.gz,Raw FASTQ
HRR024812_f1.fq.gz,Raw FASTQ
HRR024812_r2.fq.gz,Raw FASTQ
HRR024813_f1.fq.gz,Raw FASTQ
HRR024813_r2.fq.gz,Raw FASTQ
HRR024814_f1.fq.gz,Raw FASTQ
HRR024814_r2.fq.gz,Raw FASTQ
HRR024815_f1.fq.gz,Raw FASTQ
HRR024815_r2.fq.gz,Raw FASTQ
HRR024816_f1.fq.gz,Raw FASTQ
HRR024816_r2.fq.gz,Raw FASTQ
HRR024817_f1.fq.gz,Raw FASTQ
HRR024817_r2.fq.gz,Raw FASTQ
HRR024818_f1.fq.gz,Raw FASTQ
HRR024818_r2.fq.gz,Raw FASTQ
HRR024819_f1.fq.gz,Raw FASTQ
HRR024819_r2.fq.gz,Raw FASTQ
HRR024820_f1.fq.gz,Raw FASTQ
HRR024820_r2.fq.gz,Raw FASTQ
HRR024821_f1.fq.gz,Raw FASTQ
HRR024821_r2.fq.gz,Raw FASTQ
HRR024822_f1.fq.gz,Raw FASTQ
HRR024822_r2.fq.gz,Raw FASTQ
HRR024823_f1.fq.gz,Raw FASTQ
HRR024823_r2.fq.gz,Raw FASTQ
HRR024824_f1.fq.gz,Raw FASTQ
HRR024824_r2.fq.gz,Raw FASTQ
HRR024825_f1.fq.gz,Raw FASTQ
HRR024825_r2.fq.gz,Raw FASTQ
HRR024826_f1.fq.gz,Raw FASTQ
HRR024826_r2.fq.gz,Raw FASTQ
HRR024827_f1.fq.gz,Raw FASTQ
HRR024827_r2.fq.gz,Raw FASTQ
HRR024828_f1.fq.gz,Raw FASTQ
HRR024828_r2.fq.gz,Raw FASTQ
HRR024829_f1.fq.gz,Raw FASTQ
HRR024829_r2.fq.gz,Raw FASTQ
HRR024830_f1.fq.gz,Raw FASTQ
HRR024830_r2.fq.gz,Raw FASTQ
HRR024831_f1.fq.gz,Raw FASTQ
HRR024831_r2.fq.gz,Raw FASTQ
HRR024832_f1.fq.gz,Raw FASTQ
HRR024832_r2.fq.gz,Raw FASTQ
HRR024833_f1.fq.gz,Raw FASTQ
HRR024833_r2.fq.gz,Raw FASTQ
HRR024834_f1.fq.gz,Raw FASTQ
HRR024834_r2.fq.gz,Raw FASTQ
HRR024835_f1.fq.gz,Raw FASTQ
HRR024835_r2.fq.gz,Raw FASTQ
HRR024836_f1.fq.gz,Raw FASTQ
HRR024836_r2.fq.gz,Raw FASTQ
HRR024837_f1.fq.gz,Raw FASTQ
HRR024837_r2.fq.gz,Raw FASTQ
HRR024838_f1.fq.gz,Raw FASTQ
HRR024838_r2.fq.gz,Raw FASTQ
HRR024839_f1.fq.gz,Raw FASTQ
HRR024839_r2.fq.gz,Raw FASTQ
HRR024840_f1.fq.gz,Raw FASTQ
HRR024840_r2.fq.gz,Raw FASTQ
HRR024841_f1.fq.gz,Raw FASTQ
HRR024841_r2.fq.gz,Raw FASTQ
HRR024842_f1.fq.gz,Raw FASTQ
HRR024842_r2.fq.gz,Raw FASTQ
HRR024843_f1.fq.gz,Raw FASTQ
HRR024843_r2.fq.gz,Raw FASTQ
HRR024844_f1.fq.gz,Raw FASTQ
HRR024844_r2.fq.gz,Raw FASTQ
HRR024845_f1.fq.gz,Raw FASTQ
HRR024845_r2.fq.gz,Raw FASTQ
HRR024846_f1.fq.gz,Raw FASTQ
HRR024846_r2.fq.gz,Raw FASTQ
HRR024847_f1.fq.gz,Raw FASTQ
HRR024847_r2.fq.gz,Raw FASTQ
HRR024848_f1.fq.gz,Raw FASTQ
HRR024848_r2.fq.gz,Raw FASTQ
HRR024849_f1.fq.gz,Raw FASTQ
HRR024849_r2.fq.gz,Raw FASTQ
HRR024850_f1.fq.gz,Raw FASTQ
HRR024850_r2.fq.gz,Raw FASTQ
HRR024851_f1.fq.gz,Raw FASTQ
HRR024851_r2.fq.gz,Raw FASTQ
HRR024852_f1.fq.gz,Raw FASTQ
HRR024852_r2.fq.gz,Raw FASTQ
HRR024853_f1.fq.gz,Raw FASTQ
HRR024853_r2.fq.gz,Raw FASTQ
HRR024854_f1.fq.gz,Raw FASTQ
HRR024854_r2.fq.gz,Raw FASTQ
HRR024855_f1.fq.gz,Raw FASTQ
HRR024855_r2.fq.gz,Raw FASTQ
HRR024856_f1.fq.gz,Raw FASTQ
HRR024856_r2.fq.gz,Raw FASTQ
HRR024857_f1.fq.gz,Raw FASTQ
HRR024857_r2.fq.gz,Raw FASTQ
HRR024858_f1.fq.gz,Raw FASTQ
HRR024858_r2.fq.gz,Raw FASTQ
HRR024859_f1.fq.gz,Raw FASTQ
HRR024859_r2.fq.gz,Raw FASTQ
HRR024860_f1.fq.gz,Raw FASTQ
HRR024860_r2.fq.gz,Raw FASTQ
HRR024861_f1.fq.gz,Raw FASTQ
HRR024861_r2.fq.gz,Raw FASTQ
HRR024862_f1.fq.gz,Raw FASTQ
HRR024862_r2.fq.gz,Raw FASTQ
HRR024863_f1.fq.gz,Raw FASTQ
HRR024863_r2.fq.gz,Raw FASTQ
HRR024864_f1.fq.gz,Raw FASTQ
HRR024864_r2.fq.gz,Raw FASTQ
HRR024865_f1.fq.gz,Raw FASTQ
HRR024865_r2.fq.gz,Raw FASTQ
HRR024866_f1.fq.gz,Raw FASTQ
HRR024866_r2.fq.gz,Raw FASTQ
HRR024867_f1.fq.gz,Raw FASTQ
HRR024867_r2.fq.gz,Raw FASTQ
HRR024868_f1.fq.gz,Raw FASTQ
HRR024868_r2.fq.gz,Raw FASTQ
HRR024869_f1.fq.gz,Raw FASTQ
HRR024869_r2.fq.gz,Raw FASTQ
HRR024870_f1.fq.gz,Raw FASTQ
HRR024870_r2.fq.gz,Raw FASTQ
HRR024871_f1.fq.gz,Raw FASTQ
HRR024871_r2.fq.gz,Raw FASTQ
HRR024872_f1.fq.gz,Raw FASTQ
HRR024872_r2.fq.gz,Raw FASTQ
HRR024873_f1.fq.gz,Raw FASTQ
HRR024873_r2.fq.gz,Raw FASTQ
HRR024874_f1.fq.gz,Raw FASTQ
HRR024874_r2.fq.gz,Raw FASTQ
HRR024875_f1.fq.gz,Raw FASTQ
HRR024875_r2.fq.gz,Raw FASTQ
HRR024876_f1.fq.gz,Raw FASTQ
HRR024876_r2.fq.gz,Raw FASTQ
HRR024877_f1.fq.gz,Raw FASTQ
HRR024877_r2.fq.gz,Raw FASTQ
HRR024878_f1.fq.gz,Raw FASTQ
HRR024878_r2.fq.gz,Raw FASTQ
HRR024879_f1.fq.gz,Raw FASTQ
HRR024879_r2.fq.gz,Raw FASTQ
HRR024880_f1.fq.gz,Raw FASTQ
HRR024880_r2.fq.gz,Raw FASTQ
HRR024881_f1.fq.gz,Raw FASTQ
HRR024881_r2.fq.gz,Raw FASTQ
HRR024882_f1.fq.gz,Raw FASTQ
HRR024882_r2.fq.gz,Raw FASTQ
HRR024883_f1.fq.gz,Raw FASTQ
HRR024883_r2.fq.gz,Raw FASTQ
HRR024884_f1.fq.gz,Raw FASTQ
HRR024884_r2.fq.gz,Raw FASTQ
HRR024885_f1.fq.gz,Raw FASTQ
HRR024885_r2.fq.gz,Raw FASTQ
HRR024886_f1.fq.gz,Raw FASTQ
HRR024886_r2.fq.gz,Raw FASTQ
HRR024887_f1.fq.gz,Raw FASTQ
HRR024887_r2.fq.gz,Raw FASTQ
HRR024888_f1.fq.gz,Raw FASTQ
HRR024888_r2.fq.gz,Raw FASTQ
HRR024889_f1.fq.gz,Raw FASTQ
HRR024889_r2.fq.gz,Raw FASTQ
HRR024890_f1.fq.gz,Raw FASTQ
HRR024890_r2.fq.gz,Raw FASTQ
HRR024891_f1.fq.gz,Raw FASTQ
HRR024891_r2.fq.gz,Raw FASTQ
HRR024892_f1.fq.gz,Raw FASTQ
HRR024892_r2.fq.gz,Raw FASTQ
HRR024893_f1.fq.gz,Raw FASTQ
HRR024893_r2.fq.gz,Raw FASTQ
HRR024894_f1.fq.gz,Raw FASTQ
HRR024894_r2.fq.gz,Raw FASTQ
HRR024895_f1.fq.gz,Raw FASTQ
HRR024895_r2.fq.gz,Raw FASTQ
HRR024896_f1.fq.gz,Raw FASTQ
HRR024896_r2.fq.gz,Raw FASTQ
HRR024897_f1.fq.gz,Raw FASTQ
HRR024897_r2.fq.gz,Raw FASTQ
HRR024898_f1.fq.gz,Raw FASTQ
HRR024898_r2.fq.gz,Raw FASTQ
HRR024899_f1.fq.gz,Raw FASTQ
HRR024899_r2.fq.gz,Raw FASTQ
HRR024900_f1.fq.gz,Raw FASTQ
HRR024900_r2.fq.gz,Raw FASTQ
HRR024901_f1.fq.gz,Raw FASTQ
HRR024901_r2.fq.gz,Raw FASTQ
HRR024902_f1.fq.gz,Raw FASTQ
HRR024902_r2.fq.gz,Raw FASTQ
HRR024903_f1.fq.gz,Raw FASTQ
HRR024903_r2.fq.gz,Raw FASTQ
HRR024904_f1.fq.gz,Raw FASTQ
HRR024904_r2.fq.gz,Raw FASTQ
HRR024905_f1.fq.gz,Raw FASTQ
HRR024905_r2.fq.gz,Raw FASTQ
HRR024906_f1.fq.gz,Raw FASTQ
HRR024906_r2.fq.gz,Raw FASTQ
HRR024907_f1.fq.gz,Raw FASTQ
HRR024907_r2.fq.gz,Raw FASTQ
HRR024908_f1.fq.gz,Raw FASTQ
HRR024908_r2.fq.gz,Raw FASTQ
HRR024909_f1.fq.gz,Raw FASTQ
HRR024909_r2.fq.gz,Raw FASTQ
HRR024910_f1.fq.gz,Raw FASTQ
HRR024910_r2.fq.gz,Raw FASTQ
HRR024911_f1.fq.gz,Raw FASTQ
HRR024911_r2.fq.gz,Raw FASTQ
HRR024912_f1.fq.gz,Raw FASTQ
HRR024912_r2.fq.gz,Raw FASTQ
HRR024913_f1.fq.gz,Raw FASTQ
HRR024913_r2.fq.gz,Raw FASTQ
HRR024914_f1.fq.gz,Raw FASTQ
HRR024914_r2.fq.gz,Raw FASTQ
HRR024915_f1.fq.gz,Raw FASTQ
HRR024915_r2.fq.gz,Raw FASTQ
HRR024916_f1.fq.gz,Raw FASTQ
HRR024916_r2.fq.gz,Raw FASTQ
HRR024917_f1.fq.gz,Raw FASTQ
HRR024917_r2.fq.gz,Raw FASTQ
HRR024918_f1.fq.gz,Raw FASTQ
HRR024918_r2.fq.gz,Raw FASTQ
HRR024919_f1.fq.gz,Raw FASTQ
HRR024919_r2.fq.gz,Raw FASTQ
HRR024920_f1.fq.gz,Raw FASTQ
HRR024920_r2.fq.gz,Raw FASTQ
HRR024921_f1.fq.gz,Raw FASTQ
HRR024921_r2.fq.gz,Raw FASTQ
HRR024922_f1.fq.gz,Raw FASTQ
HRR024922_r2.fq.gz,Raw FASTQ
HRR024923_f1.fq.gz,Raw FASTQ
HRR024923_r2.fq.gz,Raw FASTQ
HRR024924_f1.fq.gz,Raw FASTQ
HRR024924_r2.fq.gz,Raw FASTQ
HRR024925_f1.fq.gz,Raw FASTQ
HRR024925_r2.fq.gz,Raw FASTQ
HRR024926_f1.fq.gz,Raw FASTQ
HRR024926_r2.fq.gz,Raw FASTQ
HRR024927_f1.fq.gz,Raw FASTQ
HRR024927_r2.fq.gz,Raw FASTQ
HRR024928_f1.fq.gz,Raw FASTQ
HRR024928_r2.fq.gz,Raw FASTQ
HRR024929_f1.fq.gz,Raw FASTQ
HRR024929_r2.fq.gz,Raw FASTQ
HRR024930_f1.fq.gz,Raw FASTQ
HRR024930_r2.fq.gz,Raw FASTQ
HRR024931_f1.fq.gz,Raw FASTQ
HRR024931_r2.fq.gz,Raw FASTQ
HRR024932_f1.fq.gz,Raw FASTQ
HRR024932_r2.fq.gz,Raw FASTQ
HRR024933_f1.fq.gz,Raw FASTQ
HRR024933_r2.fq.gz,Raw FASTQ
HRR024934_f1.fq.gz,Raw FASTQ
HRR024934_r2.fq.gz,Raw FASTQ
HRR024935_f1.fq.gz,Raw FASTQ
HRR024935_r2.fq.gz,Raw FASTQ
HRR024936_f1.fq.gz,Raw FASTQ
HRR024936_r2.fq.gz,Raw FASTQ
HRR024937_f1.fq.gz,Raw FASTQ
HRR024937_r2.fq.gz,Raw FASTQ
HRR024938_f1.fq.gz,Raw FASTQ
HRR024938_r2.fq.gz,Raw FASTQ
HRR024939_f1.fq.gz,Raw FASTQ
HRR024939_r2.fq.gz,Raw FASTQ
HRR024940_f1.fq.gz,Raw FASTQ
HRR024940_r2.fq.gz,Raw FASTQ
HRR024941_f1.fq.gz,Raw FASTQ
HRR024941_r2.fq.gz,Raw FASTQ
HRR024942_f1.fq.gz,Raw FASTQ
HRR024942_r2.fq.gz,Raw FASTQ
HRR024943_f1.fq.gz,Raw FASTQ
HRR024943_r2.fq.gz,Raw FASTQ
HRR024944_f1.fq.gz,Raw FASTQ
HRR024944_r2.fq.gz,Raw FASTQ
HRR024945_f1.fq.gz,Raw FASTQ
HRR024945_r2.fq.gz,Raw FASTQ
HRR024946_f1.fq.gz,Raw FASTQ
HRR024946_r2.fq.gz,Raw FASTQ
HRR024947_f1.fq.gz,Raw FASTQ
HRR024947_r2.fq.gz,Raw FASTQ
HRR024948_f1.fq.gz,Raw FASTQ
HRR024948_r2.fq.gz,Raw FASTQ
HRR024949_f1.fq.gz,Raw FASTQ
HRR024949_r2.fq.gz,Raw FASTQ
HRR024950_f1.fq.gz,Raw FASTQ
HRR024950_r2.fq.gz,Raw FASTQ
HRR024951_f1.fq.gz,Raw FASTQ
HRR024951_r2.fq.gz,Raw FASTQ
HRR024952_f1.fq.gz,Raw FASTQ
HRR024952_r2.fq.gz,Raw FASTQ
HRR024953_f1.fq.gz,Raw FASTQ
HRR024953_r2.fq.gz,Raw FASTQ
HRR024954_f1.fq.gz,Raw FASTQ
HRR024954_r2.fq.gz,Raw FASTQ
HRR024955_f1.fq.gz,Raw FASTQ
HRR024955_r2.fq.gz,Raw FASTQ
HRR024956_f1.fq.gz,Raw FASTQ
HRR024956_r2.fq.gz,Raw FASTQ
HRR024957_f1.fq.gz,Raw FASTQ
HRR024957_r2.fq.gz,Raw FASTQ
HRR024958_f1.fq.gz,Raw FASTQ
HRR024958_r2.fq.gz,Raw FASTQ
HRR024959_f1.fq.gz,Raw FASTQ
HRR024959_r2.fq.gz,Raw FASTQ
HRR024960_f1.fq.gz,Raw FASTQ
HRR024960_r2.fq.gz,Raw FASTQ
HRR024961_f1.fq.gz,Raw FASTQ
HRR024961_r2.fq.gz,Raw FASTQ
HRR024962_f1.fq.gz,Raw FASTQ
HRR024962_r2.fq.gz,Raw FASTQ
HRR024963_f1.fq.gz,Raw FASTQ
HRR024963_r2.fq.gz,Raw FASTQ
HRR024964_f1.fq.gz,Raw FASTQ
HRR024964_r2.fq.gz,Raw FASTQ
HRR024965_f1.fq.gz,Raw FASTQ
HRR024965_r2.fq.gz,Raw FASTQ
HRR024966_f1.fq.gz,Raw FASTQ
HRR024966_r2.fq.gz,Raw FASTQ
HRR024967_f1.fq.gz,Raw FASTQ
HRR024967_r2.fq.gz,Raw FASTQ
HRR024968_f1.fq.gz,Raw FASTQ
HRR024968_r2.fq.gz,Raw FASTQ
HRR024969_f1.fq.gz,Raw FASTQ
HRR024969_r2.fq.gz,Raw FASTQ
HRR024970_f1.fq.gz,Raw FASTQ
HRR024970_r2.fq.gz,Raw FASTQ
HRR024971_f1.fq.gz,Raw FASTQ
HRR024971_r2.fq.gz,Raw FASTQ
HRR024972_f1.fq.gz,Raw FASTQ
HRR024972_r2.fq.gz,Raw FASTQ
HRR024973_f1.fq.gz,Raw FASTQ
HRR024973_r2.fq.gz,Raw FASTQ
HRR024974_f1.fq.gz,Raw FASTQ
HRR024974_r2.fq.gz,Raw FASTQ
HRR024975_f1.fq.gz,Raw FASTQ
HRR024975_r2.fq.gz,Raw FASTQ
HRR024976_f1.fq.gz,Raw FASTQ
HRR024976_r2.fq.gz,Raw FASTQ
HRR024977_f1.fq.gz,Raw FASTQ
HRR024977_r2.fq.gz,Raw FASTQ
HRR024978_f1.fq.gz,Raw FASTQ
HRR024978_r2.fq.gz,Raw FASTQ
HRR024979_f1.fq.gz,Raw FASTQ
HRR024979_r2.fq.gz,Raw FASTQ
HRR024980_f1.fq.gz,Raw FASTQ
HRR024980_r2.fq.gz,Raw FASTQ
HRR024981_f1.fq.gz,Raw FASTQ
HRR024981_r2.fq.gz,Raw FASTQ
HRR024982_f1.fq.gz,Raw FASTQ
HRR024982_r2.fq.gz,Raw FASTQ
HRR024983_f1.fq.gz,Raw FASTQ
HRR024983_r2.fq.gz,Raw FASTQ
HRR024984_f1.fq.gz,Raw FASTQ
HRR024984_r2.fq.gz,Raw FASTQ
HRR024985_f1.fq.gz,Raw FASTQ
HRR024985_r2.fq.gz,Raw FASTQ
HRR024986_f1.fq.gz,Raw FASTQ
HRR024986_r2.fq.gz,Raw FASTQ
HRR024987_f1.fq.gz,Raw FASTQ
HRR024987_r2.fq.gz,Raw FASTQ
HRR024988_f1.fq.gz,Raw FASTQ
HRR024988_r2.fq.gz,Raw FASTQ
HRR024989_f1.fq.gz,Raw FASTQ
HRR024989_r2.fq.gz,Raw FASTQ
HRR024990_f1.fq.gz,Raw FASTQ
HRR024990_r2.fq.gz,Raw FASTQ
HRR024991_f1.fq.gz,Raw FASTQ
HRR024991_r2.fq.gz,Raw FASTQ
HRR024992_f1.fq.gz,Raw FASTQ
HRR024992_r2.fq.gz,Raw FASTQ
HRR024993_f1.fq.gz,Raw FASTQ
HRR024993_r2.fq.gz,Raw FASTQ
HRR024994_f1.fq.gz,Raw FASTQ
HRR024994_r2.fq.gz,Raw FASTQ
HRR024995_f1.fq.gz,Raw FASTQ
HRR024995_r2.fq.gz,Raw FASTQ
HRR024996_f1.fq.gz,Raw FASTQ
HRR024996_r2.fq.gz,Raw FASTQ
HRR024997_f1.fq.gz,Raw FASTQ
HRR024997_r2.fq.gz,Raw FASTQ
HRR024998_f1.fq.gz,Raw FASTQ
HRR024998_r2.fq.gz,Raw FASTQ
HRR024999_f1.fq.gz,Raw FASTQ
HRR024999_r2.fq.gz,Raw FASTQ
HRR025000_f1.fq.gz,Raw FASTQ
HRR025000_r2.fq.gz,Raw FASTQ
HRR025001_f1.fq.gz,Raw FASTQ
HRR025001_r2.fq.gz,Raw FASTQ
HRR025002_f1.fq.gz,Raw FASTQ
HRR025002_r2.fq.gz,Raw FASTQ
HRR025003_f1.fq.gz,Raw FASTQ
HRR025003_r2.fq.gz,Raw FASTQ
HRR025004_f1.fq.gz,Raw FASTQ
HRR025004_r2.fq.gz,Raw FASTQ
HRR025005_f1.fq.gz,Raw FASTQ
HRR025005_r2.fq.gz,Raw FASTQ
HRR025006_f1.fq.gz,Raw FASTQ
HRR025006_r2.fq.gz,Raw FASTQ
HRR025007_f1.fq.gz,Raw FASTQ
HRR025007_r2.fq.gz,Raw FASTQ
HRR025008_f1.fq.gz,Raw FASTQ
HRR025008_r2.fq.gz,Raw FASTQ
HRR025009_f1.fq.gz,Raw FASTQ
HRR025009_r2.fq.gz,Raw FASTQ
HRR025010_f1.fq.gz,Raw FASTQ
HRR025010_r2.fq.gz,Raw FASTQ
HRR025011_f1.fq.gz,Raw FASTQ
HRR025011_r2.fq.gz,Raw FASTQ
HRR025012_f1.fq.gz,Raw FASTQ
HRR025012_r2.fq.gz,Raw FASTQ
HRR025013_f1.fq.gz,Raw FASTQ
HRR025013_r2.fq.gz,Raw FASTQ
HRR025014_f1.fq.gz,Raw FASTQ
HRR025014_r2.fq.gz,Raw FASTQ
HRR025015_f1.fq.gz,Raw FASTQ
HRR025015_r2.fq.gz,Raw FASTQ
HRR025016_f1.fq.gz,Raw FASTQ
HRR025016_r2.fq.gz,Raw FASTQ
HRR025017_f1.fq.gz,Raw FASTQ
HRR025017_r2.fq.gz,Raw FASTQ
HRR025018_f1.fq.gz,Raw FASTQ
HRR025018_r2.fq.gz,Raw FASTQ
HRR025019_f1.fq.gz,Raw FASTQ
HRR025019_r2.fq.gz,Raw FASTQ
HRR025020_f1.fq.gz,Raw FASTQ
HRR025020_r2.fq.gz,Raw FASTQ
HRR025021_f1.fq.gz,Raw FASTQ
HRR025021_r2.fq.gz,Raw FASTQ
HRR025022_f1.fq.gz,Raw FASTQ
HRR025022_r2.fq.gz,Raw FASTQ
HRR025023_f1.fq.gz,Raw FASTQ
HRR025023_r2.fq.gz,Raw FASTQ
HRR025024_f1.fq.gz,Raw FASTQ
HRR025024_r2.fq.gz,Raw FASTQ
HRR025025_f1.fq.gz,Raw FASTQ
HRR025025_r2.fq.gz,Raw FASTQ
HRR025026_f1.fq.gz,Raw FASTQ
HRR025026_r2.fq.gz,Raw FASTQ
HRR025027_f1.fq.gz,Raw FASTQ
HRR025027_r2.fq.gz,Raw FASTQ
HRR025028_f1.fq.gz,Raw FASTQ
HRR025028_r2.fq.gz,Raw FASTQ
HRR025029_f1.fq.gz,Raw FASTQ
HRR025029_r2.fq.gz,Raw FASTQ
HRR025030_f1.fq.gz,Raw FASTQ
HRR025030_r2.fq.gz,Raw FASTQ
HRR025031_f1.fq.gz,Raw FASTQ
HRR025031_r2.fq.gz,Raw FASTQ
HRR025032_f1.fq.gz,Raw FASTQ
HRR025032_r2.fq.gz,Raw FASTQ
HRR025033_f1.fq.gz,Raw FASTQ
HRR025033_r2.fq.gz,Raw FASTQ
HRR025034_f1.fq.gz,Raw FASTQ
HRR025034_r2.fq.gz,Raw FASTQ
HRR025035_f1.fq.gz,Raw FASTQ
HRR025035_r2.fq.gz,Raw FASTQ
HRR025036_f1.fq.gz,Raw FASTQ
HRR025036_r2.fq.gz,Raw FASTQ
HRR025037_f1.fq.gz,Raw FASTQ
HRR025037_r2.fq.gz,Raw FASTQ
HRR025038_f1.fq.gz,Raw FASTQ
HRR025038_r2.fq.gz,Raw FASTQ
HRR025039_f1.fq.gz,Raw FASTQ
HRR025039_r2.fq.gz,Raw FASTQ
HRR025040_f1.fq.gz,Raw FASTQ
HRR025040_r2.fq.gz,Raw FASTQ
HRR025041_f1.fq.gz,Raw FASTQ
HRR025041_r2.fq.gz,Raw FASTQ
HRR025042_f1.fq.gz,Raw FASTQ
HRR025042_r2.fq.gz,Raw FASTQ
HRR025043_f1.fq.gz,Raw FASTQ
HRR025043_r2.fq.gz,Raw FASTQ
HRR025044_f1.fq.gz,Raw FASTQ
HRR025044_r2.fq.gz,Raw FASTQ
HRR025045_f1.fq.gz,Raw FASTQ
HRR025045_r2.fq.gz,Raw FASTQ
HRR025046_f1.fq.gz,Raw FASTQ
HRR025046_r2.fq.gz,Raw FASTQ
HRR025047_f1.fq.gz,Raw FASTQ
HRR025047_r2.fq.gz,Raw FASTQ
HRR025048_f1.fq.gz,Raw FASTQ
HRR025048_r2.fq.gz,Raw FASTQ
HRR025049_f1.fq.gz,Raw FASTQ
HRR025049_r2.fq.gz,Raw FASTQ
HRR025050_f1.fq.gz,Raw FASTQ
HRR025050_r2.fq.gz,Raw FASTQ
HRR025051_f1.fq.gz,Raw FASTQ
HRR025051_r2.fq.gz,Raw FASTQ
HRR025052_f1.fq.gz,Raw FASTQ
HRR025052_r2.fq.gz,Raw FASTQ
HRR025053_f1.fq.gz,Raw FASTQ
HRR025053_r2.fq.gz,Raw FASTQ
HRR025054_f1.fq.gz,Raw FASTQ
HRR025054_r2.fq.gz,Raw FASTQ
HRR025055_f1.fq.gz,Raw FASTQ
HRR025055_r2.fq.gz,Raw FASTQ
HRR025056_f1.fq.gz,Raw FASTQ
HRR025056_r2.fq.gz,Raw FASTQ
HRR025057_f1.fq.gz,Raw FASTQ
HRR025057_r2.fq.gz,Raw FASTQ
HRR025058_f1.fq.gz,Raw FASTQ
HRR025058_r2.fq.gz,Raw FASTQ
HRR025059_f1.fq.gz,Raw FASTQ
HRR025059_r2.fq.gz,Raw FASTQ
HRR025060_f1.fq.gz,Raw FASTQ
HRR025060_r2.fq.gz,Raw FASTQ
HRR025061_f1.fq.gz,Raw FASTQ
HRR025061_r2.fq.gz,Raw FASTQ
HRR025062_f1.fq.gz,Raw FASTQ
HRR025062_r2.fq.gz,Raw FASTQ
HRR025063_f1.fq.gz,Raw FASTQ
HRR025063_r2.fq.gz,Raw FASTQ
HRR025064_f1.fq.gz,Raw FASTQ
HRR025064_r2.fq.gz,Raw FASTQ
HRR025065_f1.fq.gz,Raw FASTQ
HRR025065_r2.fq.gz,Raw FASTQ
HRR025066_f1.fq.gz,Raw FASTQ
HRR025066_r2.fq.gz,Raw FASTQ
HRR025067_f1.fq.gz,Raw FASTQ
HRR025067_r2.fq.gz,Raw FASTQ
HRR025068_f1.fq.gz,Raw FASTQ
HRR025068_r2.fq.gz,Raw FASTQ
HRR025069_f1.fq.gz,Raw FASTQ
HRR025069_r2.fq.gz,Raw FASTQ
HRR025070_f1.fq.gz,Raw FASTQ
HRR025070_r2.fq.gz,Raw FASTQ
HRR025071_f1.fq.gz,Raw FASTQ
HRR025071_r2.fq.gz,Raw FASTQ
HRR025072_f1.fq.gz,Raw FASTQ
HRR025072_r2.fq.gz,Raw FASTQ
HRR025073_f1.fq.gz,Raw FASTQ
HRR025073_r2.fq.gz,Raw FASTQ
HRR025074_f1.fq.gz,Raw FASTQ
HRR025074_r2.fq.gz,Raw FASTQ
HRR025075_f1.fq.gz,Raw FASTQ
HRR025075_r2.fq.gz,Raw FASTQ
HRR025076_f1.fq.gz,Raw FASTQ
HRR025076_r2.fq.gz,Raw FASTQ
HRR025077_f1.fq.gz,Raw FASTQ
HRR025077_r2.fq.gz,Raw FASTQ
HRR025078_f1.fq.gz,Raw FASTQ
HRR025078_r2.fq.gz,Raw FASTQ
HRR025079_f1.fq.gz,Raw FASTQ
HRR025079_r2.fq.gz,Raw FASTQ
HRR025080_f1.fq.gz,Raw FASTQ
HRR025080_r2.fq.gz,Raw FASTQ
HRR025081_f1.fq.gz,Raw FASTQ
HRR025081_r2.fq.gz,Raw FASTQ
HRR025082_f1.fq.gz,Raw FASTQ
HRR025082_r2.fq.gz,Raw FASTQ
HRR025083_f1.fq.gz,Raw FASTQ
HRR025083_r2.fq.gz,Raw FASTQ
HRR025084_f1.fq.gz,Raw FASTQ
HRR025084_r2.fq.gz,Raw FASTQ
HRR025085_f1.fq.gz,Raw FASTQ
HRR025085_r2.fq.gz,Raw FASTQ
HRR025086_f1.fq.gz,Raw FASTQ
HRR025086_r2.fq.gz,Raw FASTQ
HRR025087_f1.fq.gz,Raw FASTQ
HRR025087_r2.fq.gz,Raw FASTQ
HRR025088_f1.fq.gz,Raw FASTQ
HRR025088_r2.fq.gz,Raw FASTQ
HRR025089_f1.fq.gz,Raw FASTQ
HRR025089_r2.fq.gz,Raw FASTQ
HRR025090_f1.fq.gz,Raw FASTQ
HRR025090_r2.fq.gz,Raw FASTQ
HRR025091_f1.fq.gz,Raw FASTQ
HRR025091_r2.fq.gz,Raw FASTQ
HRR025092_f1.fq.gz,Raw FASTQ
HRR025092_r2.fq.gz,Raw FASTQ
HRR025093_f1.fq.gz,Raw FASTQ
HRR025093_r2.fq.gz,Raw FASTQ
HRR025094_f1.fq.gz,Raw FASTQ
HRR025094_r2.fq.gz,Raw FASTQ
HRR025095_f1.fq.gz,Raw FASTQ
HRR025095_r2.fq.gz,Raw FASTQ
HRR025096_f1.fq.gz,Raw FASTQ
HRR025096_r2.fq.gz,Raw FASTQ
HRR025097_f1.fq.gz,Raw FASTQ
HRR025097_r2.fq.gz,Raw FASTQ
HRR025098_f1.fq.gz,Raw FASTQ
HRR025098_r2.fq.gz,Raw FASTQ
HRR025099_f1.fq.gz,Raw FASTQ
HRR025099_r2.fq.gz,Raw FASTQ
HRR025100_f1.fq.gz,Raw FASTQ
HRR025100_r2.fq.gz,Raw FASTQ
HRR025101_f1.fq.gz,Raw FASTQ
HRR025101_r2.fq.gz,Raw FASTQ
HRR025102_f1.fq.gz,Raw FASTQ
HRR025102_r2.fq.gz,Raw FASTQ
HRR025103_f1.fq.gz,Raw FASTQ
HRR025103_r2.fq.gz,Raw FASTQ
HRR025104_f1.fq.gz,Raw FASTQ
HRR025104_r2.fq.gz,Raw FASTQ
HRR025105_f1.fq.gz,Raw FASTQ
HRR025105_r2.fq.gz,Raw FASTQ
HRR025106_f1.fq.gz,Raw FASTQ
HRR025106_r2.fq.gz,Raw FASTQ
HRR025107_f1.fq.gz,Raw FASTQ
HRR025107_r2.fq.gz,Raw FASTQ
HRR025108_f1.fq.gz,Raw FASTQ
HRR025108_r2.fq.gz,Raw FASTQ
HRR025109_f1.fq.gz,Raw FASTQ
HRR025109_r2.fq.gz,Raw FASTQ
HRR025110_f1.fq.gz,Raw FASTQ
HRR025110_r2.fq.gz,Raw FASTQ
HRR025111_f1.fq.gz,Raw FASTQ
HRR025111_r2.fq.gz,Raw FASTQ
HRR025112_f1.fq.gz,Raw FASTQ
HRR025112_r2.fq.gz,Raw FASTQ
HRR025113_f1.fq.gz,Raw FASTQ
HRR025113_r2.fq.gz,Raw FASTQ
HRR025114_f1.fq.gz,Raw FASTQ
HRR025114_r2.fq.gz,Raw FASTQ
HRR025115_f1.fq.gz,Raw FASTQ
HRR025115_r2.fq.gz,Raw FASTQ
HRR025116_f1.fq.gz,Raw FASTQ
HRR025116_r2.fq.gz,Raw FASTQ
HRR025117_f1.fq.gz,Raw FASTQ
HRR025117_r2.fq.gz,Raw FASTQ
HRR025118_f1.fq.gz,Raw FASTQ
HRR025118_r2.fq.gz,Raw FASTQ
HRR025119_f1.fq.gz,Raw FASTQ
HRR025119_r2.fq.gz,Raw FASTQ
HRR025120_f1.fq.gz,Raw FASTQ
HRR025120_r2.fq.gz,Raw FASTQ
HRR025121_f1.fq.gz,Raw FASTQ
HRR025121_r2.fq.gz,Raw FASTQ
HRR025122_f1.fq.gz,Raw FASTQ
HRR025122_r2.fq.gz,Raw FASTQ
HRR025123_f1.fq.gz,Raw FASTQ
HRR025123_r2.fq.gz,Raw FASTQ
HRR025124_f1.fq.gz,Raw FASTQ
HRR025124_r2.fq.gz,Raw FASTQ
HRR025125_f1.fq.gz,Raw FASTQ
HRR025125_r2.fq.gz,Raw FASTQ
HRR025126_f1.fq.gz,Raw FASTQ
HRR025126_r2.fq.gz,Raw FASTQ
HRR025127_f1.fq.gz,Raw FASTQ
HRR025127_r2.fq.gz,Raw FASTQ
HRR025128_f1.fq.gz,Raw FASTQ
HRR025128_r2.fq.gz,Raw FASTQ
HRR025129_f1.fq.gz,Raw FASTQ
HRR025129_r2.fq.gz,Raw FASTQ
HRR025130_f1.fq.gz,Raw FASTQ
HRR025130_r2.fq.gz,Raw FASTQ
HRR025131_f1.fq.gz,Raw FASTQ
HRR025131_r2.fq.gz,Raw FASTQ
HRR025132_f1.fq.gz,Raw FASTQ
HRR025132_r2.fq.gz,Raw FASTQ
HRR025133_f1.fq.gz,Raw FASTQ
HRR025133_r2.fq.gz,Raw FASTQ
HRR025134_f1.fq.gz,Raw FASTQ
HRR025134_r2.fq.gz,Raw FASTQ
HRR025135_f1.fq.gz,Raw FASTQ
HRR025135_r2.fq.gz,Raw FASTQ
HRR025136_f1.fq.gz,Raw FASTQ
HRR025136_r2.fq.gz,Raw FASTQ
HRR025137_f1.fq.gz,Raw FASTQ
HRR025137_r2.fq.gz,Raw FASTQ
HRR025138_f1.fq.gz,Raw FASTQ
HRR025138_r2.fq.gz,Raw FASTQ
HRR025139_f1.fq.gz,Raw FASTQ
HRR025139_r2.fq.gz,Raw FASTQ
HRR025140_f1.fq.gz,Raw FASTQ
HRR025140_r2.fq.gz,Raw FASTQ
HRR025141_f1.fq.gz,Raw FASTQ
HRR025141_r2.fq.gz,Raw FASTQ
HRR025142_f1.fq.gz,Raw FASTQ
HRR025142_r2.fq.gz,Raw FASTQ
HRR025143_f1.fq.gz,Raw FASTQ
HRR025143_r2.fq.gz,Raw FASTQ
HRR025144_f1.fq.gz,Raw FASTQ
HRR025144_r2.fq.gz,Raw FASTQ
HRR025145_f1.fq.gz,Raw FASTQ
HRR025145_r2.fq.gz,Raw FASTQ
HRR025146_f1.fq.gz,Raw FASTQ
HRR025146_r2.fq.gz,Raw FASTQ
HRR025147_f1.fq.gz,Raw FASTQ
HRR025147_r2.fq.gz,Raw FASTQ
HRR025148_f1.fq.gz,Raw FASTQ
HRR025148_r2.fq.gz,Raw FASTQ
HRR025149_f1.fq.gz,Raw FASTQ
HRR025149_r2.fq.gz,Raw FASTQ
HRR025150_f1.fq.gz,Raw FASTQ
HRR025150_r2.fq.gz,Raw FASTQ
HRR025151_f1.fq.gz,Raw FASTQ
HRR025151_r2.fq.gz,Raw FASTQ
HRR025152_f1.fq.gz,Raw FASTQ
HRR025152_r2.fq.gz,Raw FASTQ
HRR025153_f1.fq.gz,Raw FASTQ
HRR025153_r2.fq.gz,Raw FASTQ
HRR025154_f1.fq.gz,Raw FASTQ
HRR025154_r2.fq.gz,Raw FASTQ
HRR025155_f1.fq.gz,Raw FASTQ
HRR025155_r2.fq.gz,Raw FASTQ
HRR025156_f1.fq.gz,Raw FASTQ
HRR025156_r2.fq.gz,Raw FASTQ
HRR025157_f1.fq.gz,Raw FASTQ
HRR025157_r2.fq.gz,Raw FASTQ
HRR025158_f1.fq.gz,Raw FASTQ
HRR025158_r2.fq.gz,Raw FASTQ
HRR025159_f1.fq.gz,Raw FASTQ
HRR025159_r2.fq.gz,Raw FASTQ
HRR025160_f1.fq.gz,Raw FASTQ
HRR025160_r2.fq.gz,Raw FASTQ
HRR025161_f1.fq.gz,Raw FASTQ
HRR025161_r2.fq.gz,Raw FASTQ
HRR025162_f1.fq.gz,Raw FASTQ
HRR025162_r2.fq.gz,Raw FASTQ
HRR025163_f1.fq.gz,Raw FASTQ
HRR025163_r2.fq.gz,Raw FASTQ
HRR025164_f1.fq.gz,Raw FASTQ
HRR025164_r2.fq.gz,Raw FASTQ
HRR025165_f1.fq.gz,Raw FASTQ
HRR025165_r2.fq.gz,Raw FASTQ
HRR025166_f1.fq.gz,Raw FASTQ
HRR025166_r2.fq.gz,Raw FASTQ
HRR025167_f1.fq.gz,Raw FASTQ
HRR025167_r2.fq.gz,Raw FASTQ
HRR025168_f1.fq.gz,Raw FASTQ
HRR025168_r2.fq.gz,Raw FASTQ
HRR025169_f1.fq.gz,Raw FASTQ
HRR025169_r2.fq.gz,Raw FASTQ
HRR025170_f1.fq.gz,Raw FASTQ
HRR025170_r2.fq.gz,Raw FASTQ
HRR025171_f1.fq.gz,Raw FASTQ
HRR025171_r2.fq.gz,Raw FASTQ
HRR025172_f1.fq.gz,Raw FASTQ
HRR025172_r2.fq.gz,Raw FASTQ
HRR025173_f1.fq.gz,Raw FASTQ
HRR025173_r2.fq.gz,Raw FASTQ
HRR025174_f1.fq.gz,Raw FASTQ
HRR025174_r2.fq.gz,Raw FASTQ
HRR025175_f1.fq.gz,Raw FASTQ
HRR025175_r2.fq.gz,Raw FASTQ
HRR025176_f1.fq.gz,Raw FASTQ
HRR025176_r2.fq.gz,Raw FASTQ
HRR025177_f1.fq.gz,Raw FASTQ
HRR025177_r2.fq.gz,Raw FASTQ
HRR025178_f1.fq.gz,Raw FASTQ
HRR025178_r2.fq.gz,Raw FASTQ
HRR025179_f1.fq.gz,Raw FASTQ
HRR025179_r2.fq.gz,Raw FASTQ
HRR025180_f1.fq.gz,Raw FASTQ
HRR025180_r2.fq.gz,Raw FASTQ
HRR025181_f1.fq.gz,Raw FASTQ
HRR025181_r2.fq.gz,Raw FASTQ
HRR025182_f1.fq.gz,Raw FASTQ
HRR025182_r2.fq.gz,Raw FASTQ
HRR025183_f1.fq.gz,Raw FASTQ
HRR025183_r2.fq.gz,Raw FASTQ
HRR025184_f1.fq.gz,Raw FASTQ
HRR025184_r2.fq.gz,Raw FASTQ
HRR025185_f1.fq.gz,Raw FASTQ
HRR025185_r2.fq.gz,Raw FASTQ
HRR025186_f1.fq.gz,Raw FASTQ
HRR025186_r2.fq.gz,Raw FASTQ
HRR025187_f1.fq.gz,Raw FASTQ
HRR025187_r2.fq.gz,Raw FASTQ
HRR025188_f1.fq.gz,Raw FASTQ
HRR025188_r2.fq.gz,Raw FASTQ
HRR025189_f1.fq.gz,Raw FASTQ
HRR025189_r2.fq.gz,Raw FASTQ
HRR025190_f1.fq.gz,Raw FASTQ
HRR025190_r2.fq.gz,Raw FASTQ
HRR025191_f1.fq.gz,Raw FASTQ
HRR025191_r2.fq.gz,Raw FASTQ
HRR025192_f1.fq.gz,Raw FASTQ
HRR025192_r2.fq.gz,Raw FASTQ
HRR025193_f1.fq.gz,Raw FASTQ
HRR025193_r2.fq.gz,Raw FASTQ
HRR025194_f1.fq.gz,Raw FASTQ
HRR025194_r2.fq.gz,Raw FASTQ
HRR025195_f1.fq.gz,Raw FASTQ
HRR025195_r2.fq.gz,Raw FASTQ
HRR025196_f1.fq.gz,Raw FASTQ
HRR025196_r2.fq.gz,Raw FASTQ
HRR025197_f1.fq.gz,Raw FASTQ
HRR025197_r2.fq.gz,Raw FASTQ
HRR025198_f1.fq.gz,Raw FASTQ
HRR025198_r2.fq.gz,Raw FASTQ
HRR025199_f1.fq.gz,Raw FASTQ
HRR025199_r2.fq.gz,Raw FASTQ
HRR025200_f1.fq.gz,Raw FASTQ
HRR025200_r2.fq.gz,Raw FASTQ
HRR025201_f1.fq.gz,Raw FASTQ
HRR025201_r2.fq.gz,Raw FASTQ
HRR025202_f1.fq.gz,Raw FASTQ
HRR025202_r2.fq.gz,Raw FASTQ
HRR025203_f1.fq.gz,Raw FASTQ
HRR025203_r2.fq.gz,Raw FASTQ
HRR025204_f1.fq.gz,Raw FASTQ
HRR025204_r2.fq.gz,Raw FASTQ
HRR025205_f1.fq.gz,Raw FASTQ
HRR025205_r2.fq.gz,Raw FASTQ
HRR025206_f1.fq.gz,Raw FASTQ
HRR025206_r2.fq.gz,Raw FASTQ
HRR025207_f1.fq.gz,Raw FASTQ
HRR025207_r2.fq.gz,Raw FASTQ
HRR025208_f1.fq.gz,Raw FASTQ
HRR025208_r2.fq.gz,Raw FASTQ
HRR025209_f1.fq.gz,Raw FASTQ
HRR025209_r2.fq.gz,Raw FASTQ
HRR025210_f1.fq.gz,Raw FASTQ
HRR025210_r2.fq.gz,Raw FASTQ
HRR025211_f1.fq.gz,Raw FASTQ
HRR025211_r2.fq.gz,Raw FASTQ
HRR025212_f1.fq.gz,Raw FASTQ
HRR025212_r2.fq.gz,Raw FASTQ
HRR025213_f1.fq.gz,Raw FASTQ
HRR025213_r2.fq.gz,Raw FASTQ
HRR025214_f1.fq.gz,Raw FASTQ
HRR025214_r2.fq.gz,Raw FASTQ
HRR025215_f1.fq.gz,Raw FASTQ
HRR025215_r2.fq.gz,Raw FASTQ
HRR025216_f1.fq.gz,Raw FASTQ
HRR025216_r2.fq.gz,Raw FASTQ
HRR025217_f1.fq.gz,Raw FASTQ
HRR025217_r2.fq.gz,Raw FASTQ
HRR025218_f1.fq.gz,Raw FASTQ
HRR025218_r2.fq.gz,Raw FASTQ
HRR025219_f1.fq.gz,Raw FASTQ
HRR025219_r2.fq.gz,Raw FASTQ
HRR025220_f1.fq.gz,Raw FASTQ
HRR025220_r2.fq.gz,Raw FASTQ
HRR025221_f1.fq.gz,Raw FASTQ
HRR025221_r2.fq.gz,Raw FASTQ
HRR025222_f1.fq.gz,Raw FASTQ
HRR025222_r2.fq.gz,Raw FASTQ
HRR025223_f1.fq.gz,Raw FASTQ
HRR025223_r2.fq.gz,Raw FASTQ
HRR025224_f1.fq.gz,Raw FASTQ
HRR025224_r2.fq.gz,Raw FASTQ
HRR025225_f1.fq.gz,Raw FASTQ
HRR025225_r2.fq.gz,Raw FASTQ
HRR025226_f1.fq.gz,Raw FASTQ
HRR025226_r2.fq.gz,Raw FASTQ
HRR025227_f1.fq.gz,Raw FASTQ
HRR025227_r2.fq.gz,Raw FASTQ
HRR025228_f1.fq.gz,Raw FASTQ
HRR025228_r2.fq.gz,Raw FASTQ
HRR025229_f1.fq.gz,Raw FASTQ
HRR025229_r2.fq.gz,Raw FASTQ
HRR025230_f1.fq.gz,Raw FASTQ
HRR025230_r2.fq.gz,Raw FASTQ
HRR025231_f1.fq.gz,Raw FASTQ
HRR025231_r2.fq.gz,Raw FASTQ
HRR025232_f1.fq.gz,Raw FASTQ
HRR025232_r2.fq.gz,Raw FASTQ
HRR025233_f1.fq.gz,Raw FASTQ
HRR025233_r2.fq.gz,Raw FASTQ
HRR025234_f1.fq.gz,Raw FASTQ
HRR025234_r2.fq.gz,Raw FASTQ
HRR025235_f1.fq.gz,Raw FASTQ
HRR025235_r2.fq.gz,Raw FASTQ
HRR025236_f1.fq.gz,Raw FASTQ
HRR025236_r2.fq.gz,Raw FASTQ
HRR025237_f1.fq.gz,Raw FASTQ
HRR025237_r2.fq.gz,Raw FASTQ
HRR025238_f1.fq.gz,Raw FASTQ
HRR025238_r2.fq.gz,Raw FASTQ
HRR025239_f1.fq.gz,Raw FASTQ
HRR025239_r2.fq.gz,Raw FASTQ
HRR025240_f1.fq.gz,Raw FASTQ
HRR025240_r2.fq.gz,Raw FASTQ
HRR025241_f1.fq.gz,Raw FASTQ
HRR025241_r2.fq.gz,Raw FASTQ
HRR025242_f1.fq.gz,Raw FASTQ
HRR025242_r2.fq.gz,Raw FASTQ
HRR025243_f1.fq.gz,Raw FASTQ
HRR025243_r2.fq.gz,Raw FASTQ
HRR025244_f1.fq.gz,Raw FASTQ
HRR025244_r2.fq.gz,Raw FASTQ
HRR025245_f1.fq.gz,Raw FASTQ
HRR025245_r2.fq.gz,Raw FASTQ
HRR025246_f1.fq.gz,Raw FASTQ
HRR025246_r2.fq.gz,Raw FASTQ
HRR025247_f1.fq.gz,Raw FASTQ
HRR025247_r2.fq.gz,Raw FASTQ
HRR025248_f1.fq.gz,Raw FASTQ
HRR025248_r2.fq.gz,Raw FASTQ
HRR025249_f1.fq.gz,Raw FASTQ
HRR025249_r2.fq.gz,Raw FASTQ
HRR025250_f1.fq.gz,Raw FASTQ
HRR025250_r2.fq.gz,Raw FASTQ
HRR025251_f1.fq.gz,Raw FASTQ
HRR025251_r2.fq.gz,Raw FASTQ
HRR025252_f1.fq.gz,Raw FASTQ
HRR025252_r2.fq.gz,Raw FASTQ
HRR025253_f1.fq.gz,Raw FASTQ
HRR025253_r2.fq.gz,Raw FASTQ
HRR025254_f1.fq.gz,Raw FASTQ
HRR025254_r2.fq.gz,Raw FASTQ
HRR025255_f1.fq.gz,Raw FASTQ
HRR025255_r2.fq.gz,Raw FASTQ
HRR025256_f1.fq.gz,Raw FASTQ
HRR025256_r2.fq.gz,Raw FASTQ
HRR025859_f1.fq.gz,Raw FASTQ
HRR025859_r2.fq.gz,Raw FASTQ
HRR025860_f1.fq.gz,Raw FASTQ
HRR025860_r2.fq.gz,Raw FASTQ
HRR025861_f1.fq.gz,Raw FASTQ
HRR025861_r2.fq.gz,Raw FASTQ
HRR025862_f1.fq.gz,Raw FASTQ
HRR025862_r2.fq.gz,Raw FASTQ
HRR025863_f1.fq.gz,Raw FASTQ
HRR025863_r2.fq.gz,Raw FASTQ
HRR025864_f1.fq.gz,Raw FASTQ
HRR025864_r2.fq.gz,Raw FASTQ
HRR025865_f1.fq.gz,Raw FASTQ
HRR025865_r2.fq.gz,Raw FASTQ
HRR025866_f1.fq.gz,Raw FASTQ
HRR025866_r2.fq.gz,Raw FASTQ
HRR025867_f1.fq.gz,Raw FASTQ
HRR025867_r2.fq.gz,Raw FASTQ
HRR025868_f1.fq.gz,Raw FASTQ
HRR025868_r2.fq.gz,Raw FASTQ
HRR025869_f1.fq.gz,Raw FASTQ
HRR025869_r2.fq.gz,Raw FASTQ
HRR025870_f1.fq.gz,Raw FASTQ
HRR025870_r2.fq.gz,Raw FASTQ
HRR025871_f1.fq.gz,Raw FASTQ
HRR025871_r2.fq.gz,Raw FASTQ
HRR025872_f1.fq.gz,Raw FASTQ
HRR025872_r2.fq.gz,Raw FASTQ
HRR025873_f1.fq.gz,Raw FASTQ
HRR025873_r2.fq.gz,Raw FASTQ
HRR025874_f1.fq.gz,Raw FASTQ
HRR025874_r2.fq.gz,Raw FASTQ
HRR025875_f1.fq.gz,Raw FASTQ
HRR025875_r2.fq.gz,Raw FASTQ
HRR025876_f1.fq.gz,Raw FASTQ
HRR025876_r2.fq.gz,Raw FASTQ
HRR025877_f1.fq.gz,Raw FASTQ
HRR025877_r2.fq.gz,Raw FASTQ
HRR025878_f1.fq.gz,Raw FASTQ
HRR025878_r2.fq.gz,Raw FASTQ
HRR025879_f1.fq.gz,Raw FASTQ
HRR025879_r2.fq.gz,Raw FASTQ
HRR025880_f1.fq.gz,Raw FASTQ
HRR025880_r2.fq.gz,Raw FASTQ
HRR025881_f1.fq.gz,Raw FASTQ
HRR025881_r2.fq.gz,Raw FASTQ
HRR025882_f1.fq.gz,Raw FASTQ
HRR025882_r2.fq.gz,Raw FASTQ
HRR025883_f1.fq.gz,Raw FASTQ
HRR025883_r2.fq.gz,Raw FASTQ
HRR025884_f1.fq.gz,Raw FASTQ
HRR025884_r2.fq.gz,Raw FASTQ
HRR025885_f1.fq.gz,Raw FASTQ
HRR025885_r2.fq.gz,Raw FASTQ
HRR025886_f1.fq.gz,Raw FASTQ
HRR025886_r2.fq.gz,Raw FASTQ
HRR025887_f1.fq.gz,Raw FASTQ
HRR025887_r2.fq.gz,Raw FASTQ
HRR025888_f1.fq.gz,Raw FASTQ
HRR025888_r2.fq.gz,Raw FASTQ
HRR025889_f1.fq.gz,Raw FASTQ
HRR025889_r2.fq.gz,Raw FASTQ
HRR025890_f1.fq.gz,Raw FASTQ
HRR025890_r2.fq.gz,Raw FASTQ
HRR025891_f1.fq.gz,Raw FASTQ
HRR025891_r2.fq.gz,Raw FASTQ
HRR025892_f1.fq.gz,Raw FASTQ
HRR025892_r2.fq.gz,Raw FASTQ
HRR025893_f1.fq.gz,Raw FASTQ
HRR025893_r2.fq.gz,Raw FASTQ
HRR025894_f1.fq.gz,Raw FASTQ
HRR025894_r2.fq.gz,Raw FASTQ
HRR025895_f1.fq.gz,Raw FASTQ
HRR025895_r2.fq.gz,Raw FASTQ
HRR025896_f1.fq.gz,Raw FASTQ
HRR025896_r2.fq.gz,Raw FASTQ
HRR025897_f1.fq.gz,Raw FASTQ
HRR025897_r2.fq.gz,Raw FASTQ
HRR025898_f1.fq.gz,Raw FASTQ
HRR025898_r2.fq.gz,Raw FASTQ
HRR025899_f1.fq.gz,Raw FASTQ
HRR025899_r2.fq.gz,Raw FASTQ
HRR025900_f1.fq.gz,Raw FASTQ
HRR025900_r2.fq.gz,Raw FASTQ
HRR025901_f1.fq.gz,Raw FASTQ
HRR025901_r2.fq.gz,Raw FASTQ
HRR025902_f1.fq.gz,Raw FASTQ
HRR025902_r2.fq.gz,Raw FASTQ
HRR025903_f1.fq.gz,Raw FASTQ
HRR025903_r2.fq.gz,Raw FASTQ
HRR025904_f1.fq.gz,Raw FASTQ
HRR025904_r2.fq.gz,Raw FASTQ
HRR025905_f1.fq.gz,Raw FASTQ
HRR025905_r2.fq.gz,Raw FASTQ
HRR025906_f1.fq.gz,Raw FASTQ
HRR025906_r2.fq.gz,Raw FASTQ
HRR025907_f1.fq.gz,Raw FASTQ
HRR025907_r2.fq.gz,Raw FASTQ
HRR025908_f1.fq.gz,Raw FASTQ
HRR025908_r2.fq.gz,Raw FASTQ
HRR025909_f1.fq.gz,Raw FASTQ
HRR025909_r2.fq.gz,Raw FASTQ
HRR025910_f1.fq.gz,Raw FASTQ
HRR025910_r2.fq.gz,Raw FASTQ
HRR025911_f1.fq.gz,Raw FASTQ
HRR025911_r2.fq.gz,Raw FASTQ
HRR025912_f1.fq.gz,Raw FASTQ
HRR025912_r2.fq.gz,Raw FASTQ
HRR025913_f1.fq.gz,Raw FASTQ
HRR025913_r2.fq.gz,Raw FASTQ
HRR025914_f1.fq.gz,Raw FASTQ
HRR025914_r2.fq.gz,Raw FASTQ
HRR025915_f1.fq.gz,Raw FASTQ
HRR025915_r2.fq.gz,Raw FASTQ
HRR025916_f1.fq.gz,Raw FASTQ
HRR025916_r2.fq.gz,Raw FASTQ
HRR025917_f1.fq.gz,Raw FASTQ
HRR025917_r2.fq.gz,Raw FASTQ
HRR025918_f1.fq.gz,Raw FASTQ
HRR025918_r2.fq.gz,Raw FASTQ
HRR025919_f1.fq.gz,Raw FASTQ
HRR025919_r2.fq.gz,Raw FASTQ
HRR025920_f1.fq.gz,Raw FASTQ
HRR025920_r2.fq.gz,Raw FASTQ
HRR025921_f1.fq.gz,Raw FASTQ
HRR025921_r2.fq.gz,Raw FASTQ
HRR025922_f1.fq.gz,Raw FASTQ
HRR025922_r2.fq.gz,Raw FASTQ
HRR025923_f1.fq.gz,Raw FASTQ
HRR025923_r2.fq.gz,Raw FASTQ
HRR025924_f1.fq.gz,Raw FASTQ
HRR025924_r2.fq.gz,Raw FASTQ
HRR025925_f1.fq.gz,Raw FASTQ
HRR025925_r2.fq.gz,Raw FASTQ
HRR025926_f1.fq.gz,Raw FASTQ
HRR025926_r2.fq.gz,Raw FASTQ
HRR025927_f1.fq.gz,Raw FASTQ
HRR025927_r2.fq.gz,Raw FASTQ
HRR025928_f1.fq.gz,Raw FASTQ
HRR025928_r2.fq.gz,Raw FASTQ
HRR025929_f1.fq.gz,Raw FASTQ
HRR025929_r2.fq.gz,Raw FASTQ
HRR025930_f1.fq.gz,Raw FASTQ
HRR025930_r2.fq.gz,Raw FASTQ
HRR025931_f1.fq.gz,Raw FASTQ
HRR025931_r2.fq.gz,Raw FASTQ
HRR025932_f1.fq.gz,Raw FASTQ
HRR025932_r2.fq.gz,Raw FASTQ
HRR025933_f1.fq.gz,Raw FASTQ
HRR025933_r2.fq.gz,Raw FASTQ
HRR025934_f1.fq.gz,Raw FASTQ
HRR025934_r2.fq.gz,Raw FASTQ
HRR025935_f1.fq.gz,Raw FASTQ
HRR025935_r2.fq.gz,Raw FASTQ
HRR025936_f1.fq.gz,Raw FASTQ
HRR025936_r2.fq.gz,Raw FASTQ
HRR025937_f1.fq.gz,Raw FASTQ
HRR025937_r2.fq.gz,Raw FASTQ
HRR025938_f1.fq.gz,Raw FASTQ
HRR025938_r2.fq.gz,Raw FASTQ
HRR025939_f1.fq.gz,Raw FASTQ
HRR025939_r2.fq.gz,Raw FASTQ
HRR025940_f1.fq.gz,Raw FASTQ
HRR025940_r2.fq.gz,Raw FASTQ
HRR025941_f1.fq.gz,Raw FASTQ
HRR025941_r2.fq.gz,Raw FASTQ
HRR025942_f1.fq.gz,Raw FASTQ
HRR025942_r2.fq.gz,Raw FASTQ
HRR025943_f1.fq.gz,Raw FASTQ
HRR025943_r2.fq.gz,Raw FASTQ
HRR025944_f1.fq.gz,Raw FASTQ
HRR025944_r2.fq.gz,Raw FASTQ
HRR025945_f1.fq.gz,Raw FASTQ
HRR025945_r2.fq.gz,Raw FASTQ
HRR025946_f1.fq.gz,Raw FASTQ
HRR025946_r2.fq.gz,Raw FASTQ
HRR025947_f1.fq.gz,Raw FASTQ
HRR025947_r2.fq.gz,Raw FASTQ
HRR025948_f1.fq.gz,Raw FASTQ
HRR025948_r2.fq.gz,Raw FASTQ
HRR025949_f1.fq.gz,Raw FASTQ
HRR025949_r2.fq.gz,Raw FASTQ
HRR025950_f1.fq.gz,Raw FASTQ
HRR025950_r2.fq.gz,Raw FASTQ
HRR025951_f1.fq.gz,Raw FASTQ
HRR025951_r2.fq.gz,Raw FASTQ
HRR025952_f1.fq.gz,Raw FASTQ
HRR025952_r2.fq.gz,Raw FASTQ
HRR025953_f1.fq.gz,Raw FASTQ
HRR025953_r2.fq.gz,Raw FASTQ
HRR025954_f1.fq.gz,Raw FASTQ
HRR025954_r2.fq.gz,Raw FASTQ
HRR025955_f1.fq.gz,Raw FASTQ
HRR025955_r2.fq.gz,Raw FASTQ
HRR025956_f1.fq.gz,Raw FASTQ
HRR025956_r2.fq.gz,Raw FASTQ
HRR025957_f1.fq.gz,Raw FASTQ
HRR025957_r2.fq.gz,Raw FASTQ
HRR025958_f1.fq.gz,Raw FASTQ
HRR025958_r2.fq.gz,Raw FASTQ
HRR025959_f1.fq.gz,Raw FASTQ
HRR025959_r2.fq.gz,Raw FASTQ
HRR025960_f1.fq.gz,Raw FASTQ
HRR025960_r2.fq.gz,Raw FASTQ
HRR025961_f1.fq.gz,Raw FASTQ
HRR025961_r2.fq.gz,Raw FASTQ
HRR025962_f1.fq.gz,Raw FASTQ
HRR025962_r2.fq.gz,Raw FASTQ
HRR025963_f1.fq.gz,Raw FASTQ
HRR025963_r2.fq.gz,Raw FASTQ
HRR025964_f1.fq.gz,Raw FASTQ
HRR025964_r2.fq.gz,Raw FASTQ
HRR025965_f1.fq.gz,Raw FASTQ
HRR025965_r2.fq.gz,Raw FASTQ
HRR025966_f1.fq.gz,Raw FASTQ
HRR025966_r2.fq.gz,Raw FASTQ
HRR025967_f1.fq.gz,Raw FASTQ
HRR025967_r2.fq.gz,Raw FASTQ
HRR025968_f1.fq.gz,Raw FASTQ
HRR025968_r2.fq.gz,Raw FASTQ
HRR025969_f1.fq.gz,Raw FASTQ
HRR025969_r2.fq.gz,Raw FASTQ
HRR025970_f1.fq.gz,Raw FASTQ
HRR025970_r2.fq.gz,Raw FASTQ
HRR025971_f1.fq.gz,Raw FASTQ
HRR025971_r2.fq.gz,Raw FASTQ
HRR025972_f1.fq.gz,Raw FASTQ
HRR025972_r2.fq.gz,Raw FASTQ
HRR025973_f1.fq.gz,Raw FASTQ
HRR025973_r2.fq.gz,Raw FASTQ
HRR025974_f1.fq.gz,Raw FASTQ
HRR025974_r2.fq.gz,Raw FASTQ
HRR025975_f1.fq.gz,Raw FASTQ
HRR025975_r2.fq.gz,Raw FASTQ
HRR025976_f1.fq.gz,Raw FASTQ
HRR025976_r2.fq.gz,Raw FASTQ
HRR025977_f1.fq.gz,Raw FASTQ
HRR025977_r2.fq.gz,Raw FASTQ
HRR025978_f1.fq.gz,Raw FASTQ
HRR025978_r2.fq.gz,Raw FASTQ
HRR025979_f1.fq.gz,Raw FASTQ
HRR025979_r2.fq.gz,Raw FASTQ
HRR025980_f1.fq.gz,Raw FASTQ
HRR025980_r2.fq.gz,Raw FASTQ
HRR025981_f1.fq.gz,Raw FASTQ
HRR025981_r2.fq.gz,Raw FASTQ
HRR025982_f1.fq.gz,Raw FASTQ
HRR025982_r2.fq.gz,Raw FASTQ
HRR025983_f1.fq.gz,Raw FASTQ
HRR025983_r2.fq.gz,Raw FASTQ
HRR025984_f1.fq.gz,Raw FASTQ
HRR025984_r2.fq.gz,Raw FASTQ
HRR025985_f1.fq.gz,Raw FASTQ
HRR025985_r2.fq.gz,Raw FASTQ
HRR025986_f1.fq.gz,Raw FASTQ
HRR025986_r2.fq.gz,Raw FASTQ
HRR025987_f1.fq.gz,Raw FASTQ
HRR025987_r2.fq.gz,Raw FASTQ
HRR025988_f1.fq.gz,Raw FASTQ
HRR025988_r2.fq.gz,Raw FASTQ
HRR025989_f1.fq.gz,Raw FASTQ
HRR025989_r2.fq.gz,Raw FASTQ
HRR025990_f1.fq.gz,Raw FASTQ
HRR025990_r2.fq.gz,Raw FASTQ
HRR025991_f1.fq.gz,Raw FASTQ
HRR025991_r2.fq.gz,Raw FASTQ
HRR025992_f1.fq.gz,Raw FASTQ
HRR025992_r2.fq.gz,Raw FASTQ
HRR025993_f1.fq.gz,Raw FASTQ
HRR025993_r2.fq.gz,Raw FASTQ
HRR025994_f1.fq.gz,Raw FASTQ
HRR025994_r2.fq.gz,Raw FASTQ
HRR025995_f1.fq.gz,Raw FASTQ
HRR025995_r2.fq.gz,Raw FASTQ
HRR025996_f1.fq.gz,Raw FASTQ
HRR025996_r2.fq.gz,Raw FASTQ
HRR025997_f1.fq.gz,Raw FASTQ
HRR025997_r2.fq.gz,Raw FASTQ
HRR025998_f1.fq.gz,Raw FASTQ
HRR025998_r2.fq.gz,Raw FASTQ
HRR025999_f1.fq.gz,Raw FASTQ
HRR025999_r2.fq.gz,Raw FASTQ
HRR026000_f1.fq.gz,Raw FASTQ
HRR026000_r2.fq.gz,Raw FASTQ
HRR026001_f1.fq.gz,Raw FASTQ
HRR026001_r2.fq.gz,Raw FASTQ
HRR026002_f1.fq.gz,Raw FASTQ
HRR026002_r2.fq.gz,Raw FASTQ
HRR026003_f1.fq.gz,Raw FASTQ
HRR026003_r2.fq.gz,Raw FASTQ
HRR026004_f1.fq.gz,Raw FASTQ
HRR026004_r2.fq.gz,Raw FASTQ
HRR026005_f1.fq.gz,Raw FASTQ
HRR026005_r2.fq.gz,Raw FASTQ
HRR026006_f1.fq.gz,Raw FASTQ
HRR026006_r2.fq.gz,Raw FASTQ
HRR026007_f1.fq.gz,Raw FASTQ
HRR026007_r2.fq.gz,Raw FASTQ
HRR026008_f1.fq.gz,Raw FASTQ
HRR026008_r2.fq.gz,Raw FASTQ
HRR026009_f1.fq.gz,Raw FASTQ
HRR026009_r2.fq.gz,Raw FASTQ
HRR026010_f1.fq.gz,Raw FASTQ
HRR026010_r2.fq.gz,Raw FASTQ
HRR026011_f1.fq.gz,Raw FASTQ
HRR026011_r2.fq.gz,Raw FASTQ
HRR026012_f1.fq.gz,Raw FASTQ
HRR026012_r2.fq.gz,Raw FASTQ
HRR026013_f1.fq.gz,Raw FASTQ
HRR026013_r2.fq.gz,Raw FASTQ
HRR026014_f1.fq.gz,Raw FASTQ
HRR026014_r2.fq.gz,Raw FASTQ
HRR026015_f1.fq.gz,Raw FASTQ
HRR026015_r2.fq.gz,Raw FASTQ
HRR026016_f1.fq.gz,Raw FASTQ
HRR026016_r2.fq.gz,Raw FASTQ
HRR026017_f1.fq.gz,Raw FASTQ
HRR026017_r2.fq.gz,Raw FASTQ
HRR026018_f1.fq.gz,Raw FASTQ
HRR026018_r2.fq.gz,Raw FASTQ
HRR026019_f1.fq.gz,Raw FASTQ
HRR026019_r2.fq.gz,Raw FASTQ
HRR026020_f1.fq.gz,Raw FASTQ
HRR026020_r2.fq.gz,Raw FASTQ
HRR026021_f1.fq.gz,Raw FASTQ
HRR026021_r2.fq.gz,Raw FASTQ
HRR026022_f1.fq.gz,Raw FASTQ
HRR026022_r2.fq.gz,Raw FASTQ
HRR026023_f1.fq.gz,Raw FASTQ
HRR026023_r2.fq.gz,Raw FASTQ
HRR026024_f1.fq.gz,Raw FASTQ
HRR026024_r2.fq.gz,Raw FASTQ
HRR026025_f1.fq.gz,Raw FASTQ
HRR026025_r2.fq.gz,Raw FASTQ
HRR026026_f1.fq.gz,Raw FASTQ
HRR026026_r2.fq.gz,Raw FASTQ
HRR026027_f1.fq.gz,Raw FASTQ
HRR026027_r2.fq.gz,Raw FASTQ
HRR026028_f1.fq.gz,Raw FASTQ
HRR026028_r2.fq.gz,Raw FASTQ
HRR026029_f1.fq.gz,Raw FASTQ
HRR026029_r2.fq.gz,Raw FASTQ
HRR026030_f1.fq.gz,Raw FASTQ
HRR026030_r2.fq.gz,Raw FASTQ
HRR026031_f1.fq.gz,Raw FASTQ
HRR026031_r2.fq.gz,Raw FASTQ
HRR026032_f1.fq.gz,Raw FASTQ
HRR026032_r2.fq.gz,Raw FASTQ
HRR026033_f1.fq.gz,Raw FASTQ
HRR026033_r2.fq.gz,Raw FASTQ
HRR026034_f1.fq.gz,Raw FASTQ
HRR026034_r2.fq.gz,Raw FASTQ
HRR026035_f1.fq.gz,Raw FASTQ
HRR026035_r2.fq.gz,Raw FASTQ
HRR026036_f1.fq.gz,Raw FASTQ
HRR026036_r2.fq.gz,Raw FASTQ
HRR026037_f1.fq.gz,Raw FASTQ
HRR026037_r2.fq.gz,Raw FASTQ
HRR026038_f1.fq.gz,Raw FASTQ
HRR026038_r2.fq.gz,Raw FASTQ
HRR026039_f1.fq.gz,Raw FASTQ
HRR026039_r2.fq.gz,Raw FASTQ
HRR026040_f1.fq.gz,Raw FASTQ
HRR026040_r2.fq.gz,Raw FASTQ
HRR026041_f1.fq.gz,Raw FASTQ
HRR026041_r2.fq.gz,Raw FASTQ
HRR026042_f1.fq.gz,Raw FASTQ
HRR026042_r2.fq.gz,Raw FASTQ
HRR026043_f1.fq.gz,Raw FASTQ
HRR026043_r2.fq.gz,Raw FASTQ
HRR026044_f1.fq.gz,Raw FASTQ
HRR026044_r2.fq.gz,Raw FASTQ
HRR026045_f1.fq.gz,Raw FASTQ
HRR026045_r2.fq.gz,Raw FASTQ
HRR026046_f1.fq.gz,Raw FASTQ
HRR026046_r2.fq.gz,Raw FASTQ
HRR026047_f1.fq.gz,Raw FASTQ
HRR026047_r2.fq.gz,Raw FASTQ
HRR026048_f1.fq.gz,Raw FASTQ
HRR026048_r2.fq.gz,Raw FASTQ
HRR026049_f1.fq.gz,Raw FASTQ
HRR026049_r2.fq.gz,Raw FASTQ
HRR026050_f1.fq.gz,Raw FASTQ
HRR026050_r2.fq.gz,Raw FASTQ
HRR026051_f1.fq.gz,Raw FASTQ
HRR026051_r2.fq.gz,Raw FASTQ
HRR026052_f1.fq.gz,Raw FASTQ
HRR026052_r2.fq.gz,Raw FASTQ
HRR026053_f1.fq.gz,Raw FASTQ
HRR026053_r2.fq.gz,Raw FASTQ
HRR026054_f1.fq.gz,Raw FASTQ
HRR026054_r2.fq.gz,Raw FASTQ
HRR026055_f1.fq.gz,Raw FASTQ
HRR026055_r2.fq.gz,Raw FASTQ
HRR026056_f1.fq.gz,Raw FASTQ
HRR026056_r2.fq.gz,Raw FASTQ
HRR026057_f1.fq.gz,Raw FASTQ
HRR026057_r2.fq.gz,Raw FASTQ
HRR026058_f1.fq.gz,Raw FASTQ
HRR026058_r2.fq.gz,Raw FASTQ
HRR026059_f1.fq.gz,Raw FASTQ
HRR026059_r2.fq.gz,Raw FASTQ
HRR026060_f1.fq.gz,Raw FASTQ
HRR026060_r2.fq.gz,Raw FASTQ
HRR026061_f1.fq.gz,Raw FASTQ
HRR026061_r2.fq.gz,Raw FASTQ
HRR026062_f1.fq.gz,Raw FASTQ
HRR026062_r2.fq.gz,Raw FASTQ
HRR026063_f1.fq.gz,Raw FASTQ
HRR026063_r2.fq.gz,Raw FASTQ
HRR026064_f1.fq.gz,Raw FASTQ
HRR026064_r2.fq.gz,Raw FASTQ
HRR026065_f1.fq.gz,Raw FASTQ
HRR026065_r2.fq.gz,Raw FASTQ
HRR026066_f1.fq.gz,Raw FASTQ
HRR026066_r2.fq.gz,Raw FASTQ
HRR026067_f1.fq.gz,Raw FASTQ
HRR026067_r2.fq.gz,Raw FASTQ
HRR026068_f1.fq.gz,Raw FASTQ
HRR026068_r2.fq.gz,Raw FASTQ
HRR026069_f1.fq.gz,Raw FASTQ
HRR026069_r2.fq.gz,Raw FASTQ
HRR026070_f1.fq.gz,Raw FASTQ
HRR026070_r2.fq.gz,Raw FASTQ
HRR026071_f1.fq.gz,Raw FASTQ
HRR026071_r2.fq.gz,Raw FASTQ
HRR026072_f1.fq.gz,Raw FASTQ
HRR026072_r2.fq.gz,Raw FASTQ
HRR026073_f1.fq.gz,Raw FASTQ
HRR026073_r2.fq.gz,Raw FASTQ
HRR026074_f1.fq.gz,Raw FASTQ
HRR026074_r2.fq.gz,Raw FASTQ
HRR026075_f1.fq.gz,Raw FASTQ
HRR026075_r2.fq.gz,Raw FASTQ
HRR026076_f1.fq.gz,Raw FASTQ
HRR026076_r2.fq.gz,Raw FASTQ
HRR026077_f1.fq.gz,Raw FASTQ
HRR026077_r2.fq.gz,Raw FASTQ
HRR026078_f1.fq.gz,Raw FASTQ
HRR026078_r2.fq.gz,Raw FASTQ
HRR026079_f1.fq.gz,Raw FASTQ
HRR026079_r2.fq.gz,Raw FASTQ
HRR026080_f1.fq.gz,Raw FASTQ
HRR026080_r2.fq.gz,Raw FASTQ
HRR026081_f1.fq.gz,Raw FASTQ
HRR026081_r2.fq.gz,Raw FASTQ
HRR026082_f1.fq.gz,Raw FASTQ
HRR026082_r2.fq.gz,Raw FASTQ
HRR026083_f1.fq.gz,Raw FASTQ
HRR026083_r2.fq.gz,Raw FASTQ
HRR026084_f1.fq.gz,Raw FASTQ
HRR026084_r2.fq.gz,Raw FASTQ
HRR026085_f1.fq.gz,Raw FASTQ
HRR026085_r2.fq.gz,Raw FASTQ
HRR026086_f1.fq.gz,Raw FASTQ
HRR026086_r2.fq.gz,Raw FASTQ
HRR026087_f1.fq.gz,Raw FASTQ
HRR026087_r2.fq.gz,Raw FASTQ
HRR026088_f1.fq.gz,Raw FASTQ
HRR026088_r2.fq.gz,Raw FASTQ
HRR026089_f1.fq.gz,Raw FASTQ
HRR026089_r2.fq.gz,Raw FASTQ
HRR026090_f1.fq.gz,Raw FASTQ
HRR026090_r2.fq.gz,Raw FASTQ
HRR026091_f1.fq.gz,Raw FASTQ
HRR026091_r2.fq.gz,Raw FASTQ
HRR026092_f1.fq.gz,Raw FASTQ
HRR026092_r2.fq.gz,Raw FASTQ
HRR026093_f1.fq.gz,Raw FASTQ
HRR026093_r2.fq.gz,Raw FASTQ
HRR026094_f1.fq.gz,Raw FASTQ
HRR026094_r2.fq.gz,Raw FASTQ
HRR026095_f1.fq.gz,Raw FASTQ
HRR026095_r2.fq.gz,Raw FASTQ
HRR026096_f1.fq.gz,Raw FASTQ
HRR026096_r2.fq.gz,Raw FASTQ
HRR026097_f1.fq.gz,Raw FASTQ
HRR026097_r2.fq.gz,Raw FASTQ
HRR026098_f1.fq.gz,Raw FASTQ
HRR026098_r2.fq.gz,Raw FASTQ
HRR026099_f1.fq.gz,Raw FASTQ
HRR026099_r2.fq.gz,Raw FASTQ
HRR026100_f1.fq.gz,Raw FASTQ
HRR026100_r2.fq.gz,Raw FASTQ
HRR026101_f1.fq.gz,Raw FASTQ
HRR026101_r2.fq.gz,Raw FASTQ
HRR026102_f1.fq.gz,Raw FASTQ
HRR026102_r2.fq.gz,Raw FASTQ
HRR026103_f1.fq.gz,Raw FASTQ
HRR026103_r2.fq.gz,Raw FASTQ
HRR026104_f1.fq.gz,Raw FASTQ
HRR026104_r2.fq.gz,Raw FASTQ
HRR026105_f1.fq.gz,Raw FASTQ
HRR026105_r2.fq.gz,Raw FASTQ
HRR026106_f1.fq.gz,Raw FASTQ
HRR026106_r2.fq.gz,Raw FASTQ
HRR026107_f1.fq.gz,Raw FASTQ
HRR026107_r2.fq.gz,Raw FASTQ
HRR026108_f1.fq.gz,Raw FASTQ
HRR026108_r2.fq.gz,Raw FASTQ
HRR026109_f1.fq.gz,Raw FASTQ
HRR026109_r2.fq.gz,Raw FASTQ
HRR026110_f1.fq.gz,Raw FASTQ
HRR026110_r2.fq.gz,Raw FASTQ
HRR026111_f1.fq.gz,Raw FASTQ
HRR026111_r2.fq.gz,Raw FASTQ
HRR026112_f1.fq.gz,Raw FASTQ
HRR026112_r2.fq.gz,Raw FASTQ
HRR026113_f1.fq.gz,Raw FASTQ
HRR026113_r2.fq.gz,Raw FASTQ
HRR026114_f1.fq.gz,Raw FASTQ
HRR026114_r2.fq.gz,Raw FASTQ
HRR026115_f1.fq.gz,Raw FASTQ
HRR026115_r2.fq.gz,Raw FASTQ
HRR026116_f1.fq.gz,Raw FASTQ
HRR026116_r2.fq.gz,Raw FASTQ
HRR026117_f1.fq.gz,Raw FASTQ
HRR026117_r2.fq.gz,Raw FASTQ
HRR026118_f1.fq.gz,Raw FASTQ
HRR026118_r2.fq.gz,Raw FASTQ
HRR026119_f1.fq.gz,Raw FASTQ
HRR026119_r2.fq.gz,Raw FASTQ
HRR026120_f1.fq.gz,Raw FASTQ
HRR026120_r2.fq.gz,Raw FASTQ
HRR026121_f1.fq.gz,Raw FASTQ
HRR026121_r2.fq.gz,Raw FASTQ
HRR026122_f1.fq.gz,Raw FASTQ
HRR026122_r2.fq.gz,Raw FASTQ
HRR026123_f1.fq.gz,Raw FASTQ
HRR026123_r2.fq.gz,Raw FASTQ
HRR026124_f1.fq.gz,Raw FASTQ
HRR026124_r2.fq.gz,Raw FASTQ
HRR026125_f1.fq.gz,Raw FASTQ
HRR026125_r2.fq.gz,Raw FASTQ
HRR026126_f1.fq.gz,Raw FASTQ
HRR026126_r2.fq.gz,Raw FASTQ
HRR026127_f1.fq.gz,Raw FASTQ
HRR026127_r2.fq.gz,Raw FASTQ
HRR026128_f1.fq.gz,Raw FASTQ
HRR026128_r2.fq.gz,Raw FASTQ
HRR026129_f1.fq.gz,Raw FASTQ
HRR026129_r2.fq.gz,Raw FASTQ
HRR026130_f1.fq.gz,Raw FASTQ
HRR026130_r2.fq.gz,Raw FASTQ
HRR026131_f1.fq.gz,Raw FASTQ
HRR026131_r2.fq.gz,Raw FASTQ
HRR026132_f1.fq.gz,Raw FASTQ
HRR026132_r2.fq.gz,Raw FASTQ
HRR026133_f1.fq.gz,Raw FASTQ
HRR026133_r2.fq.gz,Raw FASTQ
HRR026134_f1.fq.gz,Raw FASTQ
HRR026134_r2.fq.gz,Raw FASTQ
HRR026135_f1.fq.gz,Raw FASTQ
HRR026135_r2.fq.gz,Raw FASTQ
HRR026136_f1.fq.gz,Raw FASTQ
HRR026136_r2.fq.gz,Raw FASTQ
HRR026137_f1.fq.gz,Raw FASTQ
HRR026137_r2.fq.gz,Raw FASTQ
HRR026138_f1.fq.gz,Raw FASTQ
HRR026138_r2.fq.gz,Raw FASTQ
HRR026139_f1.fq.gz,Raw FASTQ
HRR026139_r2.fq.gz,Raw FASTQ
HRR026140_f1.fq.gz,Raw FASTQ
HRR026140_r2.fq.gz,Raw FASTQ
HRR026141_f1.fq.gz,Raw FASTQ
HRR026141_r2.fq.gz,Raw FASTQ
HRR026142_f1.fq.gz,Raw FASTQ
HRR026142_r2.fq.gz,Raw FASTQ
HRR026143_f1.fq.gz,Raw FASTQ
HRR026143_r2.fq.gz,Raw FASTQ
HRR026144_f1.fq.gz,Raw FASTQ
HRR026144_r2.fq.gz,Raw FASTQ
HRR026145_f1.fq.gz,Raw FASTQ
HRR026145_r2.fq.gz,Raw FASTQ
HRR026146_f1.fq.gz,Raw FASTQ
HRR026146_r2.fq.gz,Raw FASTQ
HRR026147_f1.fq.gz,Raw FASTQ
HRR026147_r2.fq.gz,Raw FASTQ
HRR026148_f1.fq.gz,Raw FASTQ
HRR026148_r2.fq.gz,Raw FASTQ
HRR026149_f1.fq.gz,Raw FASTQ
HRR026149_r2.fq.gz,Raw FASTQ
HRR026150_f1.fq.gz,Raw FASTQ
HRR026150_r2.fq.gz,Raw FASTQ
HRR026151_f1.fq.gz,Raw FASTQ
HRR026151_r2.fq.gz,Raw FASTQ
HRR026152_f1.fq.gz,Raw FASTQ
HRR026152_r2.fq.gz,Raw FASTQ
HRR026153_f1.fq.gz,Raw FASTQ
HRR026153_r2.fq.gz,Raw FASTQ
HRR026154_f1.fq.gz,Raw FASTQ
HRR026154_r2.fq.gz,Raw FASTQ
HRR026155_f1.fq.gz,Raw FASTQ
HRR026155_r2.fq.gz,Raw FASTQ
HRR026156_f1.fq.gz,Raw FASTQ
HRR026156_r2.fq.gz,Raw FASTQ
HRR026157_f1.fq.gz,Raw FASTQ
HRR026157_r2.fq.gz,Raw FASTQ
HRR026158_f1.fq.gz,Raw FASTQ
HRR026158_r2.fq.gz,Raw FASTQ
HRR026159_f1.fq.gz,Raw FASTQ
HRR026159_r2.fq.gz,Raw FASTQ
HRR026160_f1.fq.gz,Raw FASTQ
HRR026160_r2.fq.gz,Raw FASTQ
HRR026161_f1.fq.gz,Raw FASTQ
HRR026161_r2.fq.gz,Raw FASTQ
HRR026162_f1.fq.gz,Raw FASTQ
HRR026162_r2.fq.gz,Raw FASTQ
HRR026163_f1.fq.gz,Raw FASTQ
HRR026163_r2.fq.gz,Raw FASTQ
HRR026164_f1.fq.gz,Raw FASTQ
HRR026164_r2.fq.gz,Raw FASTQ
HRR026165_f1.fq.gz,Raw FASTQ
HRR026165_r2.fq.gz,Raw FASTQ
HRR026166_f1.fq.gz,Raw FASTQ
HRR026166_r2.fq.gz,Raw FASTQ
HRR026167_f1.fq.gz,Raw FASTQ
HRR026167_r2.fq.gz,Raw FASTQ
HRR026168_f1.fq.gz,Raw FASTQ
HRR026168_r2.fq.gz,Raw FASTQ
HRR026169_f1.fq.gz,Raw FASTQ
HRR026169_r2.fq.gz,Raw FASTQ
HRR026170_f1.fq.gz,Raw FASTQ
HRR026170_r2.fq.gz,Raw FASTQ
HRR026171_f1.fq.gz,Raw FASTQ
HRR026171_r2.fq.gz,Raw FASTQ
HRR026172_f1.fq.gz,Raw FASTQ
HRR026172_r2.fq.gz,Raw FASTQ
HRR026173_f1.fq.gz,Raw FASTQ
HRR026173_r2.fq.gz,Raw FASTQ
HRR026174_f1.fq.gz,Raw FASTQ
HRR026174_r2.fq.gz,Raw FASTQ
HRR026175_f1.fq.gz,Raw FASTQ
HRR026175_r2.fq.gz,Raw FASTQ
HRR026176_f1.fq.gz,Raw FASTQ
HRR026176_r2.fq.gz,Raw FASTQ
HRR026177_f1.fq.gz,Raw FASTQ
HRR026177_r2.fq.gz,Raw FASTQ
HRR026178_f1.fq.gz,Raw FASTQ
HRR026178_r2.fq.gz,Raw FASTQ
HRR026179_f1.fq.gz,Raw FASTQ
HRR026179_r2.fq.gz,Raw FASTQ
HRR026180_f1.fq.gz,Raw FASTQ
HRR026180_r2.fq.gz,Raw FASTQ
HRR026181_f1.fq.gz,Raw FASTQ
HRR026181_r2.fq.gz,Raw FASTQ
HRR026182_f1.fq.gz,Raw FASTQ
HRR026182_r2.fq.gz,Raw FASTQ
HRR026183_f1.fq.gz,Raw FASTQ
HRR026183_r2.fq.gz,Raw FASTQ
HRR026184_f1.fq.gz,Raw FASTQ
HRR026184_r2.fq.gz,Raw FASTQ
HRR026185_f1.fq.gz,Raw FASTQ
HRR026185_r2.fq.gz,Raw FASTQ
HRR026186_f1.fq.gz,Raw FASTQ
HRR026186_r2.fq.gz,Raw FASTQ
HRR026187_f1.fq.gz,Raw FASTQ
HRR026187_r2.fq.gz,Raw FASTQ
HRR026188_f1.fq.gz,Raw FASTQ
HRR026188_r2.fq.gz,Raw FASTQ
HRR026189_f1.fq.gz,Raw FASTQ
HRR026189_r2.fq.gz,Raw FASTQ
HRR026190_f1.fq.gz,Raw FASTQ
HRR026190_r2.fq.gz,Raw FASTQ
HRR026191_f1.fq.gz,Raw FASTQ
HRR026191_r2.fq.gz,Raw FASTQ
HRR026192_f1.fq.gz,Raw FASTQ
HRR026192_r2.fq.gz,Raw FASTQ
HRR026193_f1.fq.gz,Raw FASTQ
HRR026193_r2.fq.gz,Raw FASTQ
HRR026194_f1.fq.gz,Raw FASTQ
HRR026194_r2.fq.gz,Raw FASTQ
HRR026195_f1.fq.gz,Raw FASTQ
HRR026195_r2.fq.gz,Raw FASTQ
HRR026196_f1.fq.gz,Raw FASTQ
HRR026196_r2.fq.gz,Raw FASTQ
HRR026197_f1.fq.gz,Raw FASTQ
HRR026197_r2.fq.gz,Raw FASTQ
HRR026198_f1.fq.gz,Raw FASTQ
HRR026198_r2.fq.gz,Raw FASTQ
HRR026199_f1.fq.gz,Raw FASTQ
HRR026199_r2.fq.gz,Raw FASTQ
HRR026200_f1.fq.gz,Raw FASTQ
HRR026200_r2.fq.gz,Raw FASTQ
HRR026201_f1.fq.gz,Raw FASTQ
HRR026201_r2.fq.gz,Raw FASTQ
HRR026202_f1.fq.gz,Raw FASTQ
HRR026202_r2.fq.gz,Raw FASTQ
HRR026203_f1.fq.gz,Raw FASTQ
HRR026203_r2.fq.gz,Raw FASTQ
HRR026204_f1.fq.gz,Raw FASTQ
HRR026204_r2.fq.gz,Raw FASTQ
HRR026205_f1.fq.gz,Raw FASTQ
HRR026205_r2.fq.gz,Raw FASTQ
HRR026206_f1.fq.gz,Raw FASTQ
HRR026206_r2.fq.gz,Raw FASTQ
HRR026207_f1.fq.gz,Raw FASTQ
HRR026207_r2.fq.gz,Raw FASTQ
HRR026208_f1.fq.gz,Raw FASTQ
HRR026208_r2.fq.gz,Raw FASTQ
HRR026209_f1.fq.gz,Raw FASTQ
HRR026209_r2.fq.gz,Raw FASTQ
HRR026210_f1.fq.gz,Raw FASTQ
HRR026210_r2.fq.gz,Raw FASTQ
HRR026211_f1.fq.gz,Raw FASTQ
HRR026211_r2.fq.gz,Raw FASTQ
HRR026212_f1.fq.gz,Raw FASTQ
HRR026212_r2.fq.gz,Raw FASTQ
HRR026213_f1.fq.gz,Raw FASTQ
HRR026213_r2.fq.gz,Raw FASTQ
HRR026214_f1.fq.gz,Raw FASTQ
HRR026214_r2.fq.gz,Raw FASTQ
HRR026215_f1.fq.gz,Raw FASTQ
HRR026215_r2.fq.gz,Raw FASTQ
HRR026216_f1.fq.gz,Raw FASTQ
HRR026216_r2.fq.gz,Raw FASTQ
HRR026217_f1.fq.gz,Raw FASTQ
HRR026217_r2.fq.gz,Raw FASTQ
HRR026218_f1.fq.gz,Raw FASTQ
HRR026218_r2.fq.gz,Raw FASTQ
HRR026219_f1.fq.gz,Raw FASTQ
HRR026219_r2.fq.gz,Raw FASTQ
HRR026220_f1.fq.gz,Raw FASTQ
HRR026220_r2.fq.gz,Raw FASTQ
HRR026221_f1.fq.gz,Raw FASTQ
HRR026221_r2.fq.gz,Raw FASTQ
HRR026222_f1.fq.gz,Raw FASTQ
HRR026222_r2.fq.gz,Raw FASTQ
HRR026223_f1.fq.gz,Raw FASTQ
HRR026223_r2.fq.gz,Raw FASTQ
HRR026224_f1.fq.gz,Raw FASTQ
HRR026224_r2.fq.gz,Raw FASTQ
HRR026225_f1.fq.gz,Raw FASTQ
HRR026225_r2.fq.gz,Raw FASTQ
HRR026226_f1.fq.gz,Raw FASTQ
HRR026226_r2.fq.gz,Raw FASTQ
HRR026227_f1.fq.gz,Raw FASTQ
HRR026227_r2.fq.gz,Raw FASTQ
HRR026228_f1.fq.gz,Raw FASTQ
HRR026228_r2.fq.gz,Raw FASTQ
HRR026229_f1.fq.gz,Raw FASTQ
HRR026229_r2.fq.gz,Raw FASTQ
HRR026230_f1.fq.gz,Raw FASTQ
HRR026230_r2.fq.gz,Raw FASTQ
HRR026231_f1.fq.gz,Raw FASTQ
HRR026231_r2.fq.gz,Raw FASTQ
HRR026232_f1.fq.gz,Raw FASTQ
HRR026232_r2.fq.gz,Raw FASTQ
HRR026233_f1.fq.gz,Raw FASTQ
HRR026233_r2.fq.gz,Raw FASTQ
HRR026234_f1.fq.gz,Raw FASTQ
HRR026234_r2.fq.gz,Raw FASTQ
HRR026235_f1.fq.gz,Raw FASTQ
HRR026235_r2.fq.gz,Raw FASTQ
HRR026236_f1.fq.gz,Raw FASTQ
HRR026236_r2.fq.gz,Raw FASTQ
HRR026237_f1.fq.gz,Raw FASTQ
HRR026237_r2.fq.gz,Raw FASTQ
HRR026238_f1.fq.gz,Raw FASTQ
HRR026238_r2.fq.gz,Raw FASTQ
HRR026239_f1.fq.gz,Raw FASTQ
HRR026239_r2.fq.gz,Raw FASTQ
HRR026240_f1.fq.gz,Raw FASTQ
HRR026240_r2.fq.gz,Raw FASTQ
HRR026241_f1.fq.gz,Raw FASTQ
HRR026241_r2.fq.gz,Raw FASTQ
HRR026242_f1.fq.gz,Raw FASTQ
HRR026242_r2.fq.gz,Raw FASTQ
HRR026243_f1.fq.gz,Raw FASTQ
HRR026243_r2.fq.gz,Raw FASTQ
HRR026244_f1.fq.gz,Raw FASTQ
HRR026244_r2.fq.gz,Raw FASTQ
HRR026245_f1.fq.gz,Raw FASTQ
HRR026245_r2.fq.gz,Raw FASTQ
HRR026246_f1.fq.gz,Raw FASTQ
HRR026246_r2.fq.gz,Raw FASTQ
HRR026247_f1.fq.gz,Raw FASTQ
HRR026247_r2.fq.gz,Raw FASTQ
HRR026248_f1.fq.gz,Raw FASTQ
HRR026248_r2.fq.gz,Raw FASTQ
HRR026249_f1.fq.gz,Raw FASTQ
HRR026249_r2.fq.gz,Raw FASTQ
HRR026250_f1.fq.gz,Raw FASTQ
HRR026250_r2.fq.gz,Raw FASTQ
HRR026251_f1.fq.gz,Raw FASTQ
HRR026251_r2.fq.gz,Raw FASTQ
HRR026252_f1.fq.gz,Raw FASTQ
HRR026252_r2.fq.gz,Raw FASTQ
HRR026253_f1.fq.gz,Raw FASTQ
HRR026253_r2.fq.gz,Raw FASTQ
HRR026254_f1.fq.gz,Raw FASTQ
HRR026254_r2.fq.gz,Raw FASTQ
HRR026255_f1.fq.gz,Raw FASTQ
HRR026255_r2.fq.gz,Raw FASTQ
HRR026256_f1.fq.gz,Raw FASTQ
HRR026256_r2.fq.gz,Raw FASTQ
HRR026257_f1.fq.gz,Raw FASTQ
HRR026257_r2.fq.gz,Raw FASTQ
HRR026258_f1.fq.gz,Raw FASTQ
HRR026258_r2.fq.gz,Raw FASTQ
HRR026259_f1.fq.gz,Raw FASTQ
HRR026259_r2.fq.gz,Raw FASTQ
HRR026260_f1.fq.gz,Raw FASTQ
HRR026260_r2.fq.gz,Raw FASTQ
HRR026261_f1.fq.gz,Raw FASTQ
HRR026261_r2.fq.gz,Raw FASTQ
HRR026262_f1.fq.gz,Raw FASTQ
HRR026262_r2.fq.gz,Raw FASTQ
HRR026263_f1.fq.gz,Raw FASTQ
HRR026263_r2.fq.gz,Raw FASTQ
HRR026264_f1.fq.gz,Raw FASTQ
HRR026264_r2.fq.gz,Raw FASTQ
HRR026265_f1.fq.gz,Raw FASTQ
HRR026265_r2.fq.gz,Raw FASTQ
HRR026266_f1.fq.gz,Raw FASTQ
HRR026266_r2.fq.gz,Raw FASTQ
HRR026267_f1.fq.gz,Raw FASTQ
HRR026267_r2.fq.gz,Raw FASTQ
HRR026268_f1.fq.gz,Raw FASTQ
HRR026268_r2.fq.gz,Raw FASTQ
HRR026269_f1.fq.gz,Raw FASTQ
HRR026269_r2.fq.gz,Raw FASTQ
HRR026270_f1.fq.gz,Raw FASTQ
HRR026270_r2.fq.gz,Raw FASTQ
HRR026271_f1.fq.gz,Raw FASTQ
HRR026271_r2.fq.gz,Raw FASTQ
HRR026272_f1.fq.gz,Raw FASTQ
HRR026272_r2.fq.gz,Raw FASTQ
HRR026273_f1.fq.gz,Raw FASTQ
HRR026273_r2.fq.gz,Raw FASTQ
HRR026274_f1.fq.gz,Raw FASTQ
HRR026274_r2.fq.gz,Raw FASTQ
HRR026275_f1.fq.gz,Raw FASTQ
HRR026275_r2.fq.gz,Raw FASTQ
HRR026276_f1.fq.gz,Raw FASTQ
HRR026276_r2.fq.gz,Raw FASTQ
HRR026277_f1.fq.gz,Raw FASTQ
HRR026277_r2.fq.gz,Raw FASTQ
HRR026278_f1.fq.gz,Raw FASTQ
HRR026278_r2.fq.gz,Raw FASTQ
HRR026279_f1.fq.gz,Raw FASTQ
HRR026279_r2.fq.gz,Raw FASTQ
HRR026280_f1.fq.gz,Raw FASTQ
HRR026280_r2.fq.gz,Raw FASTQ
HRR026281_f1.fq.gz,Raw FASTQ
HRR026281_r2.fq.gz,Raw FASTQ
HRR026282_f1.fq.gz,Raw FASTQ
HRR026282_r2.fq.gz,Raw FASTQ
HRR026283_f1.fq.gz,Raw FASTQ
HRR026283_r2.fq.gz,Raw FASTQ
HRR026284_f1.fq.gz,Raw FASTQ
HRR026284_r2.fq.gz,Raw FASTQ
HRR026285_f1.fq.gz,Raw FASTQ
HRR026285_r2.fq.gz,Raw FASTQ
HRR026286_f1.fq.gz,Raw FASTQ
HRR026286_r2.fq.gz,Raw FASTQ
HRR026287_f1.fq.gz,Raw FASTQ
HRR026287_r2.fq.gz,Raw FASTQ
HRR026288_f1.fq.gz,Raw FASTQ
HRR026288_r2.fq.gz,Raw FASTQ
HRR026289_f1.fq.gz,Raw FASTQ
HRR026289_r2.fq.gz,Raw FASTQ
HRR026290_f1.fq.gz,Raw FASTQ
HRR026290_r2.fq.gz,Raw FASTQ
HRR026291_f1.fq.gz,Raw FASTQ
HRR026291_r2.fq.gz,Raw FASTQ
HRR026292_f1.fq.gz,Raw FASTQ
HRR026292_r2.fq.gz,Raw FASTQ
HRR026293_f1.fq.gz,Raw FASTQ
HRR026293_r2.fq.gz,Raw FASTQ
HRR026294_f1.fq.gz,Raw FASTQ
HRR026294_r2.fq.gz,Raw FASTQ
HRR026295_f1.fq.gz,Raw FASTQ
HRR026295_r2.fq.gz,Raw FASTQ
HRR026296_f1.fq.gz,Raw FASTQ
HRR026296_r2.fq.gz,Raw FASTQ
HRR026297_f1.fq.gz,Raw FASTQ
HRR026297_r2.fq.gz,Raw FASTQ
HRR026298_f1.fq.gz,Raw FASTQ
HRR026298_r2.fq.gz,Raw FASTQ
HRR026299_f1.fq.gz,Raw FASTQ
HRR026299_r2.fq.gz,Raw FASTQ
HRR026300_f1.fq.gz,Raw FASTQ
HRR026300_r2.fq.gz,Raw FASTQ
HRR026301_f1.fq.gz,Raw FASTQ
HRR026301_r2.fq.gz,Raw FASTQ
HRR026302_f1.fq.gz,Raw FASTQ
HRR026302_r2.fq.gz,Raw FASTQ
HRR026303_f1.fq.gz,Raw FASTQ
HRR026303_r2.fq.gz,Raw FASTQ
HRR026304_f1.fq.gz,Raw FASTQ
HRR026304_r2.fq.gz,Raw FASTQ
HRR026305_f1.fq.gz,Raw FASTQ
HRR026305_r2.fq.gz,Raw FASTQ
HRR026306_f1.fq.gz,Raw FASTQ
HRR026306_r2.fq.gz,Raw FASTQ
HRR026307_f1.fq.gz,Raw FASTQ
HRR026307_r2.fq.gz,Raw FASTQ
HRR026308_f1.fq.gz,Raw FASTQ
HRR026308_r2.fq.gz,Raw FASTQ
HRR026309_f1.fq.gz,Raw FASTQ
HRR026309_r2.fq.gz,Raw FASTQ
HRR026310_f1.fq.gz,Raw FASTQ
HRR026310_r2.fq.gz,Raw FASTQ
HRR026311_f1.fq.gz,Raw FASTQ
HRR026311_r2.fq.gz,Raw FASTQ
HRR026312_f1.fq.gz,Raw FASTQ
HRR026312_r2.fq.gz,Raw FASTQ
HRR026313_f1.fq.gz,Raw FASTQ
HRR026313_r2.fq.gz,Raw FASTQ
HRR026314_f1.fq.gz,Raw FASTQ
HRR026314_r2.fq.gz,Raw FASTQ
HRR026315_f1.fq.gz,Raw FASTQ
HRR026315_r2.fq.gz,Raw FASTQ
HRR026316_f1.fq.gz,Raw FASTQ
HRR026316_r2.fq.gz,Raw FASTQ
HRR026317_f1.fq.gz,Raw FASTQ
HRR026317_r2.fq.gz,Raw FASTQ
HRR026318_f1.fq.gz,Raw FASTQ
HRR026318_r2.fq.gz,Raw FASTQ
HRR026319_f1.fq.gz,Raw FASTQ
HRR026319_r2.fq.gz,Raw FASTQ
HRR026320_f1.fq.gz,Raw FASTQ
HRR026320_r2.fq.gz,Raw FASTQ
HRR026321_f1.fq.gz,Raw FASTQ
HRR026321_r2.fq.gz,Raw FASTQ
HRR026322_f1.fq.gz,Raw FASTQ
HRR026322_r2.fq.gz,Raw FASTQ
HRR026323_f1.fq.gz,Raw FASTQ
HRR026323_r2.fq.gz,Raw FASTQ
HRR026324_f1.fq.gz,Raw FASTQ
HRR026324_r2.fq.gz,Raw FASTQ
HRR026325_f1.fq.gz,Raw FASTQ
HRR026325_r2.fq.gz,Raw FASTQ
HRR026326_f1.fq.gz,Raw FASTQ
HRR026326_r2.fq.gz,Raw FASTQ
HRR026327_f1.fq.gz,Raw FASTQ
HRR026327_r2.fq.gz,Raw FASTQ
HRR026328_f1.fq.gz,Raw FASTQ
HRR026328_r2.fq.gz,Raw FASTQ
HRR026329_f1.fq.gz,Raw FASTQ
HRR026329_r2.fq.gz,Raw FASTQ
HRR026330_f1.fq.gz,Raw FASTQ
HRR026330_r2.fq.gz,Raw FASTQ
HRR026331_f1.fq.gz,Raw FASTQ
HRR026331_r2.fq.gz,Raw FASTQ
HRR026332_f1.fq.gz,Raw FASTQ
HRR026332_r2.fq.gz,Raw FASTQ
HRR026333_f1.fq.gz,Raw FASTQ
HRR026333_r2.fq.gz,Raw FASTQ
HRR026334_f1.fq.gz,Raw FASTQ
HRR026334_r2.fq.gz,Raw FASTQ
HRR026335_f1.fq.gz,Raw FASTQ
HRR026335_r2.fq.gz,Raw FASTQ
HRR026336_f1.fq.gz,Raw FASTQ
HRR026336_r2.fq.gz,Raw FASTQ
HRR026337_f1.fq.gz,Raw FASTQ
HRR026337_r2.fq.gz,Raw FASTQ
HRR026338_f1.fq.gz,Raw FASTQ
HRR026338_r2.fq.gz,Raw FASTQ
HRR026339_f1.fq.gz,Raw FASTQ
HRR026339_r2.fq.gz,Raw FASTQ
HRR026340_f1.fq.gz,Raw FASTQ
HRR026340_r2.fq.gz,Raw FASTQ
HRR026341_f1.fq.gz,Raw FASTQ
HRR026341_r2.fq.gz,Raw FASTQ
HRR026342_f1.fq.gz,Raw FASTQ
HRR026342_r2.fq.gz,Raw FASTQ
HRR026343_f1.fq.gz,Raw FASTQ
HRR026343_r2.fq.gz,Raw FASTQ
HRR026344_f1.fq.gz,Raw FASTQ
HRR026344_r2.fq.gz,Raw FASTQ
HRR026345_f1.fq.gz,Raw FASTQ
HRR026345_r2.fq.gz,Raw FASTQ
HRR026346_f1.fq.gz,Raw FASTQ
HRR026346_r2.fq.gz,Raw FASTQ
HRR026347_f1.fq.gz,Raw FASTQ
HRR026347_r2.fq.gz,Raw FASTQ
HRR026348_f1.fq.gz,Raw FASTQ
HRR026348_r2.fq.gz,Raw FASTQ
HRR026349_f1.fq.gz,Raw FASTQ
HRR026349_r2.fq.gz,Raw FASTQ
HRR026350_f1.fq.gz,Raw FASTQ
HRR026350_r2.fq.gz,Raw FASTQ
HRR026351_f1.fq.gz,Raw FASTQ
HRR026351_r2.fq.gz,Raw FASTQ
HRR026352_f1.fq.gz,Raw FASTQ
HRR026352_r2.fq.gz,Raw FASTQ
HRR026353_f1.fq.gz,Raw FASTQ
HRR026353_r2.fq.gz,Raw FASTQ
HRR026354_f1.fq.gz,Raw FASTQ
HRR026354_r2.fq.gz,Raw FASTQ
HRR026355_f1.fq.gz,Raw FASTQ
HRR026355_r2.fq.gz,Raw FASTQ
HRR026356_f1.fq.gz,Raw FASTQ
HRR026356_r2.fq.gz,Raw FASTQ
HRR026357_f1.fq.gz,Raw FASTQ
HRR026357_r2.fq.gz,Raw FASTQ
HRR026358_f1.fq.gz,Raw FASTQ
HRR026358_r2.fq.gz,Raw FASTQ
HRR026359_f1.fq.gz,Raw FASTQ
HRR026359_r2.fq.gz,Raw FASTQ
HRR026360_f1.fq.gz,Raw FASTQ
HRR026360_r2.fq.gz,Raw FASTQ
HRR026361_f1.fq.gz,Raw FASTQ
HRR026361_r2.fq.gz,Raw FASTQ
HRR026362_f1.fq.gz,Raw FASTQ
HRR026362_r2.fq.gz,Raw FASTQ
HRR026363_f1.fq.gz,Raw FASTQ
HRR026363_r2.fq.gz,Raw FASTQ
HRR026364_f1.fq.gz,Raw FASTQ
HRR026364_r2.fq.gz,Raw FASTQ
HRR026365_f1.fq.gz,Raw FASTQ
HRR026365_r2.fq.gz,Raw FASTQ
HRR026366_f1.fq.gz,Raw FASTQ
HRR026366_r2.fq.gz,Raw FASTQ
HRR026367_f1.fq.gz,Raw FASTQ
HRR026367_r2.fq.gz,Raw FASTQ
HRR026368_f1.fq.gz,Raw FASTQ
HRR026368_r2.fq.gz,Raw FASTQ
HRR026369_f1.fq.gz,Raw FASTQ
HRR026369_r2.fq.gz,Raw FASTQ
HRR026370_f1.fq.gz,Raw FASTQ
HRR026370_r2.fq.gz,Raw FASTQ
HRR026371_f1.fq.gz,Raw FASTQ
HRR026371_r2.fq.gz,Raw FASTQ
HRR026372_f1.fq.gz,Raw FASTQ
HRR026372_r2.fq.gz,Raw FASTQ
HRR026373_f1.fq.gz,Raw FASTQ
HRR026373_r2.fq.gz,Raw FASTQ
HRR026374_f1.fq.gz,Raw FASTQ
HRR026374_r2.fq.gz,Raw FASTQ
HRR026375_f1.fq.gz,Raw FASTQ
HRR026375_r2.fq.gz,Raw FASTQ
HRR026376_f1.fq.gz,Raw FASTQ
HRR026376_r2.fq.gz,Raw FASTQ
HRR026377_f1.fq.gz,Raw FASTQ
HRR026377_r2.fq.gz,Raw FASTQ
HRR026378_f1.fq.gz,Raw FASTQ
HRR026378_r2.fq.gz,Raw FASTQ
HRR026379_f1.fq.gz,Raw FASTQ
HRR026379_r2.fq.gz,Raw FASTQ
HRR026380_f1.fq.gz,Raw FASTQ
HRR026380_r2.fq.gz,Raw FASTQ
HRR026381_f1.fq.gz,Raw FASTQ
HRR026381_r2.fq.gz,Raw FASTQ
HRR026382_f1.fq.gz,Raw FASTQ
HRR026382_r2.fq.gz,Raw FASTQ
HRR026383_f1.fq.gz,Raw FASTQ
HRR026383_r2.fq.gz,Raw FASTQ
HRR026384_f1.fq.gz,Raw FASTQ
HRR026384_r2.fq.gz,Raw FASTQ
HRR026385_f1.fq.gz,Raw FASTQ
HRR026385_r2.fq.gz,Raw FASTQ
HRR026386_f1.fq.gz,Raw FASTQ
HRR026386_r2.fq.gz,Raw FASTQ
HRR026387_f1.fq.gz,Raw FASTQ
HRR026387_r2.fq.gz,Raw FASTQ
HRR026388_f1.fq.gz,Raw FASTQ
HRR026388_r2.fq.gz,Raw FASTQ
HRR026389_f1.fq.gz,Raw FASTQ
HRR026389_r2.fq.gz,Raw FASTQ
HRR026390_f1.fq.gz,Raw FASTQ
HRR026390_r2.fq.gz,Raw FASTQ
HRR026391_f1.fq.gz,Raw FASTQ
HRR026391_r2.fq.gz,Raw FASTQ
HRR026392_f1.fq.gz,Raw FASTQ
HRR026392_r2.fq.gz,Raw FASTQ
HRR026393_f1.fq.gz,Raw FASTQ
HRR026393_r2.fq.gz,Raw FASTQ
HRR026394_f1.fq.gz,Raw FASTQ
HRR026394_r2.fq.gz,Raw FASTQ
HRR026395_f1.fq.gz,Raw FASTQ
HRR026395_r2.fq.gz,Raw FASTQ
HRR026396_f1.fq.gz,Raw FASTQ
HRR026396_r2.fq.gz,Raw FASTQ
HRR026397_f1.fq.gz,Raw FASTQ
HRR026397_r2.fq.gz,Raw FASTQ
HRR026398_f1.fq.gz,Raw FASTQ
HRR026398_r2.fq.gz,Raw FASTQ
HRR026399_f1.fq.gz,Raw FASTQ
HRR026399_r2.fq.gz,Raw FASTQ
HRR026400_f1.fq.gz,Raw FASTQ
HRR026400_r2.fq.gz,Raw FASTQ
HRR026401_f1.fq.gz,Raw FASTQ
HRR026401_r2.fq.gz,Raw FASTQ
HRR026402_f1.fq.gz,Raw FASTQ
HRR026402_r2.fq.gz,Raw FASTQ
HRR026403_f1.fq.gz,Raw FASTQ
HRR026403_r2.fq.gz,Raw FASTQ
HRR026404_f1.fq.gz,Raw FASTQ
HRR026404_r2.fq.gz,Raw FASTQ
HRR026405_f1.fq.gz,Raw FASTQ
HRR026405_r2.fq.gz,Raw FASTQ
HRR026406_f1.fq.gz,Raw FASTQ
HRR026406_r2.fq.gz,Raw FASTQ
HRR026407_f1.fq.gz,Raw FASTQ
HRR026407_r2.fq.gz,Raw FASTQ
HRR026408_f1.fq.gz,Raw FASTQ
HRR026408_r2.fq.gz,Raw FASTQ
HRR026409_f1.fq.gz,Raw FASTQ
HRR026409_r2.fq.gz,Raw FASTQ
HRR026410_f1.fq.gz,Raw FASTQ
HRR026410_r2.fq.gz,Raw FASTQ
HRR026411_f1.fq.gz,Raw FASTQ
HRR026411_r2.fq.gz,Raw FASTQ
HRR026412_f1.fq.gz,Raw FASTQ
HRR026412_r2.fq.gz,Raw FASTQ
HRR026413_f1.fq.gz,Raw FASTQ
HRR026413_r2.fq.gz,Raw FASTQ
HRR026414_f1.fq.gz,Raw FASTQ
HRR026414_r2.fq.gz,Raw FASTQ
HRR026415_f1.fq.gz,Raw FASTQ
HRR026415_r2.fq.gz,Raw FASTQ
HRR026416_f1.fq.gz,Raw FASTQ
HRR026416_r2.fq.gz,Raw FASTQ
HRR026417_f1.fq.gz,Raw FASTQ
HRR026417_r2.fq.gz,Raw FASTQ
HRR026418_f1.fq.gz,Raw FASTQ
HRR026418_r2.fq.gz,Raw FASTQ
HRR026419_f1.fq.gz,Raw FASTQ
HRR026419_r2.fq.gz,Raw FASTQ
HRR026420_f1.fq.gz,Raw FASTQ
HRR026420_r2.fq.gz,Raw FASTQ
HRR026421_f1.fq.gz,Raw FASTQ
HRR026421_r2.fq.gz,Raw FASTQ
HRR026422_f1.fq.gz,Raw FASTQ
HRR026422_r2.fq.gz,Raw FASTQ
HRR026423_f1.fq.gz,Raw FASTQ
HRR026423_r2.fq.gz,Raw FASTQ
HRR026424_f1.fq.gz,Raw FASTQ
HRR026424_r2.fq.gz,Raw FASTQ
HRR026425_f1.fq.gz,Raw FASTQ
HRR026425_r2.fq.gz,Raw FASTQ
HRR026426_f1.fq.gz,Raw FASTQ
HRR026426_r2.fq.gz,Raw FASTQ
HRR026427_f1.fq.gz,Raw FASTQ
HRR026427_r2.fq.gz,Raw FASTQ
HRR026428_f1.fq.gz,Raw FASTQ
HRR026428_r2.fq.gz,Raw FASTQ
HRR026429_f1.fq.gz,Raw FASTQ
HRR026429_r2.fq.gz,Raw FASTQ
HRR026430_f1.fq.gz,Raw FASTQ
HRR026430_r2.fq.gz,Raw FASTQ
HRR026431_f1.fq.gz,Raw FASTQ
HRR026431_r2.fq.gz,Raw FASTQ
HRR026432_f1.fq.gz,Raw FASTQ
HRR026432_r2.fq.gz,Raw FASTQ
HRR026433_f1.fq.gz,Raw FASTQ
HRR026433_r2.fq.gz,Raw FASTQ
HRR026434_f1.fq.gz,Raw FASTQ
HRR026434_r2.fq.gz,Raw FASTQ
HRR026435_f1.fq.gz,Raw FASTQ
HRR026435_r2.fq.gz,Raw FASTQ
HRR026436_f1.fq.gz,Raw FASTQ
HRR026436_r2.fq.gz,Raw FASTQ
HRR026437_f1.fq.gz,Raw FASTQ
HRR026437_r2.fq.gz,Raw FASTQ
HRR026438_f1.fq.gz,Raw FASTQ
HRR026438_r2.fq.gz,Raw FASTQ
HRR026439_f1.fq.gz,Raw FASTQ
HRR026439_r2.fq.gz,Raw FASTQ
HRR026440_f1.fq.gz,Raw FASTQ
HRR026440_r2.fq.gz,Raw FASTQ
HRR026441_f1.fq.gz,Raw FASTQ
HRR026441_r2.fq.gz,Raw FASTQ
HRR026442_f1.fq.gz,Raw FASTQ
HRR026442_r2.fq.gz,Raw FASTQ
HRR026443_f1.fq.gz,Raw FASTQ
HRR026443_r2.fq.gz,Raw FASTQ
HRR026444_f1.fq.gz,Raw FASTQ
HRR026444_r2.fq.gz,Raw FASTQ
HRR026445_f1.fq.gz,Raw FASTQ
HRR026445_r2.fq.gz,Raw FASTQ
HRR026446_f1.fq.gz,Raw FASTQ
HRR026446_r2.fq.gz,Raw FASTQ
HRR026447_f1.fq.gz,Raw FASTQ
HRR026447_r2.fq.gz,Raw FASTQ
HRR026448_f1.fq.gz,Raw FASTQ
HRR026448_r2.fq.gz,Raw FASTQ
HRR026449_f1.fq.gz,Raw FASTQ
HRR026449_r2.fq.gz,Raw FASTQ
HRR026450_f1.fq.gz,Raw FASTQ
HRR026450_r2.fq.gz,Raw FASTQ
HRR026451_f1.fq.gz,Raw FASTQ
HRR026451_r2.fq.gz,Raw FASTQ
HRR026452_f1.fq.gz,Raw FASTQ
HRR026452_r2.fq.gz,Raw FASTQ
HRR026453_f1.fq.gz,Raw FASTQ
HRR026453_r2.fq.gz,Raw FASTQ
HRR026454_f1.fq.gz,Raw FASTQ
HRR026454_r2.fq.gz,Raw FASTQ
HRR026455_f1.fq.gz,Raw FASTQ
HRR026455_r2.fq.gz,Raw FASTQ
HRR026456_f1.fq.gz,Raw FASTQ
HRR026456_r2.fq.gz,Raw FASTQ
HRR026457_f1.fq.gz,Raw FASTQ
HRR026457_r2.fq.gz,Raw FASTQ
HRR026458_f1.fq.gz,Raw FASTQ
HRR026458_r2.fq.gz,Raw FASTQ
HRR026459_f1.fq.gz,Raw FASTQ
HRR026459_r2.fq.gz,Raw FASTQ
HRR026460_f1.fq.gz,Raw FASTQ
HRR026460_r2.fq.gz,Raw FASTQ
HRR026461_f1.fq.gz,Raw FASTQ
HRR026461_r2.fq.gz,Raw FASTQ
HRR026462_f1.fq.gz,Raw FASTQ
HRR026462_r2.fq.gz,Raw FASTQ
HRR026463_f1.fq.gz,Raw FASTQ
HRR026463_r2.fq.gz,Raw FASTQ
HRR026464_f1.fq.gz,Raw FASTQ
HRR026464_r2.fq.gz,Raw FASTQ
HRR026465_f1.fq.gz,Raw FASTQ
HRR026465_r2.fq.gz,Raw FASTQ
HRR026466_f1.fq.gz,Raw FASTQ
HRR026466_r2.fq.gz,Raw FASTQ
HRR026467_f1.fq.gz,Raw FASTQ
HRR026467_r2.fq.gz,Raw FASTQ
HRR026468_f1.fq.gz,Raw FASTQ
HRR026468_r2.fq.gz,Raw FASTQ
HRR026469_f1.fq.gz,Raw FASTQ
HRR026469_r2.fq.gz,Raw FASTQ
HRR026470_f1.fq.gz,Raw FASTQ
HRR026470_r2.fq.gz,Raw FASTQ
HRR026471_f1.fq.gz,Raw FASTQ
HRR026471_r2.fq.gz,Raw FASTQ
HRR026472_f1.fq.gz,Raw FASTQ
HRR026472_r2.fq.gz,Raw FASTQ
HRR026473_f1.fq.gz,Raw FASTQ
HRR026473_r2.fq.gz,Raw FASTQ
HRR026474_f1.fq.gz,Raw FASTQ
HRR026474_r2.fq.gz,Raw FASTQ
HRR026475_f1.fq.gz,Raw FASTQ
HRR026475_r2.fq.gz,Raw FASTQ
HRR026476_f1.fq.gz,Raw FASTQ
HRR026476_r2.fq.gz,Raw FASTQ
HRR026477_f1.fq.gz,Raw FASTQ
HRR026477_r2.fq.gz,Raw FASTQ
HRR026478_f1.fq.gz,Raw FASTQ
HRR026478_r2.fq.gz,Raw FASTQ
HRR026479_f1.fq.gz,Raw FASTQ
HRR026479_r2.fq.gz,Raw FASTQ
HRR026480_f1.fq.gz,Raw FASTQ
HRR026480_r2.fq.gz,Raw FASTQ
HRR026481_f1.fq.gz,Raw FASTQ
HRR026481_r2.fq.gz,Raw FASTQ
HRR026482_f1.fq.gz,Raw FASTQ
HRR026482_r2.fq.gz,Raw FASTQ
HRR026483_f1.fq.gz,Raw FASTQ
HRR026483_r2.fq.gz,Raw FASTQ
HRR026484_f1.fq.gz,Raw FASTQ
HRR026484_r2.fq.gz,Raw FASTQ
HRR026485_f1.fq.gz,Raw FASTQ
HRR026485_r2.fq.gz,Raw FASTQ
HRR026486_f1.fq.gz,Raw FASTQ
HRR026486_r2.fq.gz,Raw FASTQ
HRR026487_f1.fq.gz,Raw FASTQ
HRR026487_r2.fq.gz,Raw FASTQ
HRR026488_f1.fq.gz,Raw FASTQ
HRR026488_r2.fq.gz,Raw FASTQ
HRR026489_f1.fq.gz,Raw FASTQ
HRR026489_r2.fq.gz,Raw FASTQ
HRR026490_f1.fq.gz,Raw FASTQ
HRR026490_r2.fq.gz,Raw FASTQ
HRR026491_f1.fq.gz,Raw FASTQ
HRR026491_r2.fq.gz,Raw FASTQ
HRR026492_f1.fq.gz,Raw FASTQ
HRR026492_r2.fq.gz,Raw FASTQ
HRR026493_f1.fq.gz,Raw FASTQ
HRR026493_r2.fq.gz,Raw FASTQ
HRR026494_f1.fq.gz,Raw FASTQ
HRR026494_r2.fq.gz,Raw FASTQ
HRR026495_f1.fq.gz,Raw FASTQ
HRR026495_r2.fq.gz,Raw FASTQ
HRR026496_f1.fq.gz,Raw FASTQ
HRR026496_r2.fq.gz,Raw FASTQ
HRR026497_f1.fq.gz,Raw FASTQ
HRR026497_r2.fq.gz,Raw FASTQ
HRR026498_f1.fq.gz,Raw FASTQ
HRR026498_r2.fq.gz,Raw FASTQ
HRR026499_f1.fq.gz,Raw FASTQ
HRR026499_r2.fq.gz,Raw FASTQ
HRR026500_f1.fq.gz,Raw FASTQ
HRR026500_r2.fq.gz,Raw FASTQ
HRR026501_f1.fq.gz,Raw FASTQ
HRR026501_r2.fq.gz,Raw FASTQ
HRR026502_f1.fq.gz,Raw FASTQ
HRR026502_r2.fq.gz,Raw FASTQ
HRR026503_f1.fq.gz,Raw FASTQ
HRR026503_r2.fq.gz,Raw FASTQ
HRR026504_f1.fq.gz,Raw FASTQ
HRR026504_r2.fq.gz,Raw FASTQ
HRR026505_f1.fq.gz,Raw FASTQ
HRR026505_r2.fq.gz,Raw FASTQ
HRR026506_f1.fq.gz,Raw FASTQ
HRR026506_r2.fq.gz,Raw FASTQ
HRR026507_f1.fq.gz,Raw FASTQ
HRR026507_r2.fq.gz,Raw FASTQ
HRR026508_f1.fq.gz,Raw FASTQ
HRR026508_r2.fq.gz,Raw FASTQ
HRR026509_f1.fq.gz,Raw FASTQ
HRR026509_r2.fq.gz,Raw FASTQ
HRR026510_f1.fq.gz,Raw FASTQ
HRR026510_r2.fq.gz,Raw FASTQ
HRR026511_f1.fq.gz,Raw FASTQ
HRR026511_r2.fq.gz,Raw FASTQ
HRR026512_f1.fq.gz,Raw FASTQ
HRR026512_r2.fq.gz,Raw FASTQ
HRR026513_f1.fq.gz,Raw FASTQ
HRR026513_r2.fq.gz,Raw FASTQ
HRR026514_f1.fq.gz,Raw FASTQ
HRR026514_r2.fq.gz,Raw FASTQ
HRR026515_f1.fq.gz,Raw FASTQ
HRR026515_r2.fq.gz,Raw FASTQ
HRR026516_f1.fq.gz,Raw FASTQ
HRR026516_r2.fq.gz,Raw FASTQ
HRR026517_f1.fq.gz,Raw FASTQ
HRR026517_r2.fq.gz,Raw FASTQ
HRR026518_f1.fq.gz,Raw FASTQ
HRR026518_r2.fq.gz,Raw FASTQ
HRR026519_f1.fq.gz,Raw FASTQ
HRR026519_r2.fq.gz,Raw FASTQ
HRR026520_f1.fq.gz,Raw FASTQ
HRR026520_r2.fq.gz,Raw FASTQ
HRR026521_f1.fq.gz,Raw FASTQ
HRR026521_r2.fq.gz,Raw FASTQ
HRR026522_f1.fq.gz,Raw FASTQ
HRR026522_r2.fq.gz,Raw FASTQ
HRR026523_f1.fq.gz,Raw FASTQ
HRR026523_r2.fq.gz,Raw FASTQ
HRR026524_f1.fq.gz,Raw FASTQ
HRR026524_r2.fq.gz,Raw FASTQ
HRR026525_f1.fq.gz,Raw FASTQ
HRR026525_r2.fq.gz,Raw FASTQ
HRR026526_f1.fq.gz,Raw FASTQ
HRR026526_r2.fq.gz,Raw FASTQ
HRR026527_f1.fq.gz,Raw FASTQ
HRR026527_r2.fq.gz,Raw FASTQ
HRR026528_f1.fq.gz,Raw FASTQ
HRR026528_r2.fq.gz,Raw FASTQ
HRR026529_f1.fq.gz,Raw FASTQ
HRR026529_r2.fq.gz,Raw FASTQ
HRR026530_f1.fq.gz,Raw FASTQ
HRR026530_r2.fq.gz,Raw FASTQ
HRR026531_f1.fq.gz,Raw FASTQ
HRR026531_r2.fq.gz,Raw FASTQ
HRR026532_f1.fq.gz,Raw FASTQ
HRR026532_r2.fq.gz,Raw FASTQ
HRR026533_f1.fq.gz,Raw FASTQ
HRR026533_r2.fq.gz,Raw FASTQ
HRR026534_f1.fq.gz,Raw FASTQ
HRR026534_r2.fq.gz,Raw FASTQ
HRR026535_f1.fq.gz,Raw FASTQ
HRR026535_r2.fq.gz,Raw FASTQ
HRR026536_f1.fq.gz,Raw FASTQ
HRR026536_r2.fq.gz,Raw FASTQ
HRR026537_f1.fq.gz,Raw FASTQ
HRR026537_r2.fq.gz,Raw FASTQ
HRR026538_f1.fq.gz,Raw FASTQ
HRR026538_r2.fq.gz,Raw FASTQ
HRR026539_f1.fq.gz,Raw FASTQ
HRR026539_r2.fq.gz,Raw FASTQ
HRR026540_f1.fq.gz,Raw FASTQ
HRR026540_r2.fq.gz,Raw FASTQ
HRR026541_f1.fq.gz,Raw FASTQ
HRR026541_r2.fq.gz,Raw FASTQ
HRR026542_f1.fq.gz,Raw FASTQ
HRR026542_r2.fq.gz,Raw FASTQ
HRR026543_f1.fq.gz,Raw FASTQ
HRR026543_r2.fq.gz,Raw FASTQ
HRR026544_f1.fq.gz,Raw FASTQ
HRR026544_r2.fq.gz,Raw FASTQ
HRR026545_f1.fq.gz,Raw FASTQ
HRR026545_r2.fq.gz,Raw FASTQ
HRR026546_f1.fq.gz,Raw FASTQ
HRR026546_r2.fq.gz,Raw FASTQ
HRR026547_f1.fq.gz,Raw FASTQ
HRR026547_r2.fq.gz,Raw FASTQ
HRR026548_f1.fq.gz,Raw FASTQ
HRR026548_r2.fq.gz,Raw FASTQ
HRR026549_f1.fq.gz,Raw FASTQ
HRR026549_r2.fq.gz,Raw FASTQ
HRR026550_f1.fq.gz,Raw FASTQ
HRR026550_r2.fq.gz,Raw FASTQ
HRR026551_f1.fq.gz,Raw FASTQ
HRR026551_r2.fq.gz,Raw FASTQ
HRR232644_f1.fastq.gz,Raw FASTQ
HRR232644_r2.fastq.gz,Raw FASTQ
HRR232645_f1.fastq.gz,Raw FASTQ
HRR232645_r2.fastq.gz,Raw FASTQ
HRR232646_f1.fastq.gz,Raw FASTQ
HRR232646_r2.fastq.gz,Raw FASTQ
HRR232647_f1.fastq.gz,Raw FASTQ
HRR232647_r2.fastq.gz,Raw FASTQ
HRR232648_f1.fastq.gz,Raw FASTQ
HRR232648_r2.fastq.gz,Raw FASTQ
HRR232649_f1.fastq.gz,Raw FASTQ
HRR232649_r2.fastq.gz,Raw FASTQ
HRR232650_f1.fastq.gz,Raw FASTQ
HRR232650_r2.fastq.gz,Raw FASTQ
HRR232651_f1.fastq.gz,Raw FASTQ
HRR232651_r2.fastq.gz,Raw FASTQ
HRR232652_f1.fastq.gz,Raw FASTQ
HRR232652_r2.fastq.gz,Raw FASTQ
HRR232653_f1.fastq.gz,Raw FASTQ
HRR232653_r2.fastq.gz,Raw FASTQ
HRR232654_f1.fastq.gz,Raw FASTQ
HRR232654_r2.fastq.gz,Raw FASTQ
HRR232655_f1.fastq.gz,Raw FASTQ
HRR232655_r2.fastq.gz,Raw FASTQ
HRR232656_f1.fastq.gz,Raw FASTQ
HRR232656_r2.fastq.gz,Raw FASTQ
HRR232657_f1.fastq.gz,Raw FASTQ
HRR232657_r2.fastq.gz,Raw FASTQ
HRR232658_f1.fastq.gz,Raw FASTQ
HRR232658_r2.fastq.gz,Raw FASTQ
HRR232659_f1.fastq.gz,Raw FASTQ
HRR232659_r2.fastq.gz,Raw FASTQ
HRR232660_f1.fastq.gz,Raw FASTQ
HRR232660_r2.fastq.gz,Raw FASTQ
HRR232661_f1.fastq.gz,Raw FASTQ
HRR232661_r2.fastq.gz,Raw FASTQ
HRR232662_f1.fastq.gz,Raw FASTQ
HRR232662_r2.fastq.gz,Raw FASTQ
HRR232663_f1.fastq.gz,Raw FASTQ
HRR232663_r2.fastq.gz,Raw FASTQ
HRR232664_f1.fastq.gz,Raw FASTQ
HRR232664_r2.fastq.gz,Raw FASTQ
HRR232665_f1.fastq.gz,Raw FASTQ
HRR232665_r2.fastq.gz,Raw FASTQ
HRR232666_f1.fastq.gz,Raw FASTQ
HRR232666_r2.fastq.gz,Raw FASTQ
HRR232667_f1.fastq.gz,Raw FASTQ
HRR232667_r2.fastq.gz,Raw FASTQ
HRR232668_f1.fastq.gz,Raw FASTQ
HRR232668_r2.fastq.gz,Raw FASTQ
HRR232669_f1.fastq.gz,Raw FASTQ
HRR232669_r2.fastq.gz,Raw FASTQ
HRR232670_f1.fastq.gz,Raw FASTQ
HRR232670_r2.fastq.gz,Raw FASTQ
HRR232671_f1.fastq.gz,Raw FASTQ
HRR232671_r2.fastq.gz,Raw FASTQ
HRR232672_f1.fastq.gz,Raw FASTQ
HRR232672_r2.fastq.gz,Raw FASTQ
HRR232673_f1.fastq.gz,Raw FASTQ
HRR232673_r2.fastq.gz,Raw FASTQ
HRR232674_f1.fastq.gz,Raw FASTQ
HRR232674_r2.fastq.gz,Raw FASTQ
HRR232675_f1.fastq.gz,Raw FASTQ
HRR232675_r2.fastq.gz,Raw FASTQ
HRR232676_f1.fastq.gz,Raw FASTQ
HRR232676_r2.fastq.gz,Raw FASTQ
HRR232677_f1.fastq.gz,Raw FASTQ
HRR232677_r2.fastq.gz,Raw FASTQ
HRR232678_f1.fastq.gz,Raw FASTQ
HRR232678_r2.fastq.gz,Raw FASTQ
HRR232679_f1.fastq.gz,Raw FASTQ
HRR232679_r2.fastq.gz,Raw FASTQ
HRR232680_f1.fastq.gz,Raw FASTQ
HRR232680_r2.fastq.gz,Raw FASTQ
HRR232681_f1.fastq.gz,Raw FASTQ
HRR232681_r2.fastq.gz,Raw FASTQ
HRR232682_f1.fastq.gz,Raw FASTQ
HRR232682_r2.fastq.gz,Raw FASTQ
HRR232683_f1.fastq.gz,Raw FASTQ
HRR232683_r2.fastq.gz,Raw FASTQ
HRR232684_f1.fastq.gz,Raw FASTQ
HRR232684_r2.fastq.gz,Raw FASTQ
HRR232685_f1.fastq.gz,Raw FASTQ
HRR232685_r2.fastq.gz,Raw FASTQ
HRR232686_f1.fastq.gz,Raw FASTQ
HRR232686_r2.fastq.gz,Raw FASTQ
HRR232687_f1.fastq.gz,Raw FASTQ
HRR232687_r2.fastq.gz,Raw FASTQ
HRR232688_f1.fastq.gz,Raw FASTQ
HRR232688_r2.fastq.gz,Raw FASTQ
HRR232689_f1.fastq.gz,Raw FASTQ
HRR232689_r2.fastq.gz,Raw FASTQ
HRR232690_f1.fastq.gz,Raw FASTQ
HRR232690_r2.fastq.gz,Raw FASTQ
HRR232691_f1.fastq.gz,Raw FASTQ
HRR232691_r2.fastq.gz,Raw FASTQ
HRR232692_f1.fastq.gz,Raw FASTQ
HRR232692_r2.fastq.gz,Raw FASTQ
HRR232693_f1.fastq.gz,Raw FASTQ
HRR232693_r2.fastq.gz,Raw FASTQ
HRR232694_f1.fastq.gz,Raw FASTQ
HRR232694_r2.fastq.gz,Raw FASTQ
HRR232695_f1.fastq.gz,Raw FASTQ
HRR232695_r2.fastq.gz,Raw FASTQ
HRR232696_f1.fastq.gz,Raw FASTQ
HRR232696_r2.fastq.gz,Raw FASTQ
HRR232697_f1.fastq.gz,Raw FASTQ
HRR232697_r2.fastq.gz,Raw FASTQ
HRR232698_f1.fastq.gz,Raw FASTQ
HRR232698_r2.fastq.gz,Raw FASTQ
HRR232699_f1.fastq.gz,Raw FASTQ
HRR232699_r2.fastq.gz,Raw FASTQ
HRR232700_f1.fastq.gz,Raw FASTQ
HRR232700_r2.fastq.gz,Raw FASTQ
HRR232701_f1.fastq.gz,Raw FASTQ
HRR232701_r2.fastq.gz,Raw FASTQ
HRR232702_f1.fastq.gz,Raw FASTQ
HRR232702_r2.fastq.gz,Raw FASTQ
HRR232703_f1.fastq.gz,Raw FASTQ
HRR232703_r2.fastq.gz,Raw FASTQ
HRR232704_f1.fastq.gz,Raw FASTQ
HRR232704_r2.fastq.gz,Raw FASTQ
HRR232705_f1.fastq.gz,Raw FASTQ
HRR232705_r2.fastq.gz,Raw FASTQ
HRR232706_f1.fastq.gz,Raw FASTQ
HRR232706_r2.fastq.gz,Raw FASTQ
HRR232707_f1.fastq.gz,Raw FASTQ
HRR232707_r2.fastq.gz,Raw FASTQ
HRR232708_f1.fastq.gz,Raw FASTQ
HRR232708_r2.fastq.gz,Raw FASTQ
HRR232709_f1.fastq.gz,Raw FASTQ
HRR232709_r2.fastq.gz,Raw FASTQ
HRR232710_f1.fastq.gz,Raw FASTQ
HRR232710_r2.fastq.gz,Raw FASTQ
HRR232711_f1.fastq.gz,Raw FASTQ
HRR232711_r2.fastq.gz,Raw FASTQ
HRR232712_f1.fastq.gz,Raw FASTQ
HRR232712_r2.fastq.gz,Raw FASTQ
HRR232713_f1.fastq.gz,Raw FASTQ
HRR232713_r2.fastq.gz,Raw FASTQ
HRR232714_f1.fastq.gz,Raw FASTQ
HRR232714_r2.fastq.gz,Raw FASTQ
HRR232715_f1.fastq.gz,Raw FASTQ
HRR232715_r2.fastq.gz,Raw FASTQ
HRR232716_f1.fastq.gz,Raw FASTQ
HRR232716_r2.fastq.gz,Raw FASTQ
HRR232717_f1.fastq.gz,Raw FASTQ
HRR232717_r2.fastq.gz,Raw FASTQ
HRR232718_f1.fastq.gz,Raw FASTQ
HRR232718_r2.fastq.gz,Raw FASTQ
HRR232719_f1.fastq.gz,Raw FASTQ
HRR232719_r2.fastq.gz,Raw FASTQ
HRR232720_f1.fastq.gz,Raw FASTQ
HRR232720_r2.fastq.gz,Raw FASTQ
HRR232721_f1.fastq.gz,Raw FASTQ
HRR232721_r2.fastq.gz,Raw FASTQ
HRR232722_f1.fastq.gz,Raw FASTQ
HRR232722_r2.fastq.gz,Raw FASTQ
HRR232723_f1.fastq.gz,Raw FASTQ
HRR232723_r2.fastq.gz,Raw FASTQ
HRR232724_f1.fastq.gz,Raw FASTQ
HRR232724_r2.fastq.gz,Raw FASTQ
HRR232725_f1.fastq.gz,Raw FASTQ
HRR232725_r2.fastq.gz,Raw FASTQ
HRR232726_f1.fastq.gz,Raw FASTQ
HRR232726_r2.fastq.gz,Raw FASTQ
HRR232727_f1.fastq.gz,Raw FASTQ
HRR232727_r2.fastq.gz,Raw FASTQ
HRR232728_f1.fastq.gz,Raw FASTQ
HRR232728_r2.fastq.gz,Raw FASTQ
HRR232729_f1.fastq.gz,Raw FASTQ
HRR232729_r2.fastq.gz,Raw FASTQ
HRR232730_f1.fastq.gz,Raw FASTQ
HRR232730_r2.fastq.gz,Raw FASTQ
HRR232731_f1.fastq.gz,Raw FASTQ
HRR232731_r2.fastq.gz,Raw FASTQ
HRR232732_f1.fastq.gz,Raw FASTQ
HRR232732_r2.fastq.gz,Raw FASTQ
HRR232733_f1.fastq.gz,Raw FASTQ
HRR232733_r2.fastq.gz,Raw FASTQ
HRR232734_f1.fastq.gz,Raw FASTQ
HRR232734_r2.fastq.gz,Raw FASTQ
HRR232735_f1.fastq.gz,Raw FASTQ
HRR232735_r2.fastq.gz,Raw FASTQ
HRR232736_f1.fastq.gz,Raw FASTQ
HRR232736_r2.fastq.gz,Raw FASTQ
HRR232737_f1.fastq.gz,Raw FASTQ
HRR232737_r2.fastq.gz,Raw FASTQ
HRR232738_f1.fastq.gz,Raw FASTQ
HRR232738_r2.fastq.gz,Raw FASTQ
HRR232739_f1.fastq.gz,Raw FASTQ
HRR232739_r2.fastq.gz,Raw FASTQ
HRR232740_f1.fastq.gz,Raw FASTQ
HRR232740_r2.fastq.gz,Raw FASTQ
HRR232741_f1.fastq.gz,Raw FASTQ
HRR232741_r2.fastq.gz,Raw FASTQ
HRR232742_f1.fastq.gz,Raw FASTQ
HRR232742_r2.fastq.gz,Raw FASTQ
HRR232743_f1.fastq.gz,Raw FASTQ
HRR232743_r2.fastq.gz,Raw FASTQ
HRR232744_f1.fastq.gz,Raw FASTQ
HRR232744_r2.fastq.gz,Raw FASTQ
HRR232745_f1.fastq.gz,Raw FASTQ
HRR232745_r2.fastq.gz,Raw FASTQ
HRR232746_f1.fastq.gz,Raw FASTQ
HRR232746_r2.fastq.gz,Raw FASTQ
HRR232747_f1.fastq.gz,Raw FASTQ
HRR232747_r2.fastq.gz,Raw FASTQ
HRR232748_f1.fastq.gz,Raw FASTQ
HRR232748_r2.fastq.gz,Raw FASTQ
HRR232749_f1.fastq.gz,Raw FASTQ
HRR232749_r2.fastq.gz,Raw FASTQ
HRR232750_f1.fastq.gz,Raw FASTQ
HRR232750_r2.fastq.gz,Raw FASTQ
HRR232751_f1.fastq.gz,Raw FASTQ
HRR232751_r2.fastq.gz,Raw FASTQ
HRR232752_f1.fastq.gz,Raw FASTQ
HRR232752_r2.fastq.gz,Raw FASTQ
HRR232753_f1.fastq.gz,Raw FASTQ
HRR232753_r2.fastq.gz,Raw FASTQ
HRR232754_f1.fastq.gz,Raw FASTQ
HRR232754_r2.fastq.gz,Raw FASTQ
HRR232755_f1.fastq.gz,Raw FASTQ
HRR232755_r2.fastq.gz,Raw FASTQ
HRR232756_f1.fastq.gz,Raw FASTQ
HRR232756_r2.fastq.gz,Raw FASTQ
HRR232757_f1.fastq.gz,Raw FASTQ
HRR232757_r2.fastq.gz,Raw FASTQ
HRR232758_f1.fastq.gz,Raw FASTQ
HRR232758_r2.fastq.gz,Raw FASTQ
HRR232759_f1.fastq.gz,Raw FASTQ
HRR232759_r2.fastq.gz,Raw FASTQ
HRR232760_f1.fastq.gz,Raw FASTQ
HRR232760_r2.fastq.gz,Raw FASTQ
HRR232761_f1.fastq.gz,Raw FASTQ
HRR232761_r2.fastq.gz,Raw FASTQ
HRR232762_f1.fastq.gz,Raw FASTQ
HRR232762_r2.fastq.gz,Raw FASTQ
HRR232763_f1.fastq.gz,Raw FASTQ
HRR232763_r2.fastq.gz,Raw FASTQ
HRR232764_f1.fastq.gz,Raw FASTQ
HRR232764_r2.fastq.gz,Raw FASTQ
HRR232765_f1.fastq.gz,Raw FASTQ
HRR232765_r2.fastq.gz,Raw FASTQ
HRR232766_f1.fastq.gz,Raw FASTQ
HRR232766_r2.fastq.gz,Raw FASTQ
HRR232767_f1.fastq.gz,Raw FASTQ
HRR232767_r2.fastq.gz,Raw FASTQ
HRR232768_f1.fastq.gz,Raw FASTQ
HRR232768_r2.fastq.gz,Raw FASTQ
HRR232769_f1.fastq.gz,Raw FASTQ
HRR232769_r2.fastq.gz,Raw FASTQ
HRR232770_f1.fastq.gz,Raw FASTQ
HRR232770_r2.fastq.gz,Raw FASTQ
HRR232771_f1.fastq.gz,Raw FASTQ
HRR232771_r2.fastq.gz,Raw FASTQ
HRR232772_f1.fastq.gz,Raw FASTQ
HRR232772_r2.fastq.gz,Raw FASTQ
HRR232773_f1.fastq.gz,Raw FASTQ
HRR232773_r2.fastq.gz,Raw FASTQ
HRR232774_f1.fastq.gz,Raw FASTQ
HRR232774_r2.fastq.gz,Raw FASTQ
HRR232775_f1.fastq.gz,Raw FASTQ
HRR232775_r2.fastq.gz,Raw FASTQ
HRR232776_f1.fastq.gz,Raw FASTQ
HRR232776_r2.fastq.gz,Raw FASTQ
HRR232777_f1.fastq.gz,Raw FASTQ
HRR232777_r2.fastq.gz,Raw FASTQ
HRR232778_f1.fastq.gz,Raw FASTQ
HRR232778_r2.fastq.gz,Raw FASTQ
HRR232779_f1.fastq.gz,Raw FASTQ
HRR232779_r2.fastq.gz,Raw FASTQ
HRR232780_f1.fastq.gz,Raw FASTQ
HRR232780_r2.fastq.gz,Raw FASTQ
HRR232781_f1.fastq.gz,Raw FASTQ
HRR232781_r2.fastq.gz,Raw FASTQ
HRR232782_f1.fastq.gz,Raw FASTQ
HRR232782_r2.fastq.gz,Raw FASTQ
HRR232783_f1.fastq.gz,Raw FASTQ
HRR232783_r2.fastq.gz,Raw FASTQ
HRR232784_f1.fastq.gz,Raw FASTQ
HRR232784_r2.fastq.gz,Raw FASTQ
HRR232785_f1.fastq.gz,Raw FASTQ
HRR232785_r2.fastq.gz,Raw FASTQ
HRR232786_f1.fastq.gz,Raw FASTQ
HRR232786_r2.fastq.gz,Raw FASTQ
HRR232787_f1.fastq.gz,Raw FASTQ
HRR232787_r2.fastq.gz,Raw FASTQ
HRR232788_f1.fastq.gz,Raw FASTQ
HRR232788_r2.fastq.gz,Raw FASTQ
HRR232789_f1.fastq.gz,Raw FASTQ
HRR232789_r2.fastq.gz,Raw FASTQ
HRR232790_f1.fastq.gz,Raw FASTQ
HRR232790_r2.fastq.gz,Raw FASTQ
HRR232791_f1.fastq.gz,Raw FASTQ
HRR232791_r2.fastq.gz,Raw FASTQ
HRR232792_f1.fastq.gz,Raw FASTQ
HRR232792_r2.fastq.gz,Raw FASTQ
HRR232793_f1.fastq.gz,Raw FASTQ
HRR232793_r2.fastq.gz,Raw FASTQ
HRR232794_f1.fastq.gz,Raw FASTQ
HRR232794_r2.fastq.gz,Raw FASTQ
HRR232795_f1.fastq.gz,Raw FASTQ
HRR232795_r2.fastq.gz,Raw FASTQ
HRR232796_f1.fastq.gz,Raw FASTQ
HRR232796_r2.fastq.gz,Raw FASTQ
HRR232797_f1.fastq.gz,Raw FASTQ
HRR232797_r2.fastq.gz,Raw FASTQ
HRR232798_f1.fastq.gz,Raw FASTQ
HRR232798_r2.fastq.gz,Raw FASTQ
HRR232799_f1.fastq.gz,Raw FASTQ
HRR232799_r2.fastq.gz,Raw FASTQ
HRR232800_f1.fastq.gz,Raw FASTQ
HRR232800_r2.fastq.gz,Raw FASTQ
HRR232801_f1.fastq.gz,Raw FASTQ
HRR232801_r2.fastq.gz,Raw FASTQ
HRR232802_f1.fastq.gz,Raw FASTQ
HRR232802_r2.fastq.gz,Raw FASTQ
HRR232803_f1.fastq.gz,Raw FASTQ
HRR232803_r2.fastq.gz,Raw FASTQ
HRR232804_f1.fastq.gz,Raw FASTQ
HRR232804_r2.fastq.gz,Raw FASTQ
HRR232805_f1.fastq.gz,Raw FASTQ
HRR232805_r2.fastq.gz,Raw FASTQ
HRR232806_f1.fastq.gz,Raw FASTQ
HRR232806_r2.fastq.gz,Raw FASTQ
HRR232807_f1.fastq.gz,Raw FASTQ
HRR232807_r2.fastq.gz,Raw FASTQ
HRR232808_f1.fastq.gz,Raw FASTQ
HRR232808_r2.fastq.gz,Raw FASTQ
HRR232809_f1.fastq.gz,Raw FASTQ
HRR232809_r2.fastq.gz,Raw FASTQ
HRR232810_f1.fastq.gz,Raw FASTQ
HRR232810_r2.fastq.gz,Raw FASTQ
HRR232811_f1.fastq.gz,Raw FASTQ
HRR232811_r2.fastq.gz,Raw FASTQ
HRR232812_f1.fastq.gz,Raw FASTQ
HRR232812_r2.fastq.gz,Raw FASTQ
HRR232813_f1.fastq.gz,Raw FASTQ
HRR232813_r2.fastq.gz,Raw FASTQ
HRR232814_f1.fastq.gz,Raw FASTQ
HRR232814_r2.fastq.gz,Raw FASTQ
HRR232815_f1.fastq.gz,Raw FASTQ
HRR232815_r2.fastq.gz,Raw FASTQ
HRR232816_f1.fastq.gz,Raw FASTQ
HRR232816_r2.fastq.gz,Raw FASTQ
HRR232817_f1.fastq.gz,Raw FASTQ
HRR232817_r2.fastq.gz,Raw FASTQ
HRR232818_f1.fastq.gz,Raw FASTQ
HRR232818_r2.fastq.gz,Raw FASTQ
HRR232819_f1.fastq.gz,Raw FASTQ
HRR232819_r2.fastq.gz,Raw FASTQ
HRR232820_f1.fastq.gz,Raw FASTQ
HRR232820_r2.fastq.gz,Raw FASTQ
HRR232821_f1.fastq.gz,Raw FASTQ
HRR232821_r2.fastq.gz,Raw FASTQ
HRR232822_f1.fastq.gz,Raw FASTQ
HRR232822_r2.fastq.gz,Raw FASTQ
HRR232823_f1.fastq.gz,Raw FASTQ
HRR232823_r2.fastq.gz,Raw FASTQ
HRR232824_f1.fastq.gz,Raw FASTQ
HRR232824_r2.fastq.gz,Raw FASTQ
HRR232825_f1.fastq.gz,Raw FASTQ
HRR232825_r2.fastq.gz,Raw FASTQ
HRR232826_f1.fastq.gz,Raw FASTQ
HRR232826_r2.fastq.gz,Raw FASTQ
HRR232827_f1.fastq.gz,Raw FASTQ
HRR232827_r2.fastq.gz,Raw FASTQ
HRR232828_f1.fastq.gz,Raw FASTQ
HRR232828_r2.fastq.gz,Raw FASTQ
HRR232829_f1.fastq.gz,Raw FASTQ
HRR232829_r2.fastq.gz,Raw FASTQ
HRR232830_f1.fastq.gz,Raw FASTQ
HRR232830_r2.fastq.gz,Raw FASTQ
HRR232831_f1.fastq.gz,Raw FASTQ
HRR232831_r2.fastq.gz,Raw FASTQ
HRR232832_f1.fastq.gz,Raw FASTQ
HRR232832_r2.fastq.gz,Raw FASTQ
HRR232833_f1.fastq.gz,Raw FASTQ
HRR232833_r2.fastq.gz,Raw FASTQ
HRR232834_f1.fastq.gz,Raw FASTQ
HRR232834_r2.fastq.gz,Raw FASTQ
HRR232835_f1.fastq.gz,Raw FASTQ
HRR232835_r2.fastq.gz,Raw FASTQ
HRR232836_f1.fastq.gz,Raw FASTQ
HRR232836_r2.fastq.gz,Raw FASTQ
HRR232837_f1.fastq.gz,Raw FASTQ
HRR232837_r2.fastq.gz,Raw FASTQ
HRR232838_f1.fastq.gz,Raw FASTQ
HRR232838_r2.fastq.gz,Raw FASTQ
HRR232839_f1.fastq.gz,Raw FASTQ
HRR232839_r2.fastq.gz,Raw FASTQ
HRR232840_f1.fastq.gz,Raw FASTQ
HRR232840_r2.fastq.gz,Raw FASTQ
HRR232841_f1.fastq.gz,Raw FASTQ
HRR232841_r2.fastq.gz,Raw FASTQ
HRR232842_f1.fastq.gz,Raw FASTQ
HRR232842_r2.fastq.gz,Raw FASTQ
HRR232843_f1.fastq.gz,Raw FASTQ
HRR232843_r2.fastq.gz,Raw FASTQ
HRR232844_f1.fastq.gz,Raw FASTQ
HRR232844_r2.fastq.gz,Raw FASTQ
HRR232845_f1.fastq.gz,Raw FASTQ
HRR232845_r2.fastq.gz,Raw FASTQ
HRR232846_f1.fastq.gz,Raw FASTQ
HRR232846_r2.fastq.gz,Raw FASTQ
HRR232847_f1.fastq.gz,Raw FASTQ
HRR232847_r2.fastq.gz,Raw FASTQ
HRR232848_f1.fastq.gz,Raw FASTQ
HRR232848_r2.fastq.gz,Raw FASTQ
HRR232849_f1.fastq.gz,Raw FASTQ
HRR232849_r2.fastq.gz,Raw FASTQ
HRR232850_f1.fastq.gz,Raw FASTQ
HRR232850_r2.fastq.gz,Raw FASTQ
HRR232851_f1.fastq.gz,Raw FASTQ
HRR232851_r2.fastq.gz,Raw FASTQ
HRR232852_f1.fastq.gz,Raw FASTQ
HRR232852_r2.fastq.gz,Raw FASTQ
HRR232853_f1.fastq.gz,Raw FASTQ
HRR232853_r2.fastq.gz,Raw FASTQ
HRR232854_f1.fastq.gz,Raw FASTQ
HRR232854_r2.fastq.gz,Raw FASTQ
HRR232855_f1.fastq.gz,Raw FASTQ
HRR232855_r2.fastq.gz,Raw FASTQ
HRR232856_f1.fastq.gz,Raw FASTQ
HRR232856_r2.fastq.gz,Raw FASTQ
HRR232857_f1.fastq.gz,Raw FASTQ
HRR232857_r2.fastq.gz,Raw FASTQ
HRR232858_f1.fastq.gz,Raw FASTQ
HRR232858_r2.fastq.gz,Raw FASTQ
HRR232859_f1.fastq.gz,Raw FASTQ
HRR232859_r2.fastq.gz,Raw FASTQ
HRR232860_f1.fastq.gz,Raw FASTQ
HRR232860_r2.fastq.gz,Raw FASTQ
HRR232861_f1.fastq.gz,Raw FASTQ
HRR232861_r2.fastq.gz,Raw FASTQ
HRR232862_f1.fastq.gz,Raw FASTQ
HRR232862_r2.fastq.gz,Raw FASTQ
HRR232863_f1.fastq.gz,Raw FASTQ
HRR232863_r2.fastq.gz,Raw FASTQ
HRR232864_f1.fastq.gz,Raw FASTQ
HRR232864_r2.fastq.gz,Raw FASTQ
HRR232865_f1.fastq.gz,Raw FASTQ
HRR232865_r2.fastq.gz,Raw FASTQ
HRR232866_f1.fastq.gz,Raw FASTQ
HRR232866_r2.fastq.gz,Raw FASTQ
HRR232867_f1.fastq.gz,Raw FASTQ
HRR232867_r2.fastq.gz,Raw FASTQ
HRR232868_f1.fastq.gz,Raw FASTQ
HRR232868_r2.fastq.gz,Raw FASTQ
HRR232869_f1.fastq.gz,Raw FASTQ
HRR232869_r2.fastq.gz,Raw FASTQ
HRR232870_f1.fastq.gz,Raw FASTQ
HRR232870_r2.fastq.gz,Raw FASTQ
HRR232871_f1.fastq.gz,Raw FASTQ
HRR232871_r2.fastq.gz,Raw FASTQ
HRR232872_f1.fastq.gz,Raw FASTQ
HRR232872_r2.fastq.gz,Raw FASTQ
HRR232873_f1.fastq.gz,Raw FASTQ
HRR232873_r2.fastq.gz,Raw FASTQ
HRR232874_f1.fastq.gz,Raw FASTQ
HRR232874_r2.fastq.gz,Raw FASTQ
HRR232875_f1.fastq.gz,Raw FASTQ
HRR232875_r2.fastq.gz,Raw FASTQ
HRR232876_f1.fastq.gz,Raw FASTQ
HRR232876_r2.fastq.gz,Raw FASTQ
HRR232877_f1.fastq.gz,Raw FASTQ
HRR232877_r2.fastq.gz,Raw FASTQ
HRR232878_f1.fastq.gz,Raw FASTQ
HRR232878_r2.fastq.gz,Raw FASTQ
HRR232879_f1.fastq.gz,Raw FASTQ
HRR232879_r2.fastq.gz,Raw FASTQ
HRR232880_f1.fastq.gz,Raw FASTQ
HRR232880_r2.fastq.gz,Raw FASTQ
HRR232881_f1.fastq.gz,Raw FASTQ
HRR232881_r2.fastq.gz,Raw FASTQ
HRR232882_f1.fastq.gz,Raw FASTQ
HRR232882_r2.fastq.gz,Raw FASTQ
HRR232883_f1.fastq.gz,Raw FASTQ
HRR232883_r2.fastq.gz,Raw FASTQ
HRR232884_f1.fastq.gz,Raw FASTQ
HRR232884_r2.fastq.gz,Raw FASTQ
HRR232885_f1.fastq.gz,Raw FASTQ
HRR232885_r2.fastq.gz,Raw FASTQ
HRR232886_f1.fastq.gz,Raw FASTQ
HRR232886_r2.fastq.gz,Raw FASTQ
HRR232887_f1.fastq.gz,Raw FASTQ
HRR232887_r2.fastq.gz,Raw FASTQ
HRR232888_f1.fastq.gz,Raw FASTQ
HRR232888_r2.fastq.gz,Raw FASTQ
HRR232889_f1.fastq.gz,Raw FASTQ
HRR232889_r2.fastq.gz,Raw FASTQ
HRR232890_f1.fastq.gz,Raw FASTQ
HRR232890_r2.fastq.gz,Raw FASTQ
HRR232891_f1.fastq.gz,Raw FASTQ
HRR232891_r2.fastq.gz,Raw FASTQ
HRR232892_f1.fastq.gz,Raw FASTQ
HRR232892_r2.fastq.gz,Raw FASTQ
HRR232893_f1.fastq.gz,Raw FASTQ
HRR232893_r2.fastq.gz,Raw FASTQ
HRR232894_f1.fastq.gz,Raw FASTQ
HRR232894_r2.fastq.gz,Raw FASTQ
HRR232895_f1.fastq.gz,Raw FASTQ
HRR232895_r2.fastq.gz,Raw FASTQ
HRR232896_f1.fastq.gz,Raw FASTQ
HRR232896_r2.fastq.gz,Raw FASTQ
HRR232897_f1.fastq.gz,Raw FASTQ
HRR232897_r2.fastq.gz,Raw FASTQ
HRR232898_f1.fastq.gz,Raw FASTQ
HRR232898_r2.fastq.gz,Raw FASTQ
HRR232899_f1.fastq.gz,Raw FASTQ
HRR232899_r2.fastq.gz,Raw FASTQ
HRR232900_f1.fastq.gz,Raw FASTQ
HRR232900_r2.fastq.gz,Raw FASTQ
HRR232901_f1.fastq.gz,Raw FASTQ
HRR232901_r2.fastq.gz,Raw FASTQ
HRR232902_f1.fastq.gz,Raw FASTQ
HRR232902_r2.fastq.gz,Raw FASTQ
HRR232903_f1.fastq.gz,Raw FASTQ
HRR232903_r2.fastq.gz,Raw FASTQ
HRR232904_f1.fastq.gz,Raw FASTQ
HRR232904_r2.fastq.gz,Raw FASTQ
HRR232905_f1.fastq.gz,Raw FASTQ
HRR232905_r2.fastq.gz,Raw FASTQ
HRR232906_f1.fastq.gz,Raw FASTQ
HRR232906_r2.fastq.gz,Raw FASTQ
HRR232907_f1.fastq.gz,Raw FASTQ
HRR232907_r2.fastq.gz,Raw FASTQ
HRR232908_f1.fastq.gz,Raw FASTQ
HRR232908_r2.fastq.gz,Raw FASTQ
HRR232909_f1.fastq.gz,Raw FASTQ
HRR232909_r2.fastq.gz,Raw FASTQ
HRR232910_f1.fastq.gz,Raw FASTQ
HRR232910_r2.fastq.gz,Raw FASTQ
HRR232911_f1.fastq.gz,Raw FASTQ
HRR232911_r2.fastq.gz,Raw FASTQ
HRR232912_f1.fastq.gz,Raw FASTQ
HRR232912_r2.fastq.gz,Raw FASTQ
HRR232913_f1.fastq.gz,Raw FASTQ
HRR232913_r2.fastq.gz,Raw FASTQ
HRR232914_f1.fastq.gz,Raw FASTQ
HRR232914_r2.fastq.gz,Raw FASTQ
HRR232915_f1.fastq.gz,Raw FASTQ
HRR232915_r2.fastq.gz,Raw FASTQ
HRR232916_f1.fastq.gz,Raw FASTQ
HRR232916_r2.fastq.gz,Raw FASTQ
HRR232917_f1.fastq.gz,Raw FASTQ
HRR232917_r2.fastq.gz,Raw FASTQ
HRR232918_f1.fastq.gz,Raw FASTQ
HRR232918_r2.fastq.gz,Raw FASTQ
HRR232919_f1.fastq.gz,Raw FASTQ
HRR232919_r2.fastq.gz,Raw FASTQ
HRR232920_f1.fastq.gz,Raw FASTQ
HRR232920_r2.fastq.gz,Raw FASTQ
HRR232921_f1.fastq.gz,Raw FASTQ
HRR232921_r2.fastq.gz,Raw FASTQ
HRR232922_f1.fastq.gz,Raw FASTQ
HRR232922_r2.fastq.gz,Raw FASTQ
HRR232923_f1.fastq.gz,Raw FASTQ
HRR232923_r2.fastq.gz,Raw FASTQ
HRR232924_f1.fastq.gz,Raw FASTQ
HRR232924_r2.fastq.gz,Raw FASTQ
HRR232925_f1.fastq.gz,Raw FASTQ
HRR232925_r2.fastq.gz,Raw FASTQ
HRR232926_f1.fastq.gz,Raw FASTQ
HRR232926_r2.fastq.gz,Raw FASTQ
HRR232927_f1.fastq.gz,Raw FASTQ
HRR232927_r2.fastq.gz,Raw FASTQ
HRR232928_f1.fastq.gz,Raw FASTQ
HRR232928_r2.fastq.gz,Raw FASTQ
HRR232929_f1.fastq.gz,Raw FASTQ
HRR232929_r2.fastq.gz,Raw FASTQ
HRR232930_f1.fastq.gz,Raw FASTQ
HRR232930_r2.fastq.gz,Raw FASTQ
HRR232931_f1.fastq.gz,Raw FASTQ
HRR232931_r2.fastq.gz,Raw FASTQ
HRR232932_f1.fastq.gz,Raw FASTQ
HRR232932_r2.fastq.gz,Raw FASTQ
HRR232933_f1.fastq.gz,Raw FASTQ
HRR232933_r2.fastq.gz,Raw FASTQ
HRR232934_f1.fastq.gz,Raw FASTQ
HRR232934_r2.fastq.gz,Raw FASTQ
HRR232935_f1.fastq.gz,Raw FASTQ
HRR232935_r2.fastq.gz,Raw FASTQ
HRR232936_f1.fastq.gz,Raw FASTQ
HRR232936_r2.fastq.gz,Raw FASTQ
HRR232937_f1.fastq.gz,Raw FASTQ
HRR232937_r2.fastq.gz,Raw FASTQ
HRR232938_f1.fastq.gz,Raw FASTQ
HRR232938_r2.fastq.gz,Raw FASTQ
HRR232939_f1.fastq.gz,Raw FASTQ
HRR232939_r2.fastq.gz,Raw FASTQ
HRR232940_f1.fastq.gz,Raw FASTQ
HRR232940_r2.fastq.gz,Raw FASTQ
HRR232941_f1.fastq.gz,Raw FASTQ
HRR232941_r2.fastq.gz,Raw FASTQ
HRR232942_f1.fastq.gz,Raw FASTQ
HRR232942_r2.fastq.gz,Raw FASTQ
HRR232943_f1.fastq.gz,Raw FASTQ
HRR232943_r2.fastq.gz,Raw FASTQ
HRR232944_f1.fastq.gz,Raw FASTQ
HRR232944_r2.fastq.gz,Raw FASTQ
HRR232945_f1.fastq.gz,Raw FASTQ
HRR232945_r2.fastq.gz,Raw FASTQ
HRR232946_f1.fastq.gz,Raw FASTQ
HRR232946_r2.fastq.gz,Raw FASTQ
HRR232947_f1.fastq.gz,Raw FASTQ
HRR232947_r2.fastq.gz,Raw FASTQ
HRR232948_f1.fastq.gz,Raw FASTQ
HRR232948_r2.fastq.gz,Raw FASTQ
HRR232949_f1.fastq.gz,Raw FASTQ
HRR232949_r2.fastq.gz,Raw FASTQ
HRR232950_f1.fastq.gz,Raw FASTQ
HRR232950_r2.fastq.gz,Raw FASTQ
HRR232951_f1.fastq.gz,Raw FASTQ
HRR232951_r2.fastq.gz,Raw FASTQ
HRR232952_f1.fastq.gz,Raw FASTQ
HRR232952_r2.fastq.gz,Raw FASTQ
HRR232953_f1.fastq.gz,Raw FASTQ
HRR232953_r2.fastq.gz,Raw FASTQ
HRR232954_f1.fastq.gz,Raw FASTQ
HRR232954_r2.fastq.gz,Raw FASTQ
HRR232955_f1.fastq.gz,Raw FASTQ
HRR232955_r2.fastq.gz,Raw FASTQ
HRR232956_f1.fastq.gz,Raw FASTQ
HRR232956_r2.fastq.gz,Raw FASTQ
HRR232957_f1.fastq.gz,Raw FASTQ
HRR232957_r2.fastq.gz,Raw FASTQ
HRR232958_f1.fastq.gz,Raw FASTQ
HRR232958_r2.fastq.gz,Raw FASTQ
HRR232959_f1.fastq.gz,Raw FASTQ
HRR232959_r2.fastq.gz,Raw FASTQ
HRR232960_f1.fastq.gz,Raw FASTQ
HRR232960_r2.fastq.gz,Raw FASTQ
HRR232961_f1.fastq.gz,Raw FASTQ
HRR232961_r2.fastq.gz,Raw FASTQ
HRR232962_f1.fastq.gz,Raw FASTQ
HRR232962_r2.fastq.gz,Raw FASTQ
HRR232963_f1.fastq.gz,Raw FASTQ
HRR232963_r2.fastq.gz,Raw FASTQ
HRR232964_f1.fastq.gz,Raw FASTQ
HRR232964_r2.fastq.gz,Raw FASTQ
HRR232965_f1.fastq.gz,Raw FASTQ
HRR232965_r2.fastq.gz,Raw FASTQ
HRR232966_f1.fastq.gz,Raw FASTQ
HRR232966_r2.fastq.gz,Raw FASTQ
HRR232967_f1.fastq.gz,Raw FASTQ
HRR232967_r2.fastq.gz,Raw FASTQ
HRR232968_f1.fastq.gz,Raw FASTQ
HRR232968_r2.fastq.gz,Raw FASTQ
HRR232969_f1.fastq.gz,Raw FASTQ
HRR232969_r2.fastq.gz,Raw FASTQ
HRR232970_f1.fastq.gz,Raw FASTQ
HRR232970_r2.fastq.gz,Raw FASTQ
HRR232971_f1.fastq.gz,Raw FASTQ
HRR232971_r2.fastq.gz,Raw FASTQ
HRR232972_f1.fastq.gz,Raw FASTQ
HRR232972_r2.fastq.gz,Raw FASTQ
HRR232973_f1.fastq.gz,Raw FASTQ
HRR232973_r2.fastq.gz,Raw FASTQ
HRR232974_f1.fastq.gz,Raw FASTQ
HRR232974_r2.fastq.gz,Raw FASTQ
HRR232975_f1.fastq.gz,Raw FASTQ
HRR232975_r2.fastq.gz,Raw FASTQ
HRR232976_f1.fastq.gz,Raw FASTQ
HRR232976_r2.fastq.gz,Raw FASTQ
HRR232977_f1.fastq.gz,Raw FASTQ
HRR232977_r2.fastq.gz,Raw FASTQ
HRR232978_f1.fastq.gz,Raw FASTQ
HRR232978_r2.fastq.gz,Raw FASTQ
HRR232979_f1.fastq.gz,Raw FASTQ
HRR232979_r2.fastq.gz,Raw FASTQ
HRR232980_f1.fastq.gz,Raw FASTQ
HRR232980_r2.fastq.gz,Raw FASTQ
HRR232981_f1.fastq.gz,Raw FASTQ
HRR232981_r2.fastq.gz,Raw FASTQ
HRR232982_f1.fastq.gz,Raw FASTQ
HRR232982_r2.fastq.gz,Raw FASTQ
HRR232983_f1.fastq.gz,Raw FASTQ
HRR232983_r2.fastq.gz,Raw FASTQ
HRR232984_f1.fastq.gz,Raw FASTQ
HRR232984_r2.fastq.gz,Raw FASTQ
HRR232985_f1.fastq.gz,Raw FASTQ
HRR232985_r2.fastq.gz,Raw FASTQ
HRR232986_f1.fastq.gz,Raw FASTQ
HRR232986_r2.fastq.gz,Raw FASTQ
HRR232987_f1.fastq.gz,Raw FASTQ
HRR232987_r2.fastq.gz,Raw FASTQ
HRR232988_f1.fastq.gz,Raw FASTQ
HRR232988_r2.fastq.gz,Raw FASTQ
HRR232989_f1.fastq.gz,Raw FASTQ
HRR232989_r2.fastq.gz,Raw FASTQ
HRR232990_f1.fastq.gz,Raw FASTQ
HRR232990_r2.fastq.gz,Raw FASTQ
HRR232991_f1.fastq.gz,Raw FASTQ
HRR232991_r2.fastq.gz,Raw FASTQ
HRR232992_f1.fastq.gz,Raw FASTQ
HRR232992_r2.fastq.gz,Raw FASTQ
HRR232993_f1.fastq.gz,Raw FASTQ
HRR232993_r2.fastq.gz,Raw FASTQ
HRR232994_f1.fastq.gz,Raw FASTQ
HRR232994_r2.fastq.gz,Raw FASTQ
HRR232995_f1.fastq.gz,Raw FASTQ
HRR232995_r2.fastq.gz,Raw FASTQ
HRR232996_f1.fastq.gz,Raw FASTQ
HRR232996_r2.fastq.gz,Raw FASTQ
HRR232997_f1.fastq.gz,Raw FASTQ
HRR232997_r2.fastq.gz,Raw FASTQ
HRR232998_f1.fastq.gz,Raw FASTQ
HRR232998_r2.fastq.gz,Raw FASTQ
HRR232999_f1.fastq.gz,Raw FASTQ
HRR232999_r2.fastq.gz,Raw FASTQ
HRR233000_f1.fastq.gz,Raw FASTQ
HRR233000_r2.fastq.gz,Raw FASTQ
HRR233001_f1.fastq.gz,Raw FASTQ
HRR233001_r2.fastq.gz,Raw FASTQ
HRR233002_f1.fastq.gz,Raw FASTQ
HRR233002_r2.fastq.gz,Raw FASTQ
HRR233003_f1.fastq.gz,Raw FASTQ
HRR233003_r2.fastq.gz,Raw FASTQ
HRR233004_f1.fastq.gz,Raw FASTQ
HRR233004_r2.fastq.gz,Raw FASTQ
HRR233005_f1.fastq.gz,Raw FASTQ
HRR233005_r2.fastq.gz,Raw FASTQ
HRR233006_f1.fastq.gz,Raw FASTQ
HRR233006_r2.fastq.gz,Raw FASTQ
HRR233007_f1.fastq.gz,Raw FASTQ
HRR233007_r2.fastq.gz,Raw FASTQ
HRR233008_f1.fastq.gz,Raw FASTQ
HRR233008_r2.fastq.gz,Raw FASTQ
HRR233009_f1.fastq.gz,Raw FASTQ
HRR233009_r2.fastq.gz,Raw FASTQ
HRR233010_f1.fastq.gz,Raw FASTQ
HRR233010_r2.fastq.gz,Raw FASTQ
HRR233011_f1.fastq.gz,Raw FASTQ
HRR233011_r2.fastq.gz,Raw FASTQ
HRR233012_f1.fastq.gz,Raw FASTQ
HRR233012_r2.fastq.gz,Raw FASTQ
HRR233013_f1.fastq.gz,Raw FASTQ
HRR233013_r2.fastq.gz,Raw FASTQ
HRR233014_f1.fastq.gz,Raw FASTQ
HRR233014_r2.fastq.gz,Raw FASTQ
HRR233015_f1.fastq.gz,Raw FASTQ
HRR233015_r2.fastq.gz,Raw FASTQ
HRR233016_f1.fastq.gz,Raw FASTQ
HRR233016_r2.fastq.gz,Raw FASTQ
HRR233017_f1.fastq.gz,Raw FASTQ
HRR233017_r2.fastq.gz,Raw FASTQ
HRR233018_f1.fastq.gz,Raw FASTQ
HRR233018_r2.fastq.gz,Raw FASTQ
HRR233019_f1.fastq.gz,Raw FASTQ
HRR233019_r2.fastq.gz,Raw FASTQ
HRR233020_f1.fastq.gz,Raw FASTQ
HRR233020_r2.fastq.gz,Raw FASTQ
HRR233021_f1.fastq.gz,Raw FASTQ
HRR233021_r2.fastq.gz,Raw FASTQ
HRR233022_f1.fastq.gz,Raw FASTQ
HRR233022_r2.fastq.gz,Raw FASTQ
HRR233023_f1.fastq.gz,Raw FASTQ
HRR233023_r2.fastq.gz,Raw FASTQ
HRR233024_f1.fastq.gz,Raw FASTQ
HRR233024_r2.fastq.gz,Raw FASTQ
HRR233025_f1.fastq.gz,Raw FASTQ
HRR233025_r2.fastq.gz,Raw FASTQ
HRR233026_f1.fastq.gz,Raw FASTQ
HRR233026_r2.fastq.gz,Raw FASTQ
HRR233027_f1.fastq.gz,Raw FASTQ
HRR233027_r2.fastq.gz,Raw FASTQ
HRR233028_f1.fastq.gz,Raw FASTQ
HRR233028_r2.fastq.gz,Raw FASTQ
HRR233029_f1.fastq.gz,Raw FASTQ
HRR233029_r2.fastq.gz,Raw FASTQ
HRR233030_f1.fastq.gz,Raw FASTQ
HRR233030_r2.fastq.gz,Raw FASTQ
HRR233031_f1.fastq.gz,Raw FASTQ
HRR233031_r2.fastq.gz,Raw FASTQ
HRR233032_f1.fastq.gz,Raw FASTQ
HRR233032_r2.fastq.gz,Raw FASTQ
HRR233033_f1.fastq.gz,Raw FASTQ
HRR233033_r2.fastq.gz,Raw FASTQ
HRR233034_f1.fastq.gz,Raw FASTQ
HRR233034_r2.fastq.gz,Raw FASTQ
HRR233035_f1.fastq.gz,Raw FASTQ
HRR233035_r2.fastq.gz,Raw FASTQ
HRR233036_f1.fastq.gz,Raw FASTQ
HRR233036_r2.fastq.gz,Raw FASTQ
HRR233037_f1.fastq.gz,Raw FASTQ
HRR233037_r2.fastq.gz,Raw FASTQ
HRR233038_f1.fastq.gz,Raw FASTQ
HRR233038_r2.fastq.gz,Raw FASTQ
HRR233039_f1.fastq.gz,Raw FASTQ
HRR233039_r2.fastq.gz,Raw FASTQ
HRR233040_f1.fastq.gz,Raw FASTQ
HRR233040_r2.fastq.gz,Raw FASTQ
HRR233041_f1.fastq.gz,Raw FASTQ
HRR233041_r2.fastq.gz,Raw FASTQ
HRR233042_f1.fastq.gz,Raw FASTQ
HRR233042_r2.fastq.gz,Raw FASTQ
HRR233043_f1.fastq.gz,Raw FASTQ
HRR233043_r2.fastq.gz,Raw FASTQ
HRR233044_f1.fastq.gz,Raw FASTQ
HRR233044_r2.fastq.gz,Raw FASTQ
HRR233045_f1.fastq.gz,Raw FASTQ
HRR233045_r2.fastq.gz,Raw FASTQ
HRR233046_f1.fastq.gz,Raw FASTQ
HRR233046_r2.fastq.gz,Raw FASTQ
HRR233047_f1.fastq.gz,Raw FASTQ
HRR233047_r2.fastq.gz,Raw FASTQ
HRR233048_f1.fastq.gz,Raw FASTQ
HRR233048_r2.fastq.gz,Raw FASTQ
HRR233049_f1.fastq.gz,Raw FASTQ
HRR233049_r2.fastq.gz,Raw FASTQ
HRR233050_f1.fastq.gz,Raw FASTQ
HRR233050_r2.fastq.gz,Raw FASTQ
HRR233051_f1.fastq.gz,Raw FASTQ
HRR233051_r2.fastq.gz,Raw FASTQ
HRR233052_f1.fastq.gz,Raw FASTQ
HRR233052_r2.fastq.gz,Raw FASTQ
HRR233053_f1.fastq.gz,Raw FASTQ
HRR233053_r2.fastq.gz,Raw FASTQ
HRR233054_f1.fastq.gz,Raw FASTQ
HRR233054_r2.fastq.gz,Raw FASTQ
HRR233055_f1.fastq.gz,Raw FASTQ
HRR233055_r2.fastq.gz,Raw FASTQ
HRR233056_f1.fastq.gz,Raw FASTQ
HRR233056_r2.fastq.gz,Raw FASTQ
HRR233057_f1.fastq.gz,Raw FASTQ
HRR233057_r2.fastq.gz,Raw FASTQ
HRR233058_f1.fastq.gz,Raw FASTQ
HRR233058_r2.fastq.gz,Raw FASTQ
HRR233059_f1.fastq.gz,Raw FASTQ
HRR233059_r2.fastq.gz,Raw FASTQ
HRR233060_f1.fastq.gz,Raw FASTQ
HRR233060_r2.fastq.gz,Raw FASTQ
HRR233061_f1.fastq.gz,Raw FASTQ
HRR233061_r2.fastq.gz,Raw FASTQ
HRR233062_f1.fastq.gz,Raw FASTQ
HRR233062_r2.fastq.gz,Raw FASTQ
HRR233063_f1.fastq.gz,Raw FASTQ
HRR233063_r2.fastq.gz,Raw FASTQ
HRR233064_f1.fastq.gz,Raw FASTQ
HRR233064_r2.fastq.gz,Raw FASTQ
HRR233065_f1.fastq.gz,Raw FASTQ
HRR233065_r2.fastq.gz,Raw FASTQ
HRR233066_f1.fastq.gz,Raw FASTQ
HRR233066_r2.fastq.gz,Raw FASTQ
HRR233067_f1.fastq.gz,Raw FASTQ
HRR233067_r2.fastq.gz,Raw FASTQ
HRR233068_f1.fastq.gz,Raw FASTQ
HRR233068_r2.fastq.gz,Raw FASTQ
HRR233069_f1.fastq.gz,Raw FASTQ
HRR233069_r2.fastq.gz,Raw FASTQ
HRR233070_f1.fastq.gz,Raw FASTQ
HRR233070_r2.fastq.gz,Raw FASTQ
HRR233071_f1.fastq.gz,Raw FASTQ
HRR233071_r2.fastq.gz,Raw FASTQ
HRR233072_f1.fastq.gz,Raw FASTQ
HRR233072_r2.fastq.gz,Raw FASTQ
HRR233073_f1.fastq.gz,Raw FASTQ
HRR233073_r2.fastq.gz,Raw FASTQ
HRR233074_f1.fastq.gz,Raw FASTQ
HRR233074_r2.fastq.gz,Raw FASTQ
HRR233075_f1.fastq.gz,Raw FASTQ
HRR233075_r2.fastq.gz,Raw FASTQ
HRR233076_f1.fastq.gz,Raw FASTQ
HRR233076_r2.fastq.gz,Raw FASTQ
HRR233077_f1.fastq.gz,Raw FASTQ
HRR233077_r2.fastq.gz,Raw FASTQ
HRR233078_f1.fastq.gz,Raw FASTQ
HRR233078_r2.fastq.gz,Raw FASTQ
HRR233079_f1.fastq.gz,Raw FASTQ
HRR233079_r2.fastq.gz,Raw FASTQ
HRR233080_f1.fastq.gz,Raw FASTQ
HRR233080_r2.fastq.gz,Raw FASTQ
HRR233081_f1.fastq.gz,Raw FASTQ
HRR233081_r2.fastq.gz,Raw FASTQ
HRR233082_f1.fastq.gz,Raw FASTQ
HRR233082_r2.fastq.gz,Raw FASTQ
HRR233083_f1.fastq.gz,Raw FASTQ
HRR233083_r2.fastq.gz,Raw FASTQ
HRR233084_f1.fastq.gz,Raw FASTQ
HRR233084_r2.fastq.gz,Raw FASTQ
HRR233085_f1.fastq.gz,Raw FASTQ
HRR233085_r2.fastq.gz,Raw FASTQ
HRR233086_f1.fastq.gz,Raw FASTQ
HRR233086_r2.fastq.gz,Raw FASTQ
HRR233087_f1.fastq.gz,Raw FASTQ
HRR233087_r2.fastq.gz,Raw FASTQ
HRR233088_f1.fastq.gz,Raw FASTQ
HRR233088_r2.fastq.gz,Raw FASTQ
HRR233089_f1.fastq.gz,Raw FASTQ
HRR233089_r2.fastq.gz,Raw FASTQ
HRR233090_f1.fastq.gz,Raw FASTQ
HRR233090_r2.fastq.gz,Raw FASTQ
HRR233091_f1.fastq.gz,Raw FASTQ
HRR233091_r2.fastq.gz,Raw FASTQ
HRR233092_f1.fastq.gz,Raw FASTQ
HRR233092_r2.fastq.gz,Raw FASTQ
HRR233093_f1.fastq.gz,Raw FASTQ
HRR233093_r2.fastq.gz,Raw FASTQ
HRR233094_f1.fastq.gz,Raw FASTQ
HRR233094_r2.fastq.gz,Raw FASTQ
HRR233095_f1.fastq.gz,Raw FASTQ
HRR233095_r2.fastq.gz,Raw FASTQ
HRR233096_f1.fastq.gz,Raw FASTQ
HRR233096_r2.fastq.gz,Raw FASTQ
HRR233097_f1.fastq.gz,Raw FASTQ
HRR233097_r2.fastq.gz,Raw FASTQ
HRR233098_f1.fastq.gz,Raw FASTQ
HRR233098_r2.fastq.gz,Raw FASTQ
HRR233099_f1.fastq.gz,Raw FASTQ
HRR233099_r2.fastq.gz,Raw FASTQ
HRR233100_f1.fastq.gz,Raw FASTQ
HRR233100_r2.fastq.gz,Raw FASTQ
HRR233101_f1.fastq.gz,Raw FASTQ
HRR233101_r2.fastq.gz,Raw FASTQ
HRR233102_f1.fastq.gz,Raw FASTQ
HRR233102_r2.fastq.gz,Raw FASTQ
HRR233103_f1.fastq.gz,Raw FASTQ
HRR233103_r2.fastq.gz,Raw FASTQ
HRR233104_f1.fastq.gz,Raw FASTQ
HRR233104_r2.fastq.gz,Raw FASTQ
HRR233105_f1.fastq.gz,Raw FASTQ
HRR233105_r2.fastq.gz,Raw FASTQ
HRR233106_f1.fastq.gz,Raw FASTQ
HRR233106_r2.fastq.gz,Raw FASTQ
HRR233107_f1.fastq.gz,Raw FASTQ
HRR233107_r2.fastq.gz,Raw FASTQ
HRR233108_f1.fastq.gz,Raw FASTQ
HRR233108_r2.fastq.gz,Raw FASTQ
HRR233109_f1.fastq.gz,Raw FASTQ
HRR233109_r2.fastq.gz,Raw FASTQ
HRR233110_f1.fastq.gz,Raw FASTQ
HRR233110_r2.fastq.gz,Raw FASTQ
HRR233111_f1.fastq.gz,Raw FASTQ
HRR233111_r2.fastq.gz,Raw FASTQ
HRR233112_f1.fastq.gz,Raw FASTQ
HRR233112_r2.fastq.gz,Raw FASTQ
HRR233113_f1.fastq.gz,Raw FASTQ
HRR233113_r2.fastq.gz,Raw FASTQ
HRR233114_f1.fastq.gz,Raw FASTQ
HRR233114_r2.fastq.gz,Raw FASTQ
HRR233115_f1.fastq.gz,Raw FASTQ
HRR233115_r2.fastq.gz,Raw FASTQ
HRR233116_f1.fastq.gz,Raw FASTQ
HRR233116_r2.fastq.gz,Raw FASTQ
HRR233117_f1.fastq.gz,Raw FASTQ
HRR233117_r2.fastq.gz,Raw FASTQ
HRR233118_f1.fastq.gz,Raw FASTQ
HRR233118_r2.fastq.gz,Raw FASTQ
HRR233119_f1.fastq.gz,Raw FASTQ
HRR233119_r2.fastq.gz,Raw FASTQ
HRR233120_f1.fastq.gz,Raw FASTQ
HRR233120_r2.fastq.gz,Raw FASTQ
HRR233121_f1.fastq.gz,Raw FASTQ
HRR233121_r2.fastq.gz,Raw FASTQ
HRR233122_f1.fastq.gz,Raw FASTQ
HRR233122_r2.fastq.gz,Raw FASTQ
HRR233123_f1.fastq.gz,Raw FASTQ
HRR233123_r2.fastq.gz,Raw FASTQ
HRR233124_f1.fastq.gz,Raw FASTQ
HRR233124_r2.fastq.gz,Raw FASTQ
HRR233125_f1.fastq.gz,Raw FASTQ
HRR233125_r2.fastq.gz,Raw FASTQ
HRR233126_f1.fastq.gz,Raw FASTQ
HRR233126_r2.fastq.gz,Raw FASTQ
HRR233127_f1.fastq.gz,Raw FASTQ
HRR233127_r2.fastq.gz,Raw FASTQ
HRR233128_f1.fastq.gz,Raw FASTQ
HRR233128_r2.fastq.gz,Raw FASTQ
HRR233129_f1.fastq.gz,Raw FASTQ
HRR233129_r2.fastq.gz,Raw FASTQ
HRR233130_f1.fastq.gz,Raw FASTQ
HRR233130_r2.fastq.gz,Raw FASTQ
HRR233131_f1.fastq.gz,Raw FASTQ
HRR233131_r2.fastq.gz,Raw FASTQ
HRR233132_f1.fastq.gz,Raw FASTQ
HRR233132_r2.fastq.gz,Raw FASTQ
HRR233133_f1.fastq.gz,Raw FASTQ
HRR233133_r2.fastq.gz,Raw FASTQ
HRR233134_f1.fastq.gz,Raw FASTQ
HRR233134_r2.fastq.gz,Raw FASTQ
HRR233135_f1.fastq.gz,Raw FASTQ
HRR233135_r2.fastq.gz,Raw FASTQ
HRR233136_f1.fastq.gz,Raw FASTQ
HRR233136_r2.fastq.gz,Raw FASTQ
HRR233137_f1.fastq.gz,Raw FASTQ
HRR233137_r2.fastq.gz,Raw FASTQ
HRR233138_f1.fastq.gz,Raw FASTQ
HRR233138_r2.fastq.gz,Raw FASTQ
HRR233139_f1.fastq.gz,Raw FASTQ
HRR233139_r2.fastq.gz,Raw FASTQ
HRR233140_f1.fastq.gz,Raw FASTQ
HRR233140_r2.fastq.gz,Raw FASTQ
HRR233141_f1.fastq.gz,Raw FASTQ
HRR233141_r2.fastq.gz,Raw FASTQ
HRR233142_f1.fastq.gz,Raw FASTQ
HRR233142_r2.fastq.gz,Raw FASTQ
HRR233143_f1.fastq.gz,Raw FASTQ
HRR233143_r2.fastq.gz,Raw FASTQ
HRR233144_f1.fastq.gz,Raw FASTQ
HRR233144_r2.fastq.gz,Raw FASTQ
HRR233145_f1.fastq.gz,Raw FASTQ
HRR233145_r2.fastq.gz,Raw FASTQ
HRR233146_f1.fastq.gz,Raw FASTQ
HRR233146_r2.fastq.gz,Raw FASTQ
HRR233147_f1.fastq.gz,Raw FASTQ
HRR233147_r2.fastq.gz,Raw FASTQ
HRR233148_f1.fastq.gz,Raw FASTQ
HRR233148_r2.fastq.gz,Raw FASTQ
HRR233149_f1.fastq.gz,Raw FASTQ
HRR233149_r2.fastq.gz,Raw FASTQ
HRR233150_f1.fastq.gz,Raw FASTQ
HRR233150_r2.fastq.gz,Raw FASTQ
HRR233151_f1.fastq.gz,Raw FASTQ
HRR233151_r2.fastq.gz,Raw FASTQ
HRR233152_f1.fastq.gz,Raw FASTQ
HRR233152_r2.fastq.gz,Raw FASTQ
HRR233153_f1.fastq.gz,Raw FASTQ
HRR233153_r2.fastq.gz,Raw FASTQ
HRR233154_f1.fastq.gz,Raw FASTQ
HRR233154_r2.fastq.gz,Raw FASTQ
HRR233155_f1.fastq.gz,Raw FASTQ
HRR233155_r2.fastq.gz,Raw FASTQ
HRR233156_f1.fastq.gz,Raw FASTQ
HRR233156_r2.fastq.gz,Raw FASTQ
HRR233157_f1.fastq.gz,Raw FASTQ
HRR233157_r2.fastq.gz,Raw FASTQ
HRR233158_f1.fastq.gz,Raw FASTQ
HRR233158_r2.fastq.gz,Raw FASTQ
HRR233159_f1.fastq.gz,Raw FASTQ
HRR233159_r2.fastq.gz,Raw FASTQ
HRR233160_f1.fastq.gz,Raw FASTQ
HRR233160_r2.fastq.gz,Raw FASTQ
HRR233161_f1.fastq.gz,Raw FASTQ
HRR233161_r2.fastq.gz,Raw FASTQ
HRR233162_f1.fastq.gz,Raw FASTQ
HRR233162_r2.fastq.gz,Raw FASTQ
HRR233163_f1.fastq.gz,Raw FASTQ
HRR233163_r2.fastq.gz,Raw FASTQ
HRR233164_f1.fastq.gz,Raw FASTQ
HRR233164_r2.fastq.gz,Raw FASTQ
HRR233165_f1.fastq.gz,Raw FASTQ
HRR233165_r2.fastq.gz,Raw FASTQ
HRR233166_f1.fastq.gz,Raw FASTQ
HRR233166_r2.fastq.gz,Raw FASTQ
HRR233167_f1.fastq.gz,Raw FASTQ
HRR233167_r2.fastq.gz,Raw FASTQ
HRR233168_f1.fastq.gz,Raw FASTQ
HRR233168_r2.fastq.gz,Raw FASTQ
HRR233169_f1.fastq.gz,Raw FASTQ
HRR233169_r2.fastq.gz,Raw FASTQ
HRR233170_f1.fastq.gz,Raw FASTQ
HRR233170_r2.fastq.gz,Raw FASTQ
HRR233171_f1.fastq.gz,Raw FASTQ
HRR233171_r2.fastq.gz,Raw FASTQ
HRR233172_f1.fastq.gz,Raw FASTQ
HRR233172_r2.fastq.gz,Raw FASTQ
HRR233173_f1.fastq.gz,Raw FASTQ
HRR233173_r2.fastq.gz,Raw FASTQ
HRR233174_f1.fastq.gz,Raw FASTQ
HRR233174_r2.fastq.gz,Raw FASTQ
HRR233175_f1.fastq.gz,Raw FASTQ
HRR233175_r2.fastq.gz,Raw FASTQ
HRR233176_f1.fastq.gz,Raw FASTQ
HRR233176_r2.fastq.gz,Raw FASTQ
HRR233177_f1.fastq.gz,Raw FASTQ
HRR233177_r2.fastq.gz,Raw FASTQ
HRR233178_f1.fastq.gz,Raw FASTQ
HRR233178_r2.fastq.gz,Raw FASTQ
HRR233179_f1.fastq.gz,Raw FASTQ
HRR233179_r2.fastq.gz,Raw FASTQ
HRR233180_f1.fastq.gz,Raw FASTQ
HRR233180_r2.fastq.gz,Raw FASTQ
HRR233181_f1.fastq.gz,Raw FASTQ
HRR233181_r2.fastq.gz,Raw FASTQ
HRR233182_f1.fastq.gz,Raw FASTQ
HRR233182_r2.fastq.gz,Raw FASTQ
HRR233183_f1.fastq.gz,Raw FASTQ
HRR233183_r2.fastq.gz,Raw FASTQ
HRR233184_f1.fastq.gz,Raw FASTQ
HRR233184_r2.fastq.gz,Raw FASTQ
HRR233185_f1.fastq.gz,Raw FASTQ
HRR233185_r2.fastq.gz,Raw FASTQ
HRR233186_f1.fastq.gz,Raw FASTQ
HRR233186_r2.fastq.gz,Raw FASTQ
HRR233187_f1.fastq.gz,Raw FASTQ
HRR233187_r2.fastq.gz,Raw FASTQ
HRR233188_f1.fastq.gz,Raw FASTQ
HRR233188_r2.fastq.gz,Raw FASTQ
HRR233189_f1.fastq.gz,Raw FASTQ
HRR233189_r2.fastq.gz,Raw FASTQ
HRR233190_f1.fastq.gz,Raw FASTQ
HRR233190_r2.fastq.gz,Raw FASTQ
HRR233191_f1.fastq.gz,Raw FASTQ
HRR233191_r2.fastq.gz,Raw FASTQ
HRR233192_f1.fastq.gz,Raw FASTQ
HRR233192_r2.fastq.gz,Raw FASTQ
HRR233193_f1.fastq.gz,Raw FASTQ
HRR233193_r2.fastq.gz,Raw FASTQ
HRR233194_f1.fastq.gz,Raw FASTQ
HRR233194_r2.fastq.gz,Raw FASTQ
HRR233195_f1.fastq.gz,Raw FASTQ
HRR233195_r2.fastq.gz,Raw FASTQ
HRR233196_f1.fastq.gz,Raw FASTQ
HRR233196_r2.fastq.gz,Raw FASTQ
HRR233197_f1.fastq.gz,Raw FASTQ
HRR233197_r2.fastq.gz,Raw FASTQ
HRR233198_f1.fastq.gz,Raw FASTQ
HRR233198_r2.fastq.gz,Raw FASTQ
HRR233199_f1.fastq.gz,Raw FASTQ
HRR233199_r2.fastq.gz,Raw FASTQ
HRR233200_f1.fastq.gz,Raw FASTQ
HRR233200_r2.fastq.gz,Raw FASTQ
HRR233201_f1.fastq.gz,Raw FASTQ
HRR233201_r2.fastq.gz,Raw FASTQ
HRR233202_f1.fastq.gz,Raw FASTQ
HRR233202_r2.fastq.gz,Raw FASTQ
HRR233203_f1.fastq.gz,Raw FASTQ
HRR233203_r2.fastq.gz,Raw FASTQ
HRR233204_f1.fastq.gz,Raw FASTQ
HRR233204_r2.fastq.gz,Raw FASTQ
HRR233205_f1.fastq.gz,Raw FASTQ
HRR233205_r2.fastq.gz,Raw FASTQ
HRR233206_f1.fastq.gz,Raw FASTQ
HRR233206_r2.fastq.gz,Raw FASTQ
HRR233207_f1.fastq.gz,Raw FASTQ
HRR233207_r2.fastq.gz,Raw FASTQ
HRR233208_f1.fastq.gz,Raw FASTQ
HRR233208_r2.fastq.gz,Raw FASTQ
HRR233209_f1.fastq.gz,Raw FASTQ
HRR233209_r2.fastq.gz,Raw FASTQ
HRR233210_f1.fastq.gz,Raw FASTQ
HRR233210_r2.fastq.gz,Raw FASTQ
HRR233211_f1.fastq.gz,Raw FASTQ
HRR233211_r2.fastq.gz,Raw FASTQ
HRR233212_f1.fastq.gz,Raw FASTQ
HRR233212_r2.fastq.gz,Raw FASTQ
HRR233213_f1.fastq.gz,Raw FASTQ
HRR233213_r2.fastq.gz,Raw FASTQ
HRR233214_f1.fastq.gz,Raw FASTQ
HRR233214_r2.fastq.gz,Raw FASTQ
HRR233215_f1.fastq.gz,Raw FASTQ
HRR233215_r2.fastq.gz,Raw FASTQ
HRR233216_f1.fastq.gz,Raw FASTQ
HRR233216_r2.fastq.gz,Raw FASTQ
HRR233217_f1.fastq.gz,Raw FASTQ
HRR233217_r2.fastq.gz,Raw FASTQ
HRR233218_f1.fastq.gz,Raw FASTQ
HRR233218_r2.fastq.gz,Raw FASTQ
HRR233219_f1.fastq.gz,Raw FASTQ
HRR233219_r2.fastq.gz,Raw FASTQ
HRR233220_f1.fastq.gz,Raw FASTQ
HRR233220_r2.fastq.gz,Raw FASTQ
HRR233221_f1.fastq.gz,Raw FASTQ
HRR233221_r2.fastq.gz,Raw FASTQ
HRR233222_f1.fastq.gz,Raw FASTQ
HRR233222_r2.fastq.gz,Raw FASTQ
HRR233223_f1.fastq.gz,Raw FASTQ
HRR233223_r2.fastq.gz,Raw FASTQ
HRR233224_f1.fastq.gz,Raw FASTQ
HRR233224_r2.fastq.gz,Raw FASTQ
HRR233225_f1.fastq.gz,Raw FASTQ
HRR233225_r2.fastq.gz,Raw FASTQ
HRR233226_f1.fastq.gz,Raw FASTQ
HRR233226_r2.fastq.gz,Raw FASTQ
HRR233227_f1.fastq.gz,Raw FASTQ
HRR233227_r2.fastq.gz,Raw FASTQ
HRR233228_f1.fastq.gz,Raw FASTQ
HRR233228_r2.fastq.gz,Raw FASTQ
HRR233229_f1.fastq.gz,Raw FASTQ
HRR233229_r2.fastq.gz,Raw FASTQ
HRR233230_f1.fastq.gz,Raw FASTQ
HRR233230_r2.fastq.gz,Raw FASTQ
HRR233231_f1.fastq.gz,Raw FASTQ
HRR233231_r2.fastq.gz,Raw FASTQ
HRR233232_f1.fastq.gz,Raw FASTQ
HRR233232_r2.fastq.gz,Raw FASTQ
HRR233233_f1.fastq.gz,Raw FASTQ
HRR233233_r2.fastq.gz,Raw FASTQ
HRR233234_f1.fastq.gz,Raw FASTQ
HRR233234_r2.fastq.gz,Raw FASTQ
HRR233235_f1.fastq.gz,Raw FASTQ
HRR233235_r2.fastq.gz,Raw FASTQ
HRR233236_f1.fastq.gz,Raw FASTQ
HRR233236_r2.fastq.gz,Raw FASTQ
HRR233237_f1.fastq.gz,Raw FASTQ
HRR233237_r2.fastq.gz,Raw FASTQ
HRR233238_f1.fastq.gz,Raw FASTQ
HRR233238_r2.fastq.gz,Raw FASTQ
HRR233239_f1.fastq.gz,Raw FASTQ
HRR233239_r2.fastq.gz,Raw FASTQ
HRR233240_f1.fastq.gz,Raw FASTQ
HRR233240_r2.fastq.gz,Raw FASTQ
HRR233241_f1.fastq.gz,Raw FASTQ
HRR233241_r2.fastq.gz,Raw FASTQ
HRR233242_f1.fastq.gz,Raw FASTQ
HRR233242_r2.fastq.gz,Raw FASTQ
HRR233243_f1.fastq.gz,Raw FASTQ
HRR233243_r2.fastq.gz,Raw FASTQ
HRR233244_f1.fastq.gz,Raw FASTQ
HRR233244_r2.fastq.gz,Raw FASTQ
HRR233245_f1.fastq.gz,Raw FASTQ
HRR233245_r2.fastq.gz,Raw FASTQ
HRR233246_f1.fastq.gz,Raw FASTQ
HRR233246_r2.fastq.gz,Raw FASTQ
HRR233247_f1.fastq.gz,Raw FASTQ
HRR233247_r2.fastq.gz,Raw FASTQ
HRR233248_f1.fastq.gz,Raw FASTQ
HRR233248_r2.fastq.gz,Raw FASTQ
HRR233249_f1.fastq.gz,Raw FASTQ
HRR233249_r2.fastq.gz,Raw FASTQ
HRR233250_f1.fastq.gz,Raw FASTQ
HRR233250_r2.fastq.gz,Raw FASTQ
HRR233251_f1.fastq.gz,Raw FASTQ
HRR233251_r2.fastq.gz,Raw FASTQ
HRR233252_f1.fastq.gz,Raw FASTQ
HRR233252_r2.fastq.gz,Raw FASTQ
HRR233253_f1.fastq.gz,Raw FASTQ
HRR233253_r2.fastq.gz,Raw FASTQ
HRR233254_f1.fastq.gz,Raw FASTQ
HRR233254_r2.fastq.gz,Raw FASTQ
HRR233255_f1.fastq.gz,Raw FASTQ
HRR233255_r2.fastq.gz,Raw FASTQ
HRR233256_f1.fastq.gz,Raw FASTQ
HRR233256_r2.fastq.gz,Raw FASTQ
HRR233257_f1.fastq.gz,Raw FASTQ
HRR233257_r2.fastq.gz,Raw FASTQ
HRR233258_f1.fastq.gz,Raw FASTQ
HRR233258_r2.fastq.gz,Raw FASTQ
HRR233259_f1.fastq.gz,Raw FASTQ
HRR233259_r2.fastq.gz,Raw FASTQ
HRR233260_f1.fastq.gz,Raw FASTQ
HRR233260_r2.fastq.gz,Raw FASTQ
HRR233261_f1.fastq.gz,Raw FASTQ
HRR233261_r2.fastq.gz,Raw FASTQ
HRR233262_f1.fastq.gz,Raw FASTQ
HRR233262_r2.fastq.gz,Raw FASTQ
HRR233263_f1.fastq.gz,Raw FASTQ
HRR233263_r2.fastq.gz,Raw FASTQ
HRR233264_f1.fastq.gz,Raw FASTQ
HRR233264_r2.fastq.gz,Raw FASTQ
HRR233265_f1.fastq.gz,Raw FASTQ
HRR233265_r2.fastq.gz,Raw FASTQ
HRR233266_f1.fastq.gz,Raw FASTQ
HRR233266_r2.fastq.gz,Raw FASTQ
HRR233267_f1.fastq.gz,Raw FASTQ
HRR233267_r2.fastq.gz,Raw FASTQ
HRR233268_f1.fastq.gz,Raw FASTQ
HRR233268_r2.fastq.gz,Raw FASTQ
HRR233269_f1.fastq.gz,Raw FASTQ
HRR233269_r2.fastq.gz,Raw FASTQ
HRR233270_f1.fastq.gz,Raw FASTQ
HRR233270_r2.fastq.gz,Raw FASTQ
HRR233271_f1.fastq.gz,Raw FASTQ
HRR233271_r2.fastq.gz,Raw FASTQ
HRR233272_f1.fastq.gz,Raw FASTQ
HRR233272_r2.fastq.gz,Raw FASTQ
HRR233273_f1.fastq.gz,Raw FASTQ
HRR233273_r2.fastq.gz,Raw FASTQ
HRR233274_f1.fastq.gz,Raw FASTQ
HRR233274_r2.fastq.gz,Raw FASTQ
HRR233275_f1.fastq.gz,Raw FASTQ
HRR233275_r2.fastq.gz,Raw FASTQ
HRR233276_f1.fastq.gz,Raw FASTQ
HRR233276_r2.fastq.gz,Raw FASTQ
HRR233277_f1.fastq.gz,Raw FASTQ
HRR233277_r2.fastq.gz,Raw FASTQ
HRR233278_f1.fastq.gz,Raw FASTQ
HRR233278_r2.fastq.gz,Raw FASTQ
HRR233279_f1.fastq.gz,Raw FASTQ
HRR233279_r2.fastq.gz,Raw FASTQ
HRR233280_f1.fastq.gz,Raw FASTQ
HRR233280_r2.fastq.gz,Raw FASTQ
HRR233281_f1.fastq.gz,Raw FASTQ
HRR233281_r2.fastq.gz,Raw FASTQ
HRR233282_f1.fastq.gz,Raw FASTQ
HRR233282_r2.fastq.gz,Raw FASTQ
HRR233283_f1.fastq.gz,Raw FASTQ
HRR233283_r2.fastq.gz,Raw FASTQ
HRR233284_f1.fastq.gz,Raw FASTQ
HRR233284_r2.fastq.gz,Raw FASTQ
HRR233285_f1.fastq.gz,Raw FASTQ
HRR233285_r2.fastq.gz,Raw FASTQ
HRR233286_f1.fastq.gz,Raw FASTQ
HRR233286_r2.fastq.gz,Raw FASTQ
HRR233287_f1.fastq.gz,Raw FASTQ
HRR233287_r2.fastq.gz,Raw FASTQ
HRR233288_f1.fastq.gz,Raw FASTQ
HRR233288_r2.fastq.gz,Raw FASTQ
HRR233289_f1.fastq.gz,Raw FASTQ
HRR233289_r2.fastq.gz,Raw FASTQ
HRR233290_f1.fastq.gz,Raw FASTQ
HRR233290_r2.fastq.gz,Raw FASTQ
HRR233291_f1.fastq.gz,Raw FASTQ
HRR233291_r2.fastq.gz,Raw FASTQ
HRR233292_f1.fastq.gz,Raw FASTQ
HRR233292_r2.fastq.gz,Raw FASTQ
HRR233293_f1.fastq.gz,Raw FASTQ
HRR233293_r2.fastq.gz,Raw FASTQ
HRR233294_f1.fastq.gz,Raw FASTQ
HRR233294_r2.fastq.gz,Raw FASTQ
HRR233295_f1.fastq.gz,Raw FASTQ
HRR233295_r2.fastq.gz,Raw FASTQ
HRR233296_f1.fastq.gz,Raw FASTQ
HRR233296_r2.fastq.gz,Raw FASTQ
HRR233297_f1.fastq.gz,Raw FASTQ
HRR233297_r2.fastq.gz,Raw FASTQ
HRR233298_f1.fastq.gz,Raw FASTQ
HRR233298_r2.fastq.gz,Raw FASTQ
HRR233299_f1.fastq.gz,Raw FASTQ
HRR233299_r2.fastq.gz,Raw FASTQ
HRR233300_f1.fastq.gz,Raw FASTQ
HRR233300_r2.fastq.gz,Raw FASTQ
HRR233301_f1.fastq.gz,Raw FASTQ
HRR233301_r2.fastq.gz,Raw FASTQ
HRR233302_f1.fastq.gz,Raw FASTQ
HRR233302_r2.fastq.gz,Raw FASTQ
HRR233303_f1.fastq.gz,Raw FASTQ
HRR233303_r2.fastq.gz,Raw FASTQ
HRR233304_f1.fastq.gz,Raw FASTQ
HRR233304_r2.fastq.gz,Raw FASTQ
HRR233305_f1.fastq.gz,Raw FASTQ
HRR233305_r2.fastq.gz,Raw FASTQ
HRR233306_f1.fastq.gz,Raw FASTQ
HRR233306_r2.fastq.gz,Raw FASTQ
HRR233307_f1.fastq.gz,Raw FASTQ
HRR233307_r2.fastq.gz,Raw FASTQ
HRR233308_f1.fastq.gz,Raw FASTQ
HRR233308_r2.fastq.gz,Raw FASTQ
HRR233309_f1.fastq.gz,Raw FASTQ
HRR233309_r2.fastq.gz,Raw FASTQ
HRR233310_f1.fastq.gz,Raw FASTQ
HRR233310_r2.fastq.gz,Raw FASTQ
HRR233311_f1.fastq.gz,Raw FASTQ
HRR233311_r2.fastq.gz,Raw FASTQ
HRR233312_f1.fastq.gz,Raw FASTQ
HRR233312_r2.fastq.gz,Raw FASTQ
HRR233313_f1.fastq.gz,Raw FASTQ
HRR233313_r2.fastq.gz,Raw FASTQ
HRR233314_f1.fastq.gz,Raw FASTQ
HRR233314_r2.fastq.gz,Raw FASTQ
HRR233315_f1.fastq.gz,Raw FASTQ
HRR233315_r2.fastq.gz,Raw FASTQ
HRR233316_f1.fastq.gz,Raw FASTQ
HRR233316_r2.fastq.gz,Raw FASTQ
HRR233317_f1.fastq.gz,Raw FASTQ
HRR233317_r2.fastq.gz,Raw FASTQ
HRR233318_f1.fastq.gz,Raw FASTQ
HRR233318_r2.fastq.gz,Raw FASTQ
HRR233319_f1.fastq.gz,Raw FASTQ
HRR233319_r2.fastq.gz,Raw FASTQ
HRR233320_f1.fastq.gz,Raw FASTQ
HRR233320_r2.fastq.gz,Raw FASTQ
HRR233321_f1.fastq.gz,Raw FASTQ
HRR233321_r2.fastq.gz,Raw FASTQ
HRR233322_f1.fastq.gz,Raw FASTQ
HRR233322_r2.fastq.gz,Raw FASTQ
HRR233323_f1.fastq.gz,Raw FASTQ
HRR233323_r2.fastq.gz,Raw FASTQ
HRR233324_f1.fastq.gz,Raw FASTQ
HRR233324_r2.fastq.gz,Raw FASTQ
HRR233325_f1.fastq.gz,Raw FASTQ
HRR233325_r2.fastq.gz,Raw FASTQ
HRR233326_f1.fastq.gz,Raw FASTQ
HRR233326_r2.fastq.gz,Raw FASTQ
HRR233327_f1.fastq.gz,Raw FASTQ
HRR233327_r2.fastq.gz,Raw FASTQ
HRR233328_f1.fastq.gz,Raw FASTQ
HRR233328_r2.fastq.gz,Raw FASTQ
HRR233329_f1.fastq.gz,Raw FASTQ
HRR233329_r2.fastq.gz,Raw FASTQ
HRR233330_f1.fastq.gz,Raw FASTQ
HRR233330_r2.fastq.gz,Raw FASTQ
HRR233331_f1.fastq.gz,Raw FASTQ
HRR233331_r2.fastq.gz,Raw FASTQ
HRR233332_f1.fastq.gz,Raw FASTQ
HRR233332_r2.fastq.gz,Raw FASTQ
HRR233333_f1.fastq.gz,Raw FASTQ
HRR233333_r2.fastq.gz,Raw FASTQ
HRR233334_f1.fastq.gz,Raw FASTQ
HRR233334_r2.fastq.gz,Raw FASTQ
HRR233335_f1.fastq.gz,Raw FASTQ
HRR233335_r2.fastq.gz,Raw FASTQ
HRR233336_f1.fastq.gz,Raw FASTQ
HRR233336_r2.fastq.gz,Raw FASTQ
HRR233337_f1.fastq.gz,Raw FASTQ
HRR233337_r2.fastq.gz,Raw FASTQ
HRR233338_f1.fastq.gz,Raw FASTQ
HRR233338_r2.fastq.gz,Raw FASTQ
HRR233339_f1.fastq.gz,Raw FASTQ
HRR233339_r2.fastq.gz,Raw FASTQ
HRR233340_f1.fastq.gz,Raw FASTQ
HRR233340_r2.fastq.gz,Raw FASTQ
HRR233341_f1.fastq.gz,Raw FASTQ
HRR233341_r2.fastq.gz,Raw FASTQ
HRR233342_f1.fastq.gz,Raw FASTQ
HRR233342_r2.fastq.gz,Raw FASTQ
HRR233343_f1.fastq.gz,Raw FASTQ
HRR233343_r2.fastq.gz,Raw FASTQ
HRR233344_f1.fastq.gz,Raw FASTQ
HRR233344_r2.fastq.gz,Raw FASTQ
HRR233345_f1.fastq.gz,Raw FASTQ
HRR233345_r2.fastq.gz,Raw FASTQ
HRR233346_f1.fastq.gz,Raw FASTQ
HRR233346_r2.fastq.gz,Raw FASTQ
HRR233347_f1.fastq.gz,Raw FASTQ
HRR233347_r2.fastq.gz,Raw FASTQ
HRR233348_f1.fastq.gz,Raw FASTQ
HRR233348_r2.fastq.gz,Raw FASTQ
HRR233349_f1.fastq.gz,Raw FASTQ
HRR233349_r2.fastq.gz,Raw FASTQ
HRR233350_f1.fastq.gz,Raw FASTQ
HRR233350_r2.fastq.gz,Raw FASTQ
HRR233351_f1.fastq.gz,Raw FASTQ
HRR233351_r2.fastq.gz,Raw FASTQ
HRR233352_f1.fastq.gz,Raw FASTQ
HRR233352_r2.fastq.gz,Raw FASTQ
HRR233353_f1.fastq.gz,Raw FASTQ
HRR233353_r2.fastq.gz,Raw FASTQ
HRR233354_f1.fastq.gz,Raw FASTQ
HRR233354_r2.fastq.gz,Raw FASTQ
HRR233355_f1.fastq.gz,Raw FASTQ
HRR233355_r2.fastq.gz,Raw FASTQ
HRR233356_f1.fastq.gz,Raw FASTQ
HRR233356_r2.fastq.gz,Raw FASTQ
HRR233357_f1.fastq.gz,Raw FASTQ
HRR233357_r2.fastq.gz,Raw FASTQ
HRR233358_f1.fastq.gz,Raw FASTQ
HRR233358_r2.fastq.gz,Raw FASTQ
HRR233359_f1.fastq.gz,Raw FASTQ
HRR233359_r2.fastq.gz,Raw FASTQ
HRR233360_f1.fastq.gz,Raw FASTQ
HRR233360_r2.fastq.gz,Raw FASTQ
HRR233361_f1.fastq.gz,Raw FASTQ
HRR233361_r2.fastq.gz,Raw FASTQ
HRR233362_f1.fastq.gz,Raw FASTQ
HRR233362_r2.fastq.gz,Raw FASTQ
HRR233363_f1.fastq.gz,Raw FASTQ
HRR233363_r2.fastq.gz,Raw FASTQ
HRR233364_f1.fastq.gz,Raw FASTQ
HRR233364_r2.fastq.gz,Raw FASTQ
HRR233365_f1.fastq.gz,Raw FASTQ
HRR233365_r2.fastq.gz,Raw FASTQ
HRR233366_f1.fastq.gz,Raw FASTQ
HRR233366_r2.fastq.gz,Raw FASTQ
HRR233367_f1.fastq.gz,Raw FASTQ
HRR233367_r2.fastq.gz,Raw FASTQ
HRR233368_f1.fastq.gz,Raw FASTQ
HRR233368_r2.fastq.gz,Raw FASTQ
HRR233369_f1.fastq.gz,Raw FASTQ
HRR233369_r2.fastq.gz,Raw FASTQ
HRR233370_f1.fastq.gz,Raw FASTQ
HRR233370_r2.fastq.gz,Raw FASTQ
HRR233371_f1.fastq.gz,Raw FASTQ
HRR233371_r2.fastq.gz,Raw FASTQ
HRR233372_f1.fastq.gz,Raw FASTQ
HRR233372_r2.fastq.gz,Raw FASTQ
HRR233373_f1.fastq.gz,Raw FASTQ
HRR233373_r2.fastq.gz,Raw FASTQ
HRR233374_f1.fastq.gz,Raw FASTQ
HRR233374_r2.fastq.gz,Raw FASTQ
HRR233375_f1.fastq.gz,Raw FASTQ
HRR233375_r2.fastq.gz,Raw FASTQ
HRR233376_f1.fastq.gz,Raw FASTQ
HRR233376_r2.fastq.gz,Raw FASTQ
HRR233377_f1.fastq.gz,Raw FASTQ
HRR233377_r2.fastq.gz,Raw FASTQ
HRR233378_f1.fastq.gz,Raw FASTQ
HRR233378_r2.fastq.gz,Raw FASTQ
HRR233379_f1.fastq.gz,Raw FASTQ
HRR233379_r2.fastq.gz,Raw FASTQ
HRR233380_f1.fastq.gz,Raw FASTQ
HRR233380_r2.fastq.gz,Raw FASTQ
HRR233381_f1.fastq.gz,Raw FASTQ
HRR233381_r2.fastq.gz,Raw FASTQ
HRR233382_f1.fastq.gz,Raw FASTQ
HRR233382_r2.fastq.gz,Raw FASTQ
HRR233383_f1.fastq.gz,Raw FASTQ
HRR233383_r2.fastq.gz,Raw FASTQ
HRR233384_f1.fastq.gz,Raw FASTQ
HRR233384_r2.fastq.gz,Raw FASTQ
HRR233385_f1.fastq.gz,Raw FASTQ
HRR233385_r2.fastq.gz,Raw FASTQ
HRR233386_f1.fastq.gz,Raw FASTQ
HRR233386_r2.fastq.gz,Raw FASTQ
HRR233387_f1.fastq.gz,Raw FASTQ
HRR233387_r2.fastq.gz,Raw FASTQ
HRR233388_f1.fastq.gz,Raw FASTQ
HRR233388_r2.fastq.gz,Raw FASTQ
HRR233389_f1.fastq.gz,Raw FASTQ
HRR233389_r2.fastq.gz,Raw FASTQ
HRR233390_f1.fastq.gz,Raw FASTQ
HRR233390_r2.fastq.gz,Raw FASTQ
HRR233391_f1.fastq.gz,Raw FASTQ
HRR233391_r2.fastq.gz,Raw FASTQ
HRR233392_f1.fastq.gz,Raw FASTQ
HRR233392_r2.fastq.gz,Raw FASTQ
HRR233393_f1.fastq.gz,Raw FASTQ
HRR233393_r2.fastq.gz,Raw FASTQ
HRR233394_f1.fastq.gz,Raw FASTQ
HRR233394_r2.fastq.gz,Raw FASTQ
HRR233395_f1.fastq.gz,Raw FASTQ
HRR233395_r2.fastq.gz,Raw FASTQ
HRR233396_f1.fastq.gz,Raw FASTQ
HRR233396_r2.fastq.gz,Raw FASTQ
HRR233397_f1.fastq.gz,Raw FASTQ
HRR233397_r2.fastq.gz,Raw FASTQ
HRR233398_f1.fastq.gz,Raw FASTQ
HRR233398_r2.fastq.gz,Raw FASTQ
HRR233399_f1.fastq.gz,Raw FASTQ
HRR233399_r2.fastq.gz,Raw FASTQ
HRR233400_f1.fastq.gz,Raw FASTQ
HRR233400_r2.fastq.gz,Raw FASTQ
HRR233401_f1.fastq.gz,Raw FASTQ
HRR233401_r2.fastq.gz,Raw FASTQ
HRR233402_f1.fastq.gz,Raw FASTQ
HRR233402_r2.fastq.gz,Raw FASTQ
HRR233403_f1.fastq.gz,Raw FASTQ
HRR233403_r2.fastq.gz,Raw FASTQ
HRR233404_f1.fastq.gz,Raw FASTQ
HRR233404_r2.fastq.gz,Raw FASTQ
HRR233405_f1.fastq.gz,Raw FASTQ
HRR233405_r2.fastq.gz,Raw FASTQ
HRR233406_f1.fastq.gz,Raw FASTQ
HRR233406_r2.fastq.gz,Raw FASTQ
HRR233407_f1.fastq.gz,Raw FASTQ
HRR233407_r2.fastq.gz,Raw FASTQ
HRR233408_f1.fastq.gz,Raw FASTQ
HRR233408_r2.fastq.gz,Raw FASTQ
HRR233409_f1.fastq.gz,Raw FASTQ
HRR233409_r2.fastq.gz,Raw FASTQ
HRR233410_f1.fastq.gz,Raw FASTQ
HRR233410_r2.fastq.gz,Raw FASTQ
HRR233411_f1.fastq.gz,Raw FASTQ
HRR233411_r2.fastq.gz,Raw FASTQ
HRR233412_f1.fastq.gz,Raw FASTQ
HRR233412_r2.fastq.gz,Raw FASTQ
HRR233413_f1.fastq.gz,Raw FASTQ
HRR233413_r2.fastq.gz,Raw FASTQ
HRR233414_f1.fastq.gz,Raw FASTQ
HRR233414_r2.fastq.gz,Raw FASTQ
HRR233415_f1.fastq.gz,Raw FASTQ
HRR233415_r2.fastq.gz,Raw FASTQ
HRR233416_f1.fastq.gz,Raw FASTQ
HRR233416_r2.fastq.gz,Raw FASTQ
HRR233417_f1.fastq.gz,Raw FASTQ
HRR233417_r2.fastq.gz,Raw FASTQ
HRR233418_f1.fastq.gz,Raw FASTQ
HRR233418_r2.fastq.gz,Raw FASTQ
HRR233419_f1.fastq.gz,Raw FASTQ
HRR233419_r2.fastq.gz,Raw FASTQ
HRR233420_f1.fastq.gz,Raw FASTQ
HRR233420_r2.fastq.gz,Raw FASTQ
HRR233421_f1.fastq.gz,Raw FASTQ
HRR233421_r2.fastq.gz,Raw FASTQ
HRR233422_f1.fastq.gz,Raw FASTQ
HRR233422_r2.fastq.gz,Raw FASTQ
HRR233423_f1.fastq.gz,Raw FASTQ
HRR233423_r2.fastq.gz,Raw FASTQ
HRR233424_f1.fastq.gz,Raw FASTQ
HRR233424_r2.fastq.gz,Raw FASTQ
HRR233425_f1.fastq.gz,Raw FASTQ
HRR233425_r2.fastq.gz,Raw FASTQ
HRR233426_f1.fastq.gz,Raw FASTQ
HRR233426_r2.fastq.gz,Raw FASTQ
HRR233427_f1.fastq.gz,Raw FASTQ
HRR233427_r2.fastq.gz,Raw FASTQ
HRR233428_f1.fastq.gz,Raw FASTQ
HRR233428_r2.fastq.gz,Raw FASTQ
HRR233429_f1.fastq.gz,Raw FASTQ
HRR233429_r2.fastq.gz,Raw FASTQ
HRR233430_f1.fastq.gz,Raw FASTQ
HRR233430_r2.fastq.gz,Raw FASTQ
HRR233431_f1.fastq.gz,Raw FASTQ
HRR233431_r2.fastq.gz,Raw FASTQ
HRR233432_f1.fastq.gz,Raw FASTQ
HRR233432_r2.fastq.gz,Raw FASTQ
HRR233433_f1.fastq.gz,Raw FASTQ
HRR233433_r2.fastq.gz,Raw FASTQ
HRR233434_f1.fastq.gz,Raw FASTQ
HRR233434_r2.fastq.gz,Raw FASTQ
HRR233435_f1.fastq.gz,Raw FASTQ
HRR233435_r2.fastq.gz,Raw FASTQ
HRR233436_f1.fastq.gz,Raw FASTQ
HRR233436_r2.fastq.gz,Raw FASTQ
HRR233437_f1.fastq.gz,Raw FASTQ
HRR233437_r2.fastq.gz,Raw FASTQ
HRR233438_f1.fastq.gz,Raw FASTQ
HRR233438_r2.fastq.gz,Raw FASTQ
HRR233439_f1.fastq.gz,Raw FASTQ
HRR233439_r2.fastq.gz,Raw FASTQ
HRR233440_f1.fastq.gz,Raw FASTQ
HRR233440_r2.fastq.gz,Raw FASTQ
HRR233441_f1.fastq.gz,Raw FASTQ
HRR233441_r2.fastq.gz,Raw FASTQ
HRR233442_f1.fastq.gz,Raw FASTQ
HRR233442_r2.fastq.gz,Raw FASTQ
HRR233443_f1.fastq.gz,Raw FASTQ
HRR233443_r2.fastq.gz,Raw FASTQ
HRR233444_f1.fastq.gz,Raw FASTQ
HRR233444_r2.fastq.gz,Raw FASTQ
HRR233445_f1.fastq.gz,Raw FASTQ
HRR233445_r2.fastq.gz,Raw FASTQ
HRR233446_f1.fastq.gz,Raw FASTQ
HRR233446_r2.fastq.gz,Raw FASTQ
HRR233447_f1.fastq.gz,Raw FASTQ
HRR233447_r2.fastq.gz,Raw FASTQ
HRR233448_f1.fastq.gz,Raw FASTQ
HRR233448_r2.fastq.gz,Raw FASTQ
HRR233449_f1.fastq.gz,Raw FASTQ
HRR233449_r2.fastq.gz,Raw FASTQ
HRR233450_f1.fastq.gz,Raw FASTQ
HRR233450_r2.fastq.gz,Raw FASTQ
HRR233451_f1.fastq.gz,Raw FASTQ
HRR233451_r2.fastq.gz,Raw FASTQ
HRR233452_f1.fastq.gz,Raw FASTQ
HRR233452_r2.fastq.gz,Raw FASTQ
HRR233453_f1.fastq.gz,Raw FASTQ
HRR233453_r2.fastq.gz,Raw FASTQ
HRR233454_f1.fastq.gz,Raw FASTQ
HRR233454_r2.fastq.gz,Raw FASTQ
HRR233455_f1.fastq.gz,Raw FASTQ
HRR233455_r2.fastq.gz,Raw FASTQ
HRR233456_f1.fastq.gz,Raw FASTQ
HRR233456_r2.fastq.gz,Raw FASTQ
HRR233457_f1.fastq.gz,Raw FASTQ
HRR233457_r2.fastq.gz,Raw FASTQ
HRR233458_f1.fastq.gz,Raw FASTQ
HRR233458_r2.fastq.gz,Raw FASTQ
HRR233459_f1.fastq.gz,Raw FASTQ
HRR233459_r2.fastq.gz,Raw FASTQ
HRR233460_f1.fastq.gz,Raw FASTQ
HRR233460_r2.fastq.gz,Raw FASTQ
HRR233461_f1.fastq.gz,Raw FASTQ
HRR233461_r2.fastq.gz,Raw FASTQ
HRR233462_f1.fastq.gz,Raw FASTQ
HRR233462_r2.fastq.gz,Raw FASTQ
HRR233463_f1.fastq.gz,Raw FASTQ
HRR233463_r2.fastq.gz,Raw FASTQ
HRR233464_f1.fastq.gz,Raw FASTQ
HRR233464_r2.fastq.gz,Raw FASTQ
HRR233465_f1.fastq.gz,Raw FASTQ
HRR233465_r2.fastq.gz,Raw FASTQ
HRR233466_f1.fastq.gz,Raw FASTQ
HRR233466_r2.fastq.gz,Raw FASTQ
HRR233467_f1.fastq.gz,Raw FASTQ
HRR233467_r2.fastq.gz,Raw FASTQ
HRR233468_f1.fastq.gz,Raw FASTQ
HRR233468_r2.fastq.gz,Raw FASTQ
HRR233469_f1.fastq.gz,Raw FASTQ
HRR233469_r2.fastq.gz,Raw FASTQ
HRR233470_f1.fastq.gz,Raw FASTQ
HRR233470_r2.fastq.gz,Raw FASTQ
HRR233471_f1.fastq.gz,Raw FASTQ
HRR233471_r2.fastq.gz,Raw FASTQ
HRR233472_f1.fastq.gz,Raw FASTQ
HRR233472_r2.fastq.gz,Raw FASTQ
HRR233473_f1.fastq.gz,Raw FASTQ
HRR233473_r2.fastq.gz,Raw FASTQ
HRR233474_f1.fastq.gz,Raw FASTQ
HRR233474_r2.fastq.gz,Raw FASTQ
HRR233475_f1.fastq.gz,Raw FASTQ
HRR233475_r2.fastq.gz,Raw FASTQ
HRR233476_f1.fastq.gz,Raw FASTQ
HRR233476_r2.fastq.gz,Raw FASTQ
HRR233477_f1.fastq.gz,Raw FASTQ
HRR233477_r2.fastq.gz,Raw FASTQ
HRR233478_f1.fastq.gz,Raw FASTQ
HRR233478_r2.fastq.gz,Raw FASTQ
HRR233479_f1.fastq.gz,Raw FASTQ
HRR233479_r2.fastq.gz,Raw FASTQ
HRR233480_f1.fastq.gz,Raw FASTQ
HRR233480_r2.fastq.gz,Raw FASTQ
HRR233481_f1.fastq.gz,Raw FASTQ
HRR233481_r2.fastq.gz,Raw FASTQ
HRR233482_f1.fastq.gz,Raw FASTQ
HRR233482_r2.fastq.gz,Raw FASTQ
HRR233483_f1.fastq.gz,Raw FASTQ
HRR233483_r2.fastq.gz,Raw FASTQ
HRR233484_f1.fastq.gz,Raw FASTQ
HRR233484_r2.fastq.gz,Raw FASTQ
HRR233485_f1.fastq.gz,Raw FASTQ
HRR233485_r2.fastq.gz,Raw FASTQ
HRR233486_f1.fastq.gz,Raw FASTQ
HRR233486_r2.fastq.gz,Raw FASTQ
HRR233487_f1.fastq.gz,Raw FASTQ
HRR233487_r2.fastq.gz,Raw FASTQ
HRR233488_f1.fastq.gz,Raw FASTQ
HRR233488_r2.fastq.gz,Raw FASTQ
HRR233489_f1.fastq.gz,Raw FASTQ
HRR233489_r2.fastq.gz,Raw FASTQ
HRR233490_f1.fastq.gz,Raw FASTQ
HRR233490_r2.fastq.gz,Raw FASTQ
HRR233491_f1.fastq.gz,Raw FASTQ
HRR233491_r2.fastq.gz,Raw FASTQ
HRR233492_f1.fastq.gz,Raw FASTQ
HRR233492_r2.fastq.gz,Raw FASTQ
HRR233493_f1.fastq.gz,Raw FASTQ
HRR233493_r2.fastq.gz,Raw FASTQ
HRR233494_f1.fastq.gz,Raw FASTQ
HRR233494_r2.fastq.gz,Raw FASTQ
HRR233495_f1.fastq.gz,Raw FASTQ
HRR233495_r2.fastq.gz,Raw FASTQ
HRR233496_f1.fastq.gz,Raw FASTQ
HRR233496_r2.fastq.gz,Raw FASTQ
HRR233497_f1.fastq.gz,Raw FASTQ
HRR233497_r2.fastq.gz,Raw FASTQ
HRR233498_f1.fastq.gz,Raw FASTQ
HRR233498_r2.fastq.gz,Raw FASTQ
HRR233499_f1.fastq.gz,Raw FASTQ
HRR233499_r2.fastq.gz,Raw FASTQ
HRR233500_f1.fastq.gz,Raw FASTQ
HRR233500_r2.fastq.gz,Raw FASTQ
HRR233501_f1.fastq.gz,Raw FASTQ
HRR233501_r2.fastq.gz,Raw FASTQ
HRR233502_f1.fastq.gz,Raw FASTQ
HRR233502_r2.fastq.gz,Raw FASTQ
HRR233503_f1.fastq.gz,Raw FASTQ
HRR233503_r2.fastq.gz,Raw FASTQ
HRR233504_f1.fastq.gz,Raw FASTQ
HRR233504_r2.fastq.gz,Raw FASTQ
HRR233505_f1.fastq.gz,Raw FASTQ
HRR233505_r2.fastq.gz,Raw FASTQ
HRR233506_f1.fastq.gz,Raw FASTQ
HRR233506_r2.fastq.gz,Raw FASTQ
HRR233507_f1.fastq.gz,Raw FASTQ
HRR233507_r2.fastq.gz,Raw FASTQ
HRR233508_f1.fastq.gz,Raw FASTQ
HRR233508_r2.fastq.gz,Raw FASTQ
HRR233509_f1.fastq.gz,Raw FASTQ
HRR233509_r2.fastq.gz,Raw FASTQ
HRR233510_f1.fastq.gz,Raw FASTQ
HRR233510_r2.fastq.gz,Raw FASTQ
HRR233511_f1.fastq.gz,Raw FASTQ
HRR233511_r2.fastq.gz,Raw FASTQ
HRR233512_f1.fastq.gz,Raw FASTQ
HRR233512_r2.fastq.gz,Raw FASTQ
HRR233513_f1.fastq.gz,Raw FASTQ
HRR233513_r2.fastq.gz,Raw FASTQ
HRR233514_f1.fastq.gz,Raw FASTQ
HRR233514_r2.fastq.gz,Raw FASTQ
HRR233515_f1.fastq.gz,Raw FASTQ
HRR233515_r2.fastq.gz,Raw FASTQ
HRR233516_f1.fastq.gz,Raw FASTQ
HRR233516_r2.fastq.gz,Raw FASTQ
HRR233517_f1.fastq.gz,Raw FASTQ
HRR233517_r2.fastq.gz,Raw FASTQ
HRR233518_f1.fastq.gz,Raw FASTQ
HRR233518_r2.fastq.gz,Raw FASTQ
HRR233519_f1.fastq.gz,Raw FASTQ
HRR233519_r2.fastq.gz,Raw FASTQ
HRR233520_f1.fastq.gz,Raw FASTQ
HRR233520_r2.fastq.gz,Raw FASTQ
HRR233521_f1.fastq.gz,Raw FASTQ
HRR233521_r2.fastq.gz,Raw FASTQ
HRR233522_f1.fastq.gz,Raw FASTQ
HRR233522_r2.fastq.gz,Raw FASTQ
HRR233523_f1.fastq.gz,Raw FASTQ
HRR233523_r2.fastq.gz,Raw FASTQ
HRR233524_f1.fastq.gz,Raw FASTQ
HRR233524_r2.fastq.gz,Raw FASTQ
HRR233525_f1.fastq.gz,Raw FASTQ
HRR233525_r2.fastq.gz,Raw FASTQ
HRR233526_f1.fastq.gz,Raw FASTQ
HRR233526_r2.fastq.gz,Raw FASTQ
HRR233527_f1.fastq.gz,Raw FASTQ
HRR233527_r2.fastq.gz,Raw FASTQ
HRR233528_f1.fastq.gz,Raw FASTQ
HRR233528_r2.fastq.gz,Raw FASTQ
HRR233529_f1.fastq.gz,Raw FASTQ
HRR233529_r2.fastq.gz,Raw FASTQ
HRR233530_f1.fastq.gz,Raw FASTQ
HRR233530_r2.fastq.gz,Raw FASTQ
HRR233531_f1.fastq.gz,Raw FASTQ
HRR233531_r2.fastq.gz,Raw FASTQ
HRR233532_f1.fastq.gz,Raw FASTQ
HRR233532_r2.fastq.gz,Raw FASTQ
HRR233533_f1.fastq.gz,Raw FASTQ
HRR233533_r2.fastq.gz,Raw FASTQ
HRR233534_f1.fastq.gz,Raw FASTQ
HRR233534_r2.fastq.gz,Raw FASTQ
HRR233535_f1.fastq.gz,Raw FASTQ
HRR233535_r2.fastq.gz,Raw FASTQ
HRR233536_f1.fastq.gz,Raw FASTQ
HRR233536_r2.fastq.gz,Raw FASTQ
HRR233537_f1.fastq.gz,Raw FASTQ
HRR233537_r2.fastq.gz,Raw FASTQ
HRR233538_f1.fastq.gz,Raw FASTQ
HRR233538_r2.fastq.gz,Raw FASTQ
HRR233539_f1.fastq.gz,Raw FASTQ
HRR233539_r2.fastq.gz,Raw FASTQ
HRR233540_f1.fastq.gz,Raw FASTQ
HRR233540_r2.fastq.gz,Raw FASTQ
HRR233541_f1.fastq.gz,Raw FASTQ
HRR233541_r2.fastq.gz,Raw FASTQ
HRR233542_f1.fastq.gz,Raw FASTQ
HRR233542_r2.fastq.gz,Raw FASTQ
HRR233543_f1.fastq.gz,Raw FASTQ
HRR233543_r2.fastq.gz,Raw FASTQ
HRR233544_f1.fastq.gz,Raw FASTQ
HRR233544_r2.fastq.gz,Raw FASTQ
HRR233545_f1.fastq.gz,Raw FASTQ
HRR233545_r2.fastq.gz,Raw FASTQ
HRR233546_f1.fastq.gz,Raw FASTQ
HRR233546_r2.fastq.gz,Raw FASTQ
HRR233547_f1.fastq.gz,Raw FASTQ
HRR233547_r2.fastq.gz,Raw FASTQ
HRR233548_f1.fastq.gz,Raw FASTQ
HRR233548_r2.fastq.gz,Raw FASTQ
HRR233549_f1.fastq.gz,Raw FASTQ
HRR233549_r2.fastq.gz,Raw FASTQ
HRR233550_f1.fastq.gz,Raw FASTQ
HRR233550_r2.fastq.gz,Raw FASTQ
HRR233551_f1.fastq.gz,Raw FASTQ
HRR233551_r2.fastq.gz,Raw FASTQ
HRR233552_f1.fastq.gz,Raw FASTQ
HRR233552_r2.fastq.gz,Raw FASTQ
HRR233553_f1.fastq.gz,Raw FASTQ
HRR233553_r2.fastq.gz,Raw FASTQ
HRR233554_f1.fastq.gz,Raw FASTQ
HRR233554_r2.fastq.gz,Raw FASTQ
HRR233555_f1.fastq.gz,Raw FASTQ
HRR233555_r2.fastq.gz,Raw FASTQ
HRR233556_f1.fastq.gz,Raw FASTQ
HRR233556_r2.fastq.gz,Raw FASTQ
HRR233557_f1.fastq.gz,Raw FASTQ
HRR233557_r2.fastq.gz,Raw FASTQ
HRR233558_f1.fastq.gz,Raw FASTQ
HRR233558_r2.fastq.gz,Raw FASTQ
HRR233559_f1.fastq.gz,Raw FASTQ
HRR233559_r2.fastq.gz,Raw FASTQ
HRR233560_f1.fastq.gz,Raw FASTQ
HRR233560_r2.fastq.gz,Raw FASTQ
HRR233561_f1.fastq.gz,Raw FASTQ
HRR233561_r2.fastq.gz,Raw FASTQ
HRR233562_f1.fastq.gz,Raw FASTQ
HRR233562_r2.fastq.gz,Raw FASTQ
HRR233563_f1.fastq.gz,Raw FASTQ
HRR233563_r2.fastq.gz,Raw FASTQ
HRR233564_f1.fastq.gz,Raw FASTQ
HRR233564_r2.fastq.gz,Raw FASTQ
HRR233565_f1.fastq.gz,Raw FASTQ
HRR233565_r2.fastq.gz,Raw FASTQ
HRR233566_f1.fastq.gz,Raw FASTQ
HRR233566_r2.fastq.gz,Raw FASTQ
HRR233567_f1.fastq.gz,Raw FASTQ
HRR233567_r2.fastq.gz,Raw FASTQ
HRR233568_f1.fastq.gz,Raw FASTQ
HRR233568_r2.fastq.gz,Raw FASTQ
HRR233569_f1.fastq.gz,Raw FASTQ
HRR233569_r2.fastq.gz,Raw FASTQ
HRR233570_f1.fastq.gz,Raw FASTQ
HRR233570_r2.fastq.gz,Raw FASTQ
HRR233571_f1.fastq.gz,Raw FASTQ
HRR233571_r2.fastq.gz,Raw FASTQ
HRR233572_f1.fastq.gz,Raw FASTQ
HRR233572_r2.fastq.gz,Raw FASTQ
HRR233573_f1.fastq.gz,Raw FASTQ
HRR233573_r2.fastq.gz,Raw FASTQ
HRR233574_f1.fastq.gz,Raw FASTQ
HRR233574_r2.fastq.gz,Raw FASTQ
HRR233575_f1.fastq.gz,Raw FASTQ
HRR233575_r2.fastq.gz,Raw FASTQ
HRR233576_f1.fastq.gz,Raw FASTQ
HRR233576_r2.fastq.gz,Raw FASTQ
HRR233577_f1.fastq.gz,Raw FASTQ
HRR233577_r2.fastq.gz,Raw FASTQ
HRR233578_f1.fastq.gz,Raw FASTQ
HRR233578_r2.fastq.gz,Raw FASTQ
HRR233579_f1.fastq.gz,Raw FASTQ
HRR233579_r2.fastq.gz,Raw FASTQ
HRR233580_f1.fastq.gz,Raw FASTQ
HRR233580_r2.fastq.gz,Raw FASTQ
HRR233581_f1.fastq.gz,Raw FASTQ
HRR233581_r2.fastq.gz,Raw FASTQ
HRR233582_f1.fastq.gz,Raw FASTQ
HRR233582_r2.fastq.gz,Raw FASTQ
HRR233583_f1.fastq.gz,Raw FASTQ
HRR233583_r2.fastq.gz,Raw FASTQ
HRR233584_f1.fastq.gz,Raw FASTQ
HRR233584_r2.fastq.gz,Raw FASTQ
HRR233585_f1.fastq.gz,Raw FASTQ
HRR233585_r2.fastq.gz,Raw FASTQ
HRR233586_f1.fastq.gz,Raw FASTQ
HRR233586_r2.fastq.gz,Raw FASTQ
HRR233587_f1.fastq.gz,Raw FASTQ
HRR233587_r2.fastq.gz,Raw FASTQ
HRR233588_f1.fastq.gz,Raw FASTQ
HRR233588_r2.fastq.gz,Raw FASTQ
HRR233589_f1.fastq.gz,Raw FASTQ
HRR233589_r2.fastq.gz,Raw FASTQ
HRR233590_f1.fastq.gz,Raw FASTQ
HRR233590_r2.fastq.gz,Raw FASTQ
HRR233591_f1.fastq.gz,Raw FASTQ
HRR233591_r2.fastq.gz,Raw FASTQ
HRR233592_f1.fastq.gz,Raw FASTQ
HRR233592_r2.fastq.gz,Raw FASTQ
HRR233593_f1.fastq.gz,Raw FASTQ
HRR233593_r2.fastq.gz,Raw FASTQ
HRR233594_f1.fastq.gz,Raw FASTQ
HRR233594_r2.fastq.gz,Raw FASTQ
HRR233595_f1.fastq.gz,Raw FASTQ
HRR233595_r2.fastq.gz,Raw FASTQ
HRR233596_f1.fastq.gz,Raw FASTQ
HRR233596_r2.fastq.gz,Raw FASTQ
HRR233597_f1.fastq.gz,Raw FASTQ
HRR233597_r2.fastq.gz,Raw FASTQ
HRR233598_f1.fastq.gz,Raw FASTQ
HRR233598_r2.fastq.gz,Raw FASTQ
HRR233599_f1.fastq.gz,Raw FASTQ
HRR233599_r2.fastq.gz,Raw FASTQ
HRR233600_f1.fastq.gz,Raw FASTQ
HRR233600_r2.fastq.gz,Raw FASTQ
HRR233601_f1.fastq.gz,Raw FASTQ
HRR233601_r2.fastq.gz,Raw FASTQ
HRR233602_f1.fastq.gz,Raw FASTQ
HRR233602_r2.fastq.gz,Raw FASTQ
HRR233603_f1.fastq.gz,Raw FASTQ
HRR233603_r2.fastq.gz,Raw FASTQ
HRR233604_f1.fastq.gz,Raw FASTQ
HRR233604_r2.fastq.gz,Raw FASTQ
HRR233605_f1.fastq.gz,Raw FASTQ
HRR233605_r2.fastq.gz,Raw FASTQ
HRR233606_f1.fastq.gz,Raw FASTQ
HRR233606_r2.fastq.gz,Raw FASTQ
HRR233607_f1.fastq.gz,Raw FASTQ
HRR233607_r2.fastq.gz,Raw FASTQ
HRR233608_f1.fastq.gz,Raw FASTQ
HRR233608_r2.fastq.gz,Raw FASTQ
HRR233609_f1.fastq.gz,Raw FASTQ
HRR233609_r2.fastq.gz,Raw FASTQ
HRR233610_f1.fastq.gz,Raw FASTQ
HRR233610_r2.fastq.gz,Raw FASTQ
HRR233611_f1.fastq.gz,Raw FASTQ
HRR233611_r2.fastq.gz,Raw FASTQ
HRR233612_f1.fastq.gz,Raw FASTQ
HRR233612_r2.fastq.gz,Raw FASTQ
HRR233613_f1.fastq.gz,Raw FASTQ
HRR233613_r2.fastq.gz,Raw FASTQ
HRR233614_f1.fastq.gz,Raw FASTQ
HRR233614_r2.fastq.gz,Raw FASTQ
HRR233615_f1.fastq.gz,Raw FASTQ
HRR233615_r2.fastq.gz,Raw FASTQ
HRR233616_f1.fastq.gz,Raw FASTQ
HRR233616_r2.fastq.gz,Raw FASTQ
HRR233617_f1.fastq.gz,Raw FASTQ
HRR233617_r2.fastq.gz,Raw FASTQ
HRR233618_f1.fastq.gz,Raw FASTQ
HRR233618_r2.fastq.gz,Raw FASTQ
HRR233619_f1.fastq.gz,Raw FASTQ
HRR233619_r2.fastq.gz,Raw FASTQ
HRR233620_f1.fastq.gz,Raw FASTQ
HRR233620_r2.fastq.gz,Raw FASTQ
HRR233621_f1.fastq.gz,Raw FASTQ
HRR233621_r2.fastq.gz,Raw FASTQ
HRR233622_f1.fastq.gz,Raw FASTQ
HRR233622_r2.fastq.gz,Raw FASTQ
HRR233623_f1.fastq.gz,Raw FASTQ
HRR233623_r2.fastq.gz,Raw FASTQ
HRR233624_f1.fastq.gz,Raw FASTQ
HRR233624_r2.fastq.gz,Raw FASTQ
HRR233625_f1.fastq.gz,Raw FASTQ
HRR233625_r2.fastq.gz,Raw FASTQ
HRR233626_f1.fastq.gz,Raw FASTQ
HRR233626_r2.fastq.gz,Raw FASTQ
HRR233627_f1.fastq.gz,Raw FASTQ
HRR233627_r2.fastq.gz,Raw FASTQ
HRR233628_f1.fastq.gz,Raw FASTQ
HRR233628_r2.fastq.gz,Raw FASTQ
HRR233629_f1.fastq.gz,Raw FASTQ
HRR233629_r2.fastq.gz,Raw FASTQ
HRR233630_f1.fastq.gz,Raw FASTQ
HRR233630_r2.fastq.gz,Raw FASTQ
HRR233631_f1.fastq.gz,Raw FASTQ
HRR233631_r2.fastq.gz,Raw FASTQ
HRR233632_f1.fastq.gz,Raw FASTQ
HRR233632_r2.fastq.gz,Raw FASTQ
HRR233633_f1.fastq.gz,Raw FASTQ
HRR233633_r2.fastq.gz,Raw FASTQ
HRR233634_f1.fastq.gz,Raw FASTQ
HRR233634_r2.fastq.gz,Raw FASTQ
HRR233635_f1.fastq.gz,Raw FASTQ
HRR233635_r2.fastq.gz,Raw FASTQ
HRR233636_f1.fastq.gz,Raw FASTQ
HRR233636_r2.fastq.gz,Raw FASTQ
HRR233637_f1.fastq.gz,Raw FASTQ
HRR233637_r2.fastq.gz,Raw FASTQ
HRR233638_f1.fastq.gz,Raw FASTQ
HRR233638_r2.fastq.gz,Raw FASTQ
HRR233639_f1.fastq.gz,Raw FASTQ
HRR233639_r2.fastq.gz,Raw FASTQ
HRR233640_f1.fastq.gz,Raw FASTQ
HRR233640_r2.fastq.gz,Raw FASTQ
HRR233641_f1.fastq.gz,Raw FASTQ
HRR233641_r2.fastq.gz,Raw FASTQ
HRR233642_f1.fastq.gz,Raw FASTQ
HRR233642_r2.fastq.gz,Raw FASTQ
HRR233643_f1.fastq.gz,Raw FASTQ
HRR233643_r2.fastq.gz,Raw FASTQ
HRR233644_f1.fastq.gz,Raw FASTQ
HRR233644_r2.fastq.gz,Raw FASTQ
HRR233645_f1.fastq.gz,Raw FASTQ
HRR233645_r2.fastq.gz,Raw FASTQ
HRR233646_f1.fastq.gz,Raw FASTQ
HRR233646_r2.fastq.gz,Raw FASTQ
HRR233647_f1.fastq.gz,Raw FASTQ
HRR233647_r2.fastq.gz,Raw FASTQ
HRR233648_f1.fastq.gz,Raw FASTQ
HRR233648_r2.fastq.gz,Raw FASTQ
HRR233649_f1.fastq.gz,Raw FASTQ
HRR233649_r2.fastq.gz,Raw FASTQ
HRR233650_f1.fastq.gz,Raw FASTQ
HRR233650_r2.fastq.gz,Raw FASTQ
HRR233651_f1.fastq.gz,Raw FASTQ
HRR233651_r2.fastq.gz,Raw FASTQ
HRR233652_f1.fastq.gz,Raw FASTQ
HRR233652_r2.fastq.gz,Raw FASTQ
HRR233653_f1.fastq.gz,Raw FASTQ
HRR233653_r2.fastq.gz,Raw FASTQ
HRR233654_f1.fastq.gz,Raw FASTQ
HRR233654_r2.fastq.gz,Raw FASTQ
HRR233655_f1.fastq.gz,Raw FASTQ
HRR233655_r2.fastq.gz,Raw FASTQ
HRR233656_f1.fastq.gz,Raw FASTQ
HRR233656_r2.fastq.gz,Raw FASTQ
HRR233657_f1.fastq.gz,Raw FASTQ
HRR233657_r2.fastq.gz,Raw FASTQ
HRR233658_f1.fastq.gz,Raw FASTQ
HRR233658_r2.fastq.gz,Raw FASTQ
HRR233659_f1.fastq.gz,Raw FASTQ
HRR233659_r2.fastq.gz,Raw FASTQ
HRR233660_f1.fastq.gz,Raw FASTQ
HRR233660_r2.fastq.gz,Raw FASTQ
HRR233661_f1.fastq.gz,Raw FASTQ
HRR233661_r2.fastq.gz,Raw FASTQ
HRR233662_f1.fastq.gz,Raw FASTQ
HRR233662_r2.fastq.gz,Raw FASTQ
HRR233663_f1.fastq.gz,Raw FASTQ
HRR233663_r2.fastq.gz,Raw FASTQ
HRR233664_f1.fastq.gz,Raw FASTQ
HRR233664_r2.fastq.gz,Raw FASTQ
HRR233665_f1.fastq.gz,Raw FASTQ
HRR233665_r2.fastq.gz,Raw FASTQ
HRR233666_f1.fastq.gz,Raw FASTQ
HRR233666_r2.fastq.gz,Raw FASTQ
HRR233667_f1.fastq.gz,Raw FASTQ
HRR233667_r2.fastq.gz,Raw FASTQ
HRR233668_f1.fastq.gz,Raw FASTQ
HRR233668_r2.fastq.gz,Raw FASTQ
HRR233669_f1.fastq.gz,Raw FASTQ
HRR233669_r2.fastq.gz,Raw FASTQ
HRR233670_f1.fastq.gz,Raw FASTQ
HRR233670_r2.fastq.gz,Raw FASTQ
HRR233671_f1.fastq.gz,Raw FASTQ
HRR233671_r2.fastq.gz,Raw FASTQ
HRR233672_f1.fastq.gz,Raw FASTQ
HRR233672_r2.fastq.gz,Raw FASTQ
HRR233673_f1.fastq.gz,Raw FASTQ
HRR233673_r2.fastq.gz,Raw FASTQ
HRR233674_f1.fastq.gz,Raw FASTQ
HRR233674_r2.fastq.gz,Raw FASTQ
HRR233675_f1.fastq.gz,Raw FASTQ
HRR233675_r2.fastq.gz,Raw FASTQ
HRR233676_f1.fastq.gz,Raw FASTQ
HRR233676_r2.fastq.gz,Raw FASTQ
HRR233677_f1.fastq.gz,Raw FASTQ
HRR233677_r2.fastq.gz,Raw FASTQ
HRR233678_f1.fastq.gz,Raw FASTQ
HRR233678_r2.fastq.gz,Raw FASTQ
HRR233679_f1.fastq.gz,Raw FASTQ
HRR233679_r2.fastq.gz,Raw FASTQ
HRR233680_f1.fastq.gz,Raw FASTQ
HRR233680_r2.fastq.gz,Raw FASTQ
HRR233681_f1.fastq.gz,Raw FASTQ
HRR233681_r2.fastq.gz,Raw FASTQ
HRR233682_f1.fastq.gz,Raw FASTQ
HRR233682_r2.fastq.gz,Raw FASTQ
HRR233683_f1.fastq.gz,Raw FASTQ
HRR233683_r2.fastq.gz,Raw FASTQ
HRR233684_f1.fastq.gz,Raw FASTQ
HRR233684_r2.fastq.gz,Raw FASTQ
HRR233685_f1.fastq.gz,Raw FASTQ
HRR233685_r2.fastq.gz,Raw FASTQ
HRR233686_f1.fastq.gz,Raw FASTQ
HRR233686_r2.fastq.gz,Raw FASTQ
HRR233687_f1.fastq.gz,Raw FASTQ
HRR233687_r2.fastq.gz,Raw FASTQ
HRR233688_f1.fastq.gz,Raw FASTQ
HRR233688_r2.fastq.gz,Raw FASTQ
HRR233689_f1.fastq.gz,Raw FASTQ
HRR233689_r2.fastq.gz,Raw FASTQ
HRR233690_f1.fastq.gz,Raw FASTQ
HRR233690_r2.fastq.gz,Raw FASTQ
HRR233691_f1.fastq.gz,Raw FASTQ
HRR233691_r2.fastq.gz,Raw FASTQ
HRR233692_f1.fastq.gz,Raw FASTQ
HRR233692_r2.fastq.gz,Raw FASTQ
HRR233693_f1.fastq.gz,Raw FASTQ
HRR233693_r2.fastq.gz,Raw FASTQ
HRR233694_f1.fastq.gz,Raw FASTQ
HRR233694_r2.fastq.gz,Raw FASTQ
HRR233695_f1.fastq.gz,Raw FASTQ
HRR233695_r2.fastq.gz,Raw FASTQ
HRR233696_f1.fastq.gz,Raw FASTQ
HRR233696_r2.fastq.gz,Raw FASTQ
HRR233697_f1.fastq.gz,Raw FASTQ
HRR233697_r2.fastq.gz,Raw FASTQ
HRR233698_f1.fastq.gz,Raw FASTQ
HRR233698_r2.fastq.gz,Raw FASTQ
HRR233699_f1.fastq.gz,Raw FASTQ
HRR233699_r2.fastq.gz,Raw FASTQ
HRR233700_f1.fastq.gz,Raw FASTQ
HRR233700_r2.fastq.gz,Raw FASTQ
HRR233701_f1.fastq.gz,Raw FASTQ
HRR233701_r2.fastq.gz,Raw FASTQ
HRR233702_f1.fastq.gz,Raw FASTQ
HRR233702_r2.fastq.gz,Raw FASTQ
HRR233703_f1.fastq.gz,Raw FASTQ
HRR233703_r2.fastq.gz,Raw FASTQ
HRR233704_f1.fastq.gz,Raw FASTQ
HRR233704_r2.fastq.gz,Raw FASTQ
HRR233705_f1.fastq.gz,Raw FASTQ
HRR233705_r2.fastq.gz,Raw FASTQ
HRR233706_f1.fastq.gz,Raw FASTQ
HRR233706_r2.fastq.gz,Raw FASTQ
HRR233707_f1.fastq.gz,Raw FASTQ
HRR233707_r2.fastq.gz,Raw FASTQ
HRR233708_f1.fastq.gz,Raw FASTQ
HRR233708_r2.fastq.gz,Raw FASTQ
HRR233709_f1.fastq.gz,Raw FASTQ
HRR233709_r2.fastq.gz,Raw FASTQ
HRR233710_f1.fastq.gz,Raw FASTQ
HRR233710_r2.fastq.gz,Raw FASTQ
HRR233711_f1.fastq.gz,Raw FASTQ
HRR233711_r2.fastq.gz,Raw FASTQ
HRR233712_f1.fastq.gz,Raw FASTQ
HRR233712_r2.fastq.gz,Raw FASTQ
HRR233713_f1.fastq.gz,Raw FASTQ
HRR233713_r2.fastq.gz,Raw FASTQ
HRR233714_f1.fastq.gz,Raw FASTQ
HRR233714_r2.fastq.gz,Raw FASTQ
HRR233715_f1.fastq.gz,Raw FASTQ
HRR233715_r2.fastq.gz,Raw FASTQ
HRR233716_f1.fastq.gz,Raw FASTQ
HRR233716_r2.fastq.gz,Raw FASTQ
HRR233717_f1.fastq.gz,Raw FASTQ
HRR233717_r2.fastq.gz,Raw FASTQ
HRR233718_f1.fastq.gz,Raw FASTQ
HRR233718_r2.fastq.gz,Raw FASTQ
HRR233719_f1.fastq.gz,Raw FASTQ
HRR233719_r2.fastq.gz,Raw FASTQ
HRR233720_f1.fastq.gz,Raw FASTQ
HRR233720_r2.fastq.gz,Raw FASTQ
HRR233721_f1.fastq.gz,Raw FASTQ
HRR233721_r2.fastq.gz,Raw FASTQ
HRR233722_f1.fastq.gz,Raw FASTQ
HRR233722_r2.fastq.gz,Raw FASTQ
HRR233723_f1.fastq.gz,Raw FASTQ
HRR233723_r2.fastq.gz,Raw FASTQ
HRR233724_f1.fastq.gz,Raw FASTQ
HRR233724_r2.fastq.gz,Raw FASTQ
HRR233725_f1.fastq.gz,Raw FASTQ
HRR233725_r2.fastq.gz,Raw FASTQ
HRR233726_f1.fastq.gz,Raw FASTQ
HRR233726_r2.fastq.gz,Raw FASTQ
HRR233727_f1.fastq.gz,Raw FASTQ
HRR233727_r2.fastq.gz,Raw FASTQ
HRR233728_f1.fastq.gz,Raw FASTQ
HRR233728_r2.fastq.gz,Raw FASTQ
HRR233729_f1.fastq.gz,Raw FASTQ
HRR233729_r2.fastq.gz,Raw FASTQ
HRR233730_f1.fastq.gz,Raw FASTQ
HRR233730_r2.fastq.gz,Raw FASTQ
HRR233731_f1.fastq.gz,Raw FASTQ
HRR233731_r2.fastq.gz,Raw FASTQ
HRR233732_f1.fastq.gz,Raw FASTQ
HRR233732_r2.fastq.gz,Raw FASTQ
HRR233733_f1.fastq.gz,Raw FASTQ
HRR233733_r2.fastq.gz,Raw FASTQ
HRR233734_f1.fastq.gz,Raw FASTQ
HRR233734_r2.fastq.gz,Raw FASTQ
HRR233735_f1.fastq.gz,Raw FASTQ
HRR233735_r2.fastq.gz,Raw FASTQ
HRR233736_f1.fastq.gz,Raw FASTQ
HRR233736_r2.fastq.gz,Raw FASTQ
HRR233737_f1.fastq.gz,Raw FASTQ
HRR233737_r2.fastq.gz,Raw FASTQ
HRR233738_f1.fastq.gz,Raw FASTQ
HRR233738_r2.fastq.gz,Raw FASTQ
HRR233739_f1.fastq.gz,Raw FASTQ
HRR233739_r2.fastq.gz,Raw FASTQ
HRR233740_f1.fastq.gz,Raw FASTQ
HRR233740_r2.fastq.gz,Raw FASTQ
HRR233741_f1.fastq.gz,Raw FASTQ
HRR233741_r2.fastq.gz,Raw FASTQ
HRR233742_f1.fastq.gz,Raw FASTQ
HRR233742_r2.fastq.gz,Raw FASTQ
HRR233743_f1.fastq.gz,Raw FASTQ
HRR233743_r2.fastq.gz,Raw FASTQ
HRR233744_f1.fastq.gz,Raw FASTQ
HRR233744_r2.fastq.gz,Raw FASTQ
HRR233745_f1.fastq.gz,Raw FASTQ
HRR233745_r2.fastq.gz,Raw FASTQ
HRR233746_f1.fastq.gz,Raw FASTQ
HRR233746_r2.fastq.gz,Raw FASTQ
HRR233747_f1.fastq.gz,Raw FASTQ
HRR233747_r2.fastq.gz,Raw FASTQ
HRR233748_f1.fastq.gz,Raw FASTQ
HRR233748_r2.fastq.gz,Raw FASTQ
HRR233749_f1.fastq.gz,Raw FASTQ
HRR233749_r2.fastq.gz,Raw FASTQ
HRR233750_f1.fastq.gz,Raw FASTQ
HRR233750_r2.fastq.gz,Raw FASTQ
HRR233751_f1.fastq.gz,Raw FASTQ
HRR233751_r2.fastq.gz,Raw FASTQ
HRR233752_f1.fastq.gz,Raw FASTQ
HRR233752_r2.fastq.gz,Raw FASTQ
HRR233753_f1.fastq.gz,Raw FASTQ
HRR233753_r2.fastq.gz,Raw FASTQ
HRR233754_f1.fastq.gz,Raw FASTQ
HRR233754_r2.fastq.gz,Raw FASTQ
HRR233755_f1.fastq.gz,Raw FASTQ
HRR233755_r2.fastq.gz,Raw FASTQ
HRR233756_f1.fastq.gz,Raw FASTQ
HRR233756_r2.fastq.gz,Raw FASTQ
HRR233757_f1.fastq.gz,Raw FASTQ
HRR233757_r2.fastq.gz,Raw FASTQ
HRR233758_f1.fastq.gz,Raw FASTQ
HRR233758_r2.fastq.gz,Raw FASTQ
HRR233759_f1.fastq.gz,Raw FASTQ
HRR233759_r2.fastq.gz,Raw FASTQ
HRR233760_f1.fastq.gz,Raw FASTQ
HRR233760_r2.fastq.gz,Raw FASTQ
HRR233761_f1.fastq.gz,Raw FASTQ
HRR233761_r2.fastq.gz,Raw FASTQ
HRR233762_f1.fastq.gz,Raw FASTQ
HRR233762_r2.fastq.gz,Raw FASTQ
HRR233763_f1.fastq.gz,Raw FASTQ
HRR233763_r2.fastq.gz,Raw FASTQ
HRR233764_f1.fastq.gz,Raw FASTQ
HRR233764_r2.fastq.gz,Raw FASTQ
HRR233765_f1.fastq.gz,Raw FASTQ
HRR233765_r2.fastq.gz,Raw FASTQ
HRR233766_f1.fastq.gz,Raw FASTQ
HRR233766_r2.fastq.gz,Raw FASTQ
HRR233767_f1.fastq.gz,Raw FASTQ
HRR233767_r2.fastq.gz,Raw FASTQ
HRR233768_f1.fastq.gz,Raw FASTQ
HRR233768_r2.fastq.gz,Raw FASTQ
HRR233769_f1.fastq.gz,Raw FASTQ
HRR233769_r2.fastq.gz,Raw FASTQ
HRR233770_f1.fastq.gz,Raw FASTQ
HRR233770_r2.fastq.gz,Raw FASTQ
HRR233771_f1.fastq.gz,Raw FASTQ
HRR233771_r2.fastq.gz,Raw FASTQ
HRR233772_f1.fastq.gz,Raw FASTQ
HRR233772_r2.fastq.gz,Raw FASTQ
HRR233773_f1.fastq.gz,Raw FASTQ
HRR233773_r2.fastq.gz,Raw FASTQ
HRR233774_f1.fastq.gz,Raw FASTQ
HRR233774_r2.fastq.gz,Raw FASTQ
HRR233775_f1.fastq.gz,Raw FASTQ
HRR233775_r2.fastq.gz,Raw FASTQ
HRR233776_f1.fastq.gz,Raw FASTQ
HRR233776_r2.fastq.gz,Raw FASTQ
HRR233777_f1.fastq.gz,Raw FASTQ
HRR233777_r2.fastq.gz,Raw FASTQ
HRR233778_f1.fastq.gz,Raw FASTQ
HRR233778_r2.fastq.gz,Raw FASTQ
HRR233779_f1.fastq.gz,Raw FASTQ
HRR233779_r2.fastq.gz,Raw FASTQ
HRR233780_f1.fastq.gz,Raw FASTQ
HRR233780_r2.fastq.gz,Raw FASTQ
HRR233781_f1.fastq.gz,Raw FASTQ
HRR233781_r2.fastq.gz,Raw FASTQ
HRR233782_f1.fastq.gz,Raw FASTQ
HRR233782_r2.fastq.gz,Raw FASTQ
HRR233783_f1.fastq.gz,Raw FASTQ
HRR233783_r2.fastq.gz,Raw FASTQ
HRR233784_f1.fastq.gz,Raw FASTQ
HRR233784_r2.fastq.gz,Raw FASTQ
HRR233785_f1.fastq.gz,Raw FASTQ
HRR233785_r2.fastq.gz,Raw FASTQ
HRR233786_f1.fastq.gz,Raw FASTQ
HRR233786_r2.fastq.gz,Raw FASTQ
HRR233787_f1.fastq.gz,Raw FASTQ
HRR233787_r2.fastq.gz,Raw FASTQ
HRR233788_f1.fastq.gz,Raw FASTQ
HRR233788_r2.fastq.gz,Raw FASTQ
HRR233789_f1.fastq.gz,Raw FASTQ
HRR233789_r2.fastq.gz,Raw FASTQ
HRR233790_f1.fastq.gz,Raw FASTQ
HRR233790_r2.fastq.gz,Raw FASTQ
HRR233791_f1.fastq.gz,Raw FASTQ
HRR233791_r2.fastq.gz,Raw FASTQ
HRR233792_f1.fastq.gz,Raw FASTQ
HRR233792_r2.fastq.gz,Raw FASTQ
HRR233793_f1.fastq.gz,Raw FASTQ
HRR233793_r2.fastq.gz,Raw FASTQ
HRR233794_f1.fastq.gz,Raw FASTQ
HRR233794_r2.fastq.gz,Raw FASTQ
HRR233795_f1.fastq.gz,Raw FASTQ
HRR233795_r2.fastq.gz,Raw FASTQ
HRR233796_f1.fastq.gz,Raw FASTQ
HRR233796_r2.fastq.gz,Raw FASTQ
HRR233797_f1.fastq.gz,Raw FASTQ
HRR233797_r2.fastq.gz,Raw FASTQ
HRR233798_f1.fastq.gz,Raw FASTQ
HRR233798_r2.fastq.gz,Raw FASTQ
HRR233799_f1.fastq.gz,Raw FASTQ
HRR233799_r2.fastq.gz,Raw FASTQ
HRR233800_f1.fastq.gz,Raw FASTQ
HRR233800_r2.fastq.gz,Raw FASTQ
HRR233801_f1.fastq.gz,Raw FASTQ
HRR233801_r2.fastq.gz,Raw FASTQ
HRR233802_f1.fastq.gz,Raw FASTQ
HRR233802_r2.fastq.gz,Raw FASTQ
HRR233803_f1.fastq.gz,Raw FASTQ
HRR233803_r2.fastq.gz,Raw FASTQ
HRR233804_f1.fastq.gz,Raw FASTQ
HRR233804_r2.fastq.gz,Raw FASTQ
HRR233805_f1.fastq.gz,Raw FASTQ
HRR233805_r2.fastq.gz,Raw FASTQ
HRR233806_f1.fastq.gz,Raw FASTQ
HRR233806_r2.fastq.gz,Raw FASTQ
HRR233807_f1.fastq.gz,Raw FASTQ
HRR233807_r2.fastq.gz,Raw FASTQ
HRR233808_f1.fastq.gz,Raw FASTQ
HRR233808_r2.fastq.gz,Raw FASTQ
HRR233809_f1.fastq.gz,Raw FASTQ
HRR233809_r2.fastq.gz,Raw FASTQ
HRR233810_f1.fastq.gz,Raw FASTQ
HRR233810_r2.fastq.gz,Raw FASTQ
HRR233811_f1.fastq.gz,Raw FASTQ
HRR233811_r2.fastq.gz,Raw FASTQ
HRR233812_f1.fastq.gz,Raw FASTQ
HRR233812_r2.fastq.gz,Raw FASTQ
HRR233813_f1.fastq.gz,Raw FASTQ
HRR233813_r2.fastq.gz,Raw FASTQ
HRR233814_f1.fastq.gz,Raw FASTQ
HRR233814_r2.fastq.gz,Raw FASTQ
HRR233815_f1.fastq.gz,Raw FASTQ
HRR233815_r2.fastq.gz,Raw FASTQ
HRR233816_f1.fastq.gz,Raw FASTQ
HRR233816_r2.fastq.gz,Raw FASTQ
HRR233817_f1.fastq.gz,Raw FASTQ
HRR233817_r2.fastq.gz,Raw FASTQ
HRR233818_f1.fastq.gz,Raw FASTQ
HRR233818_r2.fastq.gz,Raw FASTQ
HRR233819_f1.fastq.gz,Raw FASTQ
HRR233819_r2.fastq.gz,Raw FASTQ
HRR233820_f1.fastq.gz,Raw FASTQ
HRR233820_r2.fastq.gz,Raw FASTQ
HRR233821_f1.fastq.gz,Raw FASTQ
HRR233821_r2.fastq.gz,Raw FASTQ
HRR233822_f1.fastq.gz,Raw FASTQ
HRR233822_r2.fastq.gz,Raw FASTQ
HRR233823_f1.fastq.gz,Raw FASTQ
HRR233823_r2.fastq.gz,Raw FASTQ
HRR233824_f1.fastq.gz,Raw FASTQ
HRR233824_r2.fastq.gz,Raw FASTQ
HRR233825_f1.fastq.gz,Raw FASTQ
HRR233825_r2.fastq.gz,Raw FASTQ
HRR233826_f1.fastq.gz,Raw FASTQ
HRR233826_r2.fastq.gz,Raw FASTQ
HRR233827_f1.fastq.gz,Raw FASTQ
HRR233827_r2.fastq.gz,Raw FASTQ
HRR233828_f1.fastq.gz,Raw FASTQ
HRR233828_r2.fastq.gz,Raw FASTQ
HRR233829_f1.fastq.gz,Raw FASTQ
HRR233829_r2.fastq.gz,Raw FASTQ
HRR233830_f1.fastq.gz,Raw FASTQ
HRR233830_r2.fastq.gz,Raw FASTQ
HRR233831_f1.fastq.gz,Raw FASTQ
HRR233831_r2.fastq.gz,Raw FASTQ
HRR233832_f1.fastq.gz,Raw FASTQ
HRR233832_r2.fastq.gz,Raw FASTQ
HRR233833_f1.fastq.gz,Raw FASTQ
HRR233833_r2.fastq.gz,Raw FASTQ
HRR233834_f1.fastq.gz,Raw FASTQ
HRR233834_r2.fastq.gz,Raw FASTQ
HRR233835_f1.fastq.gz,Raw FASTQ
HRR233835_r2.fastq.gz,Raw FASTQ
HRR233836_f1.fastq.gz,Raw FASTQ
HRR233836_r2.fastq.gz,Raw FASTQ
HRR233837_f1.fastq.gz,Raw FASTQ
HRR233837_r2.fastq.gz,Raw FASTQ
HRR233838_f1.fastq.gz,Raw FASTQ
HRR233838_r2.fastq.gz,Raw FASTQ
HRR233839_f1.fastq.gz,Raw FASTQ
HRR233839_r2.fastq.gz,Raw FASTQ
HRR233840_f1.fastq.gz,Raw FASTQ
HRR233840_r2.fastq.gz,Raw FASTQ
HRR233841_f1.fastq.gz,Raw FASTQ
HRR233841_r2.fastq.gz,Raw FASTQ
HRR233842_f1.fastq.gz,Raw FASTQ
HRR233842_r2.fastq.gz,Raw FASTQ
HRR233843_f1.fastq.gz,Raw FASTQ
HRR233843_r2.fastq.gz,Raw FASTQ
HRR233844_f1.fastq.gz,Raw FASTQ
HRR233844_r2.fastq.gz,Raw FASTQ
HRR233845_f1.fastq.gz,Raw FASTQ
HRR233845_r2.fastq.gz,Raw FASTQ
HRR233846_f1.fastq.gz,Raw FASTQ
HRR233846_r2.fastq.gz,Raw FASTQ
HRR233847_f1.fastq.gz,Raw FASTQ
HRR233847_r2.fastq.gz,Raw FASTQ
HRR233848_f1.fastq.gz,Raw FASTQ
HRR233848_r2.fastq.gz,Raw FASTQ
HRR233849_f1.fastq.gz,Raw FASTQ
HRR233849_r2.fastq.gz,Raw FASTQ
HRR233850_f1.fastq.gz,Raw FASTQ
HRR233850_r2.fastq.gz,Raw FASTQ
HRR233851_f1.fastq.gz,Raw FASTQ
HRR233851_r2.fastq.gz,Raw FASTQ
HRR233852_f1.fastq.gz,Raw FASTQ
HRR233852_r2.fastq.gz,Raw FASTQ
HRR233853_f1.fastq.gz,Raw FASTQ
HRR233853_r2.fastq.gz,Raw FASTQ
HRR233854_f1.fastq.gz,Raw FASTQ
HRR233854_r2.fastq.gz,Raw FASTQ
HRR233855_f1.fastq.gz,Raw FASTQ
HRR233855_r2.fastq.gz,Raw FASTQ
HRR233856_f1.fastq.gz,Raw FASTQ
HRR233856_r2.fastq.gz,Raw FASTQ
HRR233857_f1.fastq.gz,Raw FASTQ
HRR233857_r2.fastq.gz,Raw FASTQ
HRR233858_f1.fastq.gz,Raw FASTQ
HRR233858_r2.fastq.gz,Raw FASTQ
HRR233859_f1.fastq.gz,Raw FASTQ
HRR233859_r2.fastq.gz,Raw FASTQ
HRR233860_f1.fastq.gz,Raw FASTQ
HRR233860_r2.fastq.gz,Raw FASTQ
HRR233861_f1.fastq.gz,Raw FASTQ
HRR233861_r2.fastq.gz,Raw FASTQ
HRR233862_f1.fastq.gz,Raw FASTQ
HRR233862_r2.fastq.gz,Raw FASTQ
HRR233863_f1.fastq.gz,Raw FASTQ
HRR233863_r2.fastq.gz,Raw FASTQ
HRR233864_f1.fastq.gz,Raw FASTQ
HRR233864_r2.fastq.gz,Raw FASTQ
HRR233865_f1.fastq.gz,Raw FASTQ
HRR233865_r2.fastq.gz,Raw FASTQ
HRR233866_f1.fastq.gz,Raw FASTQ
HRR233866_r2.fastq.gz,Raw FASTQ
HRR233867_f1.fastq.gz,Raw FASTQ
HRR233867_r2.fastq.gz,Raw FASTQ
HRR233868_f1.fastq.gz,Raw FASTQ
HRR233868_r2.fastq.gz,Raw FASTQ
HRR233869_f1.fastq.gz,Raw FASTQ
HRR233869_r2.fastq.gz,Raw FASTQ
HRR233870_f1.fastq.gz,Raw FASTQ
HRR233870_r2.fastq.gz,Raw FASTQ
HRR233871_f1.fastq.gz,Raw FASTQ
HRR233871_r2.fastq.gz,Raw FASTQ
HRR233872_f1.fastq.gz,Raw FASTQ
HRR233872_r2.fastq.gz,Raw FASTQ
HRR233873_f1.fastq.gz,Raw FASTQ
HRR233873_r2.fastq.gz,Raw FASTQ
HRR233874_f1.fastq.gz,Raw FASTQ
HRR233874_r2.fastq.gz,Raw FASTQ
HRR233875_f1.fastq.gz,Raw FASTQ
HRR233875_r2.fastq.gz,Raw FASTQ
HRR233876_f1.fastq.gz,Raw FASTQ
HRR233876_r2.fastq.gz,Raw FASTQ
HRR233877_f1.fastq.gz,Raw FASTQ
HRR233877_r2.fastq.gz,Raw FASTQ
HRR233878_f1.fastq.gz,Raw FASTQ
HRR233878_r2.fastq.gz,Raw FASTQ
HRR233879_f1.fastq.gz,Raw FASTQ
HRR233879_r2.fastq.gz,Raw FASTQ
HRR233880_f1.fastq.gz,Raw FASTQ
HRR233880_r2.fastq.gz,Raw FASTQ
HRR233881_f1.fastq.gz,Raw FASTQ
HRR233881_r2.fastq.gz,Raw FASTQ
HRR233882_f1.fastq.gz,Raw FASTQ
HRR233882_r2.fastq.gz,Raw FASTQ
HRR233883_f1.fastq.gz,Raw FASTQ
HRR233883_r2.fastq.gz,Raw FASTQ
HRR233884_f1.fastq.gz,Raw FASTQ
HRR233884_r2.fastq.gz,Raw FASTQ
HRR233885_f1.fastq.gz,Raw FASTQ
HRR233885_r2.fastq.gz,Raw FASTQ
HRR233886_f1.fastq.gz,Raw FASTQ
HRR233886_r2.fastq.gz,Raw FASTQ
HRR233887_f1.fastq.gz,Raw FASTQ
HRR233887_r2.fastq.gz,Raw FASTQ
HRR233888_f1.fastq.gz,Raw FASTQ
HRR233888_r2.fastq.gz,Raw FASTQ
HRR233889_f1.fastq.gz,Raw FASTQ
HRR233889_r2.fastq.gz,Raw FASTQ
HRR233890_f1.fastq.gz,Raw FASTQ
HRR233890_r2.fastq.gz,Raw FASTQ
HRR233891_f1.fastq.gz,Raw FASTQ
HRR233891_r2.fastq.gz,Raw FASTQ
HRR233892_f1.fastq.gz,Raw FASTQ
HRR233892_r2.fastq.gz,Raw FASTQ
HRR233893_f1.fastq.gz,Raw FASTQ
HRR233893_r2.fastq.gz,Raw FASTQ
HRR233894_f1.fastq.gz,Raw FASTQ
HRR233894_r2.fastq.gz,Raw FASTQ
HRR233895_f1.fastq.gz,Raw FASTQ
HRR233895_r2.fastq.gz,Raw FASTQ
HRR233896_f1.fastq.gz,Raw FASTQ
HRR233896_r2.fastq.gz,Raw FASTQ
HRR233897_f1.fastq.gz,Raw FASTQ
HRR233897_r2.fastq.gz,Raw FASTQ
HRR233898_f1.fastq.gz,Raw FASTQ
HRR233898_r2.fastq.gz,Raw FASTQ
HRR233899_f1.fastq.gz,Raw FASTQ
HRR233899_r2.fastq.gz,Raw FASTQ
HRR233900_f1.fastq.gz,Raw FASTQ
HRR233900_r2.fastq.gz,Raw FASTQ
HRR233901_f1.fastq.gz,Raw FASTQ
HRR233901_r2.fastq.gz,Raw FASTQ
HRR233902_f1.fastq.gz,Raw FASTQ
HRR233902_r2.fastq.gz,Raw FASTQ
HRR233903_f1.fastq.gz,Raw FASTQ
HRR233903_r2.fastq.gz,Raw FASTQ
HRR233904_f1.fastq.gz,Raw FASTQ
HRR233904_r2.fastq.gz,Raw FASTQ
HRR233905_f1.fastq.gz,Raw FASTQ
HRR233905_r2.fastq.gz,Raw FASTQ
HRR233906_f1.fastq.gz,Raw FASTQ
HRR233906_r2.fastq.gz,Raw FASTQ
HRR233907_f1.fastq.gz,Raw FASTQ
HRR233907_r2.fastq.gz,Raw FASTQ
HRR233908_f1.fastq.gz,Raw FASTQ
HRR233908_r2.fastq.gz,Raw FASTQ
HRR233909_f1.fastq.gz,Raw FASTQ
HRR233909_r2.fastq.gz,Raw FASTQ
HRR233910_f1.fastq.gz,Raw FASTQ
HRR233910_r2.fastq.gz,Raw FASTQ
HRR233911_f1.fastq.gz,Raw FASTQ
HRR233911_r2.fastq.gz,Raw FASTQ
HRR233912_f1.fastq.gz,Raw FASTQ
HRR233912_r2.fastq.gz,Raw FASTQ
HRR233913_f1.fastq.gz,Raw FASTQ
HRR233913_r2.fastq.gz,Raw FASTQ
HRR233914_f1.fastq.gz,Raw FASTQ
HRR233914_r2.fastq.gz,Raw FASTQ
HRR233915_f1.fastq.gz,Raw FASTQ
HRR233915_r2.fastq.gz,Raw FASTQ
HRR233916_f1.fastq.gz,Raw FASTQ
HRR233916_r2.fastq.gz,Raw FASTQ
HRR233917_f1.fastq.gz,Raw FASTQ
HRR233917_r2.fastq.gz,Raw FASTQ
HRR233918_f1.fastq.gz,Raw FASTQ
HRR233918_r2.fastq.gz,Raw FASTQ
HRR233919_f1.fastq.gz,Raw FASTQ
HRR233919_r2.fastq.gz,Raw FASTQ
HRR233920_f1.fastq.gz,Raw FASTQ
HRR233920_r2.fastq.gz,Raw FASTQ
HRR233921_f1.fastq.gz,Raw FASTQ
HRR233921_r2.fastq.gz,Raw FASTQ
HRR233922_f1.fastq.gz,Raw FASTQ
HRR233922_r2.fastq.gz,Raw FASTQ
HRR233923_f1.fastq.gz,Raw FASTQ
HRR233923_r2.fastq.gz,Raw FASTQ
HRR233924_f1.fastq.gz,Raw FASTQ
HRR233924_r2.fastq.gz,Raw FASTQ
HRR233925_f1.fastq.gz,Raw FASTQ
HRR233925_r2.fastq.gz,Raw FASTQ
HRR233926_f1.fastq.gz,Raw FASTQ
HRR233926_r2.fastq.gz,Raw FASTQ
HRR233927_f1.fastq.gz,Raw FASTQ
HRR233927_r2.fastq.gz,Raw FASTQ
HRR233928_f1.fastq.gz,Raw FASTQ
HRR233928_r2.fastq.gz,Raw FASTQ
HRR233929_f1.fastq.gz,Raw FASTQ
HRR233929_r2.fastq.gz,Raw FASTQ
HRR233930_f1.fastq.gz,Raw FASTQ
HRR233930_r2.fastq.gz,Raw FASTQ
HRR233931_f1.fastq.gz,Raw FASTQ
HRR233931_r2.fastq.gz,Raw FASTQ
HRR233932_f1.fastq.gz,Raw FASTQ
HRR233932_r2.fastq.gz,Raw FASTQ
HRR233933_f1.fastq.gz,Raw FASTQ
HRR233933_r2.fastq.gz,Raw FASTQ
HRR233934_f1.fastq.gz,Raw FASTQ
HRR233934_r2.fastq.gz,Raw FASTQ
HRR233935_f1.fastq.gz,Raw FASTQ
HRR233935_r2.fastq.gz,Raw FASTQ
HRR233936_f1.fastq.gz,Raw FASTQ
HRR233936_r2.fastq.gz,Raw FASTQ
HRR233937_f1.fastq.gz,Raw FASTQ
HRR233937_r2.fastq.gz,Raw FASTQ
HRR233938_f1.fastq.gz,Raw FASTQ
HRR233938_r2.fastq.gz,Raw FASTQ
HRR233939_f1.fastq.gz,Raw FASTQ
HRR233939_r2.fastq.gz,Raw FASTQ
HRR233940_f1.fastq.gz,Raw FASTQ
HRR233940_r2.fastq.gz,Raw FASTQ
HRR233941_f1.fastq.gz,Raw FASTQ
HRR233941_r2.fastq.gz,Raw FASTQ
HRR233942_f1.fastq.gz,Raw FASTQ
HRR233942_r2.fastq.gz,Raw FASTQ
HRR233943_f1.fastq.gz,Raw FASTQ
HRR233943_r2.fastq.gz,Raw FASTQ
HRR233944_f1.fastq.gz,Raw FASTQ
HRR233944_r2.fastq.gz,Raw FASTQ
HRR233945_f1.fastq.gz,Raw FASTQ
HRR233945_r2.fastq.gz,Raw FASTQ
HRR233946_f1.fastq.gz,Raw FASTQ
HRR233946_r2.fastq.gz,Raw FASTQ
HRR233947_f1.fastq.gz,Raw FASTQ
HRR233947_r2.fastq.gz,Raw FASTQ
HRR233948_f1.fastq.gz,Raw FASTQ
HRR233948_r2.fastq.gz,Raw FASTQ
HRR233949_f1.fastq.gz,Raw FASTQ
HRR233949_r2.fastq.gz,Raw FASTQ
HRR233950_f1.fastq.gz,Raw FASTQ
HRR233950_r2.fastq.gz,Raw FASTQ
HRR233951_f1.fastq.gz,Raw FASTQ
HRR233951_r2.fastq.gz,Raw FASTQ
HRR233952_f1.fastq.gz,Raw FASTQ
HRR233952_r2.fastq.gz,Raw FASTQ
HRR233953_f1.fastq.gz,Raw FASTQ
HRR233953_r2.fastq.gz,Raw FASTQ
HRR233954_f1.fastq.gz,Raw FASTQ
HRR233954_r2.fastq.gz,Raw FASTQ
HRR233955_f1.fastq.gz,Raw FASTQ
HRR233955_r2.fastq.gz,Raw FASTQ
HRR233956_f1.fastq.gz,Raw FASTQ
HRR233956_r2.fastq.gz,Raw FASTQ
HRR233957_f1.fastq.gz,Raw FASTQ
HRR233957_r2.fastq.gz,Raw FASTQ
HRR233958_f1.fastq.gz,Raw FASTQ
HRR233958_r2.fastq.gz,Raw FASTQ
HRR233959_f1.fastq.gz,Raw FASTQ
HRR233959_r2.fastq.gz,Raw FASTQ
HRR233960_f1.fastq.gz,Raw FASTQ
HRR233960_r2.fastq.gz,Raw FASTQ
HRR233961_f1.fastq.gz,Raw FASTQ
HRR233961_r2.fastq.gz,Raw FASTQ
HRR233962_f1.fastq.gz,Raw FASTQ
HRR233962_r2.fastq.gz,Raw FASTQ
HRR233963_f1.fastq.gz,Raw FASTQ
HRR233963_r2.fastq.gz,Raw FASTQ
HRR233964_f1.fastq.gz,Raw FASTQ
HRR233964_r2.fastq.gz,Raw FASTQ
HRR233965_f1.fastq.gz,Raw FASTQ
HRR233965_r2.fastq.gz,Raw FASTQ
HRR233966_f1.fastq.gz,Raw FASTQ
HRR233966_r2.fastq.gz,Raw FASTQ
HRR233967_f1.fastq.gz,Raw FASTQ
HRR233967_r2.fastq.gz,Raw FASTQ
HRR233968_f1.fastq.gz,Raw FASTQ
HRR233968_r2.fastq.gz,Raw FASTQ
HRR233969_f1.fastq.gz,Raw FASTQ
HRR233969_r2.fastq.gz,Raw FASTQ
HRR233970_f1.fastq.gz,Raw FASTQ
HRR233970_r2.fastq.gz,Raw FASTQ
HRR233971_f1.fastq.gz,Raw FASTQ
HRR233971_r2.fastq.gz,Raw FASTQ
HRR233972_f1.fastq.gz,Raw FASTQ
HRR233972_r2.fastq.gz,Raw FASTQ
HRR233973_f1.fastq.gz,Raw FASTQ
HRR233973_r2.fastq.gz,Raw FASTQ
HRR233974_f1.fastq.gz,Raw FASTQ
HRR233974_r2.fastq.gz,Raw FASTQ
HRR233975_f1.fastq.gz,Raw FASTQ
HRR233975_r2.fastq.gz,Raw FASTQ
HRR233976_f1.fastq.gz,Raw FASTQ
HRR233976_r2.fastq.gz,Raw FASTQ
HRR233977_f1.fastq.gz,Raw FASTQ
HRR233977_r2.fastq.gz,Raw FASTQ
HRR233978_f1.fastq.gz,Raw FASTQ
HRR233978_r2.fastq.gz,Raw FASTQ
HRR233979_f1.fastq.gz,Raw FASTQ
HRR233979_r2.fastq.gz,Raw FASTQ
HRR233980_f1.fastq.gz,Raw FASTQ
HRR233980_r2.fastq.gz,Raw FASTQ
HRR233981_f1.fastq.gz,Raw FASTQ
HRR233981_r2.fastq.gz,Raw FASTQ
HRR233982_f1.fastq.gz,Raw FASTQ
HRR233982_r2.fastq.gz,Raw FASTQ
HRR233983_f1.fastq.gz,Raw FASTQ
HRR233983_r2.fastq.gz,Raw FASTQ
HRR233984_f1.fastq.gz,Raw FASTQ
HRR233984_r2.fastq.gz,Raw FASTQ
HRR233985_f1.fastq.gz,Raw FASTQ
HRR233985_r2.fastq.gz,Raw FASTQ
HRR233986_f1.fastq.gz,Raw FASTQ
HRR233986_r2.fastq.gz,Raw FASTQ
HRR233987_f1.fastq.gz,Raw FASTQ
HRR233987_r2.fastq.gz,Raw FASTQ
HRR233988_f1.fastq.gz,Raw FASTQ
HRR233988_r2.fastq.gz,Raw FASTQ
HRR233989_f1.fastq.gz,Raw FASTQ
HRR233989_r2.fastq.gz,Raw FASTQ
HRR233990_f1.fastq.gz,Raw FASTQ
HRR233990_r2.fastq.gz,Raw FASTQ
HRR233991_f1.fastq.gz,Raw FASTQ
HRR233991_r2.fastq.gz,Raw FASTQ
HRR233992_f1.fastq.gz,Raw FASTQ
HRR233992_r2.fastq.gz,Raw FASTQ
HRR233993_f1.fastq.gz,Raw FASTQ
HRR233993_r2.fastq.gz,Raw FASTQ
HRR233994_f1.fastq.gz,Raw FASTQ
HRR233994_r2.fastq.gz,Raw FASTQ
HRR233995_f1.fastq.gz,Raw FASTQ
HRR233995_r2.fastq.gz,Raw FASTQ
HRR233996_f1.fastq.gz,Raw FASTQ
HRR233996_r2.fastq.gz,Raw FASTQ
HRR233997_f1.fastq.gz,Raw FASTQ
HRR233997_r2.fastq.gz,Raw FASTQ
HRR233998_f1.fastq.gz,Raw FASTQ
HRR233998_r2.fastq.gz,Raw FASTQ
HRR233999_f1.fastq.gz,Raw FASTQ
HRR233999_r2.fastq.gz,Raw FASTQ
HRR234000_f1.fastq.gz,Raw FASTQ
HRR234000_r2.fastq.gz,Raw FASTQ
HRR234001_f1.fastq.gz,Raw FASTQ
HRR234001_r2.fastq.gz,Raw FASTQ
HRR234002_f1.fastq.gz,Raw FASTQ
HRR234002_r2.fastq.gz,Raw FASTQ
HRR234003_f1.fastq.gz,Raw FASTQ
HRR234003_r2.fastq.gz,Raw FASTQ
HRR234004_f1.fastq.gz,Raw FASTQ
HRR234004_r2.fastq.gz,Raw FASTQ
HRR234005_f1.fastq.gz,Raw FASTQ
HRR234005_r2.fastq.gz,Raw FASTQ
HRR234006_f1.fastq.gz,Raw FASTQ
HRR234006_r2.fastq.gz,Raw FASTQ
HRR234007_f1.fastq.gz,Raw FASTQ
HRR234007_r2.fastq.gz,Raw FASTQ
HRR234008_f1.fastq.gz,Raw FASTQ
HRR234008_r2.fastq.gz,Raw FASTQ
HRR234009_f1.fastq.gz,Raw FASTQ
HRR234009_r2.fastq.gz,Raw FASTQ
HRR234010_f1.fastq.gz,Raw FASTQ
HRR234010_r2.fastq.gz,Raw FASTQ
HRR234011_f1.fastq.gz,Raw FASTQ
HRR234011_r2.fastq.gz,Raw FASTQ
HRR234012_f1.fastq.gz,Raw FASTQ
HRR234012_r2.fastq.gz,Raw FASTQ
HRR234013_f1.fastq.gz,Raw FASTQ
HRR234013_r2.fastq.gz,Raw FASTQ
HRR234014_f1.fastq.gz,Raw FASTQ
HRR234014_r2.fastq.gz,Raw FASTQ
HRR234015_f1.fastq.gz,Raw FASTQ
HRR234015_r2.fastq.gz,Raw FASTQ
HRR234016_f1.fastq.gz,Raw FASTQ
HRR234016_r2.fastq.gz,Raw FASTQ
HRR234017_f1.fastq.gz,Raw FASTQ
HRR234017_r2.fastq.gz,Raw FASTQ
HRR234018_f1.fastq.gz,Raw FASTQ
HRR234018_r2.fastq.gz,Raw FASTQ
HRR234019_f1.fastq.gz,Raw FASTQ
HRR234019_r2.fastq.gz,Raw FASTQ
HRR234020_f1.fastq.gz,Raw FASTQ
HRR234020_r2.fastq.gz,Raw FASTQ
HRR234021_f1.fastq.gz,Raw FASTQ
HRR234021_r2.fastq.gz,Raw FASTQ
HRR234022_f1.fastq.gz,Raw FASTQ
HRR234022_r2.fastq.gz,Raw FASTQ
HRR234023_f1.fastq.gz,Raw FASTQ
HRR234023_r2.fastq.gz,Raw FASTQ
HRR234024_f1.fastq.gz,Raw FASTQ
HRR234024_r2.fastq.gz,Raw FASTQ
HRR234025_f1.fastq.gz,Raw FASTQ
HRR234025_r2.fastq.gz,Raw FASTQ
HRR234026_f1.fastq.gz,Raw FASTQ
HRR234026_r2.fastq.gz,Raw FASTQ
HRR234027_f1.fastq.gz,Raw FASTQ
HRR234027_r2.fastq.gz,Raw FASTQ
HRR234028_f1.fastq.gz,Raw FASTQ
HRR234028_r2.fastq.gz,Raw FASTQ
HRR234029_f1.fastq.gz,Raw FASTQ
HRR234029_r2.fastq.gz,Raw FASTQ
HRR234030_f1.fastq.gz,Raw FASTQ
HRR234030_r2.fastq.gz,Raw FASTQ
HRR234031_f1.fastq.gz,Raw FASTQ
HRR234031_r2.fastq.gz,Raw FASTQ
HRR234032_f1.fastq.gz,Raw FASTQ
HRR234032_r2.fastq.gz,Raw FASTQ
HRR234033_f1.fastq.gz,Raw FASTQ
HRR234033_r2.fastq.gz,Raw FASTQ
HRR234034_f1.fastq.gz,Raw FASTQ
HRR234034_r2.fastq.gz,Raw FASTQ
HRR234035_f1.fastq.gz,Raw FASTQ
HRR234035_r2.fastq.gz,Raw FASTQ
HRR234036_f1.fastq.gz,Raw FASTQ
HRR234036_r2.fastq.gz,Raw FASTQ
HRR234037_f1.fastq.gz,Raw FASTQ
HRR234037_r2.fastq.gz,Raw FASTQ
HRR234038_f1.fastq.gz,Raw FASTQ
HRR234038_r2.fastq.gz,Raw FASTQ
HRR234039_f1.fastq.gz,Raw FASTQ
HRR234039_r2.fastq.gz,Raw FASTQ
HRR234040_f1.fastq.gz,Raw FASTQ
HRR234040_r2.fastq.gz,Raw FASTQ
HRR234041_f1.fastq.gz,Raw FASTQ
HRR234041_r2.fastq.gz,Raw FASTQ
HRR234042_f1.fastq.gz,Raw FASTQ
HRR234042_r2.fastq.gz,Raw FASTQ
HRR234043_f1.fastq.gz,Raw FASTQ
HRR234043_r2.fastq.gz,Raw FASTQ
HRR234044_f1.fastq.gz,Raw FASTQ
HRR234044_r2.fastq.gz,Raw FASTQ
HRR234045_f1.fastq.gz,Raw FASTQ
HRR234045_r2.fastq.gz,Raw FASTQ
HRR234046_f1.fastq.gz,Raw FASTQ
HRR234046_r2.fastq.gz,Raw FASTQ
HRR234047_f1.fastq.gz,Raw FASTQ
HRR234047_r2.fastq.gz,Raw FASTQ
HRR234048_f1.fastq.gz,Raw FASTQ
HRR234048_r2.fastq.gz,Raw FASTQ
HRR234049_f1.fastq.gz,Raw FASTQ
HRR234049_r2.fastq.gz,Raw FASTQ
HRR234050_f1.fastq.gz,Raw FASTQ
HRR234050_r2.fastq.gz,Raw FASTQ
HRR234051_f1.fastq.gz,Raw FASTQ
HRR234051_r2.fastq.gz,Raw FASTQ
HRR234052_f1.fastq.gz,Raw FASTQ
HRR234052_r2.fastq.gz,Raw FASTQ
HRR234053_f1.fastq.gz,Raw FASTQ
HRR234053_r2.fastq.gz,Raw FASTQ
HRR234054_f1.fastq.gz,Raw FASTQ
HRR234054_r2.fastq.gz,Raw FASTQ
HRR234055_f1.fastq.gz,Raw FASTQ
HRR234055_r2.fastq.gz,Raw FASTQ
HRR234056_f1.fastq.gz,Raw FASTQ
HRR234056_r2.fastq.gz,Raw FASTQ
HRR234057_f1.fastq.gz,Raw FASTQ
HRR234057_r2.fastq.gz,Raw FASTQ
HRR234058_f1.fastq.gz,Raw FASTQ
HRR234058_r2.fastq.gz,Raw FASTQ
HRR234059_f1.fastq.gz,Raw FASTQ
HRR234059_r2.fastq.gz,Raw FASTQ
HRR234060_f1.fastq.gz,Raw FASTQ
HRR234060_r2.fastq.gz,Raw FASTQ
HRR234061_f1.fastq.gz,Raw FASTQ
HRR234061_r2.fastq.gz,Raw FASTQ
HRR234062_f1.fastq.gz,Raw FASTQ
HRR234062_r2.fastq.gz,Raw FASTQ
HRR234063_f1.fastq.gz,Raw FASTQ
HRR234063_r2.fastq.gz,Raw FASTQ
HRR234064_f1.fastq.gz,Raw FASTQ
HRR234064_r2.fastq.gz,Raw FASTQ
HRR234065_f1.fastq.gz,Raw FASTQ
HRR234065_r2.fastq.gz,Raw FASTQ
HRR234066_f1.fastq.gz,Raw FASTQ
HRR234066_r2.fastq.gz,Raw FASTQ
HRR234067_f1.fastq.gz,Raw FASTQ
HRR234067_r2.fastq.gz,Raw FASTQ
HRR234068_f1.fastq.gz,Raw FASTQ
HRR234068_r2.fastq.gz,Raw FASTQ
HRR234069_f1.fastq.gz,Raw FASTQ
HRR234069_r2.fastq.gz,Raw FASTQ
HRR234070_f1.fastq.gz,Raw FASTQ
HRR234070_r2.fastq.gz,Raw FASTQ
HRR234071_f1.fastq.gz,Raw FASTQ
HRR234071_r2.fastq.gz,Raw FASTQ
HRR234072_f1.fastq.gz,Raw FASTQ
HRR234072_r2.fastq.gz,Raw FASTQ
HRR234073_f1.fastq.gz,Raw FASTQ
HRR234073_r2.fastq.gz,Raw FASTQ
HRR234074_f1.fastq.gz,Raw FASTQ
HRR234074_r2.fastq.gz,Raw FASTQ
HRR234075_f1.fastq.gz,Raw FASTQ
HRR234075_r2.fastq.gz,Raw FASTQ
HRR234076_f1.fastq.gz,Raw FASTQ
HRR234076_r2.fastq.gz,Raw FASTQ
HRR234077_f1.fastq.gz,Raw FASTQ
HRR234077_r2.fastq.gz,Raw FASTQ
HRR234078_f1.fastq.gz,Raw FASTQ
HRR234078_r2.fastq.gz,Raw FASTQ
HRR234079_f1.fastq.gz,Raw FASTQ
HRR234079_r2.fastq.gz,Raw FASTQ
HRR234080_f1.fastq.gz,Raw FASTQ
HRR234080_r2.fastq.gz,Raw FASTQ
HRR234081_f1.fastq.gz,Raw FASTQ
HRR234081_r2.fastq.gz,Raw FASTQ
HRR234082_f1.fastq.gz,Raw FASTQ
HRR234082_r2.fastq.gz,Raw FASTQ
HRR234083_f1.fastq.gz,Raw FASTQ
HRR234083_r2.fastq.gz,Raw FASTQ
HRR234084_f1.fastq.gz,Raw FASTQ
HRR234084_r2.fastq.gz,Raw FASTQ
HRR234085_f1.fastq.gz,Raw FASTQ
HRR234085_r2.fastq.gz,Raw FASTQ
HRR234086_f1.fastq.gz,Raw FASTQ
HRR234086_r2.fastq.gz,Raw FASTQ
HRR234087_f1.fastq.gz,Raw FASTQ
HRR234087_r2.fastq.gz,Raw FASTQ
HRR234088_f1.fastq.gz,Raw FASTQ
HRR234088_r2.fastq.gz,Raw FASTQ
HRR234089_f1.fastq.gz,Raw FASTQ
HRR234089_r2.fastq.gz,Raw FASTQ
HRR234090_f1.fastq.gz,Raw FASTQ
HRR234090_r2.fastq.gz,Raw FASTQ
HRR234091_f1.fastq.gz,Raw FASTQ
HRR234091_r2.fastq.gz,Raw FASTQ
HRR234092_f1.fastq.gz,Raw FASTQ
HRR234092_r2.fastq.gz,Raw FASTQ
HRR234093_f1.fastq.gz,Raw FASTQ
HRR234093_r2.fastq.gz,Raw FASTQ
HRR234094_f1.fastq.gz,Raw FASTQ
HRR234094_r2.fastq.gz,Raw FASTQ
HRR234095_f1.fastq.gz,Raw FASTQ
HRR234095_r2.fastq.gz,Raw FASTQ
HRR234096_f1.fastq.gz,Raw FASTQ
HRR234096_r2.fastq.gz,Raw FASTQ
HRR234097_f1.fastq.gz,Raw FASTQ
HRR234097_r2.fastq.gz,Raw FASTQ
HRR234098_f1.fastq.gz,Raw FASTQ
HRR234098_r2.fastq.gz,Raw FASTQ
HRR234099_f1.fastq.gz,Raw FASTQ
HRR234099_r2.fastq.gz,Raw FASTQ
HRR234100_f1.fastq.gz,Raw FASTQ
HRR234100_r2.fastq.gz,Raw FASTQ
HRR234101_f1.fastq.gz,Raw FASTQ
HRR234101_r2.fastq.gz,Raw FASTQ
HRR234102_f1.fastq.gz,Raw FASTQ
HRR234102_r2.fastq.gz,Raw FASTQ
HRR234103_f1.fastq.gz,Raw FASTQ
HRR234103_r2.fastq.gz,Raw FASTQ
HRR234104_f1.fastq.gz,Raw FASTQ
HRR234104_r2.fastq.gz,Raw FASTQ
HRR234105_f1.fastq.gz,Raw FASTQ
HRR234105_r2.fastq.gz,Raw FASTQ
HRR234106_f1.fastq.gz,Raw FASTQ
HRR234106_r2.fastq.gz,Raw FASTQ
HRR234107_f1.fastq.gz,Raw FASTQ
HRR234107_r2.fastq.gz,Raw FASTQ
HRR234108_f1.fastq.gz,Raw FASTQ
HRR234108_r2.fastq.gz,Raw FASTQ
HRR234109_f1.fastq.gz,Raw FASTQ
HRR234109_r2.fastq.gz,Raw FASTQ
HRR234110_f1.fastq.gz,Raw FASTQ
HRR234110_r2.fastq.gz,Raw FASTQ
HRR234111_f1.fastq.gz,Raw FASTQ
HRR234111_r2.fastq.gz,Raw FASTQ
HRR234112_f1.fastq.gz,Raw FASTQ
HRR234112_r2.fastq.gz,Raw FASTQ
HRR234113_f1.fastq.gz,Raw FASTQ
HRR234113_r2.fastq.gz,Raw FASTQ
HRR234114_f1.fastq.gz,Raw FASTQ
HRR234114_r2.fastq.gz,Raw FASTQ
HRR234115_f1.fastq.gz,Raw FASTQ
HRR234115_r2.fastq.gz,Raw FASTQ
HRR234116_f1.fastq.gz,Raw FASTQ
HRR234116_r2.fastq.gz,Raw FASTQ
HRR234117_f1.fastq.gz,Raw FASTQ
HRR234117_r2.fastq.gz,Raw FASTQ
HRR234118_f1.fastq.gz,Raw FASTQ
HRR234118_r2.fastq.gz,Raw FASTQ
HRR234119_f1.fastq.gz,Raw FASTQ
HRR234119_r2.fastq.gz,Raw FASTQ
HRR234120_f1.fastq.gz,Raw FASTQ
HRR234120_r2.fastq.gz,Raw FASTQ
HRR234121_f1.fastq.gz,Raw FASTQ
HRR234121_r2.fastq.gz,Raw FASTQ
HRR234122_f1.fastq.gz,Raw FASTQ
HRR234122_r2.fastq.gz,Raw FASTQ
HRR234123_f1.fastq.gz,Raw FASTQ
HRR234123_r2.fastq.gz,Raw FASTQ
HRR234124_f1.fastq.gz,Raw FASTQ
HRR234124_r2.fastq.gz,Raw FASTQ
HRR234125_f1.fastq.gz,Raw FASTQ
HRR234125_r2.fastq.gz,Raw FASTQ
HRR234126_f1.fastq.gz,Raw FASTQ
HRR234126_r2.fastq.gz,Raw FASTQ
HRR234127_f1.fastq.gz,Raw FASTQ
HRR234127_r2.fastq.gz,Raw FASTQ
HRR234128_f1.fastq.gz,Raw FASTQ
HRR234128_r2.fastq.gz,Raw FASTQ
HRR234129_f1.fastq.gz,Raw FASTQ
HRR234129_r2.fastq.gz,Raw FASTQ
HRR234130_f1.fastq.gz,Raw FASTQ
HRR234130_r2.fastq.gz,Raw FASTQ
HRR234131_f1.fastq.gz,Raw FASTQ
HRR234131_r2.fastq.gz,Raw FASTQ
HRR234132_f1.fastq.gz,Raw FASTQ
HRR234132_r2.fastq.gz,Raw FASTQ
HRR234133_f1.fastq.gz,Raw FASTQ
HRR234133_r2.fastq.gz,Raw FASTQ
HRR234134_f1.fastq.gz,Raw FASTQ
HRR234134_r2.fastq.gz,Raw FASTQ
HRR234135_f1.fastq.gz,Raw FASTQ
HRR234135_r2.fastq.gz,Raw FASTQ
HRR234136_f1.fastq.gz,Raw FASTQ
HRR234136_r2.fastq.gz,Raw FASTQ
HRR234137_f1.fastq.gz,Raw FASTQ
HRR234137_r2.fastq.gz,Raw FASTQ
HRR234138_f1.fastq.gz,Raw FASTQ
HRR234138_r2.fastq.gz,Raw FASTQ
HRR234139_f1.fastq.gz,Raw FASTQ
HRR234139_r2.fastq.gz,Raw FASTQ
HRR234140_f1.fastq.gz,Raw FASTQ
HRR234140_r2.fastq.gz,Raw FASTQ
HRR234141_f1.fastq.gz,Raw FASTQ
HRR234141_r2.fastq.gz,Raw FASTQ
HRR234142_f1.fastq.gz,Raw FASTQ
HRR234142_r2.fastq.gz,Raw FASTQ
HRR234143_f1.fastq.gz,Raw FASTQ
HRR234143_r2.fastq.gz,Raw FASTQ
HRR234144_f1.fastq.gz,Raw FASTQ
HRR234144_r2.fastq.gz,Raw FASTQ
HRR234145_f1.fastq.gz,Raw FASTQ
HRR234145_r2.fastq.gz,Raw FASTQ
HRR234146_f1.fastq.gz,Raw FASTQ
HRR234146_r2.fastq.gz,Raw FASTQ
HRR234147_f1.fastq.gz,Raw FASTQ
HRR234147_r2.fastq.gz,Raw FASTQ
HRR234148_f1.fastq.gz,Raw FASTQ
HRR234148_r2.fastq.gz,Raw FASTQ
HRR234149_f1.fastq.gz,Raw FASTQ
HRR234149_r2.fastq.gz,Raw FASTQ
HRR234150_f1.fastq.gz,Raw FASTQ
HRR234150_r2.fastq.gz,Raw FASTQ
HRR234151_f1.fastq.gz,Raw FASTQ
HRR234151_r2.fastq.gz,Raw FASTQ
HRR234152_f1.fastq.gz,Raw FASTQ
HRR234152_r2.fastq.gz,Raw FASTQ
HRR234153_f1.fastq.gz,Raw FASTQ
HRR234153_r2.fastq.gz,Raw FASTQ
HRR234154_f1.fastq.gz,Raw FASTQ
HRR234154_r2.fastq.gz,Raw FASTQ
HRR234155_f1.fastq.gz,Raw FASTQ
HRR234155_r2.fastq.gz,Raw FASTQ
HRR234156_f1.fastq.gz,Raw FASTQ
HRR234156_r2.fastq.gz,Raw FASTQ
HRR234157_f1.fastq.gz,Raw FASTQ
HRR234157_r2.fastq.gz,Raw FASTQ
HRR234158_f1.fastq.gz,Raw FASTQ
HRR234158_r2.fastq.gz,Raw FASTQ
HRR234159_f1.fastq.gz,Raw FASTQ
HRR234159_r2.fastq.gz,Raw FASTQ
HRR234160_f1.fastq.gz,Raw FASTQ
HRR234160_r2.fastq.gz,Raw FASTQ
HRR234161_f1.fastq.gz,Raw FASTQ
HRR234161_r2.fastq.gz,Raw FASTQ
HRR234162_f1.fastq.gz,Raw FASTQ
HRR234162_r2.fastq.gz,Raw FASTQ
HRR234163_f1.fastq.gz,Raw FASTQ
HRR234163_r2.fastq.gz,Raw FASTQ
HRR234164_f1.fastq.gz,Raw FASTQ
HRR234164_r2.fastq.gz,Raw FASTQ
HRR234165_f1.fastq.gz,Raw FASTQ
HRR234165_r2.fastq.gz,Raw FASTQ
HRR234166_f1.fastq.gz,Raw FASTQ
HRR234166_r2.fastq.gz,Raw FASTQ
HRR234167_f1.fastq.gz,Raw FASTQ
HRR234167_r2.fastq.gz,Raw FASTQ
HRR234168_f1.fastq.gz,Raw FASTQ
HRR234168_r2.fastq.gz,Raw FASTQ
HRR234169_f1.fastq.gz,Raw FASTQ
HRR234169_r2.fastq.gz,Raw FASTQ
HRR234170_f1.fastq.gz,Raw FASTQ
HRR234170_r2.fastq.gz,Raw FASTQ
HRR234171_f1.fastq.gz,Raw FASTQ
HRR234171_r2.fastq.gz,Raw FASTQ
HRR234172_f1.fastq.gz,Raw FASTQ
HRR234172_r2.fastq.gz,Raw FASTQ
HRR234173_f1.fastq.gz,Raw FASTQ
HRR234173_r2.fastq.gz,Raw FASTQ
HRR234174_f1.fastq.gz,Raw FASTQ
HRR234174_r2.fastq.gz,Raw FASTQ
HRR234175_f1.fastq.gz,Raw FASTQ
HRR234175_r2.fastq.gz,Raw FASTQ
HRR234176_f1.fastq.gz,Raw FASTQ
HRR234176_r2.fastq.gz,Raw FASTQ
HRR234177_f1.fastq.gz,Raw FASTQ
HRR234177_r2.fastq.gz,Raw FASTQ
HRR234178_f1.fastq.gz,Raw FASTQ
HRR234178_r2.fastq.gz,Raw FASTQ
HRR234179_f1.fastq.gz,Raw FASTQ
HRR234179_r2.fastq.gz,Raw FASTQ
HRR234180_f1.fastq.gz,Raw FASTQ
HRR234180_r2.fastq.gz,Raw FASTQ
HRR234181_f1.fastq.gz,Raw FASTQ
HRR234181_r2.fastq.gz,Raw FASTQ
HRR234182_f1.fastq.gz,Raw FASTQ
HRR234182_r2.fastq.gz,Raw FASTQ
HRR234183_f1.fastq.gz,Raw FASTQ
HRR234183_r2.fastq.gz,Raw FASTQ
HRR234184_f1.fastq.gz,Raw FASTQ
HRR234184_r2.fastq.gz,Raw FASTQ
HRR234185_f1.fastq.gz,Raw FASTQ
HRR234185_r2.fastq.gz,Raw FASTQ
HRR234186_f1.fastq.gz,Raw FASTQ
HRR234186_r2.fastq.gz,Raw FASTQ
HRR234187_f1.fastq.gz,Raw FASTQ
HRR234187_r2.fastq.gz,Raw FASTQ
HRR234188_f1.fastq.gz,Raw FASTQ
HRR234188_r2.fastq.gz,Raw FASTQ
HRR234189_f1.fastq.gz,Raw FASTQ
HRR234189_r2.fastq.gz,Raw FASTQ
HRR234190_f1.fastq.gz,Raw FASTQ
HRR234190_r2.fastq.gz,Raw FASTQ
HRR234191_f1.fastq.gz,Raw FASTQ
HRR234191_r2.fastq.gz,Raw FASTQ
HRR234192_f1.fastq.gz,Raw FASTQ
HRR234192_r2.fastq.gz,Raw FASTQ
HRR234193_f1.fastq.gz,Raw FASTQ
HRR234193_r2.fastq.gz,Raw FASTQ
HRR234194_f1.fastq.gz,Raw FASTQ
HRR234194_r2.fastq.gz,Raw FASTQ
HRR234195_f1.fastq.gz,Raw FASTQ
HRR234195_r2.fastq.gz,Raw FASTQ
HRR234196_f1.fastq.gz,Raw FASTQ
HRR234196_r2.fastq.gz,Raw FASTQ
HRR234197_f1.fastq.gz,Raw FASTQ
HRR234197_r2.fastq.gz,Raw FASTQ
HRR234198_f1.fastq.gz,Raw FASTQ
HRR234198_r2.fastq.gz,Raw FASTQ
HRR234199_f1.fastq.gz,Raw FASTQ
HRR234199_r2.fastq.gz,Raw FASTQ
HRR234200_f1.fastq.gz,Raw FASTQ
HRR234200_r2.fastq.gz,Raw FASTQ
HRR234201_f1.fastq.gz,Raw FASTQ
HRR234201_r2.fastq.gz,Raw FASTQ
HRR234202_f1.fastq.gz,Raw FASTQ
HRR234202_r2.fastq.gz,Raw FASTQ
HRR234203_f1.fastq.gz,Raw FASTQ
HRR234203_r2.fastq.gz,Raw FASTQ
HRR234204_f1.fastq.gz,Raw FASTQ
HRR234204_r2.fastq.gz,Raw FASTQ
HRR234205_f1.fastq.gz,Raw FASTQ
HRR234205_r2.fastq.gz,Raw FASTQ
HRR234206_f1.fastq.gz,Raw FASTQ
HRR234206_r2.fastq.gz,Raw FASTQ
HRR234207_f1.fastq.gz,Raw FASTQ
HRR234207_r2.fastq.gz,Raw FASTQ
HRR234208_f1.fastq.gz,Raw FASTQ
HRR234208_r2.fastq.gz,Raw FASTQ
HRR234209_f1.fastq.gz,Raw FASTQ
HRR234209_r2.fastq.gz,Raw FASTQ
HRR234210_f1.fastq.gz,Raw FASTQ
HRR234210_r2.fastq.gz,Raw FASTQ
HRR234211_f1.fastq.gz,Raw FASTQ
HRR234211_r2.fastq.gz,Raw FASTQ
HRR234212_f1.fastq.gz,Raw FASTQ
HRR234212_r2.fastq.gz,Raw FASTQ
HRR234213_f1.fastq.gz,Raw FASTQ
HRR234213_r2.fastq.gz,Raw FASTQ
HRR234214_f1.fastq.gz,Raw FASTQ
HRR234214_r2.fastq.gz,Raw FASTQ
HRR234215_f1.fastq.gz,Raw FASTQ
HRR234215_r2.fastq.gz,Raw FASTQ
HRR234216_f1.fastq.gz,Raw FASTQ
HRR234216_r2.fastq.gz,Raw FASTQ
HRR234217_f1.fastq.gz,Raw FASTQ
HRR234217_r2.fastq.gz,Raw FASTQ
HRR234218_f1.fastq.gz,Raw FASTQ
HRR234218_r2.fastq.gz,Raw FASTQ
HRR234219_f1.fastq.gz,Raw FASTQ
HRR234219_r2.fastq.gz,Raw FASTQ
HRR234220_f1.fastq.gz,Raw FASTQ
HRR234220_r2.fastq.gz,Raw FASTQ
HRR234221_f1.fastq.gz,Raw FASTQ
HRR234221_r2.fastq.gz,Raw FASTQ
HRR234222_f1.fastq.gz,Raw FASTQ
HRR234222_r2.fastq.gz,Raw FASTQ
HRR234223_f1.fastq.gz,Raw FASTQ
HRR234223_r2.fastq.gz,Raw FASTQ
HRR234224_f1.fastq.gz,Raw FASTQ
HRR234224_r2.fastq.gz,Raw FASTQ
HRR234225_f1.fastq.gz,Raw FASTQ
HRR234225_r2.fastq.gz,Raw FASTQ
HRR234226_f1.fastq.gz,Raw FASTQ
HRR234226_r2.fastq.gz,Raw FASTQ
HRR234227_f1.fastq.gz,Raw FASTQ
HRR234227_r2.fastq.gz,Raw FASTQ
HRR234228_f1.fastq.gz,Raw FASTQ
HRR234228_r2.fastq.gz,Raw FASTQ
HRR234229_f1.fastq.gz,Raw FASTQ
HRR234229_r2.fastq.gz,Raw FASTQ
HRR234230_f1.fastq.gz,Raw FASTQ
HRR234230_r2.fastq.gz,Raw FASTQ
HRR234231_f1.fastq.gz,Raw FASTQ
HRR234231_r2.fastq.gz,Raw FASTQ
HRR234232_f1.fastq.gz,Raw FASTQ
HRR234232_r2.fastq.gz,Raw FASTQ
HRR234233_f1.fastq.gz,Raw FASTQ
HRR234233_r2.fastq.gz,Raw FASTQ
HRR234234_f1.fastq.gz,Raw FASTQ
HRR234234_r2.fastq.gz,Raw FASTQ
HRR234235_f1.fastq.gz,Raw FASTQ
HRR234235_r2.fastq.gz,Raw FASTQ
HRR234236_f1.fastq.gz,Raw FASTQ
HRR234236_r2.fastq.gz,Raw FASTQ
HRR234237_f1.fastq.gz,Raw FASTQ
HRR234237_r2.fastq.gz,Raw FASTQ
HRR234238_f1.fastq.gz,Raw FASTQ
HRR234238_r2.fastq.gz,Raw FASTQ
HRR234239_f1.fastq.gz,Raw FASTQ
HRR234239_r2.fastq.gz,Raw FASTQ
HRR234240_f1.fastq.gz,Raw FASTQ
HRR234240_r2.fastq.gz,Raw FASTQ
HRR234241_f1.fastq.gz,Raw FASTQ
HRR234241_r2.fastq.gz,Raw FASTQ
HRR234242_f1.fastq.gz,Raw FASTQ
HRR234242_r2.fastq.gz,Raw FASTQ
HRR234243_f1.fastq.gz,Raw FASTQ
HRR234243_r2.fastq.gz,Raw FASTQ
HRR234244_f1.fastq.gz,Raw FASTQ
HRR234244_r2.fastq.gz,Raw FASTQ
HRR234245_f1.fastq.gz,Raw FASTQ
HRR234245_r2.fastq.gz,Raw FASTQ
HRR234246_f1.fastq.gz,Raw FASTQ
HRR234246_r2.fastq.gz,Raw FASTQ
HRR234247_f1.fastq.gz,Raw FASTQ
HRR234247_r2.fastq.gz,Raw FASTQ
HRR234248_f1.fastq.gz,Raw FASTQ
HRR234248_r2.fastq.gz,Raw FASTQ
HRR234249_f1.fastq.gz,Raw FASTQ
HRR234249_r2.fastq.gz,Raw FASTQ
HRR234250_f1.fastq.gz,Raw FASTQ
HRR234250_r2.fastq.gz,Raw FASTQ
HRR234251_f1.fastq.gz,Raw FASTQ
HRR234251_r2.fastq.gz,Raw FASTQ
HRR234252_f1.fastq.gz,Raw FASTQ
HRR234252_r2.fastq.gz,Raw FASTQ
HRR234253_f1.fastq.gz,Raw FASTQ
HRR234253_r2.fastq.gz,Raw FASTQ
HRR234254_f1.fastq.gz,Raw FASTQ
HRR234254_r2.fastq.gz,Raw FASTQ
HRR234255_f1.fastq.gz,Raw FASTQ
HRR234255_r2.fastq.gz,Raw FASTQ
HRR234256_f1.fastq.gz,Raw FASTQ
HRR234256_r2.fastq.gz,Raw FASTQ
HRR234257_f1.fastq.gz,Raw FASTQ
HRR234257_r2.fastq.gz,Raw FASTQ
HRR234258_f1.fastq.gz,Raw FASTQ
HRR234258_r2.fastq.gz,Raw FASTQ
HRR234259_f1.fastq.gz,Raw FASTQ
HRR234259_r2.fastq.gz,Raw FASTQ
HRR234260_f1.fastq.gz,Raw FASTQ
HRR234260_r2.fastq.gz,Raw FASTQ
HRR234261_f1.fastq.gz,Raw FASTQ
HRR234261_r2.fastq.gz,Raw FASTQ
HRR234262_f1.fastq.gz,Raw FASTQ
HRR234262_r2.fastq.gz,Raw FASTQ
HRR234263_f1.fastq.gz,Raw FASTQ
HRR234263_r2.fastq.gz,Raw FASTQ
HRR234264_f1.fastq.gz,Raw FASTQ
HRR234264_r2.fastq.gz,Raw FASTQ
HRR234265_f1.fastq.gz,Raw FASTQ
HRR234265_r2.fastq.gz,Raw FASTQ
HRR234266_f1.fastq.gz,Raw FASTQ
HRR234266_r2.fastq.gz,Raw FASTQ
HRR234267_f1.fastq.gz,Raw FASTQ
HRR234267_r2.fastq.gz,Raw FASTQ
HRR234268_f1.fastq.gz,Raw FASTQ
HRR234268_r2.fastq.gz,Raw FASTQ
HRR234269_f1.fastq.gz,Raw FASTQ
HRR234269_r2.fastq.gz,Raw FASTQ
HRR234270_f1.fastq.gz,Raw FASTQ
HRR234270_r2.fastq.gz,Raw FASTQ
HRR234271_f1.fastq.gz,Raw FASTQ
HRR234271_r2.fastq.gz,Raw FASTQ
HRR234272_f1.fastq.gz,Raw FASTQ
HRR234272_r2.fastq.gz,Raw FASTQ
HRR234273_f1.fastq.gz,Raw FASTQ
HRR234273_r2.fastq.gz,Raw FASTQ
HRR234274_f1.fastq.gz,Raw FASTQ
HRR234274_r2.fastq.gz,Raw FASTQ
HRR234275_f1.fastq.gz,Raw FASTQ
HRR234275_r2.fastq.gz,Raw FASTQ
HRR234276_f1.fastq.gz,Raw FASTQ
HRR234276_r2.fastq.gz,Raw FASTQ
HRR234277_f1.fastq.gz,Raw FASTQ
HRR234277_r2.fastq.gz,Raw FASTQ
HRR234278_f1.fastq.gz,Raw FASTQ
HRR234278_r2.fastq.gz,Raw FASTQ
HRR234279_f1.fastq.gz,Raw FASTQ
HRR234279_r2.fastq.gz,Raw FASTQ
HRR234280_f1.fastq.gz,Raw FASTQ
HRR234280_r2.fastq.gz,Raw FASTQ
HRR234281_f1.fastq.gz,Raw FASTQ
HRR234281_r2.fastq.gz,Raw FASTQ
HRR234282_f1.fastq.gz,Raw FASTQ
HRR234282_r2.fastq.gz,Raw FASTQ
HRR234283_f1.fastq.gz,Raw FASTQ
HRR234283_r2.fastq.gz,Raw FASTQ
HRR234284_f1.fastq.gz,Raw FASTQ
HRR234284_r2.fastq.gz,Raw FASTQ
HRR234285_f1.fastq.gz,Raw FASTQ
HRR234285_r2.fastq.gz,Raw FASTQ
HRR234286_f1.fastq.gz,Raw FASTQ
HRR234286_r2.fastq.gz,Raw FASTQ
HRR234287_f1.fastq.gz,Raw FASTQ
HRR234287_r2.fastq.gz,Raw FASTQ
HRR234288_f1.fastq.gz,Raw FASTQ
HRR234288_r2.fastq.gz,Raw FASTQ
HRR234289_f1.fastq.gz,Raw FASTQ
HRR234289_r2.fastq.gz,Raw FASTQ
HRR234290_f1.fastq.gz,Raw FASTQ
HRR234290_r2.fastq.gz,Raw FASTQ
HRR234291_f1.fastq.gz,Raw FASTQ
HRR234291_r2.fastq.gz,Raw FASTQ
HRR234292_f1.fastq.gz,Raw FASTQ
HRR234292_r2.fastq.gz,Raw FASTQ
HRR234293_f1.fastq.gz,Raw FASTQ
HRR234293_r2.fastq.gz,Raw FASTQ
HRR234294_f1.fastq.gz,Raw FASTQ
HRR234294_r2.fastq.gz,Raw FASTQ
HRR234295_f1.fastq.gz,Raw FASTQ
HRR234295_r2.fastq.gz,Raw FASTQ
HRR234296_f1.fastq.gz,Raw FASTQ
HRR234296_r2.fastq.gz,Raw FASTQ
HRR234297_f1.fastq.gz,Raw FASTQ
HRR234297_r2.fastq.gz,Raw FASTQ
HRR234298_f1.fastq.gz,Raw FASTQ
HRR234298_r2.fastq.gz,Raw FASTQ
HRR234299_f1.fastq.gz,Raw FASTQ
HRR234299_r2.fastq.gz,Raw FASTQ
HRR234300_f1.fastq.gz,Raw FASTQ
HRR234300_r2.fastq.gz,Raw FASTQ
HRR234301_f1.fastq.gz,Raw FASTQ
HRR234301_r2.fastq.gz,Raw FASTQ
HRR234302_f1.fastq.gz,Raw FASTQ
HRR234302_r2.fastq.gz,Raw FASTQ
HRR234303_f1.fastq.gz,Raw FASTQ
HRR234303_r2.fastq.gz,Raw FASTQ
HRR234304_f1.fastq.gz,Raw FASTQ
HRR234304_r2.fastq.gz,Raw FASTQ
HRR234305_f1.fastq.gz,Raw FASTQ
HRR234305_r2.fastq.gz,Raw FASTQ
HRR234306_f1.fastq.gz,Raw FASTQ
HRR234306_r2.fastq.gz,Raw FASTQ
HRR234307_f1.fastq.gz,Raw FASTQ
HRR234307_r2.fastq.gz,Raw FASTQ
HRR234308_f1.fastq.gz,Raw FASTQ
HRR234308_r2.fastq.gz,Raw FASTQ
HRR234309_f1.fastq.gz,Raw FASTQ
HRR234309_r2.fastq.gz,Raw FASTQ
HRR234310_f1.fastq.gz,Raw FASTQ
HRR234310_r2.fastq.gz,Raw FASTQ
HRR234311_f1.fastq.gz,Raw FASTQ
HRR234311_r2.fastq.gz,Raw FASTQ
HRR234312_f1.fastq.gz,Raw FASTQ
HRR234312_r2.fastq.gz,Raw FASTQ
HRR234313_f1.fastq.gz,Raw FASTQ
HRR234313_r2.fastq.gz,Raw FASTQ
HRR234314_f1.fastq.gz,Raw FASTQ
HRR234314_r2.fastq.gz,Raw FASTQ
HRR234315_f1.fastq.gz,Raw FASTQ
HRR234315_r2.fastq.gz,Raw FASTQ
HRR234316_f1.fastq.gz,Raw FASTQ
HRR234316_r2.fastq.gz,Raw FASTQ
HRR234317_f1.fastq.gz,Raw FASTQ
HRR234317_r2.fastq.gz,Raw FASTQ
HRR234318_f1.fastq.gz,Raw FASTQ
HRR234318_r2.fastq.gz,Raw FASTQ
HRR234319_f1.fastq.gz,Raw FASTQ
HRR234319_r2.fastq.gz,Raw FASTQ
HRR234320_f1.fastq.gz,Raw FASTQ
HRR234320_r2.fastq.gz,Raw FASTQ
HRR234321_f1.fastq.gz,Raw FASTQ
HRR234321_r2.fastq.gz,Raw FASTQ
HRR234322_f1.fastq.gz,Raw FASTQ
HRR234322_r2.fastq.gz,Raw FASTQ
HRR234323_f1.fastq.gz,Raw FASTQ
HRR234323_r2.fastq.gz,Raw FASTQ
HRR234324_f1.fastq.gz,Raw FASTQ
HRR234324_r2.fastq.gz,Raw FASTQ
HRR234325_f1.fastq.gz,Raw FASTQ
HRR234325_r2.fastq.gz,Raw FASTQ
HRR234326_f1.fastq.gz,Raw FASTQ
HRR234326_r2.fastq.gz,Raw FASTQ
HRR234327_f1.fastq.gz,Raw FASTQ
HRR234327_r2.fastq.gz,Raw FASTQ
HRR234328_f1.fastq.gz,Raw FASTQ
HRR234328_r2.fastq.gz,Raw FASTQ
HRR234329_f1.fastq.gz,Raw FASTQ
HRR234329_r2.fastq.gz,Raw FASTQ
HRR234330_f1.fastq.gz,Raw FASTQ
HRR234330_r2.fastq.gz,Raw FASTQ
HRR234331_f1.fastq.gz,Raw FASTQ
HRR234331_r2.fastq.gz,Raw FASTQ
HRR234332_f1.fastq.gz,Raw FASTQ
HRR234332_r2.fastq.gz,Raw FASTQ
HRR234333_f1.fastq.gz,Raw FASTQ
HRR234333_r2.fastq.gz,Raw FASTQ
HRR234334_f1.fastq.gz,Raw FASTQ
HRR234334_r2.fastq.gz,Raw FASTQ
HRR234335_f1.fastq.gz,Raw FASTQ
HRR234335_r2.fastq.gz,Raw FASTQ
HRR234336_f1.fastq.gz,Raw FASTQ
HRR234336_r2.fastq.gz,Raw FASTQ
HRR234337_f1.fastq.gz,Raw FASTQ
HRR234337_r2.fastq.gz,Raw FASTQ
HRR234338_f1.fastq.gz,Raw FASTQ
HRR234338_r2.fastq.gz,Raw FASTQ
HRR234339_f1.fastq.gz,Raw FASTQ
HRR234339_r2.fastq.gz,Raw FASTQ
HRR234340_f1.fastq.gz,Raw FASTQ
HRR234340_r2.fastq.gz,Raw FASTQ
HRR234341_f1.fastq.gz,Raw FASTQ
HRR234341_r2.fastq.gz,Raw FASTQ
HRR234342_f1.fastq.gz,Raw FASTQ
HRR234342_r2.fastq.gz,Raw FASTQ
HRR234343_f1.fastq.gz,Raw FASTQ
HRR234343_r2.fastq.gz,Raw FASTQ
HRR234344_f1.fastq.gz,Raw FASTQ
HRR234344_r2.fastq.gz,Raw FASTQ
HRR234345_f1.fastq.gz,Raw FASTQ
HRR234345_r2.fastq.gz,Raw FASTQ
HRR234346_f1.fastq.gz,Raw FASTQ
HRR234346_r2.fastq.gz,Raw FASTQ
HRR234347_f1.fastq.gz,Raw FASTQ
HRR234347_r2.fastq.gz,Raw FASTQ
HRR234348_f1.fastq.gz,Raw FASTQ
HRR234348_r2.fastq.gz,Raw FASTQ
HRR234349_f1.fastq.gz,Raw FASTQ
HRR234349_r2.fastq.gz,Raw FASTQ
HRR234350_f1.fastq.gz,Raw FASTQ
HRR234350_r2.fastq.gz,Raw FASTQ
HRR234351_f1.fastq.gz,Raw FASTQ
HRR234351_r2.fastq.gz,Raw FASTQ
HRR234352_f1.fastq.gz,Raw FASTQ
HRR234352_r2.fastq.gz,Raw FASTQ
HRR234353_f1.fastq.gz,Raw FASTQ
HRR234353_r2.fastq.gz,Raw FASTQ
HRR234354_f1.fastq.gz,Raw FASTQ
HRR234354_r2.fastq.gz,Raw FASTQ
HRR234355_f1.fastq.gz,Raw FASTQ
HRR234355_r2.fastq.gz,Raw FASTQ
HRR234356_f1.fastq.gz,Raw FASTQ
HRR234356_r2.fastq.gz,Raw FASTQ
HRR234357_f1.fastq.gz,Raw FASTQ
HRR234357_r2.fastq.gz,Raw FASTQ
HRR234358_f1.fastq.gz,Raw FASTQ
HRR234358_r2.fastq.gz,Raw FASTQ
HRR234359_f1.fastq.gz,Raw FASTQ
HRR234359_r2.fastq.gz,Raw FASTQ
HRR234360_f1.fastq.gz,Raw FASTQ
HRR234360_r2.fastq.gz,Raw FASTQ
HRR234361_f1.fastq.gz,Raw FASTQ
HRR234361_r2.fastq.gz,Raw FASTQ
HRR234362_f1.fastq.gz,Raw FASTQ
HRR234362_r2.fastq.gz,Raw FASTQ
HRR234363_f1.fastq.gz,Raw FASTQ
HRR234363_r2.fastq.gz,Raw FASTQ
HRR234364_f1.fastq.gz,Raw FASTQ
HRR234364_r2.fastq.gz,Raw FASTQ
HRR234365_f1.fastq.gz,Raw FASTQ
HRR234365_r2.fastq.gz,Raw FASTQ
HRR234366_f1.fastq.gz,Raw FASTQ
HRR234366_r2.fastq.gz,Raw FASTQ
HRR234367_f1.fastq.gz,Raw FASTQ
HRR234367_r2.fastq.gz,Raw FASTQ
HRR234368_f1.fastq.gz,Raw FASTQ
HRR234368_r2.fastq.gz,Raw FASTQ
HRR234369_f1.fastq.gz,Raw FASTQ
HRR234369_r2.fastq.gz,Raw FASTQ
HRR234370_f1.fastq.gz,Raw FASTQ
HRR234370_r2.fastq.gz,Raw FASTQ
HRR234371_f1.fastq.gz,Raw FASTQ
HRR234371_r2.fastq.gz,Raw FASTQ
HRR234372_f1.fastq.gz,Raw FASTQ
HRR234372_r2.fastq.gz,Raw FASTQ
HRR234373_f1.fastq.gz,Raw FASTQ
HRR234373_r2.fastq.gz,Raw FASTQ
HRR234374_f1.fastq.gz,Raw FASTQ
HRR234374_r2.fastq.gz,Raw FASTQ
HRR234375_f1.fastq.gz,Raw FASTQ
HRR234375_r2.fastq.gz,Raw FASTQ
HRR234376_f1.fastq.gz,Raw FASTQ
HRR234376_r2.fastq.gz,Raw FASTQ
HRR234377_f1.fastq.gz,Raw FASTQ
HRR234377_r2.fastq.gz,Raw FASTQ
HRR234378_f1.fastq.gz,Raw FASTQ
HRR234378_r2.fastq.gz,Raw FASTQ
HRR234379_f1.fastq.gz,Raw FASTQ
HRR234379_r2.fastq.gz,Raw FASTQ
HRR234380_f1.fastq.gz,Raw FASTQ
HRR234380_r2.fastq.gz,Raw FASTQ
HRR234381_f1.fastq.gz,Raw FASTQ
HRR234381_r2.fastq.gz,Raw FASTQ
HRR234382_f1.fastq.gz,Raw FASTQ
HRR234382_r2.fastq.gz,Raw FASTQ
HRR234383_f1.fastq.gz,Raw FASTQ
HRR234383_r2.fastq.gz,Raw FASTQ
HRR234384_f1.fastq.gz,Raw FASTQ
HRR234384_r2.fastq.gz,Raw FASTQ
HRR234385_f1.fastq.gz,Raw FASTQ
HRR234385_r2.fastq.gz,Raw FASTQ
HRR234386_f1.fastq.gz,Raw FASTQ
HRR234386_r2.fastq.gz,Raw FASTQ
HRR234387_f1.fastq.gz,Raw FASTQ
HRR234387_r2.fastq.gz,Raw FASTQ
HRR234388_f1.fastq.gz,Raw FASTQ
HRR234388_r2.fastq.gz,Raw FASTQ
HRR234389_f1.fastq.gz,Raw FASTQ
HRR234389_r2.fastq.gz,Raw FASTQ
HRR234390_f1.fastq.gz,Raw FASTQ
HRR234390_r2.fastq.gz,Raw FASTQ
HRR234391_f1.fastq.gz,Raw FASTQ
HRR234391_r2.fastq.gz,Raw FASTQ
HRR234392_f1.fastq.gz,Raw FASTQ
HRR234392_r2.fastq.gz,Raw FASTQ
HRR234393_f1.fastq.gz,Raw FASTQ
HRR234393_r2.fastq.gz,Raw FASTQ
HRR234394_f1.fastq.gz,Raw FASTQ
HRR234394_r2.fastq.gz,Raw FASTQ
HRR234395_f1.fastq.gz,Raw FASTQ
HRR234395_r2.fastq.gz,Raw FASTQ
HRR234396_f1.fastq.gz,Raw FASTQ
HRR234396_r2.fastq.gz,Raw FASTQ
HRR234397_f1.fastq.gz,Raw FASTQ
HRR234397_r2.fastq.gz,Raw FASTQ
HRR234398_f1.fastq.gz,Raw FASTQ
HRR234398_r2.fastq.gz,Raw FASTQ
HRR234399_f1.fastq.gz,Raw FASTQ
HRR234399_r2.fastq.gz,Raw FASTQ
HRR234400_f1.fastq.gz,Raw FASTQ
HRR234400_r2.fastq.gz,Raw FASTQ
HRR234401_f1.fastq.gz,Raw FASTQ
HRR234401_r2.fastq.gz,Raw FASTQ
HRR234402_f1.fastq.gz,Raw FASTQ
HRR234402_r2.fastq.gz,Raw FASTQ
HRR234403_f1.fastq.gz,Raw FASTQ
HRR234403_r2.fastq.gz,Raw FASTQ
HRR234404_f1.fastq.gz,Raw FASTQ
HRR234404_r2.fastq.gz,Raw FASTQ
HRR234405_f1.fastq.gz,Raw FASTQ
HRR234405_r2.fastq.gz,Raw FASTQ
HRR234406_f1.fastq.gz,Raw FASTQ
HRR234406_r2.fastq.gz,Raw FASTQ
HRR234407_f1.fastq.gz,Raw FASTQ
HRR234407_r2.fastq.gz,Raw FASTQ
HRR234408_f1.fastq.gz,Raw FASTQ
HRR234408_r2.fastq.gz,Raw FASTQ
HRR234409_f1.fastq.gz,Raw FASTQ
HRR234409_r2.fastq.gz,Raw FASTQ
HRR234410_f1.fastq.gz,Raw FASTQ
HRR234410_r2.fastq.gz,Raw FASTQ
HRR234411_f1.fastq.gz,Raw FASTQ
HRR234411_r2.fastq.gz,Raw FASTQ
HRR234412_f1.fastq.gz,Raw FASTQ
HRR234412_r2.fastq.gz,Raw FASTQ
HRR234413_f1.fastq.gz,Raw FASTQ
HRR234413_r2.fastq.gz,Raw FASTQ
HRR234414_f1.fastq.gz,Raw FASTQ
HRR234414_r2.fastq.gz,Raw FASTQ
HRR234415_f1.fastq.gz,Raw FASTQ
HRR234415_r2.fastq.gz,Raw FASTQ
HRR234416_f1.fastq.gz,Raw FASTQ
HRR234416_r2.fastq.gz,Raw FASTQ
HRR234417_f1.fastq.gz,Raw FASTQ
HRR234417_r2.fastq.gz,Raw FASTQ
HRR234418_f1.fastq.gz,Raw FASTQ
HRR234418_r2.fastq.gz,Raw FASTQ
HRR234419_f1.fastq.gz,Raw FASTQ
HRR234419_r2.fastq.gz,Raw FASTQ
HRR234420_f1.fastq.gz,Raw FASTQ
HRR234420_r2.fastq.gz,Raw FASTQ
HRR234421_f1.fastq.gz,Raw FASTQ
HRR234421_r2.fastq.gz,Raw FASTQ
HRR234422_f1.fastq.gz,Raw FASTQ
HRR234422_r2.fastq.gz,Raw FASTQ
HRR234423_f1.fastq.gz,Raw FASTQ
HRR234423_r2.fastq.gz,Raw FASTQ
HRR234424_f1.fastq.gz,Raw FASTQ
HRR234424_r2.fastq.gz,Raw FASTQ
HRR234425_f1.fastq.gz,Raw FASTQ
HRR234425_r2.fastq.gz,Raw FASTQ
HRR234426_f1.fastq.gz,Raw FASTQ
HRR234426_r2.fastq.gz,Raw FASTQ
HRR234427_f1.fastq.gz,Raw FASTQ
HRR234427_r2.fastq.gz,Raw FASTQ
HRR234428_f1.fastq.gz,Raw FASTQ
HRR234428_r2.fastq.gz,Raw FASTQ
HRR234429_f1.fastq.gz,Raw FASTQ
HRR234429_r2.fastq.gz,Raw FASTQ
HRR234430_f1.fastq.gz,Raw FASTQ
HRR234430_r2.fastq.gz,Raw FASTQ
HRR234431_f1.fastq.gz,Raw FASTQ
HRR234431_r2.fastq.gz,Raw FASTQ
HRR234432_f1.fastq.gz,Raw FASTQ
HRR234432_r2.fastq.gz,Raw FASTQ
HRR234433_f1.fastq.gz,Raw FASTQ
HRR234433_r2.fastq.gz,Raw FASTQ
HRR234434_f1.fastq.gz,Raw FASTQ
HRR234434_r2.fastq.gz,Raw FASTQ
HRR234435_f1.fastq.gz,Raw FASTQ
HRR234435_r2.fastq.gz,Raw FASTQ
HRR234436_f1.fastq.gz,Raw FASTQ
HRR234436_r2.fastq.gz,Raw FASTQ
HRR234437_f1.fastq.gz,Raw FASTQ
HRR234437_r2.fastq.gz,Raw FASTQ
HRR234438_f1.fastq.gz,Raw FASTQ
HRR234438_r2.fastq.gz,Raw FASTQ
HRR234439_f1.fastq.gz,Raw FASTQ
HRR234439_r2.fastq.gz,Raw FASTQ
HRR234440_f1.fastq.gz,Raw FASTQ
HRR234440_r2.fastq.gz,Raw FASTQ
HRR234441_f1.fastq.gz,Raw FASTQ
HRR234441_r2.fastq.gz,Raw FASTQ
HRR234442_f1.fastq.gz,Raw FASTQ
HRR234442_r2.fastq.gz,Raw FASTQ
HRR234443_f1.fastq.gz,Raw FASTQ
HRR234443_r2.fastq.gz,Raw FASTQ
HRR234444_f1.fastq.gz,Raw FASTQ
HRR234444_r2.fastq.gz,Raw FASTQ
HRR234445_f1.fastq.gz,Raw FASTQ
HRR234445_r2.fastq.gz,Raw FASTQ
HRR234446_f1.fastq.gz,Raw FASTQ
HRR234446_r2.fastq.gz,Raw FASTQ
HRR234447_f1.fastq.gz,Raw FASTQ
HRR234447_r2.fastq.gz,Raw FASTQ
HRR234448_f1.fastq.gz,Raw FASTQ
HRR234448_r2.fastq.gz,Raw FASTQ
HRR234449_f1.fastq.gz,Raw FASTQ
HRR234449_r2.fastq.gz,Raw FASTQ
HRR234450_f1.fastq.gz,Raw FASTQ
HRR234450_r2.fastq.gz,Raw FASTQ
HRR234451_f1.fastq.gz,Raw FASTQ
HRR234451_r2.fastq.gz,Raw FASTQ
HRR234452_f1.fastq.gz,Raw FASTQ
HRR234452_r2.fastq.gz,Raw FASTQ
HRR234453_f1.fastq.gz,Raw FASTQ
HRR234453_r2.fastq.gz,Raw FASTQ
HRR234454_f1.fastq.gz,Raw FASTQ
HRR234454_r2.fastq.gz,Raw FASTQ
HRR234455_f1.fastq.gz,Raw FASTQ
HRR234455_r2.fastq.gz,Raw FASTQ
HRR234456_f1.fastq.gz,Raw FASTQ
HRR234456_r2.fastq.gz,Raw FASTQ
HRR234457_f1.fastq.gz,Raw FASTQ
HRR234457_r2.fastq.gz,Raw FASTQ
HRR234458_f1.fastq.gz,Raw FASTQ
HRR234458_r2.fastq.gz,Raw FASTQ
HRR234459_f1.fastq.gz,Raw FASTQ
HRR234459_r2.fastq.gz,Raw FASTQ
HRR234460_f1.fastq.gz,Raw FASTQ
HRR234460_r2.fastq.gz,Raw FASTQ
HRR234461_f1.fastq.gz,Raw FASTQ
HRR234461_r2.fastq.gz,Raw FASTQ
HRR234462_f1.fastq.gz,Raw FASTQ
HRR234462_r2.fastq.gz,Raw FASTQ
HRR234463_f1.fastq.gz,Raw FASTQ
HRR234463_r2.fastq.gz,Raw FASTQ
HRR234464_f1.fastq.gz,Raw FASTQ
HRR234464_r2.fastq.gz,Raw FASTQ
HRR234465_f1.fastq.gz,Raw FASTQ
HRR234465_r2.fastq.gz,Raw FASTQ
HRR234466_f1.fastq.gz,Raw FASTQ
HRR234466_r2.fastq.gz,Raw FASTQ
HRR234467_f1.fastq.gz,Raw FASTQ
HRR234467_r2.fastq.gz,Raw FASTQ
HRR234468_f1.fastq.gz,Raw FASTQ
HRR234468_r2.fastq.gz,Raw FASTQ
HRR234469_f1.fastq.gz,Raw FASTQ
HRR234469_r2.fastq.gz,Raw FASTQ
HRR234470_f1.fastq.gz,Raw FASTQ
HRR234470_r2.fastq.gz,Raw FASTQ
HRR234471_f1.fastq.gz,Raw FASTQ
HRR234471_r2.fastq.gz,Raw FASTQ
HRR234472_f1.fastq.gz,Raw FASTQ
HRR234472_r2.fastq.gz,Raw FASTQ
HRR234473_f1.fastq.gz,Raw FASTQ
HRR234473_r2.fastq.gz,Raw FASTQ
HRR234474_f1.fastq.gz,Raw FASTQ
HRR234474_r2.fastq.gz,Raw FASTQ
HRR234475_f1.fastq.gz,Raw FASTQ
HRR234475_r2.fastq.gz,Raw FASTQ
HRR234476_f1.fastq.gz,Raw FASTQ
HRR234476_r2.fastq.gz,Raw FASTQ
HRR234477_f1.fastq.gz,Raw FASTQ
HRR234477_r2.fastq.gz,Raw FASTQ
HRR234478_f1.fastq.gz,Raw FASTQ
HRR234478_r2.fastq.gz,Raw FASTQ
HRR234479_f1.fastq.gz,Raw FASTQ
HRR234479_r2.fastq.gz,Raw FASTQ
HRR234480_f1.fastq.gz,Raw FASTQ
HRR234480_r2.fastq.gz,Raw FASTQ
HRR234481_f1.fastq.gz,Raw FASTQ
HRR234481_r2.fastq.gz,Raw FASTQ
HRR234482_f1.fastq.gz,Raw FASTQ
HRR234482_r2.fastq.gz,Raw FASTQ
HRR234483_f1.fastq.gz,Raw FASTQ
HRR234483_r2.fastq.gz,Raw FASTQ
HRR234484_f1.fastq.gz,Raw FASTQ
HRR234484_r2.fastq.gz,Raw FASTQ
HRR234485_f1.fastq.gz,Raw FASTQ
HRR234485_r2.fastq.gz,Raw FASTQ
HRR234486_f1.fastq.gz,Raw FASTQ
HRR234486_r2.fastq.gz,Raw FASTQ
HRR234487_f1.fastq.gz,Raw FASTQ
HRR234487_r2.fastq.gz,Raw FASTQ
HRR234488_f1.fastq.gz,Raw FASTQ
HRR234488_r2.fastq.gz,Raw FASTQ
HRR234489_f1.fastq.gz,Raw FASTQ
HRR234489_r2.fastq.gz,Raw FASTQ
HRR234490_f1.fastq.gz,Raw FASTQ
HRR234490_r2.fastq.gz,Raw FASTQ
HRR234491_f1.fastq.gz,Raw FASTQ
HRR234491_r2.fastq.gz,Raw FASTQ
HRR234492_f1.fastq.gz,Raw FASTQ
HRR234492_r2.fastq.gz,Raw FASTQ
HRR234493_f1.fastq.gz,Raw FASTQ
HRR234493_r2.fastq.gz,Raw FASTQ
HRR234494_f1.fastq.gz,Raw FASTQ
HRR234494_r2.fastq.gz,Raw FASTQ
HRR234495_f1.fastq.gz,Raw FASTQ
HRR234495_r2.fastq.gz,Raw FASTQ
HRR234496_f1.fastq.gz,Raw FASTQ
HRR234496_r2.fastq.gz,Raw FASTQ
HRR234497_f1.fastq.gz,Raw FASTQ
HRR234497_r2.fastq.gz,Raw FASTQ
HRR234498_f1.fastq.gz,Raw FASTQ
HRR234498_r2.fastq.gz,Raw FASTQ
HRR234499_f1.fastq.gz,Raw FASTQ
HRR234499_r2.fastq.gz,Raw FASTQ
HRR234500_f1.fastq.gz,Raw FASTQ
HRR234500_r2.fastq.gz,Raw FASTQ
HRR234501_f1.fastq.gz,Raw FASTQ
HRR234501_r2.fastq.gz,Raw FASTQ
HRR234502_f1.fastq.gz,Raw FASTQ
HRR234502_r2.fastq.gz,Raw FASTQ
HRR234503_f1.fastq.gz,Raw FASTQ
HRR234503_r2.fastq.gz,Raw FASTQ
HRR234504_f1.fastq.gz,Raw FASTQ
HRR234504_r2.fastq.gz,Raw FASTQ
HRR234505_f1.fastq.gz,Raw FASTQ
HRR234505_r2.fastq.gz,Raw FASTQ
HRR234506_f1.fastq.gz,Raw FASTQ
HRR234506_r2.fastq.gz,Raw FASTQ
HRR234507_f1.fastq.gz,Raw FASTQ
HRR234507_r2.fastq.gz,Raw FASTQ
HRR234508_f1.fastq.gz,Raw FASTQ
HRR234508_r2.fastq.gz,Raw FASTQ
HRR234509_f1.fastq.gz,Raw FASTQ
HRR234509_r2.fastq.gz,Raw FASTQ
HRR234510_f1.fastq.gz,Raw FASTQ
HRR234510_r2.fastq.gz,Raw FASTQ
HRR234511_f1.fastq.gz,Raw FASTQ
HRR234511_r2.fastq.gz,Raw FASTQ
HRR234512_f1.fastq.gz,Raw FASTQ
HRR234512_r2.fastq.gz,Raw FASTQ
HRR234513_f1.fastq.gz,Raw FASTQ
HRR234513_r2.fastq.gz,Raw FASTQ
HRR234514_f1.fastq.gz,Raw FASTQ
HRR234514_r2.fastq.gz,Raw FASTQ
HRR234515_f1.fastq.gz,Raw FASTQ
HRR234515_r2.fastq.gz,Raw FASTQ
HRR234516_f1.fastq.gz,Raw FASTQ
HRR234516_r2.fastq.gz,Raw FASTQ
HRR234517_f1.fastq.gz,Raw FASTQ
HRR234517_r2.fastq.gz,Raw FASTQ
HRR234518_f1.fastq.gz,Raw FASTQ
HRR234518_r2.fastq.gz,Raw FASTQ
HRR234519_f1.fastq.gz,Raw FASTQ
HRR234519_r2.fastq.gz,Raw FASTQ
HRR234520_f1.fastq.gz,Raw FASTQ
HRR234520_r2.fastq.gz,Raw FASTQ
HRR234521_f1.fastq.gz,Raw FASTQ
HRR234521_r2.fastq.gz,Raw FASTQ
HRR234522_f1.fastq.gz,Raw FASTQ
HRR234522_r2.fastq.gz,Raw FASTQ
HRR234523_f1.fastq.gz,Raw FASTQ
HRR234523_r2.fastq.gz,Raw FASTQ
HRR234524_f1.fastq.gz,Raw FASTQ
HRR234524_r2.fastq.gz,Raw FASTQ
HRR234525_f1.fastq.gz,Raw FASTQ
HRR234525_r2.fastq.gz,Raw FASTQ
HRR234526_f1.fastq.gz,Raw FASTQ
HRR234526_r2.fastq.gz,Raw FASTQ
HRR234527_f1.fastq.gz,Raw FASTQ
HRR234527_r2.fastq.gz,Raw FASTQ
HRR234528_f1.fastq.gz,Raw FASTQ
HRR234528_r2.fastq.gz,Raw FASTQ
HRR234529_f1.fastq.gz,Raw FASTQ
HRR234529_r2.fastq.gz,Raw FASTQ
HRR234530_f1.fastq.gz,Raw FASTQ
HRR234530_r2.fastq.gz,Raw FASTQ
HRR234531_f1.fastq.gz,Raw FASTQ
HRR234531_r2.fastq.gz,Raw FASTQ
HRR234532_f1.fastq.gz,Raw FASTQ
HRR234532_r2.fastq.gz,Raw FASTQ
HRR234533_f1.fastq.gz,Raw FASTQ
HRR234533_r2.fastq.gz,Raw FASTQ
HRR234534_f1.fastq.gz,Raw FASTQ
HRR234534_r2.fastq.gz,Raw FASTQ
HRR234535_f1.fastq.gz,Raw FASTQ
HRR234535_r2.fastq.gz,Raw FASTQ
HRR234536_f1.fastq.gz,Raw FASTQ
HRR234536_r2.fastq.gz,Raw FASTQ
HRR234537_f1.fastq.gz,Raw FASTQ
HRR234537_r2.fastq.gz,Raw FASTQ
HRR234538_f1.fastq.gz,Raw FASTQ
HRR234538_r2.fastq.gz,Raw FASTQ
HRR234539_f1.fastq.gz,Raw FASTQ
HRR234539_r2.fastq.gz,Raw FASTQ
HRR234540_f1.fastq.gz,Raw FASTQ
HRR234540_r2.fastq.gz,Raw FASTQ
HRR234541_f1.fastq.gz,Raw FASTQ
HRR234541_r2.fastq.gz,Raw FASTQ
HRR234542_f1.fastq.gz,Raw FASTQ
HRR234542_r2.fastq.gz,Raw FASTQ
HRR234543_f1.fastq.gz,Raw FASTQ
HRR234543_r2.fastq.gz,Raw FASTQ
HRR234544_f1.fastq.gz,Raw FASTQ
HRR234544_r2.fastq.gz,Raw FASTQ
HRR234545_f1.fastq.gz,Raw FASTQ
HRR234545_r2.fastq.gz,Raw FASTQ
HRR234546_f1.fastq.gz,Raw FASTQ
HRR234546_r2.fastq.gz,Raw FASTQ
HRR234547_f1.fastq.gz,Raw FASTQ
HRR234547_r2.fastq.gz,Raw FASTQ
HRR234548_f1.fastq.gz,Raw FASTQ
HRR234548_r2.fastq.gz,Raw FASTQ
HRR234549_f1.fastq.gz,Raw FASTQ
HRR234549_r2.fastq.gz,Raw FASTQ
HRR234550_f1.fastq.gz,Raw FASTQ
HRR234550_r2.fastq.gz,Raw FASTQ
HRR234551_f1.fastq.gz,Raw FASTQ
HRR234551_r2.fastq.gz,Raw FASTQ
HRR234552_f1.fastq.gz,Raw FASTQ
HRR234552_r2.fastq.gz,Raw FASTQ
HRR234553_f1.fastq.gz,Raw FASTQ
HRR234553_r2.fastq.gz,Raw FASTQ
HRR234554_f1.fastq.gz,Raw FASTQ
HRR234554_r2.fastq.gz,Raw FASTQ
HRR234555_f1.fastq.gz,Raw FASTQ
HRR234555_r2.fastq.gz,Raw FASTQ
HRR234556_f1.fastq.gz,Raw FASTQ
HRR234556_r2.fastq.gz,Raw FASTQ
HRR234557_f1.fastq.gz,Raw FASTQ
HRR234557_r2.fastq.gz,Raw FASTQ
HRR234558_f1.fastq.gz,Raw FASTQ
HRR234558_r2.fastq.gz,Raw FASTQ
HRR234559_f1.fastq.gz,Raw FASTQ
HRR234559_r2.fastq.gz,Raw FASTQ
HRR234560_f1.fastq.gz,Raw FASTQ
HRR234560_r2.fastq.gz,Raw FASTQ
HRR234561_f1.fastq.gz,Raw FASTQ
HRR234561_r2.fastq.gz,Raw FASTQ
HRR234562_f1.fastq.gz,Raw FASTQ
HRR234562_r2.fastq.gz,Raw FASTQ
HRR234563_f1.fastq.gz,Raw FASTQ
HRR234563_r2.fastq.gz,Raw FASTQ
HRR234564_f1.fastq.gz,Raw FASTQ
HRR234564_r2.fastq.gz,Raw FASTQ
HRR234565_f1.fastq.gz,Raw FASTQ
HRR234565_r2.fastq.gz,Raw FASTQ
HRR234566_f1.fastq.gz,Raw FASTQ
HRR234566_r2.fastq.gz,Raw FASTQ
HRR234567_f1.fastq.gz,Raw FASTQ
HRR234567_r2.fastq.gz,Raw FASTQ
HRR234568_f1.fastq.gz,Raw FASTQ
HRR234568_r2.fastq.gz,Raw FASTQ
HRR234569_f1.fastq.gz,Raw FASTQ
HRR234569_r2.fastq.gz,Raw FASTQ
HRR234570_f1.fastq.gz,Raw FASTQ
HRR234570_r2.fastq.gz,Raw FASTQ
HRR234571_f1.fastq.gz,Raw FASTQ
HRR234571_r2.fastq.gz,Raw FASTQ
HRR234572_f1.fastq.gz,Raw FASTQ
HRR234572_r2.fastq.gz,Raw FASTQ
HRR234573_f1.fastq.gz,Raw FASTQ
HRR234573_r2.fastq.gz,Raw FASTQ
HRR234574_f1.fastq.gz,Raw FASTQ
HRR234574_r2.fastq.gz,Raw FASTQ
HRR234575_f1.fastq.gz,Raw FASTQ
HRR234575_r2.fastq.gz,Raw FASTQ
HRR234576_f1.fastq.gz,Raw FASTQ
HRR234576_r2.fastq.gz,Raw FASTQ
HRR234577_f1.fastq.gz,Raw FASTQ
HRR234577_r2.fastq.gz,Raw FASTQ
HRR234578_f1.fastq.gz,Raw FASTQ
HRR234578_r2.fastq.gz,Raw FASTQ
HRR234579_f1.fastq.gz,Raw FASTQ
HRR234579_r2.fastq.gz,Raw FASTQ
HRR234580_f1.fastq.gz,Raw FASTQ
HRR234580_r2.fastq.gz,Raw FASTQ
HRR234581_f1.fastq.gz,Raw FASTQ
HRR234581_r2.fastq.gz,Raw FASTQ
HRR234582_f1.fastq.gz,Raw FASTQ
HRR234582_r2.fastq.gz,Raw FASTQ
HRR234583_f1.fastq.gz,Raw FASTQ
HRR234583_r2.fastq.gz,Raw FASTQ
HRR234584_f1.fastq.gz,Raw FASTQ
HRR234584_r2.fastq.gz,Raw FASTQ
HRR234585_f1.fastq.gz,Raw FASTQ
HRR234585_r2.fastq.gz,Raw FASTQ
HRR234586_f1.fastq.gz,Raw FASTQ
HRR234586_r2.fastq.gz,Raw FASTQ
HRR234587_f1.fastq.gz,Raw FASTQ
HRR234587_r2.fastq.gz,Raw FASTQ
HRR234588_f1.fastq.gz,Raw FASTQ
HRR234588_r2.fastq.gz,Raw FASTQ
HRR234589_f1.fastq.gz,Raw FASTQ
HRR234589_r2.fastq.gz,Raw FASTQ
HRR234590_f1.fastq.gz,Raw FASTQ
HRR234590_r2.fastq.gz,Raw FASTQ
HRR234591_f1.fastq.gz,Raw FASTQ
HRR234591_r2.fastq.gz,Raw FASTQ
HRR234592_f1.fastq.gz,Raw FASTQ
HRR234592_r2.fastq.gz,Raw FASTQ
HRR234593_f1.fastq.gz,Raw FASTQ
HRR234593_r2.fastq.gz,Raw FASTQ
HRR234594_f1.fastq.gz,Raw FASTQ
HRR234594_r2.fastq.gz,Raw FASTQ
HRR234595_f1.fastq.gz,Raw FASTQ
HRR234595_r2.fastq.gz,Raw FASTQ
HRR234596_f1.fastq.gz,Raw FASTQ
HRR234596_r2.fastq.gz,Raw FASTQ
HRR234597_f1.fastq.gz,Raw FASTQ
HRR234597_r2.fastq.gz,Raw FASTQ
HRR234598_f1.fastq.gz,Raw FASTQ
HRR234598_r2.fastq.gz,Raw FASTQ
HRR234599_f1.fastq.gz,Raw FASTQ
HRR234599_r2.fastq.gz,Raw FASTQ
HRR234600_f1.fastq.gz,Raw FASTQ
HRR234600_r2.fastq.gz,Raw FASTQ
HRR234601_f1.fastq.gz,Raw FASTQ
HRR234601_r2.fastq.gz,Raw FASTQ
HRR234602_f1.fastq.gz,Raw FASTQ
HRR234602_r2.fastq.gz,Raw FASTQ
HRR234603_f1.fastq.gz,Raw FASTQ
HRR234603_r2.fastq.gz,Raw FASTQ
HRR234604_f1.fastq.gz,Raw FASTQ
HRR234604_r2.fastq.gz,Raw FASTQ
HRR234605_f1.fastq.gz,Raw FASTQ
HRR234605_r2.fastq.gz,Raw FASTQ
HRR234606_f1.fastq.gz,Raw FASTQ
HRR234606_r2.fastq.gz,Raw FASTQ
HRR234607_f1.fastq.gz,Raw FASTQ
HRR234607_r2.fastq.gz,Raw FASTQ
HRR234608_f1.fastq.gz,Raw FASTQ
HRR234608_r2.fastq.gz,Raw FASTQ
HRR234609_f1.fastq.gz,Raw FASTQ
HRR234609_r2.fastq.gz,Raw FASTQ
HRR234610_f1.fastq.gz,Raw FASTQ
HRR234610_r2.fastq.gz,Raw FASTQ
HRR234611_f1.fastq.gz,Raw FASTQ
HRR234611_r2.fastq.gz,Raw FASTQ
HRR234612_f1.fastq.gz,Raw FASTQ
HRR234612_r2.fastq.gz,Raw FASTQ
HRR234613_f1.fastq.gz,Raw FASTQ
HRR234613_r2.fastq.gz,Raw FASTQ
HRR234614_f1.fastq.gz,Raw FASTQ
HRR234614_r2.fastq.gz,Raw FASTQ
HRR234615_f1.fastq.gz,Raw FASTQ
HRR234615_r2.fastq.gz,Raw FASTQ
HRR234616_f1.fastq.gz,Raw FASTQ
HRR234616_r2.fastq.gz,Raw FASTQ
HRR234617_f1.fastq.gz,Raw FASTQ
HRR234617_r2.fastq.gz,Raw FASTQ
HRR234618_f1.fastq.gz,Raw FASTQ
HRR234618_r2.fastq.gz,Raw FASTQ
HRR234619_f1.fastq.gz,Raw FASTQ
HRR234619_r2.fastq.gz,Raw FASTQ
HRR234620_f1.fastq.gz,Raw FASTQ
HRR234620_r2.fastq.gz,Raw FASTQ
HRR234621_f1.fastq.gz,Raw FASTQ
HRR234621_r2.fastq.gz,Raw FASTQ
HRR234622_f1.fastq.gz,Raw FASTQ
HRR234622_r2.fastq.gz,Raw FASTQ
HRR234623_f1.fastq.gz,Raw FASTQ
HRR234623_r2.fastq.gz,Raw FASTQ
HRR234624_f1.fastq.gz,Raw FASTQ
HRR234624_r2.fastq.gz,Raw FASTQ
HRR234625_f1.fastq.gz,Raw FASTQ
HRR234625_r2.fastq.gz,Raw FASTQ
HRR234626_f1.fastq.gz,Raw FASTQ
HRR234626_r2.fastq.gz,Raw FASTQ
HRR234627_f1.fastq.gz,Raw FASTQ
HRR234627_r2.fastq.gz,Raw FASTQ
HRR234628_f1.fastq.gz,Raw FASTQ
HRR234628_r2.fastq.gz,Raw FASTQ
HRR234629_f1.fastq.gz,Raw FASTQ
HRR234629_r2.fastq.gz,Raw FASTQ
HRR234630_f1.fastq.gz,Raw FASTQ
HRR234630_r2.fastq.gz,Raw FASTQ
HRR234631_f1.fastq.gz,Raw FASTQ
HRR234631_r2.fastq.gz,Raw FASTQ
HRR234632_f1.fastq.gz,Raw FASTQ
HRR234632_r2.fastq.gz,Raw FASTQ
HRR234633_f1.fastq.gz,Raw FASTQ
HRR234633_r2.fastq.gz,Raw FASTQ
HRR234634_f1.fastq.gz,Raw FASTQ
HRR234634_r2.fastq.gz,Raw FASTQ
HRR234635_f1.fastq.gz,Raw FASTQ
HRR234635_r2.fastq.gz,Raw FASTQ
HRR234636_f1.fastq.gz,Raw FASTQ
HRR234636_r2.fastq.gz,Raw FASTQ
HRR234637_f1.fastq.gz,Raw FASTQ
HRR234637_r2.fastq.gz,Raw FASTQ
HRR234638_f1.fastq.gz,Raw FASTQ
HRR234638_r2.fastq.gz,Raw FASTQ
HRR234639_f1.fastq.gz,Raw FASTQ
HRR234639_r2.fastq.gz,Raw FASTQ
HRR234640_f1.fastq.gz,Raw FASTQ
HRR234640_r2.fastq.gz,Raw FASTQ
HRR234641_f1.fastq.gz,Raw FASTQ
HRR234641_r2.fastq.gz,Raw FASTQ
HRR234642_f1.fastq.gz,Raw FASTQ
HRR234642_r2.fastq.gz,Raw FASTQ
HRR234643_f1.fastq.gz,Raw FASTQ
HRR234643_r2.fastq.gz,Raw FASTQ
HRR234644_f1.fastq.gz,Raw FASTQ
HRR234644_r2.fastq.gz,Raw FASTQ
HRR234645_f1.fastq.gz,Raw FASTQ
HRR234645_r2.fastq.gz,Raw FASTQ
HRR234646_f1.fastq.gz,Raw FASTQ
HRR234646_r2.fastq.gz,Raw FASTQ
HRR234647_f1.fastq.gz,Raw FASTQ
HRR234647_r2.fastq.gz,Raw FASTQ
HRR234648_f1.fastq.gz,Raw FASTQ
HRR234648_r2.fastq.gz,Raw FASTQ
HRR234649_f1.fastq.gz,Raw FASTQ
HRR234649_r2.fastq.gz,Raw FASTQ
HRR234650_f1.fastq.gz,Raw FASTQ
HRR234650_r2.fastq.gz,Raw FASTQ
HRR234651_f1.fastq.gz,Raw FASTQ
HRR234651_r2.fastq.gz,Raw FASTQ
HRR234652_f1.fastq.gz,Raw FASTQ
HRR234652_r2.fastq.gz,Raw FASTQ
HRR234653_f1.fastq.gz,Raw FASTQ
HRR234653_r2.fastq.gz,Raw FASTQ
HRR234654_f1.fastq.gz,Raw FASTQ
HRR234654_r2.fastq.gz,Raw FASTQ
HRR234655_f1.fastq.gz,Raw FASTQ
HRR234655_r2.fastq.gz,Raw FASTQ
HRR234656_f1.fastq.gz,Raw FASTQ
HRR234656_r2.fastq.gz,Raw FASTQ
HRR234657_f1.fastq.gz,Raw FASTQ
HRR234657_r2.fastq.gz,Raw FASTQ
HRR234658_f1.fastq.gz,Raw FASTQ
HRR234658_r2.fastq.gz,Raw FASTQ
HRR234659_f1.fastq.gz,Raw FASTQ
HRR234659_r2.fastq.gz,Raw FASTQ
HRR234660_f1.fastq.gz,Raw FASTQ
HRR234660_r2.fastq.gz,Raw FASTQ
HRR234661_f1.fastq.gz,Raw FASTQ
HRR234661_r2.fastq.gz,Raw FASTQ
HRR234662_f1.fastq.gz,Raw FASTQ
HRR234662_r2.fastq.gz,Raw FASTQ
HRR234663_f1.fastq.gz,Raw FASTQ
HRR234663_r2.fastq.gz,Raw FASTQ
HRR234664_f1.fastq.gz,Raw FASTQ
HRR234664_r2.fastq.gz,Raw FASTQ
HRR234665_f1.fastq.gz,Raw FASTQ
HRR234665_r2.fastq.gz,Raw FASTQ
HRR234666_f1.fastq.gz,Raw FASTQ
HRR234666_r2.fastq.gz,Raw FASTQ
HRR234667_f1.fastq.gz,Raw FASTQ
HRR234667_r2.fastq.gz,Raw FASTQ
HRR234668_f1.fastq.gz,Raw FASTQ
HRR234668_r2.fastq.gz,Raw FASTQ
HRR234669_f1.fastq.gz,Raw FASTQ
HRR234669_r2.fastq.gz,Raw FASTQ
HRR234670_f1.fastq.gz,Raw FASTQ
HRR234670_r2.fastq.gz,Raw FASTQ
HRR234671_f1.fastq.gz,Raw FASTQ
HRR234671_r2.fastq.gz,Raw FASTQ
HRR234672_f1.fastq.gz,Raw FASTQ
HRR234672_r2.fastq.gz,Raw FASTQ
HRR234673_f1.fastq.gz,Raw FASTQ
HRR234673_r2.fastq.gz,Raw FASTQ
HRR365657_f1.fastq.gz,Raw FASTQ
HRR365657_r2.fastq.gz,Raw FASTQ
HRR365658_f1.fastq.gz,Raw FASTQ
HRR365658_r2.fastq.gz,Raw FASTQ
HRR365659_f1.fastq.gz,Raw FASTQ
HRR365659_r2.fastq.gz,Raw FASTQ
HRR365660_f1.fastq.gz,Raw FASTQ
HRR365660_r2.fastq.gz,Raw FASTQ
HRR365661_f1.fastq.gz,Raw FASTQ
HRR365661_r2.fastq.gz,Raw FASTQ
HRR366756_f1.fq.gz,Raw FASTQ
HRR366756_r2.fq.gz,Raw FASTQ
HRR366757_f1.fq.gz,Raw FASTQ
HRR366757_r2.fq.gz,Raw FASTQ
HRR365662_f1.fastq.gz,Raw FASTQ
HRR365662_r2.fastq.gz,Raw FASTQ
HRR365663_f1.fq.gz,Raw FASTQ
HRR365663_r2.fq.gz,Raw FASTQ
HRR365664_f1.fastq.gz,Raw FASTQ
HRR365664_r2.fastq.gz,Raw FASTQ
HRR365665_f1.fq.gz,Raw FASTQ
HRR365665_r2.fq.gz,Raw FASTQ
HRR365667_f1.fastq.gz,Raw FASTQ
HRR365667_r2.fastq.gz,Raw FASTQ
HRR365666_f1.fq.gz,Raw FASTQ
HRR365666_r2.fq.gz,Raw FASTQ
HRR365669_f1.fastq.gz,Raw FASTQ
HRR365669_r2.fastq.gz,Raw FASTQ
HRR365668_f1.fq.gz,Raw FASTQ
HRR365668_r2.fq.gz,Raw FASTQ
HRR365671_f1.fastq.gz,Raw FASTQ
HRR365671_r2.fastq.gz,Raw FASTQ
HRR365670_f1.fq.gz,Raw FASTQ
HRR365670_r2.fq.gz,Raw FASTQ
HRR365672_f1.fastq.gz,Raw FASTQ
HRR365672_r2.fastq.gz,Raw FASTQ
HRR366758_f1.fq.gz,Raw FASTQ
HRR366758_r2.fq.gz,Raw FASTQ
HRR365673_f1.fastq.gz,Raw FASTQ
HRR365673_r2.fastq.gz,Raw FASTQ
HRR365674_f1.fastq.gz,Raw FASTQ
HRR365674_r2.fastq.gz,Raw FASTQ
HRR365675_f1.fq.gz,Raw FASTQ
HRR365675_r2.fq.gz,Raw FASTQ
HRR365676_f1.fastq.gz,Raw FASTQ
HRR365676_r2.fastq.gz,Raw FASTQ
HRR365677_f1.fq.gz,Raw FASTQ
HRR365677_r2.fq.gz,Raw FASTQ
HRR365678_f1.fastq.gz,Raw FASTQ
HRR365678_r2.fastq.gz,Raw FASTQ
HRR365679_f1.fq.gz,Raw FASTQ
HRR365679_r2.fq.gz,Raw FASTQ
HRR365681_f1.fastq.gz,Raw FASTQ
HRR365681_r2.fastq.gz,Raw FASTQ
HRR365680_f1.fq.gz,Raw FASTQ
HRR365680_r2.fq.gz,Raw FASTQ
HRR365683_f1.fastq.gz,Raw FASTQ
HRR365683_r2.fastq.gz,Raw FASTQ
HRR365682_f1.fq.gz,Raw FASTQ
HRR365682_r2.fq.gz,Raw FASTQ
HRR365685_f1.fastq.gz,Raw FASTQ
HRR365685_r2.fastq.gz,Raw FASTQ
HRR365684_f1.fq.gz,Raw FASTQ
HRR365684_r2.fq.gz,Raw FASTQ
HRR365687_f1.fastq.gz,Raw FASTQ
HRR365687_r2.fastq.gz,Raw FASTQ
HRR365686_f1.fq.gz,Raw FASTQ
HRR365686_r2.fq.gz,Raw FASTQ
HRR365688_f1.fastq.gz,Raw FASTQ
HRR365688_r2.fastq.gz,Raw FASTQ
HRR366759_f1.fq.gz,Raw FASTQ
HRR366759_r2.fq.gz,Raw FASTQ
HRR365689_f1.fastq.gz,Raw FASTQ
HRR365689_r2.fastq.gz,Raw FASTQ
HRR366760_f1.fq.gz,Raw FASTQ
HRR366760_r2.fq.gz,Raw FASTQ
HRR365691_f1.fastq.gz,Raw FASTQ
HRR365691_r2.fastq.gz,Raw FASTQ
HRR365690_f1.fq.gz,Raw FASTQ
HRR365690_r2.fq.gz,Raw FASTQ
HRR365693_f1.fastq.gz,Raw FASTQ
HRR365693_r2.fastq.gz,Raw FASTQ
HRR365692_f1.fq.gz,Raw FASTQ
HRR365692_r2.fq.gz,Raw FASTQ
HRR365695_f1.fastq.gz,Raw FASTQ
HRR365695_r2.fastq.gz,Raw FASTQ
HRR365694_f1.fq.gz,Raw FASTQ
HRR365694_r2.fq.gz,Raw FASTQ
HRR365697_f1.fastq.gz,Raw FASTQ
HRR365697_r2.fastq.gz,Raw FASTQ
HRR365696_f1.fq.gz,Raw FASTQ
HRR365696_r2.fq.gz,Raw FASTQ
HRR365699_f1.fastq.gz,Raw FASTQ
HRR365699_r2.fastq.gz,Raw FASTQ
HRR365698_f1.fq.gz,Raw FASTQ
HRR365698_r2.fq.gz,Raw FASTQ
HRR365700_f1.fastq.gz,Raw FASTQ
HRR365700_r2.fastq.gz,Raw FASTQ
HRR365701_f1.fq.gz,Raw FASTQ
HRR365701_r2.fq.gz,Raw FASTQ
HRR365702_f1.fastq.gz,Raw FASTQ
HRR365702_r2.fastq.gz,Raw FASTQ
HRR365704_f1.fastq.gz,Raw FASTQ
HRR365704_r2.fastq.gz,Raw FASTQ
HRR365703_f1.fq.gz,Raw FASTQ
HRR365703_r2.fq.gz,Raw FASTQ
HRR365706_f1.fastq.gz,Raw FASTQ
HRR365706_r2.fastq.gz,Raw FASTQ
HRR365705_f1.fq.gz,Raw FASTQ
HRR365705_r2.fq.gz,Raw FASTQ
HRR365708_f1.fastq.gz,Raw FASTQ
HRR365708_r2.fastq.gz,Raw FASTQ
HRR365707_f1.fq.gz,Raw FASTQ
HRR365707_r2.fq.gz,Raw FASTQ
HRR365709_f1.fastq.gz,Raw FASTQ
HRR365709_r2.fastq.gz,Raw FASTQ
HRR366761_f1.fq.gz,Raw FASTQ
HRR366761_r2.fq.gz,Raw FASTQ
HRR365710_f1.fastq.gz,Raw FASTQ
HRR365710_r2.fastq.gz,Raw FASTQ
HRR365711_f1.fq.gz,Raw FASTQ
HRR365711_r2.fq.gz,Raw FASTQ
HRR365713_f1.fastq.gz,Raw FASTQ
HRR365713_r2.fastq.gz,Raw FASTQ
HRR365712_f1.fq.gz,Raw FASTQ
HRR365712_r2.fq.gz,Raw FASTQ
HRR365715_f1.fastq.gz,Raw FASTQ
HRR365715_r2.fastq.gz,Raw FASTQ
HRR365714_f1.fq.gz,Raw FASTQ
HRR365714_r2.fq.gz,Raw FASTQ
HRR365717_f1.fastq.gz,Raw FASTQ
HRR365717_r2.fastq.gz,Raw FASTQ
HRR365716_f1.fq.gz,Raw FASTQ
HRR365716_r2.fq.gz,Raw FASTQ
HRR365718_f1.fastq.gz,Raw FASTQ
HRR365718_r2.fastq.gz,Raw FASTQ
HRR366762_f1.fq.gz,Raw FASTQ
HRR366762_r2.fq.gz,Raw FASTQ
HRR365719_f1.fastq.gz,Raw FASTQ
HRR365719_r2.fastq.gz,Raw FASTQ
HRR365720_f1.fq.gz,Raw FASTQ
HRR365720_r2.fq.gz,Raw FASTQ
HRR365722_f1.fastq.gz,Raw FASTQ
HRR365722_r2.fastq.gz,Raw FASTQ
HRR365721_f1.fq.gz,Raw FASTQ
HRR365721_r2.fq.gz,Raw FASTQ
HRR365724_f1.fastq.gz,Raw FASTQ
HRR365724_r2.fastq.gz,Raw FASTQ
HRR365723_f1.fq.gz,Raw FASTQ
HRR365723_r2.fq.gz,Raw FASTQ
HRR365725_f1.fastq.gz,Raw FASTQ
HRR365725_r2.fastq.gz,Raw FASTQ
HRR365727_f1.fastq.gz,Raw FASTQ
HRR365727_r2.fastq.gz,Raw FASTQ
HRR365726_f1.fq.gz,Raw FASTQ
HRR365726_r2.fq.gz,Raw FASTQ
HRR365728_f1.fastq.gz,Raw FASTQ
HRR365728_r2.fastq.gz,Raw FASTQ
HRR365729_f1.fq.gz,Raw FASTQ
HRR365729_r2.fq.gz,Raw FASTQ
HRR365731_f1.fastq.gz,Raw FASTQ
HRR365731_r2.fastq.gz,Raw FASTQ
HRR365730_f1.fq.gz,Raw FASTQ
HRR365730_r2.fq.gz,Raw FASTQ
HRR365732_f1.fastq.gz,Raw FASTQ
HRR365732_r2.fastq.gz,Raw FASTQ
HRR365733_f1.fastq.gz,Raw FASTQ
HRR365733_r2.fastq.gz,Raw FASTQ
HRR365735_f1.fastq.gz,Raw FASTQ
HRR365735_r2.fastq.gz,Raw FASTQ
HRR365734_f1.fq.gz,Raw FASTQ
HRR365734_r2.fq.gz,Raw FASTQ
HRR365736_f1.fastq.gz,Raw FASTQ
HRR365736_r2.fastq.gz,Raw FASTQ
HRR365737_f1.fq.gz,Raw FASTQ
HRR365737_r2.fq.gz,Raw FASTQ
HRR365738_f1.fastq.gz,Raw FASTQ
HRR365738_r2.fastq.gz,Raw FASTQ
HRR365739_f1.fq.gz,Raw FASTQ
HRR365739_r2.fq.gz,Raw FASTQ
HRR365740_f1.fastq.gz,Raw FASTQ
HRR365740_r2.fastq.gz,Raw FASTQ
HRR366763_f1.fq.gz,Raw FASTQ
HRR366763_r2.fq.gz,Raw FASTQ
HRR365742_f1.fastq.gz,Raw FASTQ
HRR365742_r2.fastq.gz,Raw FASTQ
HRR365741_f1.fq.gz,Raw FASTQ
HRR365741_r2.fq.gz,Raw FASTQ
HRR365744_f1.fastq.gz,Raw FASTQ
HRR365744_r2.fastq.gz,Raw FASTQ
HRR365743_f1.fq.gz,Raw FASTQ
HRR365743_r2.fq.gz,Raw FASTQ
HRR365746_f1.fastq.gz,Raw FASTQ
HRR365746_r2.fastq.gz,Raw FASTQ
HRR365745_f1.fq.gz,Raw FASTQ
HRR365745_r2.fq.gz,Raw FASTQ
HRR365748_f1.fastq.gz,Raw FASTQ
HRR365748_r2.fastq.gz,Raw FASTQ
HRR365747_f1.fq.gz,Raw FASTQ
HRR365747_r2.fq.gz,Raw FASTQ
HRR365750_f1.fastq.gz,Raw FASTQ
HRR365750_r2.fastq.gz,Raw FASTQ
HRR365749_f1.fq.gz,Raw FASTQ
HRR365749_r2.fq.gz,Raw FASTQ
HRR365751_f1.fastq.gz,Raw FASTQ
HRR365751_r2.fastq.gz,Raw FASTQ
HRR366764_f1.fq.gz,Raw FASTQ
HRR366764_r2.fq.gz,Raw FASTQ
HRR365753_f1.fastq.gz,Raw FASTQ
HRR365753_r2.fastq.gz,Raw FASTQ
HRR365752_f1.fq.gz,Raw FASTQ
HRR365752_r2.fq.gz,Raw FASTQ
HRR365755_f1.fastq.gz,Raw FASTQ
HRR365755_r2.fastq.gz,Raw FASTQ
HRR365754_f1.fq.gz,Raw FASTQ
HRR365754_r2.fq.gz,Raw FASTQ
HRR365756_f1.fastq.gz,Raw FASTQ
HRR365756_r2.fastq.gz,Raw FASTQ
HRR365757_f1.fastq.gz,Raw FASTQ
HRR365757_r2.fastq.gz,Raw FASTQ
HRR365758_f1.fq.gz,Raw FASTQ
HRR365758_r2.fq.gz,Raw FASTQ
HRR365759_f1.fastq.gz,Raw FASTQ
HRR365759_r2.fastq.gz,Raw FASTQ
HRR365760_f1.fq.gz,Raw FASTQ
HRR365760_r2.fq.gz,Raw FASTQ
HRR365761_f1.fastq.gz,Raw FASTQ
HRR365761_r2.fastq.gz,Raw FASTQ
HRR365762_f1.fq.gz,Raw FASTQ
HRR365762_r2.fq.gz,Raw FASTQ
HRR365763_f1.fastq.gz,Raw FASTQ
HRR365763_r2.fastq.gz,Raw FASTQ
HRR366765_f1.fq.gz,Raw FASTQ
HRR366765_r2.fq.gz,Raw FASTQ
HRR365764_f1.fastq.gz,Raw FASTQ
HRR365764_r2.fastq.gz,Raw FASTQ
HRR365765_f1.fq.gz,Raw FASTQ
HRR365765_r2.fq.gz,Raw FASTQ
HRR365766_f1.fastq.gz,Raw FASTQ
HRR365766_r2.fastq.gz,Raw FASTQ
HRR365767_f1.fastq.gz,Raw FASTQ
HRR365767_r2.fastq.gz,Raw FASTQ
HRR365768_f1.fastq.gz,Raw FASTQ
HRR365768_r2.fastq.gz,Raw FASTQ
HRR365769_f1.fq.gz,Raw FASTQ
HRR365769_r2.fq.gz,Raw FASTQ
HRR365770_f1.fastq.gz,Raw FASTQ
HRR365770_r2.fastq.gz,Raw FASTQ
HRR365771_f1.fq.gz,Raw FASTQ
HRR365771_r2.fq.gz,Raw FASTQ
HRR365773_f1.fastq.gz,Raw FASTQ
HRR365773_r2.fastq.gz,Raw FASTQ
HRR365772_f1.fq.gz,Raw FASTQ
HRR365772_r2.fq.gz,Raw FASTQ
HRR365774_f1.fastq.gz,Raw FASTQ
HRR365774_r2.fastq.gz,Raw FASTQ
HRR365775_f1.fq.gz,Raw FASTQ
HRR365775_r2.fq.gz,Raw FASTQ
HRR365776_f1.fastq.gz,Raw FASTQ
HRR365776_r2.fastq.gz,Raw FASTQ
HRR366766_f1.fq.gz,Raw FASTQ
HRR366766_r2.fq.gz,Raw FASTQ
HRR365777_f1.fastq.gz,Raw FASTQ
HRR365777_r2.fastq.gz,Raw FASTQ
HRR366767_f1.fq.gz,Raw FASTQ
HRR366767_r2.fq.gz,Raw FASTQ
HRR365778_f1.fastq.gz,Raw FASTQ
HRR365778_r2.fastq.gz,Raw FASTQ
HRR365779_f1.fq.gz,Raw FASTQ
HRR365779_r2.fq.gz,Raw FASTQ
HRR365781_f1.fastq.gz,Raw FASTQ
HRR365781_r2.fastq.gz,Raw FASTQ
HRR365780_f1.fq.gz,Raw FASTQ
HRR365780_r2.fq.gz,Raw FASTQ
HRR365783_f1.fastq.gz,Raw FASTQ
HRR365783_r2.fastq.gz,Raw FASTQ
HRR365782_f1.fq.gz,Raw FASTQ
HRR365782_r2.fq.gz,Raw FASTQ
HRR365785_f1.fastq.gz,Raw FASTQ
HRR365785_r2.fastq.gz,Raw FASTQ
HRR365784_f1.fq.gz,Raw FASTQ
HRR365784_r2.fq.gz,Raw FASTQ
HRR365786_f1.fastq.gz,Raw FASTQ
HRR365786_r2.fastq.gz,Raw FASTQ
HRR366768_f1.fq.gz,Raw FASTQ
HRR366768_r2.fq.gz,Raw FASTQ
HRR365787_f1.fastq.gz,Raw FASTQ
HRR365787_r2.fastq.gz,Raw FASTQ
HRR365788_f1.fq.gz,Raw FASTQ
HRR365788_r2.fq.gz,Raw FASTQ
HRR365789_f1.fastq.gz,Raw FASTQ
HRR365789_r2.fastq.gz,Raw FASTQ
HRR365790_f1.fq.gz,Raw FASTQ
HRR365790_r2.fq.gz,Raw FASTQ
HRR365792_f1.fastq.gz,Raw FASTQ
HRR365792_r2.fastq.gz,Raw FASTQ
HRR365791_f1.fq.gz,Raw FASTQ
HRR365791_r2.fq.gz,Raw FASTQ
HRR365794_f1.fastq.gz,Raw FASTQ
HRR365794_r2.fastq.gz,Raw FASTQ
HRR365793_f1.fq.gz,Raw FASTQ
HRR365793_r2.fq.gz,Raw FASTQ
HRR365795_f1.fastq.gz,Raw FASTQ
HRR365795_r2.fastq.gz,Raw FASTQ
HRR365796_f1.fastq.gz,Raw FASTQ
HRR365796_r2.fastq.gz,Raw FASTQ
HRR365797_f1.fq.gz,Raw FASTQ
HRR365797_r2.fq.gz,Raw FASTQ
HRR365798_f1.fastq.gz,Raw FASTQ
HRR365798_r2.fastq.gz,Raw FASTQ
HRR365799_f1.fastq.gz,Raw FASTQ
HRR365799_r2.fastq.gz,Raw FASTQ
HRR365800_f1.fq.gz,Raw FASTQ
HRR365800_r2.fq.gz,Raw FASTQ
HRR365801_f1.fastq.gz,Raw FASTQ
HRR365801_r2.fastq.gz,Raw FASTQ
HRR365802_f1.fq.gz,Raw FASTQ
HRR365802_r2.fq.gz,Raw FASTQ
HRR365803_f1.fastq.gz,Raw FASTQ
HRR365803_r2.fastq.gz,Raw FASTQ
HRR365804_f1.fq.gz,Raw FASTQ
HRR365804_r2.fq.gz,Raw FASTQ
HRR365805_f1.fastq.gz,Raw FASTQ
HRR365805_r2.fastq.gz,Raw FASTQ
HRR365806_f1.fq.gz,Raw FASTQ
HRR365806_r2.fq.gz,Raw FASTQ
HRR365807_f1.fastq.gz,Raw FASTQ
HRR365807_r2.fastq.gz,Raw FASTQ
HRR365808_f1.fq.gz,Raw FASTQ
HRR365808_r2.fq.gz,Raw FASTQ
HRR365809_f1.fastq.gz,Raw FASTQ
HRR365809_r2.fastq.gz,Raw FASTQ
HRR365810_f1.fq.gz,Raw FASTQ
HRR365810_r2.fq.gz,Raw FASTQ
HRR365811_f1.fastq.gz,Raw FASTQ
HRR365811_r2.fastq.gz,Raw FASTQ
HRR366769_f1.fq.gz,Raw FASTQ
HRR366769_r2.fq.gz,Raw FASTQ
HRR365812_f1.fastq.gz,Raw FASTQ
HRR365812_r2.fastq.gz,Raw FASTQ
HRR365813_f1.fq.gz,Raw FASTQ
HRR365813_r2.fq.gz,Raw FASTQ
HRR365814_f1.fastq.gz,Raw FASTQ
HRR365814_r2.fastq.gz,Raw FASTQ
HRR365815_f1.fq.gz,Raw FASTQ
HRR365815_r2.fq.gz,Raw FASTQ
HRR365816_f1.fastq.gz,Raw FASTQ
HRR365816_r2.fastq.gz,Raw FASTQ
HRR365817_f1.fq.gz,Raw FASTQ
HRR365817_r2.fq.gz,Raw FASTQ
HRR365818_f1.fastq.gz,Raw FASTQ
HRR365818_r2.fastq.gz,Raw FASTQ
HRR365819_f1.fq.gz,Raw FASTQ
HRR365819_r2.fq.gz,Raw FASTQ
HRR365820_f1.fastq.gz,Raw FASTQ
HRR365820_r2.fastq.gz,Raw FASTQ
HRR365821_f1.fq.gz,Raw FASTQ
HRR365821_r2.fq.gz,Raw FASTQ
HRR365822_f1.fastq.gz,Raw FASTQ
HRR365822_r2.fastq.gz,Raw FASTQ
HRR366770_f1.fq.gz,Raw FASTQ
HRR366770_r2.fq.gz,Raw FASTQ
HRR365824_f1.fastq.gz,Raw FASTQ
HRR365824_r2.fastq.gz,Raw FASTQ
HRR365823_f1.fq.gz,Raw FASTQ
HRR365823_r2.fq.gz,Raw FASTQ
HRR365826_f1.fastq.gz,Raw FASTQ
HRR365826_r2.fastq.gz,Raw FASTQ
HRR365825_f1.fq.gz,Raw FASTQ
HRR365825_r2.fq.gz,Raw FASTQ
HRR365827_f1.fastq.gz,Raw FASTQ
HRR365827_r2.fastq.gz,Raw FASTQ
HRR365828_f1.fq.gz,Raw FASTQ
HRR365828_r2.fq.gz,Raw FASTQ
HRR365829_f1.fastq.gz,Raw FASTQ
HRR365829_r2.fastq.gz,Raw FASTQ
HRR365830_f1.fastq.gz,Raw FASTQ
HRR365830_r2.fastq.gz,Raw FASTQ
HRR366771_f1.fq.gz,Raw FASTQ
HRR366771_r2.fq.gz,Raw FASTQ
HRR365831_f1.fastq.gz,Raw FASTQ
HRR365831_r2.fastq.gz,Raw FASTQ
HRR365832_f1.fq.gz,Raw FASTQ
HRR365832_r2.fq.gz,Raw FASTQ
HRR365835_f1.fastq.gz,Raw FASTQ
HRR365835_r2.fastq.gz,Raw FASTQ
HRR366772_f1.fq.gz,Raw FASTQ
HRR366772_r2.fq.gz,Raw FASTQ
HRR365836_f1.fastq.gz,Raw FASTQ
HRR365836_r2.fastq.gz,Raw FASTQ
HRR365837_f1.fastq.gz,Raw FASTQ
HRR365837_r2.fastq.gz,Raw FASTQ
HRR365833_f1.fastq.gz,Raw FASTQ
HRR365833_r2.fastq.gz,Raw FASTQ
HRR365834_f1.fastq.gz,Raw FASTQ
HRR365834_r2.fastq.gz,Raw FASTQ
HRR365838_f1.fastq.gz,Raw FASTQ
HRR365838_r2.fastq.gz,Raw FASTQ
HRR365839_f1.fq.gz,Raw FASTQ
HRR365839_r2.fq.gz,Raw FASTQ
HRR365840_f1.fastq.gz,Raw FASTQ
HRR365840_r2.fastq.gz,Raw FASTQ
HRR365841_f1.fq.gz,Raw FASTQ
HRR365841_r2.fq.gz,Raw FASTQ
HRR365842_f1.fastq.gz,Raw FASTQ
HRR365842_r2.fastq.gz,Raw FASTQ
HRR365843_f1.fq.gz,Raw FASTQ
HRR365843_r2.fq.gz,Raw FASTQ
HRR365844_f1.fastq.gz,Raw FASTQ
HRR365844_r2.fastq.gz,Raw FASTQ
HRR365845_f1.fq.gz,Raw FASTQ
HRR365845_r2.fq.gz,Raw FASTQ
HRR365846_f1.fastq.gz,Raw FASTQ
HRR365846_r2.fastq.gz,Raw FASTQ
HRR366773_f1.fq.gz,Raw FASTQ
HRR366773_r2.fq.gz,Raw FASTQ
HRR365847_f1.fastq.gz,Raw FASTQ
HRR365847_r2.fastq.gz,Raw FASTQ
HRR365848_f1.fq.gz,Raw FASTQ
HRR365848_r2.fq.gz,Raw FASTQ
HRR365849_f1.fastq.gz,Raw FASTQ
HRR365849_r2.fastq.gz,Raw FASTQ
HRR365850_f1.fq.gz,Raw FASTQ
HRR365850_r2.fq.gz,Raw FASTQ
HRR365851_f1.fastq.gz,Raw FASTQ
HRR365851_r2.fastq.gz,Raw FASTQ
HRR365852_f1.fq.gz,Raw FASTQ
HRR365852_r2.fq.gz,Raw FASTQ
HRR365854_f1.fastq.gz,Raw FASTQ
HRR365854_r2.fastq.gz,Raw FASTQ
HRR365853_f1.fq.gz,Raw FASTQ
HRR365853_r2.fq.gz,Raw FASTQ
HRR365855_f1.fastq.gz,Raw FASTQ
HRR365855_r2.fastq.gz,Raw FASTQ
HRR366774_f1.fq.gz,Raw FASTQ
HRR366774_r2.fq.gz,Raw FASTQ
HRR365856_f1.fastq.gz,Raw FASTQ
HRR365856_r2.fastq.gz,Raw FASTQ
HRR366775_f1.fq.gz,Raw FASTQ
HRR366775_r2.fq.gz,Raw FASTQ
HRR365857_f1.fastq.gz,Raw FASTQ
HRR365857_r2.fastq.gz,Raw FASTQ
HRR365858_f1.fq.gz,Raw FASTQ
HRR365858_r2.fq.gz,Raw FASTQ
HRR365859_f1.fastq.gz,Raw FASTQ
HRR365859_r2.fastq.gz,Raw FASTQ
HRR365860_f1.fq.gz,Raw FASTQ
HRR365860_r2.fq.gz,Raw FASTQ
HRR365861_f1.fastq.gz,Raw FASTQ
HRR365861_r2.fastq.gz,Raw FASTQ
HRR365862_f1.fastq.gz,Raw FASTQ
HRR365862_r2.fastq.gz,Raw FASTQ
HRR365863_f1.fastq.gz,Raw FASTQ
HRR365863_r2.fastq.gz,Raw FASTQ
HRR365864_f1.fq.gz,Raw FASTQ
HRR365864_r2.fq.gz,Raw FASTQ
HRR365865_f1.fastq.gz,Raw FASTQ
HRR365865_r2.fastq.gz,Raw FASTQ
HRR365866_f1.fq.gz,Raw FASTQ
HRR365866_r2.fq.gz,Raw FASTQ
HRR365867_f1.fastq.gz,Raw FASTQ
HRR365867_r2.fastq.gz,Raw FASTQ
HRR365868_f1.fq.gz,Raw FASTQ
HRR365868_r2.fq.gz,Raw FASTQ
HRR365869_f1.fastq.gz,Raw FASTQ
HRR365869_r2.fastq.gz,Raw FASTQ
HRR365870_f1.fq.gz,Raw FASTQ
HRR365870_r2.fq.gz,Raw FASTQ
HRR365871_f1.fastq.gz,Raw FASTQ
HRR365871_r2.fastq.gz,Raw FASTQ
HRR365872_f1.fq.gz,Raw FASTQ
HRR365872_r2.fq.gz,Raw FASTQ
HRR365873_f1.fastq.gz,Raw FASTQ
HRR365873_r2.fastq.gz,Raw FASTQ
HRR366776_f1.fq.gz,Raw FASTQ
HRR366776_r2.fq.gz,Raw FASTQ
HRR365874_f1.fastq.gz,Raw FASTQ
HRR365874_r2.fastq.gz,Raw FASTQ
HRR365875_f1.fastq.gz,Raw FASTQ
HRR365875_r2.fastq.gz,Raw FASTQ
HRR365876_f1.fastq.gz,Raw FASTQ
HRR365876_r2.fastq.gz,Raw FASTQ
HRR365877_f1.fastq.gz,Raw FASTQ
HRR365877_r2.fastq.gz,Raw FASTQ
HRR365878_f1.fastq.gz,Raw FASTQ
HRR365878_r2.fastq.gz,Raw FASTQ
HRR365879_f1.fastq.gz,Raw FASTQ
HRR365879_r2.fastq.gz,Raw FASTQ
HRR365880_f1.fq.gz,Raw FASTQ
HRR365880_r2.fq.gz,Raw FASTQ
HRR365881_f1.fastq.gz,Raw FASTQ
HRR365881_r2.fastq.gz,Raw FASTQ
HRR366777_f1.fq.gz,Raw FASTQ
HRR366777_r2.fq.gz,Raw FASTQ
HRR365882_f1.fastq.gz,Raw FASTQ
HRR365882_r2.fastq.gz,Raw FASTQ
HRR365883_f1.fastq.gz,Raw FASTQ
HRR365883_r2.fastq.gz,Raw FASTQ
HRR365884_f1.fastq.gz,Raw FASTQ
HRR365884_r2.fastq.gz,Raw FASTQ
HRR365885_f1.fastq.gz,Raw FASTQ
HRR365885_r2.fastq.gz,Raw FASTQ
HRR365886_f1.fastq.gz,Raw FASTQ
HRR365886_r2.fastq.gz,Raw FASTQ
HRR365887_f1.fq.gz,Raw FASTQ
HRR365887_r2.fq.gz,Raw FASTQ
HRR365888_f1.fastq.gz,Raw FASTQ
HRR365888_r2.fastq.gz,Raw FASTQ
HRR365889_f1.fq.gz,Raw FASTQ
HRR365889_r2.fq.gz,Raw FASTQ
HRR365890_f1.fastq.gz,Raw FASTQ
HRR365890_r2.fastq.gz,Raw FASTQ
HRR365891_f1.fq.gz,Raw FASTQ
HRR365891_r2.fq.gz,Raw FASTQ
HRR365892_f1.fastq.gz,Raw FASTQ
HRR365892_r2.fastq.gz,Raw FASTQ
HRR365893_f1.fq.gz,Raw FASTQ
HRR365893_r2.fq.gz,Raw FASTQ
HRR365894_f1.fastq.gz,Raw FASTQ
HRR365894_r2.fastq.gz,Raw FASTQ
HRR366778_f1.fq.gz,Raw FASTQ
HRR366778_r2.fq.gz,Raw FASTQ
HRR365895_f1.fastq.gz,Raw FASTQ
HRR365895_r2.fastq.gz,Raw FASTQ
HRR365896_f1.fq.gz,Raw FASTQ
HRR365896_r2.fq.gz,Raw FASTQ
HRR365897_f1.fastq.gz,Raw FASTQ
HRR365897_r2.fastq.gz,Raw FASTQ
HRR365898_f1.fastq.gz,Raw FASTQ
HRR365898_r2.fastq.gz,Raw FASTQ
HRR365899_f1.fq.gz,Raw FASTQ
HRR365899_r2.fq.gz,Raw FASTQ
HRR365900_f1.fastq.gz,Raw FASTQ
HRR365900_r2.fastq.gz,Raw FASTQ
HRR365901_f1.fastq.gz,Raw FASTQ
HRR365901_r2.fastq.gz,Raw FASTQ
HRR365902_f1.fq.gz,Raw FASTQ
HRR365902_r2.fq.gz,Raw FASTQ
HRR365903_f1.fastq.gz,Raw FASTQ
HRR365903_r2.fastq.gz,Raw FASTQ
HRR365904_f1.fastq.gz,Raw FASTQ
HRR365904_r2.fastq.gz,Raw FASTQ
HRR365905_f1.fq.gz,Raw FASTQ
HRR365905_r2.fq.gz,Raw FASTQ
HRR365906_f1.fastq.gz,Raw FASTQ
HRR365906_r2.fastq.gz,Raw FASTQ
HRR365907_f1.fq.gz,Raw FASTQ
HRR365907_r2.fq.gz,Raw FASTQ
HRR365908_f1.fastq.gz,Raw FASTQ
HRR365908_r2.fastq.gz,Raw FASTQ
HRR365909_f1.fq.gz,Raw FASTQ
HRR365909_r2.fq.gz,Raw FASTQ
HRR365910_f1.fastq.gz,Raw FASTQ
HRR365910_r2.fastq.gz,Raw FASTQ
HRR366779_f1.fq.gz,Raw FASTQ
HRR366779_r2.fq.gz,Raw FASTQ
HRR365911_f1.fastq.gz,Raw FASTQ
HRR365911_r2.fastq.gz,Raw FASTQ
HRR365912_f1.fq.gz,Raw FASTQ
HRR365912_r2.fq.gz,Raw FASTQ
HRR365913_f1.fastq.gz,Raw FASTQ
HRR365913_r2.fastq.gz,Raw FASTQ
HRR365914_f1.fq.gz,Raw FASTQ
HRR365914_r2.fq.gz,Raw FASTQ
HRR365915_f1.fastq.gz,Raw FASTQ
HRR365915_r2.fastq.gz,Raw FASTQ
HRR365916_f1.fq.gz,Raw FASTQ
HRR365916_r2.fq.gz,Raw FASTQ
HRR365917_f1.fastq.gz,Raw FASTQ
HRR365917_r2.fastq.gz,Raw FASTQ
HRR365918_f1.fq.gz,Raw FASTQ
HRR365918_r2.fq.gz,Raw FASTQ
HRR365919_f1.fastq.gz,Raw FASTQ
HRR365919_r2.fastq.gz,Raw FASTQ
HRR365920_f1.fq.gz,Raw FASTQ
HRR365920_r2.fq.gz,Raw FASTQ
HRR365921_f1.fastq.gz,Raw FASTQ
HRR365921_r2.fastq.gz,Raw FASTQ
HRR365922_f1.fq.gz,Raw FASTQ
HRR365922_r2.fq.gz,Raw FASTQ
HRR365923_f1.fastq.gz,Raw FASTQ
HRR365923_r2.fastq.gz,Raw FASTQ
HRR365924_f1.fq.gz,Raw FASTQ
HRR365924_r2.fq.gz,Raw FASTQ
HRR365925_f1.fastq.gz,Raw FASTQ
HRR365925_r2.fastq.gz,Raw FASTQ
HRR365926_f1.fastq.gz,Raw FASTQ
HRR365926_r2.fastq.gz,Raw FASTQ
HRR365927_f1.fastq.gz,Raw FASTQ
HRR365927_r2.fastq.gz,Raw FASTQ
HRR365928_f1.fq.gz,Raw FASTQ
HRR365928_r2.fq.gz,Raw FASTQ
HRR365929_f1.fq.gz,Raw FASTQ
HRR365929_r2.fq.gz,Raw FASTQ
HRR365930_f1.fastq.gz,Raw FASTQ
HRR365930_r2.fastq.gz,Raw FASTQ
HRR365931_f1.fq.gz,Raw FASTQ
HRR365931_r2.fq.gz,Raw FASTQ
HRR365932_f1.fastq.gz,Raw FASTQ
HRR365932_r2.fastq.gz,Raw FASTQ
HRR365933_f1.fastq.gz,Raw FASTQ
HRR365933_r2.fastq.gz,Raw FASTQ
HRR365934_f1.fq.gz,Raw FASTQ
HRR365934_r2.fq.gz,Raw FASTQ
HRR365935_f1.fastq.gz,Raw FASTQ
HRR365935_r2.fastq.gz,Raw FASTQ
HRR365936_f1.fq.gz,Raw FASTQ
HRR365936_r2.fq.gz,Raw FASTQ
HRR365937_f1.fastq.gz,Raw FASTQ
HRR365937_r2.fastq.gz,Raw FASTQ
HRR365938_f1.fastq.gz,Raw FASTQ
HRR365938_r2.fastq.gz,Raw FASTQ
HRR366780_f1.fq.gz,Raw FASTQ
HRR366780_r2.fq.gz,Raw FASTQ
HRR365939_f1.fastq.gz,Raw FASTQ
HRR365939_r2.fastq.gz,Raw FASTQ
HRR365940_f1.fq.gz,Raw FASTQ
HRR365940_r2.fq.gz,Raw FASTQ
HRR365941_f1.fastq.gz,Raw FASTQ
HRR365941_r2.fastq.gz,Raw FASTQ
HRR365942_f1.fq.gz,Raw FASTQ
HRR365942_r2.fq.gz,Raw FASTQ
HRR365943_f1.fastq.gz,Raw FASTQ
HRR365943_r2.fastq.gz,Raw FASTQ
HRR365944_f1.fq.gz,Raw FASTQ
HRR365944_r2.fq.gz,Raw FASTQ
HRR365945_f1.fastq.gz,Raw FASTQ
HRR365945_r2.fastq.gz,Raw FASTQ
HRR365946_f1.fastq.gz,Raw FASTQ
HRR365946_r2.fastq.gz,Raw FASTQ
HRR365947_f1.fq.gz,Raw FASTQ
HRR365947_r2.fq.gz,Raw FASTQ
HRR365948_f1.fastq.gz,Raw FASTQ
HRR365948_r2.fastq.gz,Raw FASTQ
HRR365949_f1.fq.gz,Raw FASTQ
HRR365949_r2.fq.gz,Raw FASTQ
HRR365951_f1.fastq.gz,Raw FASTQ
HRR365951_r2.fastq.gz,Raw FASTQ
HRR365950_f1.fq.gz,Raw FASTQ
HRR365950_r2.fq.gz,Raw FASTQ
HRR365953_f1.fastq.gz,Raw FASTQ
HRR365953_r2.fastq.gz,Raw FASTQ
HRR365952_f1.fq.gz,Raw FASTQ
HRR365952_r2.fq.gz,Raw FASTQ
HRR365955_f1.fastq.gz,Raw FASTQ
HRR365955_r2.fastq.gz,Raw FASTQ
HRR365954_f1.fq.gz,Raw FASTQ
HRR365954_r2.fq.gz,Raw FASTQ
HRR365957_f1.fastq.gz,Raw FASTQ
HRR365957_r2.fastq.gz,Raw FASTQ
HRR365956_f1.fq.gz,Raw FASTQ
HRR365956_r2.fq.gz,Raw FASTQ
HRR365958_f1.fastq.gz,Raw FASTQ
HRR365958_r2.fastq.gz,Raw FASTQ
HRR365960_f1.fastq.gz,Raw FASTQ
HRR365960_r2.fastq.gz,Raw FASTQ
HRR365959_f1.fq.gz,Raw FASTQ
HRR365959_r2.fq.gz,Raw FASTQ
HRR365961_f1.fastq.gz,Raw FASTQ
HRR365961_r2.fastq.gz,Raw FASTQ
HRR366781_f1.fq.gz,Raw FASTQ
HRR366781_r2.fq.gz,Raw FASTQ
HRR365962_f1.fastq.gz,Raw FASTQ
HRR365962_r2.fastq.gz,Raw FASTQ
HRR365963_f1.fq.gz,Raw FASTQ
HRR365963_r2.fq.gz,Raw FASTQ
HRR365965_f1.fastq.gz,Raw FASTQ
HRR365965_r2.fastq.gz,Raw FASTQ
HRR365964_f1.fq.gz,Raw FASTQ
HRR365964_r2.fq.gz,Raw FASTQ
HRR365966_f1.fastq.gz,Raw FASTQ
HRR365966_r2.fastq.gz,Raw FASTQ
HRR366782_f1.fq.gz,Raw FASTQ
HRR366782_r2.fq.gz,Raw FASTQ
HRR365967_f1.fastq.gz,Raw FASTQ
HRR365967_r2.fastq.gz,Raw FASTQ
HRR365968_f1.fq.gz,Raw FASTQ
HRR365968_r2.fq.gz,Raw FASTQ
HRR365970_f1.fastq.gz,Raw FASTQ
HRR365970_r2.fastq.gz,Raw FASTQ
HRR365969_f1.fq.gz,Raw FASTQ
HRR365969_r2.fq.gz,Raw FASTQ
HRR365971_f1.fastq.gz,Raw FASTQ
HRR365971_r2.fastq.gz,Raw FASTQ
HRR366783_f1.fq.gz,Raw FASTQ
HRR366783_r2.fq.gz,Raw FASTQ
HRR365972_f1.fastq.gz,Raw FASTQ
HRR365972_r2.fastq.gz,Raw FASTQ
HRR365973_f1.fq.gz,Raw FASTQ
HRR365973_r2.fq.gz,Raw FASTQ
HRR365974_f1.fastq.gz,Raw FASTQ
HRR365974_r2.fastq.gz,Raw FASTQ
HRR366784_f1.fq.gz,Raw FASTQ
HRR366784_r2.fq.gz,Raw FASTQ
HRR365976_f1.fastq.gz,Raw FASTQ
HRR365976_r2.fastq.gz,Raw FASTQ
HRR365975_f1.fq.gz,Raw FASTQ
HRR365975_r2.fq.gz,Raw FASTQ
HRR365978_f1.fastq.gz,Raw FASTQ
HRR365978_r2.fastq.gz,Raw FASTQ
HRR365977_f1.fq.gz,Raw FASTQ
HRR365977_r2.fq.gz,Raw FASTQ
HRR365979_f1.fastq.gz,Raw FASTQ
HRR365979_r2.fastq.gz,Raw FASTQ
HRR365980_f1.fq.gz,Raw FASTQ
HRR365980_r2.fq.gz,Raw FASTQ
HRR365981_f1.fastq.gz,Raw FASTQ
HRR365981_r2.fastq.gz,Raw FASTQ
HRR365982_f1.fq.gz,Raw FASTQ
HRR365982_r2.fq.gz,Raw FASTQ
HRR365984_f1.fastq.gz,Raw FASTQ
HRR365984_r2.fastq.gz,Raw FASTQ
HRR365983_f1.fq.gz,Raw FASTQ
HRR365983_r2.fq.gz,Raw FASTQ
HRR365985_f1.fastq.gz,Raw FASTQ
HRR365985_r2.fastq.gz,Raw FASTQ
HRR366785_f1.fq.gz,Raw FASTQ
HRR366785_r2.fq.gz,Raw FASTQ
HRR365987_f1.fastq.gz,Raw FASTQ
HRR365987_r2.fastq.gz,Raw FASTQ
HRR365986_f1.fq.gz,Raw FASTQ
HRR365986_r2.fq.gz,Raw FASTQ
HRR365989_f1.fastq.gz,Raw FASTQ
HRR365989_r2.fastq.gz,Raw FASTQ
HRR365988_f1.fq.gz,Raw FASTQ
HRR365988_r2.fq.gz,Raw FASTQ
HRR365990_f1.fastq.gz,Raw FASTQ
HRR365990_r2.fastq.gz,Raw FASTQ
HRR365991_f1.fastq.gz,Raw FASTQ
HRR365991_r2.fastq.gz,Raw FASTQ
HRR365993_f1.fastq.gz,Raw FASTQ
HRR365993_r2.fastq.gz,Raw FASTQ
HRR365992_f1.fq.gz,Raw FASTQ
HRR365992_r2.fq.gz,Raw FASTQ
HRR365995_f1.fastq.gz,Raw FASTQ
HRR365995_r2.fastq.gz,Raw FASTQ
HRR365994_f1.fq.gz,Raw FASTQ
HRR365994_r2.fq.gz,Raw FASTQ
HRR365996_f1.fastq.gz,Raw FASTQ
HRR365996_r2.fastq.gz,Raw FASTQ
HRR365998_f1.fastq.gz,Raw FASTQ
HRR365998_r2.fastq.gz,Raw FASTQ
HRR365997_f1.fq.gz,Raw FASTQ
HRR365997_r2.fq.gz,Raw FASTQ
HRR366000_f1.fastq.gz,Raw FASTQ
HRR366000_r2.fastq.gz,Raw FASTQ
HRR365999_f1.fq.gz,Raw FASTQ
HRR365999_r2.fq.gz,Raw FASTQ
HRR366002_f1.fastq.gz,Raw FASTQ
HRR366002_r2.fastq.gz,Raw FASTQ
HRR366001_f1.fq.gz,Raw FASTQ
HRR366001_r2.fq.gz,Raw FASTQ
HRR366003_f1.fastq.gz,Raw FASTQ
HRR366003_r2.fastq.gz,Raw FASTQ
HRR366005_f1.fastq.gz,Raw FASTQ
HRR366005_r2.fastq.gz,Raw FASTQ
HRR366004_f1.fq.gz,Raw FASTQ
HRR366004_r2.fq.gz,Raw FASTQ
HRR366007_f1.fastq.gz,Raw FASTQ
HRR366007_r2.fastq.gz,Raw FASTQ
HRR366006_f1.fq.gz,Raw FASTQ
HRR366006_r2.fq.gz,Raw FASTQ
HRR366009_f1.fastq.gz,Raw FASTQ
HRR366009_r2.fastq.gz,Raw FASTQ
HRR366008_f1.fq.gz,Raw FASTQ
HRR366008_r2.fq.gz,Raw FASTQ
HRR366011_f1.fastq.gz,Raw FASTQ
HRR366011_r2.fastq.gz,Raw FASTQ
HRR366010_f1.fq.gz,Raw FASTQ
HRR366010_r2.fq.gz,Raw FASTQ
HRR366013_f1.fastq.gz,Raw FASTQ
HRR366013_r2.fastq.gz,Raw FASTQ
HRR366012_f1.fq.gz,Raw FASTQ
HRR366012_r2.fq.gz,Raw FASTQ
HRR366014_f1.fastq.gz,Raw FASTQ
HRR366014_r2.fastq.gz,Raw FASTQ
HRR366016_f1.fastq.gz,Raw FASTQ
HRR366016_r2.fastq.gz,Raw FASTQ
HRR366015_f1.fq.gz,Raw FASTQ
HRR366015_r2.fq.gz,Raw FASTQ
HRR366018_f1.fastq.gz,Raw FASTQ
HRR366018_r2.fastq.gz,Raw FASTQ
HRR366017_f1.fq.gz,Raw FASTQ
HRR366017_r2.fq.gz,Raw FASTQ
HRR366019_f1.fastq.gz,Raw FASTQ
HRR366019_r2.fastq.gz,Raw FASTQ
HRR366020_f1.fastq.gz,Raw FASTQ
HRR366020_r2.fastq.gz,Raw FASTQ
HRR366022_f1.fastq.gz,Raw FASTQ
HRR366022_r2.fastq.gz,Raw FASTQ
HRR366021_f1.fq.gz,Raw FASTQ
HRR366021_r2.fq.gz,Raw FASTQ
HRR366023_f1.fastq.gz,Raw FASTQ
HRR366023_r2.fastq.gz,Raw FASTQ
HRR366024_f1.fq.gz,Raw FASTQ
HRR366024_r2.fq.gz,Raw FASTQ
HRR366025_f1.fastq.gz,Raw FASTQ
HRR366025_r2.fastq.gz,Raw FASTQ
HRR366026_f1.fastq.gz,Raw FASTQ
HRR366026_r2.fastq.gz,Raw FASTQ
HRR366027_f1.fastq.gz,Raw FASTQ
HRR366027_r2.fastq.gz,Raw FASTQ
HRR366028_f1.fastq.gz,Raw FASTQ
HRR366028_r2.fastq.gz,Raw FASTQ
HRR366029_f1.fastq.gz,Raw FASTQ
HRR366029_r2.fastq.gz,Raw FASTQ
HRR366030_f1.fastq.gz,Raw FASTQ
HRR366030_r2.fastq.gz,Raw FASTQ
HRR366031_f1.fq.gz,Raw FASTQ
HRR366031_r2.fq.gz,Raw FASTQ
HRR366033_f1.fastq.gz,Raw FASTQ
HRR366033_r2.fastq.gz,Raw FASTQ
HRR366032_f1.fq.gz,Raw FASTQ
HRR366032_r2.fq.gz,Raw FASTQ
HRR366034_f1.fastq.gz,Raw FASTQ
HRR366034_r2.fastq.gz,Raw FASTQ
HRR366035_f1.fastq.gz,Raw FASTQ
HRR366035_r2.fastq.gz,Raw FASTQ
HRR366036_f1.fastq.gz,Raw FASTQ
HRR366036_r2.fastq.gz,Raw FASTQ
HRR366037_f1.fastq.gz,Raw FASTQ
HRR366037_r2.fastq.gz,Raw FASTQ
HRR366038_f1.fq.gz,Raw FASTQ
HRR366038_r2.fq.gz,Raw FASTQ
HRR366039_f1.fastq.gz,Raw FASTQ
HRR366039_r2.fastq.gz,Raw FASTQ
HRR366041_f1.fastq.gz,Raw FASTQ
HRR366041_r2.fastq.gz,Raw FASTQ
HRR366040_f1.fq.gz,Raw FASTQ
HRR366040_r2.fq.gz,Raw FASTQ
HRR366042_f1.fastq.gz,Raw FASTQ
HRR366042_r2.fastq.gz,Raw FASTQ
HRR366043_f1.fastq.gz,Raw FASTQ
HRR366043_r2.fastq.gz,Raw FASTQ
HRR366044_f1.fastq.gz,Raw FASTQ
HRR366044_r2.fastq.gz,Raw FASTQ
HRR366045_f1.fastq.gz,Raw FASTQ
HRR366045_r2.fastq.gz,Raw FASTQ
HRR366046_f1.fastq.gz,Raw FASTQ
HRR366046_r2.fastq.gz,Raw FASTQ
HRR366047_f1.fq.gz,Raw FASTQ
HRR366047_r2.fq.gz,Raw FASTQ
HRR366048_f1.fastq.gz,Raw FASTQ
HRR366048_r2.fastq.gz,Raw FASTQ
HRR366049_f1.fastq.gz,Raw FASTQ
HRR366049_r2.fastq.gz,Raw FASTQ
HRR366050_f1.fastq.gz,Raw FASTQ
HRR366050_r2.fastq.gz,Raw FASTQ
HRR366051_f1.fq.gz,Raw FASTQ
HRR366051_r2.fq.gz,Raw FASTQ
HRR366052_f1.fastq.gz,Raw FASTQ
HRR366052_r2.fastq.gz,Raw FASTQ
HRR366053_f1.fq.gz,Raw FASTQ
HRR366053_r2.fq.gz,Raw FASTQ
HRR366055_f1.fastq.gz,Raw FASTQ
HRR366055_r2.fastq.gz,Raw FASTQ
HRR366054_f1.fq.gz,Raw FASTQ
HRR366054_r2.fq.gz,Raw FASTQ
HRR366056_f1.fastq.gz,Raw FASTQ
HRR366056_r2.fastq.gz,Raw FASTQ
HRR366786_f1.fq.gz,Raw FASTQ
HRR366786_r2.fq.gz,Raw FASTQ
HRR366058_f1.fastq.gz,Raw FASTQ
HRR366058_r2.fastq.gz,Raw FASTQ
HRR366057_f1.fq.gz,Raw FASTQ
HRR366057_r2.fq.gz,Raw FASTQ
HRR366059_f1.fastq.gz,Raw FASTQ
HRR366059_r2.fastq.gz,Raw FASTQ
HRR366060_f1.fq.gz,Raw FASTQ
HRR366060_r2.fq.gz,Raw FASTQ
HRR366061_f1.fastq.gz,Raw FASTQ
HRR366061_r2.fastq.gz,Raw FASTQ
HRR366062_f1.fastq.gz,Raw FASTQ
HRR366062_r2.fastq.gz,Raw FASTQ
HRR366063_f1.fastq.gz,Raw FASTQ
HRR366063_r2.fastq.gz,Raw FASTQ
HRR366064_f1.fastq.gz,Raw FASTQ
HRR366064_r2.fastq.gz,Raw FASTQ
HRR366787_f1.fq.gz,Raw FASTQ
HRR366787_r2.fq.gz,Raw FASTQ
HRR366065_f1.fastq.gz,Raw FASTQ
HRR366065_r2.fastq.gz,Raw FASTQ
HRR366788_f1.fq.gz,Raw FASTQ
HRR366788_r2.fq.gz,Raw FASTQ
HRR366066_f1.fastq.gz,Raw FASTQ
HRR366066_r2.fastq.gz,Raw FASTQ
HRR366067_f1.fq.gz,Raw FASTQ
HRR366067_r2.fq.gz,Raw FASTQ
HRR366068_f1.fastq.gz,Raw FASTQ
HRR366068_r2.fastq.gz,Raw FASTQ
HRR366069_f1.fastq.gz,Raw FASTQ
HRR366069_r2.fastq.gz,Raw FASTQ
HRR366070_f1.fastq.gz,Raw FASTQ
HRR366070_r2.fastq.gz,Raw FASTQ
HRR366071_f1.fastq.gz,Raw FASTQ
HRR366071_r2.fastq.gz,Raw FASTQ
HRR366072_f1.fastq.gz,Raw FASTQ
HRR366072_r2.fastq.gz,Raw FASTQ
HRR366789_f1.fq.gz,Raw FASTQ
HRR366789_r2.fq.gz,Raw FASTQ
HRR366074_f1.fastq.gz,Raw FASTQ
HRR366074_r2.fastq.gz,Raw FASTQ
HRR366073_f1.fq.gz,Raw FASTQ
HRR366073_r2.fq.gz,Raw FASTQ
HRR366075_f1.fastq.gz,Raw FASTQ
HRR366075_r2.fastq.gz,Raw FASTQ
HRR366076_f1.fq.gz,Raw FASTQ
HRR366076_r2.fq.gz,Raw FASTQ
HRR366077_f1.fastq.gz,Raw FASTQ
HRR366077_r2.fastq.gz,Raw FASTQ
HRR366790_f1.fq.gz,Raw FASTQ
HRR366790_r2.fq.gz,Raw FASTQ
HRR366079_f1.fastq.gz,Raw FASTQ
HRR366079_r2.fastq.gz,Raw FASTQ
HRR366078_f1.fq.gz,Raw FASTQ
HRR366078_r2.fq.gz,Raw FASTQ
HRR366081_f1.fastq.gz,Raw FASTQ
HRR366081_r2.fastq.gz,Raw FASTQ
HRR366080_f1.fq.gz,Raw FASTQ
HRR366080_r2.fq.gz,Raw FASTQ
HRR366083_f1.fastq.gz,Raw FASTQ
HRR366083_r2.fastq.gz,Raw FASTQ
HRR366082_f1.fq.gz,Raw FASTQ
HRR366082_r2.fq.gz,Raw FASTQ
HRR366084_f1.fastq.gz,Raw FASTQ
HRR366084_r2.fastq.gz,Raw FASTQ
HRR366086_f1.fastq.gz,Raw FASTQ
HRR366086_r2.fastq.gz,Raw FASTQ
HRR366085_f1.fq.gz,Raw FASTQ
HRR366085_r2.fq.gz,Raw FASTQ
HRR366088_f1.fastq.gz,Raw FASTQ
HRR366088_r2.fastq.gz,Raw FASTQ
HRR366087_f1.fq.gz,Raw FASTQ
HRR366087_r2.fq.gz,Raw FASTQ
HRR366089_f1.fastq.gz,Raw FASTQ
HRR366089_r2.fastq.gz,Raw FASTQ
HRR366090_f1.fastq.gz,Raw FASTQ
HRR366090_r2.fastq.gz,Raw FASTQ
HRR366791_f1.fq.gz,Raw FASTQ
HRR366791_r2.fq.gz,Raw FASTQ
HRR366092_f1.fastq.gz,Raw FASTQ
HRR366092_r2.fastq.gz,Raw FASTQ
HRR366091_f1.fq.gz,Raw FASTQ
HRR366091_r2.fq.gz,Raw FASTQ
HRR366093_f1.fastq.gz,Raw FASTQ
HRR366093_r2.fastq.gz,Raw FASTQ
HRR366792_f1.fq.gz,Raw FASTQ
HRR366792_r2.fq.gz,Raw FASTQ
HRR366094_f1.fastq.gz,Raw FASTQ
HRR366094_r2.fastq.gz,Raw FASTQ
HRR366095_f1.fq.gz,Raw FASTQ
HRR366095_r2.fq.gz,Raw FASTQ
HRR366096_f1.fastq.gz,Raw FASTQ
HRR366096_r2.fastq.gz,Raw FASTQ
HRR366097_f1.fq.gz,Raw FASTQ
HRR366097_r2.fq.gz,Raw FASTQ
HRR366099_f1.fastq.gz,Raw FASTQ
HRR366099_r2.fastq.gz,Raw FASTQ
HRR366098_f1.fq.gz,Raw FASTQ
HRR366098_r2.fq.gz,Raw FASTQ
HRR366100_f1.fastq.gz,Raw FASTQ
HRR366100_r2.fastq.gz,Raw FASTQ
HRR366793_f1.fq.gz,Raw FASTQ
HRR366793_r2.fq.gz,Raw FASTQ
HRR366101_f1.fastq.gz,Raw FASTQ
HRR366101_r2.fastq.gz,Raw FASTQ
HRR366103_f1.fastq.gz,Raw FASTQ
HRR366103_r2.fastq.gz,Raw FASTQ
HRR366102_f1.fq.gz,Raw FASTQ
HRR366102_r2.fq.gz,Raw FASTQ
HRR366105_f1.fastq.gz,Raw FASTQ
HRR366105_r2.fastq.gz,Raw FASTQ
HRR366104_f1.fq.gz,Raw FASTQ
HRR366104_r2.fq.gz,Raw FASTQ
HRR366106_f1.fastq.gz,Raw FASTQ
HRR366106_r2.fastq.gz,Raw FASTQ
HRR366107_f1.fq.gz,Raw FASTQ
HRR366107_r2.fq.gz,Raw FASTQ
HRR366109_f1.fastq.gz,Raw FASTQ
HRR366109_r2.fastq.gz,Raw FASTQ
HRR366108_f1.fq.gz,Raw FASTQ
HRR366108_r2.fq.gz,Raw FASTQ
HRR366110_f1.fq.gz,Raw FASTQ
HRR366110_r2.fq.gz,Raw FASTQ
HRR366111_f1.fastq.gz,Raw FASTQ
HRR366111_r2.fastq.gz,Raw FASTQ
HRR366113_f1.fastq.gz,Raw FASTQ
HRR366113_r2.fastq.gz,Raw FASTQ
HRR366112_f1.fq.gz,Raw FASTQ
HRR366112_r2.fq.gz,Raw FASTQ
HRR366170_f1.fastq.gz,Raw FASTQ
HRR366170_r2.fastq.gz,Raw FASTQ
HRR366171_f1.fastq.gz,Raw FASTQ
HRR366171_r2.fastq.gz,Raw FASTQ
HRR366172_f1.fq.gz,Raw FASTQ
HRR366172_r2.fq.gz,Raw FASTQ
HRR366189_f1.fastq.gz,Raw FASTQ
HRR366189_r2.fastq.gz,Raw FASTQ
HRR366191_f1.fastq.gz,Raw FASTQ
HRR366191_r2.fastq.gz,Raw FASTQ
HRR366190_f1.fq.gz,Raw FASTQ
HRR366190_r2.fq.gz,Raw FASTQ
HRR366192_f1.fastq.gz,Raw FASTQ
HRR366192_r2.fastq.gz,Raw FASTQ
HRR366194_f1.fastq.gz,Raw FASTQ
HRR366194_r2.fastq.gz,Raw FASTQ
HRR366193_f1.fq.gz,Raw FASTQ
HRR366193_r2.fq.gz,Raw FASTQ
HRR366195_f1.fastq.gz,Raw FASTQ
HRR366195_r2.fastq.gz,Raw FASTQ
HRR366196_f1.fastq.gz,Raw FASTQ
HRR366196_r2.fastq.gz,Raw FASTQ
HRR366197_f1.fq.gz,Raw FASTQ
HRR366197_r2.fq.gz,Raw FASTQ
HRR366198_f1.fastq.gz,Raw FASTQ
HRR366198_r2.fastq.gz,Raw FASTQ
HRR366200_f1.fastq.gz,Raw FASTQ
HRR366200_r2.fastq.gz,Raw FASTQ
HRR366199_f1.fq.gz,Raw FASTQ
HRR366199_r2.fq.gz,Raw FASTQ
HRR366201_f1.fastq.gz,Raw FASTQ
HRR366201_r2.fastq.gz,Raw FASTQ
HRR366203_f1.fastq.gz,Raw FASTQ
HRR366203_r2.fastq.gz,Raw FASTQ
HRR366202_f1.fq.gz,Raw FASTQ
HRR366202_r2.fq.gz,Raw FASTQ
HRR366204_f1.fastq.gz,Raw FASTQ
HRR366204_r2.fastq.gz,Raw FASTQ
HRR366205_f1.fastq.gz,Raw FASTQ
HRR366205_r2.fastq.gz,Raw FASTQ
HRR366206_f1.fq.gz,Raw FASTQ
HRR366206_r2.fq.gz,Raw FASTQ
HRR366207_f1.fastq.gz,Raw FASTQ
HRR366207_r2.fastq.gz,Raw FASTQ
HRR366209_f1.fastq.gz,Raw FASTQ
HRR366209_r2.fastq.gz,Raw FASTQ
HRR366208_f1.fq.gz,Raw FASTQ
HRR366208_r2.fq.gz,Raw FASTQ
HRR366210_f1.fastq.gz,Raw FASTQ
HRR366210_r2.fastq.gz,Raw FASTQ
HRR366211_f1.fastq.gz,Raw FASTQ
HRR366211_r2.fastq.gz,Raw FASTQ
HRR366212_f1.fq.gz,Raw FASTQ
HRR366212_r2.fq.gz,Raw FASTQ
HRR366213_f1.fastq.gz,Raw FASTQ
HRR366213_r2.fastq.gz,Raw FASTQ
HRR366214_f1.fastq.gz,Raw FASTQ
HRR366214_r2.fastq.gz,Raw FASTQ
HRR366215_f1.fq.gz,Raw FASTQ
HRR366215_r2.fq.gz,Raw FASTQ
HRR366216_f1.fastq.gz,Raw FASTQ
HRR366216_r2.fastq.gz,Raw FASTQ
HRR366217_f1.fastq.gz,Raw FASTQ
HRR366217_r2.fastq.gz,Raw FASTQ
HRR366218_f1.fq.gz,Raw FASTQ
HRR366218_r2.fq.gz,Raw FASTQ
HRR366219_f1.fastq.gz,Raw FASTQ
HRR366219_r2.fastq.gz,Raw FASTQ
HRR366220_f1.fastq.gz,Raw FASTQ
HRR366220_r2.fastq.gz,Raw FASTQ
HRR366221_f1.fq.gz,Raw FASTQ
HRR366221_r2.fq.gz,Raw FASTQ
HRR366222_f1.fastq.gz,Raw FASTQ
HRR366222_r2.fastq.gz,Raw FASTQ
HRR366223_f1.fastq.gz,Raw FASTQ
HRR366223_r2.fastq.gz,Raw FASTQ
HRR366224_f1.fq.gz,Raw FASTQ
HRR366224_r2.fq.gz,Raw FASTQ
HRR366225_f1.fastq.gz,Raw FASTQ
HRR366225_r2.fastq.gz,Raw FASTQ
HRR366226_f1.fastq.gz,Raw FASTQ
HRR366226_r2.fastq.gz,Raw FASTQ
HRR366227_f1.fq.gz,Raw FASTQ
HRR366227_r2.fq.gz,Raw FASTQ
HRR366228_f1.fastq.gz,Raw FASTQ
HRR366228_r2.fastq.gz,Raw FASTQ
HRR366229_f1.fastq.gz,Raw FASTQ
HRR366229_r2.fastq.gz,Raw FASTQ
HRR366230_f1.fq.gz,Raw FASTQ
HRR366230_r2.fq.gz,Raw FASTQ
HRR366231_f1.fastq.gz,Raw FASTQ
HRR366231_r2.fastq.gz,Raw FASTQ
HRR366232_f1.fastq.gz,Raw FASTQ
HRR366232_r2.fastq.gz,Raw FASTQ
HRR366233_f1.fq.gz,Raw FASTQ
HRR366233_r2.fq.gz,Raw FASTQ
HRR366234_f1.fastq.gz,Raw FASTQ
HRR366234_r2.fastq.gz,Raw FASTQ
HRR366235_f1.fastq.gz,Raw FASTQ
HRR366235_r2.fastq.gz,Raw FASTQ
HRR366236_f1.fq.gz,Raw FASTQ
HRR366236_r2.fq.gz,Raw FASTQ
HRR366237_f1.fastq.gz,Raw FASTQ
HRR366237_r2.fastq.gz,Raw FASTQ
HRR366238_f1.fastq.gz,Raw FASTQ
HRR366238_r2.fastq.gz,Raw FASTQ
HRR366239_f1.fq.gz,Raw FASTQ
HRR366239_r2.fq.gz,Raw FASTQ
HRR366240_f1.fastq.gz,Raw FASTQ
HRR366240_r2.fastq.gz,Raw FASTQ
HRR366241_f1.fastq.gz,Raw FASTQ
HRR366241_r2.fastq.gz,Raw FASTQ
HRR366242_f1.fq.gz,Raw FASTQ
HRR366242_r2.fq.gz,Raw FASTQ
HRR366243_f1.fastq.gz,Raw FASTQ
HRR366243_r2.fastq.gz,Raw FASTQ
HRR366244_f1.fastq.gz,Raw FASTQ
HRR366244_r2.fastq.gz,Raw FASTQ
HRR366245_f1.fq.gz,Raw FASTQ
HRR366245_r2.fq.gz,Raw FASTQ
HRR366246_f1.fastq.gz,Raw FASTQ
HRR366246_r2.fastq.gz,Raw FASTQ
HRR366247_f1.fastq.gz,Raw FASTQ
HRR366247_r2.fastq.gz,Raw FASTQ
HRR366248_f1.fq.gz,Raw FASTQ
HRR366248_r2.fq.gz,Raw FASTQ
HRR366249_f1.fastq.gz,Raw FASTQ
HRR366249_r2.fastq.gz,Raw FASTQ
HRR366250_f1.fastq.gz,Raw FASTQ
HRR366250_r2.fastq.gz,Raw FASTQ
HRR366251_f1.fq.gz,Raw FASTQ
HRR366251_r2.fq.gz,Raw FASTQ
HRR366252_f1.fastq.gz,Raw FASTQ
HRR366252_r2.fastq.gz,Raw FASTQ
HRR366253_f1.fastq.gz,Raw FASTQ
HRR366253_r2.fastq.gz,Raw FASTQ
HRR366254_f1.fq.gz,Raw FASTQ
HRR366254_r2.fq.gz,Raw FASTQ
HRR366255_f1.fastq.gz,Raw FASTQ
HRR366255_r2.fastq.gz,Raw FASTQ
HRR366256_f1.fastq.gz,Raw FASTQ
HRR366256_r2.fastq.gz,Raw FASTQ
HRR366257_f1.fq.gz,Raw FASTQ
HRR366257_r2.fq.gz,Raw FASTQ
HRR366258_f1.fastq.gz,Raw FASTQ
HRR366258_r2.fastq.gz,Raw FASTQ
HRR366259_f1.fastq.gz,Raw FASTQ
HRR366259_r2.fastq.gz,Raw FASTQ
HRR366260_f1.fq.gz,Raw FASTQ
HRR366260_r2.fq.gz,Raw FASTQ
HRR366261_f1.fastq.gz,Raw FASTQ
HRR366261_r2.fastq.gz,Raw FASTQ
HRR366262_f1.fastq.gz,Raw FASTQ
HRR366262_r2.fastq.gz,Raw FASTQ
HRR366263_f1.fq.gz,Raw FASTQ
HRR366263_r2.fq.gz,Raw FASTQ
HRR366273_f1.fastq.gz,Raw FASTQ
HRR366273_r2.fastq.gz,Raw FASTQ
HRR366274_f1.fastq.gz,Raw FASTQ
HRR366274_r2.fastq.gz,Raw FASTQ
HRR366275_f1.fq.gz,Raw FASTQ
HRR366275_r2.fq.gz,Raw FASTQ
HRR366276_f1.fastq.gz,Raw FASTQ
HRR366276_r2.fastq.gz,Raw FASTQ
HRR366277_f1.fastq.gz,Raw FASTQ
HRR366277_r2.fastq.gz,Raw FASTQ
HRR366278_f1.fq.gz,Raw FASTQ
HRR366278_r2.fq.gz,Raw FASTQ
HRR366279_f1.fastq.gz,Raw FASTQ
HRR366279_r2.fastq.gz,Raw FASTQ
HRR366280_f1.fastq.gz,Raw FASTQ
HRR366280_r2.fastq.gz,Raw FASTQ
HRR366281_f1.fq.gz,Raw FASTQ
HRR366281_r2.fq.gz,Raw FASTQ
HRR366282_f1.fastq.gz,Raw FASTQ
HRR366282_r2.fastq.gz,Raw FASTQ
HRR366283_f1.fastq.gz,Raw FASTQ
HRR366283_r2.fastq.gz,Raw FASTQ
HRR366284_f1.fq.gz,Raw FASTQ
HRR366284_r2.fq.gz,Raw FASTQ
HRR366285_f1.fastq.gz,Raw FASTQ
HRR366285_r2.fastq.gz,Raw FASTQ
HRR366286_f1.fastq.gz,Raw FASTQ
HRR366286_r2.fastq.gz,Raw FASTQ
HRR366287_f1.fq.gz,Raw FASTQ
HRR366287_r2.fq.gz,Raw FASTQ
HRR366288_f1.fastq.gz,Raw FASTQ
HRR366288_r2.fastq.gz,Raw FASTQ
HRR366289_f1.fastq.gz,Raw FASTQ
HRR366289_r2.fastq.gz,Raw FASTQ
HRR366290_f1.fq.gz,Raw FASTQ
HRR366290_r2.fq.gz,Raw FASTQ
HRR366533_f1.fastq.gz,Raw FASTQ
HRR366533_r2.fastq.gz,Raw FASTQ
HRR366534_f1.fastq.gz,Raw FASTQ
HRR366534_r2.fastq.gz,Raw FASTQ
HRR366535_f1.fastq.gz,Raw FASTQ
HRR366535_r2.fastq.gz,Raw FASTQ
HRR366536_f1.fastq.gz,Raw FASTQ
HRR366536_r2.fastq.gz,Raw FASTQ
HRR366537_f1.fastq.gz,Raw FASTQ
HRR366537_r2.fastq.gz,Raw FASTQ
HRR366538_f1.fastq.gz,Raw FASTQ
HRR366538_r2.fastq.gz,Raw FASTQ
HRR366539_f1.fastq.gz,Raw FASTQ
HRR366539_r2.fastq.gz,Raw FASTQ
HRR366540_f1.fastq.gz,Raw FASTQ
HRR366540_r2.fastq.gz,Raw FASTQ
HRR366541_f1.fastq.gz,Raw FASTQ
HRR366541_r2.fastq.gz,Raw FASTQ
HRR366542_f1.fastq.gz,Raw FASTQ
HRR366542_r2.fastq.gz,Raw FASTQ
HRR366543_f1.fastq.gz,Raw FASTQ
HRR366543_r2.fastq.gz,Raw FASTQ
HRR366544_f1.fastq.gz,Raw FASTQ
HRR366544_r2.fastq.gz,Raw FASTQ
HRR366545_f1.fastq.gz,Raw FASTQ
HRR366545_r2.fastq.gz,Raw FASTQ
HRR366546_f1.fastq.gz,Raw FASTQ
HRR366546_r2.fastq.gz,Raw FASTQ
HRR366547_f1.fastq.gz,Raw FASTQ
HRR366547_r2.fastq.gz,Raw FASTQ
HRR366548_f1.fastq.gz,Raw FASTQ
HRR366548_r2.fastq.gz,Raw FASTQ
HRR366549_f1.fastq.gz,Raw FASTQ
HRR366549_r2.fastq.gz,Raw FASTQ
HRR366550_f1.fastq.gz,Raw FASTQ
HRR366550_r2.fastq.gz,Raw FASTQ
HRR366551_f1.fastq.gz,Raw FASTQ
HRR366551_r2.fastq.gz,Raw FASTQ
HRR366552_f1.fastq.gz,Raw FASTQ
HRR366552_r2.fastq.gz,Raw FASTQ
HRR366553_f1.fastq.gz,Raw FASTQ
HRR366553_r2.fastq.gz,Raw FASTQ
HRR366554_f1.fastq.gz,Raw FASTQ
HRR366554_r2.fastq.gz,Raw FASTQ
HRR366555_f1.fastq.gz,Raw FASTQ
HRR366555_r2.fastq.gz,Raw FASTQ
HRR366556_f1.fastq.gz,Raw FASTQ
HRR366556_r2.fastq.gz,Raw FASTQ
HRR366557_f1.fastq.gz,Raw FASTQ
HRR366557_r2.fastq.gz,Raw FASTQ
HRR366558_f1.fastq.gz,Raw FASTQ
HRR366558_r2.fastq.gz,Raw FASTQ
HRR366559_f1.fastq.gz,Raw FASTQ
HRR366559_r2.fastq.gz,Raw FASTQ
HRR366560_f1.fastq.gz,Raw FASTQ
HRR366560_r2.fastq.gz,Raw FASTQ
HRR366561_f1.fastq.gz,Raw FASTQ
HRR366561_r2.fastq.gz,Raw FASTQ
HRR366562_f1.fastq.gz,Raw FASTQ
HRR366562_r2.fastq.gz,Raw FASTQ
HRR366563_f1.fastq.gz,Raw FASTQ
HRR366563_r2.fastq.gz,Raw FASTQ
HRR366564_f1.fastq.gz,Raw FASTQ
HRR366564_r2.fastq.gz,Raw FASTQ
HRR366565_f1.fastq.gz,Raw FASTQ
HRR366565_r2.fastq.gz,Raw FASTQ
HRR366566_f1.fastq.gz,Raw FASTQ
HRR366566_r2.fastq.gz,Raw FASTQ
HRR366567_f1.fastq.gz,Raw FASTQ
HRR366567_r2.fastq.gz,Raw FASTQ
HRR366568_f1.fastq.gz,Raw FASTQ
HRR366568_r2.fastq.gz,Raw FASTQ
HRR366569_f1.fastq.gz,Raw FASTQ
HRR366569_r2.fastq.gz,Raw FASTQ
HRR366570_f1.fastq.gz,Raw FASTQ
HRR366570_r2.fastq.gz,Raw FASTQ
HRR366571_f1.fastq.gz,Raw FASTQ
HRR366571_r2.fastq.gz,Raw FASTQ
HRR366572_f1.fastq.gz,Raw FASTQ
HRR366572_r2.fastq.gz,Raw FASTQ
HRR366573_f1.fastq.gz,Raw FASTQ
HRR366573_r2.fastq.gz,Raw FASTQ
HRR366574_f1.fastq.gz,Raw FASTQ
HRR366574_r2.fastq.gz,Raw FASTQ
HRR366575_f1.fastq.gz,Raw FASTQ
HRR366575_r2.fastq.gz,Raw FASTQ
HRR366576_f1.fastq.gz,Raw FASTQ
HRR366576_r2.fastq.gz,Raw FASTQ
HRR366577_f1.fastq.gz,Raw FASTQ
HRR366577_r2.fastq.gz,Raw FASTQ
HRR366578_f1.fastq.gz,Raw FASTQ
HRR366578_r2.fastq.gz,Raw FASTQ
HRR366579_f1.fastq.gz,Raw FASTQ
HRR366579_r2.fastq.gz,Raw FASTQ
HRR366580_f1.fastq.gz,Raw FASTQ
HRR366580_r2.fastq.gz,Raw FASTQ
HRR366581_f1.fastq.gz,Raw FASTQ
HRR366581_r2.fastq.gz,Raw FASTQ
HRR366582_f1.fastq.gz,Raw FASTQ
HRR366582_r2.fastq.gz,Raw FASTQ
HRR366583_f1.fastq.gz,Raw FASTQ
HRR366583_r2.fastq.gz,Raw FASTQ
HRR366584_f1.fastq.gz,Raw FASTQ
HRR366584_r2.fastq.gz,Raw FASTQ
HRR366585_f1.fastq.gz,Raw FASTQ
HRR366585_r2.fastq.gz,Raw FASTQ
HRR366586_f1.fastq.gz,Raw FASTQ
HRR366586_r2.fastq.gz,Raw FASTQ
HRR366587_f1.fastq.gz,Raw FASTQ
HRR366587_r2.fastq.gz,Raw FASTQ
HRR366588_f1.fastq.gz,Raw FASTQ
HRR366588_r2.fastq.gz,Raw FASTQ
HRR366589_f1.fastq.gz,Raw FASTQ
HRR366589_r2.fastq.gz,Raw FASTQ
HRR366590_f1.fastq.gz,Raw FASTQ
HRR366590_r2.fastq.gz,Raw FASTQ
HRR366591_f1.fastq.gz,Raw FASTQ
HRR366591_r2.fastq.gz,Raw FASTQ
HRR366592_f1.fastq.gz,Raw FASTQ
HRR366592_r2.fastq.gz,Raw FASTQ
HRR366593_f1.fastq.gz,Raw FASTQ
HRR366593_r2.fastq.gz,Raw FASTQ
HRR366594_f1.fastq.gz,Raw FASTQ
HRR366594_r2.fastq.gz,Raw FASTQ
HRR366595_f1.fastq.gz,Raw FASTQ
HRR366595_r2.fastq.gz,Raw FASTQ
HRR366596_f1.fastq.gz,Raw FASTQ
HRR366596_r2.fastq.gz,Raw FASTQ
HRR366597_f1.fastq.gz,Raw FASTQ
HRR366597_r2.fastq.gz,Raw FASTQ
HRR366598_f1.fastq.gz,Raw FASTQ
HRR366598_r2.fastq.gz,Raw FASTQ
HRR366599_f1.fastq.gz,Raw FASTQ
HRR366599_r2.fastq.gz,Raw FASTQ
HRR366600_f1.fastq.gz,Raw FASTQ
HRR366600_r2.fastq.gz,Raw FASTQ
HRR366601_f1.fastq.gz,Raw FASTQ
HRR366601_r2.fastq.gz,Raw FASTQ
HRR366602_f1.fastq.gz,Raw FASTQ
HRR366602_r2.fastq.gz,Raw FASTQ
HRR366603_f1.fastq.gz,Raw FASTQ
HRR366603_r2.fastq.gz,Raw FASTQ
HRR366604_f1.fastq.gz,Raw FASTQ
HRR366604_r2.fastq.gz,Raw FASTQ
HRR366605_f1.fastq.gz,Raw FASTQ
HRR366605_r2.fastq.gz,Raw FASTQ
HRR366606_f1.fastq.gz,Raw FASTQ
HRR366606_r2.fastq.gz,Raw FASTQ
HRR366607_f1.fastq.gz,Raw FASTQ
HRR366607_r2.fastq.gz,Raw FASTQ
HRR366608_f1.fastq.gz,Raw FASTQ
HRR366608_r2.fastq.gz,Raw FASTQ
HRR366609_f1.fastq.gz,Raw FASTQ
HRR366609_r2.fastq.gz,Raw FASTQ
HRR366610_f1.fastq.gz,Raw FASTQ
HRR366610_r2.fastq.gz,Raw FASTQ
HRR366611_f1.fastq.gz,Raw FASTQ
HRR366611_r2.fastq.gz,Raw FASTQ
HRR366612_f1.fastq.gz,Raw FASTQ
HRR366612_r2.fastq.gz,Raw FASTQ
HRR366613_f1.fastq.gz,Raw FASTQ
HRR366613_r2.fastq.gz,Raw FASTQ
HRR366614_f1.fastq.gz,Raw FASTQ
HRR366614_r2.fastq.gz,Raw FASTQ
HRR366615_f1.fastq.gz,Raw FASTQ
HRR366615_r2.fastq.gz,Raw FASTQ
HRR366616_f1.fastq.gz,Raw FASTQ
HRR366616_r2.fastq.gz,Raw FASTQ
HRR366617_f1.fastq.gz,Raw FASTQ
HRR366617_r2.fastq.gz,Raw FASTQ
HRR366618_f1.fastq.gz,Raw FASTQ
HRR366618_r2.fastq.gz,Raw FASTQ
HRR366619_f1.fastq.gz,Raw FASTQ
HRR366619_r2.fastq.gz,Raw FASTQ
HRR366620_f1.fastq.gz,Raw FASTQ
HRR366620_r2.fastq.gz,Raw FASTQ
HRR366621_f1.fastq.gz,Raw FASTQ
HRR366621_r2.fastq.gz,Raw FASTQ
HRR366622_f1.fastq.gz,Raw FASTQ
HRR366622_r2.fastq.gz,Raw FASTQ
HRR366623_f1.fastq.gz,Raw FASTQ
HRR366623_r2.fastq.gz,Raw FASTQ
HRR366624_f1.fastq.gz,Raw FASTQ
HRR366624_r2.fastq.gz,Raw FASTQ
HRR366625_f1.fastq.gz,Raw FASTQ
HRR366625_r2.fastq.gz,Raw FASTQ
HRR366626_f1.fastq.gz,Raw FASTQ
HRR366626_r2.fastq.gz,Raw FASTQ
HRR366627_f1.fastq.gz,Raw FASTQ
HRR366627_r2.fastq.gz,Raw FASTQ
HRR366628_f1.fastq.gz,Raw FASTQ
HRR366628_r2.fastq.gz,Raw FASTQ
HRR366629_f1.fastq.gz,Raw FASTQ
HRR366629_r2.fastq.gz,Raw FASTQ
HRR366630_f1.fastq.gz,Raw FASTQ
HRR366630_r2.fastq.gz,Raw FASTQ
HRR366631_f1.fastq.gz,Raw FASTQ
HRR366631_r2.fastq.gz,Raw FASTQ
HRR366632_f1.fastq.gz,Raw FASTQ
HRR366632_r2.fastq.gz,Raw FASTQ
HRR366633_f1.fastq.gz,Raw FASTQ
HRR366633_r2.fastq.gz,Raw FASTQ
HRR366634_f1.fastq.gz,Raw FASTQ
HRR366634_r2.fastq.gz,Raw FASTQ
HRR366635_f1.fastq.gz,Raw FASTQ
HRR366635_r2.fastq.gz,Raw FASTQ
HRR366636_f1.fastq.gz,Raw FASTQ
HRR366636_r2.fastq.gz,Raw FASTQ
HRR366637_f1.fastq.gz,Raw FASTQ
HRR366637_r2.fastq.gz,Raw FASTQ
HRR366638_f1.fastq.gz,Raw FASTQ
HRR366638_r2.fastq.gz,Raw FASTQ
HRR366639_f1.fastq.gz,Raw FASTQ
HRR366639_r2.fastq.gz,Raw FASTQ
HRR366640_f1.fastq.gz,Raw FASTQ
HRR366640_r2.fastq.gz,Raw FASTQ
HRR366641_f1.fastq.gz,Raw FASTQ
HRR366641_r2.fastq.gz,Raw FASTQ
HRR366642_f1.fastq.gz,Raw FASTQ
HRR366642_r2.fastq.gz,Raw FASTQ
HRR366643_f1.fastq.gz,Raw FASTQ
HRR366643_r2.fastq.gz,Raw FASTQ
HRR366644_f1.fastq.gz,Raw FASTQ
HRR366644_r2.fastq.gz,Raw FASTQ
HRR366645_f1.fastq.gz,Raw FASTQ
HRR366645_r2.fastq.gz,Raw FASTQ
HRR366646_f1.fastq.gz,Raw FASTQ
HRR366646_r2.fastq.gz,Raw FASTQ
HRR366647_f1.fastq.gz,Raw FASTQ
HRR366647_r2.fastq.gz,Raw FASTQ
HRR366648_f1.fastq.gz,Raw FASTQ
HRR366648_r2.fastq.gz,Raw FASTQ
HRR366649_f1.fastq.gz,Raw FASTQ
HRR366649_r2.fastq.gz,Raw FASTQ
HRR366650_f1.fastq.gz,Raw FASTQ
HRR366650_r2.fastq.gz,Raw FASTQ
HRR366651_f1.fastq.gz,Raw FASTQ
HRR366651_r2.fastq.gz,Raw FASTQ
HRR366652_f1.fastq.gz,Raw FASTQ
HRR366652_r2.fastq.gz,Raw FASTQ
HRR366653_f1.fastq.gz,Raw FASTQ
HRR366653_r2.fastq.gz,Raw FASTQ
HRR366654_f1.fastq.gz,Raw FASTQ
HRR366654_r2.fastq.gz,Raw FASTQ
HRR366655_f1.fastq.gz,Raw FASTQ
HRR366655_r2.fastq.gz,Raw FASTQ
HRR366656_f1.fastq.gz,Raw FASTQ
HRR366656_r2.fastq.gz,Raw FASTQ
HRR366657_f1.fastq.gz,Raw FASTQ
HRR366657_r2.fastq.gz,Raw FASTQ
HRR366658_f1.fastq.gz,Raw FASTQ
HRR366658_r2.fastq.gz,Raw FASTQ
HRR366659_f1.fastq.gz,Raw FASTQ
HRR366659_r2.fastq.gz,Raw FASTQ
HRR366660_f1.fastq.gz,Raw FASTQ
HRR366660_r2.fastq.gz,Raw FASTQ
HRR366661_f1.fastq.gz,Raw FASTQ
HRR366661_r2.fastq.gz,Raw FASTQ
HRR366662_f1.fastq.gz,Raw FASTQ
HRR366662_r2.fastq.gz,Raw FASTQ
HRR366663_f1.fastq.gz,Raw FASTQ
HRR366663_r2.fastq.gz,Raw FASTQ
HRR366664_f1.fastq.gz,Raw FASTQ
HRR366664_r2.fastq.gz,Raw FASTQ
HRR366665_f1.fastq.gz,Raw FASTQ
HRR366665_r2.fastq.gz,Raw FASTQ
HRR366666_f1.fastq.gz,Raw FASTQ
HRR366666_r2.fastq.gz,Raw FASTQ
HRR366667_f1.fastq.gz,Raw FASTQ
HRR366667_r2.fastq.gz,Raw FASTQ
HRR366668_f1.fastq.gz,Raw FASTQ
HRR366668_r2.fastq.gz,Raw FASTQ
HRR366669_f1.fastq.gz,Raw FASTQ
HRR366669_r2.fastq.gz,Raw FASTQ
HRR366670_f1.fastq.gz,Raw FASTQ
HRR366670_r2.fastq.gz,Raw FASTQ
HRR366671_f1.fastq.gz,Raw FASTQ
HRR366671_r2.fastq.gz,Raw FASTQ
HRR366672_f1.fastq.gz,Raw FASTQ
HRR366672_r2.fastq.gz,Raw FASTQ
HRR366673_f1.fastq.gz,Raw FASTQ
HRR366673_r2.fastq.gz,Raw FASTQ
HRR366674_f1.fastq.gz,Raw FASTQ
HRR366674_r2.fastq.gz,Raw FASTQ
HRR366675_f1.fastq.gz,Raw FASTQ
HRR366675_r2.fastq.gz,Raw FASTQ
HRR366676_f1.fastq.gz,Raw FASTQ
HRR366676_r2.fastq.gz,Raw FASTQ
HRR366677_f1.fastq.gz,Raw FASTQ
HRR366677_r2.fastq.gz,Raw FASTQ
HRR366678_f1.fastq.gz,Raw FASTQ
HRR366678_r2.fastq.gz,Raw FASTQ
HRR366679_f1.fastq.gz,Raw FASTQ
HRR366679_r2.fastq.gz,Raw FASTQ
HRR366680_f1.fastq.gz,Raw FASTQ
HRR366680_r2.fastq.gz,Raw FASTQ
HRR366681_f1.fastq.gz,Raw FASTQ
HRR366681_r2.fastq.gz,Raw FASTQ
HRR366682_f1.fastq.gz,Raw FASTQ
HRR366682_r2.fastq.gz,Raw FASTQ
HRR366683_f1.fastq.gz,Raw FASTQ
HRR366683_r2.fastq.gz,Raw FASTQ
HRR366684_f1.fastq.gz,Raw FASTQ
HRR366684_r2.fastq.gz,Raw FASTQ
HRR366685_f1.fastq.gz,Raw FASTQ
HRR366685_r2.fastq.gz,Raw FASTQ
HRR366686_f1.fastq.gz,Raw FASTQ
HRR366686_r2.fastq.gz,Raw FASTQ
HRR366687_f1.fastq.gz,Raw FASTQ
HRR366687_r2.fastq.gz,Raw FASTQ
HRR366688_f1.fastq.gz,Raw FASTQ
HRR366688_r2.fastq.gz,Raw FASTQ
HRR366689_f1.fastq.gz,Raw FASTQ
HRR366689_r2.fastq.gz,Raw FASTQ
HRR366690_f1.fastq.gz,Raw FASTQ
HRR366690_r2.fastq.gz,Raw FASTQ
HRR366691_f1.fastq.gz,Raw FASTQ
HRR366691_r2.fastq.gz,Raw FASTQ
HRR366692_f1.fastq.gz,Raw FASTQ
HRR366692_r2.fastq.gz,Raw FASTQ
HRR366693_f1.fastq.gz,Raw FASTQ
HRR366693_r2.fastq.gz,Raw FASTQ
HRR366694_f1.fastq.gz,Raw FASTQ
HRR366694_r2.fastq.gz,Raw FASTQ
HRR366695_f1.fastq.gz,Raw FASTQ
HRR366695_r2.fastq.gz,Raw FASTQ
HRR366696_f1.fastq.gz,Raw FASTQ
HRR366696_r2.fastq.gz,Raw FASTQ
HRR366697_f1.fastq.gz,Raw FASTQ
HRR366697_r2.fastq.gz,Raw FASTQ
HRR366698_f1.fastq.gz,Raw FASTQ
HRR366698_r2.fastq.gz,Raw FASTQ
HRR366699_f1.fastq.gz,Raw FASTQ
HRR366699_r2.fastq.gz,Raw FASTQ
HRR366700_f1.fastq.gz,Raw FASTQ
HRR366700_r2.fastq.gz,Raw FASTQ
HRR366701_f1.fastq.gz,Raw FASTQ
HRR366701_r2.fastq.gz,Raw FASTQ
HRR366702_f1.fastq.gz,Raw FASTQ
HRR366702_r2.fastq.gz,Raw FASTQ
HRR366703_f1.fastq.gz,Raw FASTQ
HRR366703_r2.fastq.gz,Raw FASTQ
HRR366704_f1.fastq.gz,Raw FASTQ
HRR366704_r2.fastq.gz,Raw FASTQ
HRR366705_f1.fastq.gz,Raw FASTQ
HRR366705_r2.fastq.gz,Raw FASTQ
HRR366706_f1.fastq.gz,Raw FASTQ
HRR366706_r2.fastq.gz,Raw FASTQ
HRR366707_f1.fastq.gz,Raw FASTQ
HRR366707_r2.fastq.gz,Raw FASTQ
HRR366708_f1.fastq.gz,Raw FASTQ
HRR366708_r2.fastq.gz,Raw FASTQ
HRR366709_f1.fastq.gz,Raw FASTQ
HRR366709_r2.fastq.gz,Raw FASTQ
HRR366710_f1.fastq.gz,Raw FASTQ
HRR366710_r2.fastq.gz,Raw FASTQ
HRR366711_f1.fastq.gz,Raw FASTQ
HRR366711_r2.fastq.gz,Raw FASTQ
HRR366712_f1.fastq.gz,Raw FASTQ
HRR366712_r2.fastq.gz,Raw FASTQ
HRR366713_f1.fastq.gz,Raw FASTQ
HRR366713_r2.fastq.gz,Raw FASTQ
HRR366714_f1.fastq.gz,Raw FASTQ
HRR366714_r2.fastq.gz,Raw FASTQ
HRR366715_f1.fastq.gz,Raw FASTQ
HRR366715_r2.fastq.gz,Raw FASTQ
HRR366716_f1.fastq.gz,Raw FASTQ
HRR366716_r2.fastq.gz,Raw FASTQ
HRR366717_f1.fastq.gz,Raw FASTQ
HRR366717_r2.fastq.gz,Raw FASTQ
HRR366718_f1.fastq.gz,Raw FASTQ
HRR366718_r2.fastq.gz,Raw FASTQ
HRR366719_f1.fastq.gz,Raw FASTQ
HRR366719_r2.fastq.gz,Raw FASTQ
HRR366720_f1.fastq.gz,Raw FASTQ
HRR366720_r2.fastq.gz,Raw FASTQ
HRR366721_f1.fastq.gz,Raw FASTQ
HRR366721_r2.fastq.gz,Raw FASTQ
HRR366722_f1.fastq.gz,Raw FASTQ
HRR366722_r2.fastq.gz,Raw FASTQ
HRR366723_f1.fastq.gz,Raw FASTQ
HRR366723_r2.fastq.gz,Raw FASTQ
HRR366724_f1.fastq.gz,Raw FASTQ
HRR366724_r2.fastq.gz,Raw FASTQ
HRR366725_f1.fastq.gz,Raw FASTQ
HRR366725_r2.fastq.gz,Raw FASTQ
HRR366726_f1.fastq.gz,Raw FASTQ
HRR366726_r2.fastq.gz,Raw FASTQ
HRR366727_f1.fastq.gz,Raw FASTQ
HRR366727_r2.fastq.gz,Raw FASTQ
HRR366728_f1.fastq.gz,Raw FASTQ
HRR366728_r2.fastq.gz,Raw FASTQ
HRR366729_f1.fastq.gz,Raw FASTQ
HRR366729_r2.fastq.gz,Raw FASTQ
HRR366730_f1.fastq.gz,Raw FASTQ
HRR366730_r2.fastq.gz,Raw FASTQ
HRR366731_f1.fastq.gz,Raw FASTQ
HRR366731_r2.fastq.gz,Raw FASTQ
HRR366732_f1.fastq.gz,Raw FASTQ
HRR366732_r2.fastq.gz,Raw FASTQ
HRR366733_f1.fastq.gz,Raw FASTQ
HRR366733_r2.fastq.gz,Raw FASTQ
HRR366734_f1.fastq.gz,Raw FASTQ
HRR366734_r2.fastq.gz,Raw FASTQ
HRR366735_f1.fastq.gz,Raw FASTQ
HRR366735_r2.fastq.gz,Raw FASTQ
HRR366736_f1.fastq.gz,Raw FASTQ
HRR366736_r2.fastq.gz,Raw FASTQ
HRR366737_f1.fastq.gz,Raw FASTQ
HRR366737_r2.fastq.gz,Raw FASTQ
HRR366738_f1.fastq.gz,Raw FASTQ
HRR366738_r2.fastq.gz,Raw FASTQ
HRR366739_f1.fastq.gz,Raw FASTQ
HRR366739_r2.fastq.gz,Raw FASTQ
HRR366740_f1.fastq.gz,Raw FASTQ
HRR366740_r2.fastq.gz,Raw FASTQ
HRR366741_f1.fastq.gz,Raw FASTQ
HRR366741_r2.fastq.gz,Raw FASTQ
HRR366742_f1.fastq.gz,Raw FASTQ
HRR366742_r2.fastq.gz,Raw FASTQ
HRR366743_f1.fastq.gz,Raw FASTQ
HRR366743_r2.fastq.gz,Raw FASTQ
HRR366744_f1.fastq.gz,Raw FASTQ
HRR366744_r2.fastq.gz,Raw FASTQ
HRR366745_f1.fastq.gz,Raw FASTQ
HRR366745_r2.fastq.gz,Raw FASTQ
HRR366746_f1.fastq.gz,Raw FASTQ
HRR366746_r2.fastq.gz,Raw FASTQ
HRR366747_f1.fastq.gz,Raw FASTQ
HRR366747_r2.fastq.gz,Raw FASTQ
HRR366748_f1.fastq.gz,Raw FASTQ
HRR366748_r2.fastq.gz,Raw FASTQ
HRR366749_f1.fastq.gz,Raw FASTQ
HRR366749_r2.fastq.gz,Raw FASTQ
HRR366750_f1.fastq.gz,Raw FASTQ
HRR366750_r2.fastq.gz,Raw FASTQ
HRR366751_f1.fastq.gz,Raw FASTQ
HRR366751_r2.fastq.gz,Raw FASTQ
HRR366752_f1.fastq.gz,Raw FASTQ
HRR366752_r2.fastq.gz,Raw FASTQ
HRR366753_f1.fastq.gz,Raw FASTQ
HRR366753_r2.fastq.gz,Raw FASTQ
HRR366754_f1.fastq.gz,Raw FASTQ
HRR366754_r2.fastq.gz,Raw FASTQ
HRR366755_f1.fastq.gz,Raw FASTQ
HRR366755_r2.fastq.gz,Raw FASTQ
HRR1402616_f1.fastq.gz,Raw FASTQ
HRR1402616_r2.fastq.gz,Raw FASTQ
HRR1402797_f1.fastq.gz,Raw FASTQ
HRR1402797_r2.fastq.gz,Raw FASTQ
HRR1402617_f1.fastq.gz,Raw FASTQ
HRR1402617_r2.fastq.gz,Raw FASTQ
HRR1402798_f1.fastq.gz,Raw FASTQ
HRR1402798_r2.fastq.gz,Raw FASTQ
HRR1402618_f1.fastq.gz,Raw FASTQ
HRR1402618_r2.fastq.gz,Raw FASTQ
HRR1402799_f1.fastq.gz,Raw FASTQ
HRR1402799_r2.fastq.gz,Raw FASTQ
HRR1402619_f1.fastq.gz,Raw FASTQ
HRR1402619_r2.fastq.gz,Raw FASTQ
HRR1402800_f1.fastq.gz,Raw FASTQ
HRR1402800_r2.fastq.gz,Raw FASTQ
HRR1402801_f1.fastq.gz,Raw FASTQ
HRR1402801_r2.fastq.gz,Raw FASTQ
HRR1402620_f1.fastq.gz,Raw FASTQ
HRR1402620_r2.fastq.gz,Raw FASTQ
HRR1402802_f1.fastq.gz,Raw FASTQ
HRR1402802_r2.fastq.gz,Raw FASTQ
HRR1402621_f1.fastq.gz,Raw FASTQ
HRR1402621_r2.fastq.gz,Raw FASTQ
HRR1402622_f1.fastq.gz,Raw FASTQ
HRR1402622_r2.fastq.gz,Raw FASTQ
HRR1402803_f1.fastq.gz,Raw FASTQ
HRR1402803_r2.fastq.gz,Raw FASTQ
HRR1402623_f1.fastq.gz,Raw FASTQ
HRR1402623_r2.fastq.gz,Raw FASTQ
HRR1402624_f1.fastq.gz,Raw FASTQ
HRR1402624_r2.fastq.gz,Raw FASTQ
HRR1402804_f1.fastq.gz,Raw FASTQ
HRR1402804_r2.fastq.gz,Raw FASTQ
HRR1402625_f1.fastq.gz,Raw FASTQ
HRR1402625_r2.fastq.gz,Raw FASTQ
HRR1402626_f1.fastq.gz,Raw FASTQ
HRR1402626_r2.fastq.gz,Raw FASTQ
HRR1402805_f1.fastq.gz,Raw FASTQ
HRR1402805_r2.fastq.gz,Raw FASTQ
HRR1402627_f1.fastq.gz,Raw FASTQ
HRR1402627_r2.fastq.gz,Raw FASTQ
HRR1402806_f1.fastq.gz,Raw FASTQ
HRR1402806_r2.fastq.gz,Raw FASTQ
HRR1402628_f1.fastq.gz,Raw FASTQ
HRR1402628_r2.fastq.gz,Raw FASTQ
HRR1402807_f1.fastq.gz,Raw FASTQ
HRR1402807_r2.fastq.gz,Raw FASTQ
HRR1402629_f1.fastq.gz,Raw FASTQ
HRR1402629_r2.fastq.gz,Raw FASTQ
HRR1402808_f1.fastq.gz,Raw FASTQ
HRR1402808_r2.fastq.gz,Raw FASTQ
HRR1402630_f1.fastq.gz,Raw FASTQ
HRR1402630_r2.fastq.gz,Raw FASTQ
HRR1402809_f1.fastq.gz,Raw FASTQ
HRR1402809_r2.fastq.gz,Raw FASTQ
HRR1402631_f1.fastq.gz,Raw FASTQ
HRR1402631_r2.fastq.gz,Raw FASTQ
HRR1402632_f1.fastq.gz,Raw FASTQ
HRR1402632_r2.fastq.gz,Raw FASTQ
HRR1402810_f1.fastq.gz,Raw FASTQ
HRR1402810_r2.fastq.gz,Raw FASTQ
HRR1402811_f1.fastq.gz,Raw FASTQ
HRR1402811_r2.fastq.gz,Raw FASTQ
HRR1402633_f1.fastq.gz,Raw FASTQ
HRR1402633_r2.fastq.gz,Raw FASTQ
HRR1402812_f1.fastq.gz,Raw FASTQ
HRR1402812_r2.fastq.gz,Raw FASTQ
HRR1402634_f1.fastq.gz,Raw FASTQ
HRR1402634_r2.fastq.gz,Raw FASTQ
HRR1402813_f1.fastq.gz,Raw FASTQ
HRR1402813_r2.fastq.gz,Raw FASTQ
HRR1402635_f1.fastq.gz,Raw FASTQ
HRR1402635_r2.fastq.gz,Raw FASTQ
HRR1402814_f1.fastq.gz,Raw FASTQ
HRR1402814_r2.fastq.gz,Raw FASTQ
HRR1402815_f1.fastq.gz,Raw FASTQ
HRR1402815_r2.fastq.gz,Raw FASTQ
HRR1402636_f1.fastq.gz,Raw FASTQ
HRR1402636_r2.fastq.gz,Raw FASTQ
HRR1402816_f1.fastq.gz,Raw FASTQ
HRR1402816_r2.fastq.gz,Raw FASTQ
HRR1402637_f1.fastq.gz,Raw FASTQ
HRR1402637_r2.fastq.gz,Raw FASTQ
HRR1402817_f1.fastq.gz,Raw FASTQ
HRR1402817_r2.fastq.gz,Raw FASTQ
HRR1402638_f1.fastq.gz,Raw FASTQ
HRR1402638_r2.fastq.gz,Raw FASTQ
HRR1402818_f1.fastq.gz,Raw FASTQ
HRR1402818_r2.fastq.gz,Raw FASTQ
HRR1402639_f1.fastq.gz,Raw FASTQ
HRR1402639_r2.fastq.gz,Raw FASTQ
HRR1402640_f1.fastq.gz,Raw FASTQ
HRR1402640_r2.fastq.gz,Raw FASTQ
HRR1402819_f1.fastq.gz,Raw FASTQ
HRR1402819_r2.fastq.gz,Raw FASTQ
HRR1402820_f1.fastq.gz,Raw FASTQ
HRR1402820_r2.fastq.gz,Raw FASTQ
HRR1402641_f1.fastq.gz,Raw FASTQ
HRR1402641_r2.fastq.gz,Raw FASTQ
HRR1402821_f1.fastq.gz,Raw FASTQ
HRR1402821_r2.fastq.gz,Raw FASTQ
HRR1402642_f1.fastq.gz,Raw FASTQ
HRR1402642_r2.fastq.gz,Raw FASTQ
HRR1402822_f1.fastq.gz,Raw FASTQ
HRR1402822_r2.fastq.gz,Raw FASTQ
HRR1402643_f1.fastq.gz,Raw FASTQ
HRR1402643_r2.fastq.gz,Raw FASTQ
HRR1402823_f1.fastq.gz,Raw FASTQ
HRR1402823_r2.fastq.gz,Raw FASTQ
HRR1402824_f1.fastq.gz,Raw FASTQ
HRR1402824_r2.fastq.gz,Raw FASTQ
HRR1402644_f1.fastq.gz,Raw FASTQ
HRR1402644_r2.fastq.gz,Raw FASTQ
HRR1402825_f1.fastq.gz,Raw FASTQ
HRR1402825_r2.fastq.gz,Raw FASTQ
HRR1402645_f1.fastq.gz,Raw FASTQ
HRR1402645_r2.fastq.gz,Raw FASTQ
HRR1402826_f1.fastq.gz,Raw FASTQ
HRR1402826_r2.fastq.gz,Raw FASTQ
HRR1402827_f1.fastq.gz,Raw FASTQ
HRR1402827_r2.fastq.gz,Raw FASTQ
HRR1402646_f1.fastq.gz,Raw FASTQ
HRR1402646_r2.fastq.gz,Raw FASTQ
HRR1402828_f1.fastq.gz,Raw FASTQ
HRR1402828_r2.fastq.gz,Raw FASTQ
HRR1402829_f1.fastq.gz,Raw FASTQ
HRR1402829_r2.fastq.gz,Raw FASTQ
HRR1402647_f1.fastq.gz,Raw FASTQ
HRR1402647_r2.fastq.gz,Raw FASTQ
HRR1402830_f1.fastq.gz,Raw FASTQ
HRR1402830_r2.fastq.gz,Raw FASTQ
HRR1402648_f1.fastq.gz,Raw FASTQ
HRR1402648_r2.fastq.gz,Raw FASTQ
HRR1402831_f1.fastq.gz,Raw FASTQ
HRR1402831_r2.fastq.gz,Raw FASTQ
HRR1402649_f1.fastq.gz,Raw FASTQ
HRR1402649_r2.fastq.gz,Raw FASTQ
HRR1402832_f1.fastq.gz,Raw FASTQ
HRR1402832_r2.fastq.gz,Raw FASTQ
HRR1402650_f1.fastq.gz,Raw FASTQ
HRR1402650_r2.fastq.gz,Raw FASTQ
HRR1402833_f1.fastq.gz,Raw FASTQ
HRR1402833_r2.fastq.gz,Raw FASTQ
HRR1402834_f1.fastq.gz,Raw FASTQ
HRR1402834_r2.fastq.gz,Raw FASTQ
HRR1402651_f1.fastq.gz,Raw FASTQ
HRR1402651_r2.fastq.gz,Raw FASTQ
HRR1402835_f1.fastq.gz,Raw FASTQ
HRR1402835_r2.fastq.gz,Raw FASTQ
HRR1402836_f1.fastq.gz,Raw FASTQ
HRR1402836_r2.fastq.gz,Raw FASTQ
HRR1402652_f1.fastq.gz,Raw FASTQ
HRR1402652_r2.fastq.gz,Raw FASTQ
HRR1402653_f1.fastq.gz,Raw FASTQ
HRR1402653_r2.fastq.gz,Raw FASTQ
HRR1402837_f1.fastq.gz,Raw FASTQ
HRR1402837_r2.fastq.gz,Raw FASTQ
HRR1402838_f1.fastq.gz,Raw FASTQ
HRR1402838_r2.fastq.gz,Raw FASTQ
HRR1402654_f1.fastq.gz,Raw FASTQ
HRR1402654_r2.fastq.gz,Raw FASTQ
HRR1402839_f1.fastq.gz,Raw FASTQ
HRR1402839_r2.fastq.gz,Raw FASTQ
HRR1402840_f1.fastq.gz,Raw FASTQ
HRR1402840_r2.fastq.gz,Raw FASTQ
HRR1402655_f1.fastq.gz,Raw FASTQ
HRR1402655_r2.fastq.gz,Raw FASTQ
HRR1402656_f1.fastq.gz,Raw FASTQ
HRR1402656_r2.fastq.gz,Raw FASTQ
HRR1402841_f1.fastq.gz,Raw FASTQ
HRR1402841_r2.fastq.gz,Raw FASTQ
HRR1402657_f1.fastq.gz,Raw FASTQ
HRR1402657_r2.fastq.gz,Raw FASTQ
HRR1402842_f1.fastq.gz,Raw FASTQ
HRR1402842_r2.fastq.gz,Raw FASTQ
HRR1402658_f1.fastq.gz,Raw FASTQ
HRR1402658_r2.fastq.gz,Raw FASTQ
HRR1402843_f1.fastq.gz,Raw FASTQ
HRR1402843_r2.fastq.gz,Raw FASTQ
HRR1402844_f1.fastq.gz,Raw FASTQ
HRR1402844_r2.fastq.gz,Raw FASTQ
HRR1402659_f1.fastq.gz,Raw FASTQ
HRR1402659_r2.fastq.gz,Raw FASTQ
HRR1402845_f1.fastq.gz,Raw FASTQ
HRR1402845_r2.fastq.gz,Raw FASTQ
HRR1402660_f1.fastq.gz,Raw FASTQ
HRR1402660_r2.fastq.gz,Raw FASTQ
HRR1402846_f1.fastq.gz,Raw FASTQ
HRR1402846_r2.fastq.gz,Raw FASTQ
HRR1402661_f1.fastq.gz,Raw FASTQ
HRR1402661_r2.fastq.gz,Raw FASTQ
HRR1402662_f1.fastq.gz,Raw FASTQ
HRR1402662_r2.fastq.gz,Raw FASTQ
HRR1402663_f1.fastq.gz,Raw FASTQ
HRR1402663_r2.fastq.gz,Raw FASTQ
HRR1402847_f1.fastq.gz,Raw FASTQ
HRR1402847_r2.fastq.gz,Raw FASTQ
HRR1402664_f1.fastq.gz,Raw FASTQ
HRR1402664_r2.fastq.gz,Raw FASTQ
HRR1402665_f1.fastq.gz,Raw FASTQ
HRR1402665_r2.fastq.gz,Raw FASTQ
HRR1402848_f1.fastq.gz,Raw FASTQ
HRR1402848_r2.fastq.gz,Raw FASTQ
HRR1402666_f1.fastq.gz,Raw FASTQ
HRR1402666_r2.fastq.gz,Raw FASTQ
HRR1402849_f1.fastq.gz,Raw FASTQ
HRR1402849_r2.fastq.gz,Raw FASTQ
HRR1402667_f1.fastq.gz,Raw FASTQ
HRR1402667_r2.fastq.gz,Raw FASTQ
HRR1402850_f1.fastq.gz,Raw FASTQ
HRR1402850_r2.fastq.gz,Raw FASTQ
HRR1402668_f1.fastq.gz,Raw FASTQ
HRR1402668_r2.fastq.gz,Raw FASTQ
HRR1402851_f1.fastq.gz,Raw FASTQ
HRR1402851_r2.fastq.gz,Raw FASTQ
HRR1402669_f1.fastq.gz,Raw FASTQ
HRR1402669_r2.fastq.gz,Raw FASTQ
HRR1402852_f1.fastq.gz,Raw FASTQ
HRR1402852_r2.fastq.gz,Raw FASTQ
HRR1402853_f1.fastq.gz,Raw FASTQ
HRR1402853_r2.fastq.gz,Raw FASTQ
HRR1402670_f1.fastq.gz,Raw FASTQ
HRR1402670_r2.fastq.gz,Raw FASTQ
HRR1402854_f1.fastq.gz,Raw FASTQ
HRR1402854_r2.fastq.gz,Raw FASTQ
HRR1402855_f1.fastq.gz,Raw FASTQ
HRR1402855_r2.fastq.gz,Raw FASTQ
HRR1402671_f1.fastq.gz,Raw FASTQ
HRR1402671_r2.fastq.gz,Raw FASTQ
HRR1402856_f1.fastq.gz,Raw FASTQ
HRR1402856_r2.fastq.gz,Raw FASTQ
HRR1402857_f1.fastq.gz,Raw FASTQ
HRR1402857_r2.fastq.gz,Raw FASTQ
HRR1402672_f1.fastq.gz,Raw FASTQ
HRR1402672_r2.fastq.gz,Raw FASTQ
HRR1402673_f1.fastq.gz,Raw FASTQ
HRR1402673_r2.fastq.gz,Raw FASTQ
HRR1402858_f1.fastq.gz,Raw FASTQ
HRR1402858_r2.fastq.gz,Raw FASTQ
HRR1402859_f1.fastq.gz,Raw FASTQ
HRR1402859_r2.fastq.gz,Raw FASTQ
HRR1402674_f1.fastq.gz,Raw FASTQ
HRR1402674_r2.fastq.gz,Raw FASTQ
HRR1402860_f1.fastq.gz,Raw FASTQ
HRR1402860_r2.fastq.gz,Raw FASTQ
HRR1402861_f1.fastq.gz,Raw FASTQ
HRR1402861_r2.fastq.gz,Raw FASTQ
HRR1402675_f1.fastq.gz,Raw FASTQ
HRR1402675_r2.fastq.gz,Raw FASTQ
HRR1402862_f1.fastq.gz,Raw FASTQ
HRR1402862_r2.fastq.gz,Raw FASTQ
HRR1402863_f1.fastq.gz,Raw FASTQ
HRR1402863_r2.fastq.gz,Raw FASTQ
HRR1402676_f1.fastq.gz,Raw FASTQ
HRR1402676_r2.fastq.gz,Raw FASTQ
HRR1402864_f1.fastq.gz,Raw FASTQ
HRR1402864_r2.fastq.gz,Raw FASTQ
HRR1402677_f1.fastq.gz,Raw FASTQ
HRR1402677_r2.fastq.gz,Raw FASTQ
HRR1402865_f1.fastq.gz,Raw FASTQ
HRR1402865_r2.fastq.gz,Raw FASTQ
HRR1402678_f1.fastq.gz,Raw FASTQ
HRR1402678_r2.fastq.gz,Raw FASTQ
HRR1402679_f1.fastq.gz,Raw FASTQ
HRR1402679_r2.fastq.gz,Raw FASTQ
HRR1402866_f1.fastq.gz,Raw FASTQ
HRR1402866_r2.fastq.gz,Raw FASTQ
HRR1402680_f1.fastq.gz,Raw FASTQ
HRR1402680_r2.fastq.gz,Raw FASTQ
HRR1402867_f1.fastq.gz,Raw FASTQ
HRR1402867_r2.fastq.gz,Raw FASTQ
HRR1402681_f1.fastq.gz,Raw FASTQ
HRR1402681_r2.fastq.gz,Raw FASTQ
HRR1402682_f1.fastq.gz,Raw FASTQ
HRR1402682_r2.fastq.gz,Raw FASTQ
HRR1402683_f1.fastq.gz,Raw FASTQ
HRR1402683_r2.fastq.gz,Raw FASTQ
HRR1402868_f1.fastq.gz,Raw FASTQ
HRR1402868_r2.fastq.gz,Raw FASTQ
HRR1402869_f1.fastq.gz,Raw FASTQ
HRR1402869_r2.fastq.gz,Raw FASTQ
HRR1402684_f1.fastq.gz,Raw FASTQ
HRR1402684_r2.fastq.gz,Raw FASTQ
HRR1402685_f1.fastq.gz,Raw FASTQ
HRR1402685_r2.fastq.gz,Raw FASTQ
HRR1402686_f1.fastq.gz,Raw FASTQ
HRR1402686_r2.fastq.gz,Raw FASTQ
HRR1402687_f1.fastq.gz,Raw FASTQ
HRR1402687_r2.fastq.gz,Raw FASTQ
HRR1402870_f1.fastq.gz,Raw FASTQ
HRR1402870_r2.fastq.gz,Raw FASTQ
HRR1402871_f1.fastq.gz,Raw FASTQ
HRR1402871_r2.fastq.gz,Raw FASTQ
HRR1402688_f1.fastq.gz,Raw FASTQ
HRR1402688_r2.fastq.gz,Raw FASTQ
HRR1402689_f1.fastq.gz,Raw FASTQ
HRR1402689_r2.fastq.gz,Raw FASTQ
HRR1402690_f1.fastq.gz,Raw FASTQ
HRR1402690_r2.fastq.gz,Raw FASTQ
HRR1402872_f1.fastq.gz,Raw FASTQ
HRR1402872_r2.fastq.gz,Raw FASTQ
HRR1402873_f1.fastq.gz,Raw FASTQ
HRR1402873_r2.fastq.gz,Raw FASTQ
HRR1402691_f1.fastq.gz,Raw FASTQ
HRR1402691_r2.fastq.gz,Raw FASTQ
HRR1402874_f1.fastq.gz,Raw FASTQ
HRR1402874_r2.fastq.gz,Raw FASTQ
HRR1402875_f1.fastq.gz,Raw FASTQ
HRR1402875_r2.fastq.gz,Raw FASTQ
HRR1402692_f1.fastq.gz,Raw FASTQ
HRR1402692_r2.fastq.gz,Raw FASTQ
HRR1402693_f1.fastq.gz,Raw FASTQ
HRR1402693_r2.fastq.gz,Raw FASTQ
HRR1402694_f1.fastq.gz,Raw FASTQ
HRR1402694_r2.fastq.gz,Raw FASTQ
HRR1402876_f1.fastq.gz,Raw FASTQ
HRR1402876_r2.fastq.gz,Raw FASTQ
HRR1402877_f1.fastq.gz,Raw FASTQ
HRR1402877_r2.fastq.gz,Raw FASTQ
HRR1402695_f1.fastq.gz,Raw FASTQ
HRR1402695_r2.fastq.gz,Raw FASTQ
HRR1402696_f1.fastq.gz,Raw FASTQ
HRR1402696_r2.fastq.gz,Raw FASTQ
HRR1402697_f1.fastq.gz,Raw FASTQ
HRR1402697_r2.fastq.gz,Raw FASTQ
HRR1402878_f1.fastq.gz,Raw FASTQ
HRR1402878_r2.fastq.gz,Raw FASTQ
HRR1402698_f1.fastq.gz,Raw FASTQ
HRR1402698_r2.fastq.gz,Raw FASTQ
HRR1402879_f1.fastq.gz,Raw FASTQ
HRR1402879_r2.fastq.gz,Raw FASTQ
HRR1402699_f1.fastq.gz,Raw FASTQ
HRR1402699_r2.fastq.gz,Raw FASTQ
HRR1402880_f1.fastq.gz,Raw FASTQ
HRR1402880_r2.fastq.gz,Raw FASTQ
HRR1402881_f1.fastq.gz,Raw FASTQ
HRR1402881_r2.fastq.gz,Raw FASTQ
HRR1402700_f1.fastq.gz,Raw FASTQ
HRR1402700_r2.fastq.gz,Raw FASTQ
HRR1402701_f1.fastq.gz,Raw FASTQ
HRR1402701_r2.fastq.gz,Raw FASTQ
HRR1402702_f1.fastq.gz,Raw FASTQ
HRR1402702_r2.fastq.gz,Raw FASTQ
HRR1402703_f1.fastq.gz,Raw FASTQ
HRR1402703_r2.fastq.gz,Raw FASTQ
HRR1402882_f1.fastq.gz,Raw FASTQ
HRR1402882_r2.fastq.gz,Raw FASTQ
HRR1402883_f1.fastq.gz,Raw FASTQ
HRR1402883_r2.fastq.gz,Raw FASTQ
HRR1402704_f1.fastq.gz,Raw FASTQ
HRR1402704_r2.fastq.gz,Raw FASTQ
HRR1402884_f1.fastq.gz,Raw FASTQ
HRR1402884_r2.fastq.gz,Raw FASTQ
HRR1402885_f1.fastq.gz,Raw FASTQ
HRR1402885_r2.fastq.gz,Raw FASTQ
HRR1402705_f1.fastq.gz,Raw FASTQ
HRR1402705_r2.fastq.gz,Raw FASTQ
HRR1402886_f1.fastq.gz,Raw FASTQ
HRR1402886_r2.fastq.gz,Raw FASTQ
HRR1402887_f1.fastq.gz,Raw FASTQ
HRR1402887_r2.fastq.gz,Raw FASTQ
HRR1402706_f1.fastq.gz,Raw FASTQ
HRR1402706_r2.fastq.gz,Raw FASTQ
HRR1402707_f1.fastq.gz,Raw FASTQ
HRR1402707_r2.fastq.gz,Raw FASTQ
HRR1402888_f1.fastq.gz,Raw FASTQ
HRR1402888_r2.fastq.gz,Raw FASTQ
HRR1402708_f1.fastq.gz,Raw FASTQ
HRR1402708_r2.fastq.gz,Raw FASTQ
HRR1402709_f1.fastq.gz,Raw FASTQ
HRR1402709_r2.fastq.gz,Raw FASTQ
HRR1402889_f1.fastq.gz,Raw FASTQ
HRR1402889_r2.fastq.gz,Raw FASTQ
HRR1402890_f1.fastq.gz,Raw FASTQ
HRR1402890_r2.fastq.gz,Raw FASTQ
HRR1402710_f1.fastq.gz,Raw FASTQ
HRR1402710_r2.fastq.gz,Raw FASTQ
HRR1402891_f1.fastq.gz,Raw FASTQ
HRR1402891_r2.fastq.gz,Raw FASTQ
HRR1402892_f1.fastq.gz,Raw FASTQ
HRR1402892_r2.fastq.gz,Raw FASTQ
HRR1402711_f1.fastq.gz,Raw FASTQ
HRR1402711_r2.fastq.gz,Raw FASTQ
HRR1402712_f1.fastq.gz,Raw FASTQ
HRR1402712_r2.fastq.gz,Raw FASTQ
HRR1402713_f1.fastq.gz,Raw FASTQ
HRR1402713_r2.fastq.gz,Raw FASTQ
HRR1402893_f1.fastq.gz,Raw FASTQ
HRR1402893_r2.fastq.gz,Raw FASTQ
HRR1402714_f1.fastq.gz,Raw FASTQ
HRR1402714_r2.fastq.gz,Raw FASTQ
HRR1402894_f1.fastq.gz,Raw FASTQ
HRR1402894_r2.fastq.gz,Raw FASTQ
HRR1402895_f1.fastq.gz,Raw FASTQ
HRR1402895_r2.fastq.gz,Raw FASTQ
HRR1402715_f1.fastq.gz,Raw FASTQ
HRR1402715_r2.fastq.gz,Raw FASTQ
HRR1402896_f1.fastq.gz,Raw FASTQ
HRR1402896_r2.fastq.gz,Raw FASTQ
HRR1402897_f1.fastq.gz,Raw FASTQ
HRR1402897_r2.fastq.gz,Raw FASTQ
HRR1402716_f1.fastq.gz,Raw FASTQ
HRR1402716_r2.fastq.gz,Raw FASTQ
HRR1402898_f1.fastq.gz,Raw FASTQ
HRR1402898_r2.fastq.gz,Raw FASTQ
HRR1402899_f1.fastq.gz,Raw FASTQ
HRR1402899_r2.fastq.gz,Raw FASTQ
HRR1402717_f1.fastq.gz,Raw FASTQ
HRR1402717_r2.fastq.gz,Raw FASTQ
HRR1402900_f1.fastq.gz,Raw FASTQ
HRR1402900_r2.fastq.gz,Raw FASTQ
HRR1402718_f1.fastq.gz,Raw FASTQ
HRR1402718_r2.fastq.gz,Raw FASTQ
HRR1402901_f1.fastq.gz,Raw FASTQ
HRR1402901_r2.fastq.gz,Raw FASTQ
HRR1402902_f1.fastq.gz,Raw FASTQ
HRR1402902_r2.fastq.gz,Raw FASTQ
HRR1402719_f1.fastq.gz,Raw FASTQ
HRR1402719_r2.fastq.gz,Raw FASTQ
HRR1402903_f1.fastq.gz,Raw FASTQ
HRR1402903_r2.fastq.gz,Raw FASTQ
HRR1402904_f1.fastq.gz,Raw FASTQ
HRR1402904_r2.fastq.gz,Raw FASTQ
HRR1402720_f1.fastq.gz,Raw FASTQ
HRR1402720_r2.fastq.gz,Raw FASTQ
HRR1402905_f1.fastq.gz,Raw FASTQ
HRR1402905_r2.fastq.gz,Raw FASTQ
HRR1402906_f1.fastq.gz,Raw FASTQ
HRR1402906_r2.fastq.gz,Raw FASTQ
HRR1402721_f1.fastq.gz,Raw FASTQ
HRR1402721_r2.fastq.gz,Raw FASTQ
HRR1402722_f1.fastq.gz,Raw FASTQ
HRR1402722_r2.fastq.gz,Raw FASTQ
HRR1402907_f1.fastq.gz,Raw FASTQ
HRR1402907_r2.fastq.gz,Raw FASTQ
HRR1402723_f1.fastq.gz,Raw FASTQ
HRR1402723_r2.fastq.gz,Raw FASTQ
HRR1402908_f1.fastq.gz,Raw FASTQ
HRR1402908_r2.fastq.gz,Raw FASTQ
HRR1402909_f1.fastq.gz,Raw FASTQ
HRR1402909_r2.fastq.gz,Raw FASTQ
HRR1402724_f1.fastq.gz,Raw FASTQ
HRR1402724_r2.fastq.gz,Raw FASTQ
HRR1402910_f1.fastq.gz,Raw FASTQ
HRR1402910_r2.fastq.gz,Raw FASTQ
HRR1402725_f1.fastq.gz,Raw FASTQ
HRR1402725_r2.fastq.gz,Raw FASTQ
HRR1402726_f1.fastq.gz,Raw FASTQ
HRR1402726_r2.fastq.gz,Raw FASTQ
HRR1402911_f1.fastq.gz,Raw FASTQ
HRR1402911_r2.fastq.gz,Raw FASTQ
HRR1402727_f1.fastq.gz,Raw FASTQ
HRR1402727_r2.fastq.gz,Raw FASTQ
HRR1402728_f1.fastq.gz,Raw FASTQ
HRR1402728_r2.fastq.gz,Raw FASTQ
HRR1402729_f1.fastq.gz,Raw FASTQ
HRR1402729_r2.fastq.gz,Raw FASTQ
HRR1402912_f1.fastq.gz,Raw FASTQ
HRR1402912_r2.fastq.gz,Raw FASTQ
HRR1402730_f1.fastq.gz,Raw FASTQ
HRR1402730_r2.fastq.gz,Raw FASTQ
HRR1402913_f1.fastq.gz,Raw FASTQ
HRR1402913_r2.fastq.gz,Raw FASTQ
HRR1402731_f1.fastq.gz,Raw FASTQ
HRR1402731_r2.fastq.gz,Raw FASTQ
HRR1402914_f1.fastq.gz,Raw FASTQ
HRR1402914_r2.fastq.gz,Raw FASTQ
HRR1402732_f1.fastq.gz,Raw FASTQ
HRR1402732_r2.fastq.gz,Raw FASTQ
HRR1402915_f1.fastq.gz,Raw FASTQ
HRR1402915_r2.fastq.gz,Raw FASTQ
HRR1402733_f1.fastq.gz,Raw FASTQ
HRR1402733_r2.fastq.gz,Raw FASTQ
HRR1402916_f1.fastq.gz,Raw FASTQ
HRR1402916_r2.fastq.gz,Raw FASTQ
HRR1402734_f1.fastq.gz,Raw FASTQ
HRR1402734_r2.fastq.gz,Raw FASTQ
HRR1402917_f1.fastq.gz,Raw FASTQ
HRR1402917_r2.fastq.gz,Raw FASTQ
HRR1402735_f1.fastq.gz,Raw FASTQ
HRR1402735_r2.fastq.gz,Raw FASTQ
HRR1402918_f1.fastq.gz,Raw FASTQ
HRR1402918_r2.fastq.gz,Raw FASTQ
HRR1402736_f1.fastq.gz,Raw FASTQ
HRR1402736_r2.fastq.gz,Raw FASTQ
HRR1402737_f1.fastq.gz,Raw FASTQ
HRR1402737_r2.fastq.gz,Raw FASTQ
HRR1402919_f1.fastq.gz,Raw FASTQ
HRR1402919_r2.fastq.gz,Raw FASTQ
HRR1402738_f1.fastq.gz,Raw FASTQ
HRR1402738_r2.fastq.gz,Raw FASTQ
HRR1402920_f1.fastq.gz,Raw FASTQ
HRR1402920_r2.fastq.gz,Raw FASTQ
HRR1402739_f1.fastq.gz,Raw FASTQ
HRR1402739_r2.fastq.gz,Raw FASTQ
HRR1402921_f1.fastq.gz,Raw FASTQ
HRR1402921_r2.fastq.gz,Raw FASTQ
HRR1402740_f1.fastq.gz,Raw FASTQ
HRR1402740_r2.fastq.gz,Raw FASTQ
HRR1402922_f1.fastq.gz,Raw FASTQ
HRR1402922_r2.fastq.gz,Raw FASTQ
HRR1402741_f1.fastq.gz,Raw FASTQ
HRR1402741_r2.fastq.gz,Raw FASTQ
HRR1402923_f1.fastq.gz,Raw FASTQ
HRR1402923_r2.fastq.gz,Raw FASTQ
HRR1402924_f1.fastq.gz,Raw FASTQ
HRR1402924_r2.fastq.gz,Raw FASTQ
HRR1402742_f1.fastq.gz,Raw FASTQ
HRR1402742_r2.fastq.gz,Raw FASTQ
HRR1402925_f1.fastq.gz,Raw FASTQ
HRR1402925_r2.fastq.gz,Raw FASTQ
HRR1402926_f1.fastq.gz,Raw FASTQ
HRR1402926_r2.fastq.gz,Raw FASTQ
HRR1402743_f1.fastq.gz,Raw FASTQ
HRR1402743_r2.fastq.gz,Raw FASTQ
HRR1402744_f1.fastq.gz,Raw FASTQ
HRR1402744_r2.fastq.gz,Raw FASTQ
HRR1402927_f1.fastq.gz,Raw FASTQ
HRR1402927_r2.fastq.gz,Raw FASTQ
HRR1402745_f1.fastq.gz,Raw FASTQ
HRR1402745_r2.fastq.gz,Raw FASTQ
HRR1402928_f1.fastq.gz,Raw FASTQ
HRR1402928_r2.fastq.gz,Raw FASTQ
HRR1402746_f1.fastq.gz,Raw FASTQ
HRR1402746_r2.fastq.gz,Raw FASTQ
HRR1402929_f1.fastq.gz,Raw FASTQ
HRR1402929_r2.fastq.gz,Raw FASTQ
HRR1402930_f1.fastq.gz,Raw FASTQ
HRR1402930_r2.fastq.gz,Raw FASTQ
HRR1402747_f1.fastq.gz,Raw FASTQ
HRR1402747_r2.fastq.gz,Raw FASTQ
HRR1402931_f1.fastq.gz,Raw FASTQ
HRR1402931_r2.fastq.gz,Raw FASTQ
HRR1402932_f1.fastq.gz,Raw FASTQ
HRR1402932_r2.fastq.gz,Raw FASTQ
HRR1402748_f1.fastq.gz,Raw FASTQ
HRR1402748_r2.fastq.gz,Raw FASTQ
HRR1402933_f1.fastq.gz,Raw FASTQ
HRR1402933_r2.fastq.gz,Raw FASTQ
HRR1402934_f1.fastq.gz,Raw FASTQ
HRR1402934_r2.fastq.gz,Raw FASTQ
HRR1402749_f1.fastq.gz,Raw FASTQ
HRR1402749_r2.fastq.gz,Raw FASTQ
HRR1402750_f1.fastq.gz,Raw FASTQ
HRR1402750_r2.fastq.gz,Raw FASTQ
HRR1402935_f1.fastq.gz,Raw FASTQ
HRR1402935_r2.fastq.gz,Raw FASTQ
HRR1402751_f1.fastq.gz,Raw FASTQ
HRR1402751_r2.fastq.gz,Raw FASTQ
HRR1402936_f1.fastq.gz,Raw FASTQ
HRR1402936_r2.fastq.gz,Raw FASTQ
HRR1402937_f1.fastq.gz,Raw FASTQ
HRR1402937_r2.fastq.gz,Raw FASTQ
HRR1402752_f1.fastq.gz,Raw FASTQ
HRR1402752_r2.fastq.gz,Raw FASTQ
HRR1402753_f1.fastq.gz,Raw FASTQ
HRR1402753_r2.fastq.gz,Raw FASTQ
HRR1402754_f1.fastq.gz,Raw FASTQ
HRR1402754_r2.fastq.gz,Raw FASTQ
HRR1402755_f1.fastq.gz,Raw FASTQ
HRR1402755_r2.fastq.gz,Raw FASTQ
HRR1402938_f1.fastq.gz,Raw FASTQ
HRR1402938_r2.fastq.gz,Raw FASTQ
HRR1402939_f1.fastq.gz,Raw FASTQ
HRR1402939_r2.fastq.gz,Raw FASTQ
HRR1402756_f1.fastq.gz,Raw FASTQ
HRR1402756_r2.fastq.gz,Raw FASTQ
HRR1402757_f1.fastq.gz,Raw FASTQ
HRR1402757_r2.fastq.gz,Raw FASTQ
HRR1402940_f1.fastq.gz,Raw FASTQ
HRR1402940_r2.fastq.gz,Raw FASTQ
HRR1402758_f1.fastq.gz,Raw FASTQ
HRR1402758_r2.fastq.gz,Raw FASTQ
HRR1402941_f1.fastq.gz,Raw FASTQ
HRR1402941_r2.fastq.gz,Raw FASTQ
HRR1402759_f1.fastq.gz,Raw FASTQ
HRR1402759_r2.fastq.gz,Raw FASTQ
HRR1402942_f1.fastq.gz,Raw FASTQ
HRR1402942_r2.fastq.gz,Raw FASTQ
HRR1402943_f1.fastq.gz,Raw FASTQ
HRR1402943_r2.fastq.gz,Raw FASTQ
HRR1402760_f1.fastq.gz,Raw FASTQ
HRR1402760_r2.fastq.gz,Raw FASTQ
HRR1402944_f1.fastq.gz,Raw FASTQ
HRR1402944_r2.fastq.gz,Raw FASTQ
HRR1402761_f1.fastq.gz,Raw FASTQ
HRR1402761_r2.fastq.gz,Raw FASTQ
HRR1402945_f1.fastq.gz,Raw FASTQ
HRR1402945_r2.fastq.gz,Raw FASTQ
HRR1402762_f1.fastq.gz,Raw FASTQ
HRR1402762_r2.fastq.gz,Raw FASTQ
HRR1402946_f1.fastq.gz,Raw FASTQ
HRR1402946_r2.fastq.gz,Raw FASTQ
HRR1402763_f1.fastq.gz,Raw FASTQ
HRR1402763_r2.fastq.gz,Raw FASTQ
HRR1402947_f1.fastq.gz,Raw FASTQ
HRR1402947_r2.fastq.gz,Raw FASTQ
HRR1402764_f1.fastq.gz,Raw FASTQ
HRR1402764_r2.fastq.gz,Raw FASTQ
HRR1402948_f1.fastq.gz,Raw FASTQ
HRR1402948_r2.fastq.gz,Raw FASTQ
HRR1402765_f1.fastq.gz,Raw FASTQ
HRR1402765_r2.fastq.gz,Raw FASTQ
HRR1402949_f1.fastq.gz,Raw FASTQ
HRR1402949_r2.fastq.gz,Raw FASTQ
HRR1402766_f1.fastq.gz,Raw FASTQ
HRR1402766_r2.fastq.gz,Raw FASTQ
HRR1402767_f1.fastq.gz,Raw FASTQ
HRR1402767_r2.fastq.gz,Raw FASTQ
HRR1402950_f1.fastq.gz,Raw FASTQ
HRR1402950_r2.fastq.gz,Raw FASTQ
HRR1402768_f1.fastq.gz,Raw FASTQ
HRR1402768_r2.fastq.gz,Raw FASTQ
HRR1402951_f1.fastq.gz,Raw FASTQ
HRR1402951_r2.fastq.gz,Raw FASTQ
HRR1402769_f1.fastq.gz,Raw FASTQ
HRR1402769_r2.fastq.gz,Raw FASTQ
HRR1402770_f1.fastq.gz,Raw FASTQ
HRR1402770_r2.fastq.gz,Raw FASTQ
HRR1402952_f1.fastq.gz,Raw FASTQ
HRR1402952_r2.fastq.gz,Raw FASTQ
HRR1402953_f1.fastq.gz,Raw FASTQ
HRR1402953_r2.fastq.gz,Raw FASTQ
HRR1402771_f1.fastq.gz,Raw FASTQ
HRR1402771_r2.fastq.gz,Raw FASTQ
HRR1402954_f1.fastq.gz,Raw FASTQ
HRR1402954_r2.fastq.gz,Raw FASTQ
HRR1402772_f1.fastq.gz,Raw FASTQ
HRR1402772_r2.fastq.gz,Raw FASTQ
HRR1402773_f1.fastq.gz,Raw FASTQ
HRR1402773_r2.fastq.gz,Raw FASTQ
HRR1402955_f1.fastq.gz,Raw FASTQ
HRR1402955_r2.fastq.gz,Raw FASTQ
HRR1402774_f1.fastq.gz,Raw FASTQ
HRR1402774_r2.fastq.gz,Raw FASTQ
HRR1402956_f1.fastq.gz,Raw FASTQ
HRR1402956_r2.fastq.gz,Raw FASTQ
HRR1402775_f1.fastq.gz,Raw FASTQ
HRR1402775_r2.fastq.gz,Raw FASTQ
HRR1402957_f1.fastq.gz,Raw FASTQ
HRR1402957_r2.fastq.gz,Raw FASTQ
HRR1402776_f1.fastq.gz,Raw FASTQ
HRR1402776_r2.fastq.gz,Raw FASTQ
HRR1402958_f1.fastq.gz,Raw FASTQ
HRR1402958_r2.fastq.gz,Raw FASTQ
HRR1402777_f1.fastq.gz,Raw FASTQ
HRR1402777_r2.fastq.gz,Raw FASTQ
HRR1402959_f1.fastq.gz,Raw FASTQ
HRR1402959_r2.fastq.gz,Raw FASTQ
HRR1402960_f1.fastq.gz,Raw FASTQ
HRR1402960_r2.fastq.gz,Raw FASTQ
HRR1402778_f1.fastq.gz,Raw FASTQ
HRR1402778_r2.fastq.gz,Raw FASTQ
HRR1402961_f1.fastq.gz,Raw FASTQ
HRR1402961_r2.fastq.gz,Raw FASTQ
HRR1402779_f1.fastq.gz,Raw FASTQ
HRR1402779_r2.fastq.gz,Raw FASTQ
HRR1402962_f1.fastq.gz,Raw FASTQ
HRR1402962_r2.fastq.gz,Raw FASTQ
HRR1402780_f1.fastq.gz,Raw FASTQ
HRR1402780_r2.fastq.gz,Raw FASTQ
HRR1402963_f1.fastq.gz,Raw FASTQ
HRR1402963_r2.fastq.gz,Raw FASTQ
HRR1402781_f1.fastq.gz,Raw FASTQ
HRR1402781_r2.fastq.gz,Raw FASTQ
HRR1402964_f1.fastq.gz,Raw FASTQ
HRR1402964_r2.fastq.gz,Raw FASTQ
HRR1402965_f1.fastq.gz,Raw FASTQ
HRR1402965_r2.fastq.gz,Raw FASTQ
HRR1402782_f1.fastq.gz,Raw FASTQ
HRR1402782_r2.fastq.gz,Raw FASTQ
HRR1402966_f1.fastq.gz,Raw FASTQ
HRR1402966_r2.fastq.gz,Raw FASTQ
HRR1402967_f1.fastq.gz,Raw FASTQ
HRR1402967_r2.fastq.gz,Raw FASTQ
HRR1402783_f1.fastq.gz,Raw FASTQ
HRR1402783_r2.fastq.gz,Raw FASTQ
HRR1402968_f1.fastq.gz,Raw FASTQ
HRR1402968_r2.fastq.gz,Raw FASTQ
HRR1402969_f1.fastq.gz,Raw FASTQ
HRR1402969_r2.fastq.gz,Raw FASTQ
HRR1402784_f1.fastq.gz,Raw FASTQ
HRR1402784_r2.fastq.gz,Raw FASTQ
HRR1402785_f1.fastq.gz,Raw FASTQ
HRR1402785_r2.fastq.gz,Raw FASTQ
HRR1402970_f1.fastq.gz,Raw FASTQ
HRR1402970_r2.fastq.gz,Raw FASTQ
HRR1402971_f1.fastq.gz,Raw FASTQ
HRR1402971_r2.fastq.gz,Raw FASTQ
HRR1402786_f1.fastq.gz,Raw FASTQ
HRR1402786_r2.fastq.gz,Raw FASTQ
HRR1402787_f1.fastq.gz,Raw FASTQ
HRR1402787_r2.fastq.gz,Raw FASTQ
HRR1402972_f1.fastq.gz,Raw FASTQ
HRR1402972_r2.fastq.gz,Raw FASTQ
HRR1402788_f1.fastq.gz,Raw FASTQ
HRR1402788_r2.fastq.gz,Raw FASTQ
HRR1402789_f1.fastq.gz,Raw FASTQ
HRR1402789_r2.fastq.gz,Raw FASTQ
HRR1402973_f1.fastq.gz,Raw FASTQ
HRR1402973_r2.fastq.gz,Raw FASTQ
HRR1402790_f1.fastq.gz,Raw FASTQ
HRR1402790_r2.fastq.gz,Raw FASTQ
HRR1402974_f1.fastq.gz,Raw FASTQ
HRR1402974_r2.fastq.gz,Raw FASTQ
HRR1402975_f1.fastq.gz,Raw FASTQ
HRR1402975_r2.fastq.gz,Raw FASTQ
HRR1402791_f1.fastq.gz,Raw FASTQ
HRR1402791_r2.fastq.gz,Raw FASTQ
HRR1402792_f1.fastq.gz,Raw FASTQ
HRR1402792_r2.fastq.gz,Raw FASTQ
HRR1402976_f1.fastq.gz,Raw FASTQ
HRR1402976_r2.fastq.gz,Raw FASTQ
HRR1402977_f1.fastq.gz,Raw FASTQ
HRR1402977_r2.fastq.gz,Raw FASTQ
HRR1402793_f1.fastq.gz,Raw FASTQ
HRR1402793_r2.fastq.gz,Raw FASTQ
HRR1402794_f1.fastq.gz,Raw FASTQ
HRR1402794_r2.fastq.gz,Raw FASTQ
HRR1402978_f1.fastq.gz,Raw FASTQ
HRR1402978_r2.fastq.gz,Raw FASTQ
HRR1402979_f1.fastq.gz,Raw FASTQ
HRR1402979_r2.fastq.gz,Raw FASTQ
HRR1402795_f1.fastq.gz,Raw FASTQ
HRR1402795_r2.fastq.gz,Raw FASTQ
HRR1402796_f1.fastq.gz,Raw FASTQ
HRR1402796_r2.fastq.gz,Raw FASTQ
HRR1402980_f1.fastq.gz,Raw FASTQ
HRR1402980_r2.fastq.gz,Raw FASTQ
HRR1402981_f1.fastq.gz,Raw FASTQ
HRR1402981_r2.fastq.gz,Raw FASTQ
HRR572934_f1.fq.gz,Raw FASTQ
HRR572934_r2.fq.gz,Raw FASTQ
HRR572935_f1.fq.gz,Raw FASTQ
HRR572935_r2.fq.gz,Raw FASTQ
HRR572936_f1.fq.gz,Raw FASTQ
HRR572936_r2.fq.gz,Raw FASTQ
HRR572937_f1.fq.gz,Raw FASTQ
HRR572937_r2.fq.gz,Raw FASTQ
HRR572938_f1.fq.gz,Raw FASTQ
HRR572938_r2.fq.gz,Raw FASTQ
HRR572939_f1.fq.gz,Raw FASTQ
HRR572939_r2.fq.gz,Raw FASTQ
HRR572940_f1.fq.gz,Raw FASTQ
HRR572940_r2.fq.gz,Raw FASTQ
HRR572941_f1.fq.gz,Raw FASTQ
HRR572941_r2.fq.gz,Raw FASTQ
HRR572942_f1.fq.gz,Raw FASTQ
HRR572942_r2.fq.gz,Raw FASTQ
HRR572943_f1.fq.gz,Raw FASTQ
HRR572943_r2.fq.gz,Raw FASTQ
HRR572944_f1.fq.gz,Raw FASTQ
HRR572944_r2.fq.gz,Raw FASTQ
HRR572945_f1.fq.gz,Raw FASTQ
HRR572945_r2.fq.gz,Raw FASTQ
HRR572946_f1.fq.gz,Raw FASTQ
HRR572946_r2.fq.gz,Raw FASTQ
HRR572947_f1.fq.gz,Raw FASTQ
HRR572947_r2.fq.gz,Raw FASTQ
HRR572948_f1.fq.gz,Raw FASTQ
HRR572948_r2.fq.gz,Raw FASTQ
HRR572949_f1.fq.gz,Raw FASTQ
HRR572949_r2.fq.gz,Raw FASTQ
HRR572950_f1.fq.gz,Raw FASTQ
HRR572950_r2.fq.gz,Raw FASTQ
HRR572951_f1.fq.gz,Raw FASTQ
HRR572951_r2.fq.gz,Raw FASTQ
HRR572952_f1.fq.gz,Raw FASTQ
HRR572952_r2.fq.gz,Raw FASTQ
HRR572953_f1.fq.gz,Raw FASTQ
HRR572953_r2.fq.gz,Raw FASTQ
HRR572954_f1.fq.gz,Raw FASTQ
HRR572954_r2.fq.gz,Raw FASTQ
HRR572955_f1.fq.gz,Raw FASTQ
HRR572955_r2.fq.gz,Raw FASTQ
HRR572956_f1.fq.gz,Raw FASTQ
HRR572956_r2.fq.gz,Raw FASTQ
HRR572957_f1.fq.gz,Raw FASTQ
HRR572957_r2.fq.gz,Raw FASTQ
HRR572958_f1.fq.gz,Raw FASTQ
HRR572958_r2.fq.gz,Raw FASTQ
HRR572959_f1.fq.gz,Raw FASTQ
HRR572959_r2.fq.gz,Raw FASTQ
HRR572960_f1.fq.gz,Raw FASTQ
HRR572960_r2.fq.gz,Raw FASTQ
HRR572961_f1.fq.gz,Raw FASTQ
HRR572961_r2.fq.gz,Raw FASTQ
HRR572962_f1.fq.gz,Raw FASTQ
HRR572962_r2.fq.gz,Raw FASTQ
HRR572963_f1.fq.gz,Raw FASTQ
HRR572963_r2.fq.gz,Raw FASTQ
HRR572964_f1.fq.gz,Raw FASTQ
HRR572964_r2.fq.gz,Raw FASTQ
HRR572965_f1.fq.gz,Raw FASTQ
HRR572965_r2.fq.gz,Raw FASTQ
HRR572966_f1.fq.gz,Raw FASTQ
HRR572966_r2.fq.gz,Raw FASTQ
HRR572967_f1.fq.gz,Raw FASTQ
HRR572967_r2.fq.gz,Raw FASTQ
HRR572968_f1.fq.gz,Raw FASTQ
HRR572968_r2.fq.gz,Raw FASTQ
HRR572969_f1.fq.gz,Raw FASTQ
HRR572969_r2.fq.gz,Raw FASTQ
HRR572970_f1.fq.gz,Raw FASTQ
HRR572970_r2.fq.gz,Raw FASTQ
HRR572971_f1.fq.gz,Raw FASTQ
HRR572971_r2.fq.gz,Raw FASTQ
HRR572972_f1.fq.gz,Raw FASTQ
HRR572972_r2.fq.gz,Raw FASTQ
HRR572973_f1.fq.gz,Raw FASTQ
HRR572973_r2.fq.gz,Raw FASTQ
HRR572974_f1.fq.gz,Raw FASTQ
HRR572974_r2.fq.gz,Raw FASTQ
HRR572975_f1.fq.gz,Raw FASTQ
HRR572975_r2.fq.gz,Raw FASTQ
HRR572976_f1.fq.gz,Raw FASTQ
HRR572976_r2.fq.gz,Raw FASTQ
HRR572977_f1.fq.gz,Raw FASTQ
HRR572977_r2.fq.gz,Raw FASTQ
HRR572978_f1.fq.gz,Raw FASTQ
HRR572978_r2.fq.gz,Raw FASTQ
HRR572979_f1.fq.gz,Raw FASTQ
HRR572979_r2.fq.gz,Raw FASTQ
HRR572980_f1.fq.gz,Raw FASTQ
HRR572980_r2.fq.gz,Raw FASTQ
HRR572981_f1.fq.gz,Raw FASTQ
HRR572981_r2.fq.gz,Raw FASTQ
HRR572982_f1.fq.gz,Raw FASTQ
HRR572982_r2.fq.gz,Raw FASTQ
HRR572983_f1.fq.gz,Raw FASTQ
HRR572983_r2.fq.gz,Raw FASTQ
HRR572984_f1.fq.gz,Raw FASTQ
HRR572984_r2.fq.gz,Raw FASTQ
HRR572985_f1.fq.gz,Raw FASTQ
HRR572985_r2.fq.gz,Raw FASTQ
HRR572986_f1.fq.gz,Raw FASTQ
HRR572986_r2.fq.gz,Raw FASTQ
HRR572987_f1.fq.gz,Raw FASTQ
HRR572987_r2.fq.gz,Raw FASTQ
HRR572988_f1.fq.gz,Raw FASTQ
HRR572988_r2.fq.gz,Raw FASTQ
HRR572989_f1.fq.gz,Raw FASTQ
HRR572989_r2.fq.gz,Raw FASTQ
HRR572990_f1.fq.gz,Raw FASTQ
HRR572990_r2.fq.gz,Raw FASTQ
HRR572991_f1.fq.gz,Raw FASTQ
HRR572991_r2.fq.gz,Raw FASTQ
HRR572992_f1.fq.gz,Raw FASTQ
HRR572992_r2.fq.gz,Raw FASTQ
HRR572993_f1.fq.gz,Raw FASTQ
HRR572993_r2.fq.gz,Raw FASTQ
HRR572994_f1.fq.gz,Raw FASTQ
HRR572994_r2.fq.gz,Raw FASTQ
HRR572995_f1.fq.gz,Raw FASTQ
HRR572995_r2.fq.gz,Raw FASTQ
HRR572996_f1.fq.gz,Raw FASTQ
HRR572996_r2.fq.gz,Raw FASTQ
HRR572997_f1.fq.gz,Raw FASTQ
HRR572997_r2.fq.gz,Raw FASTQ
HRR572998_f1.fq.gz,Raw FASTQ
HRR572998_r2.fq.gz,Raw FASTQ
HRR572999_f1.fq.gz,Raw FASTQ
HRR572999_r2.fq.gz,Raw FASTQ
HRR573000_f1.fq.gz,Raw FASTQ
HRR573000_r2.fq.gz,Raw FASTQ
HRR573001_f1.fq.gz,Raw FASTQ
HRR573001_r2.fq.gz,Raw FASTQ
HRR573002_f1.fq.gz,Raw FASTQ
HRR573002_r2.fq.gz,Raw FASTQ
HRR573003_f1.fq.gz,Raw FASTQ
HRR573003_r2.fq.gz,Raw FASTQ
HRR573004_f1.fq.gz,Raw FASTQ
HRR573004_r2.fq.gz,Raw FASTQ
HRR573005_f1.fq.gz,Raw FASTQ
HRR573005_r2.fq.gz,Raw FASTQ
HRR573006_f1.fq.gz,Raw FASTQ
HRR573006_r2.fq.gz,Raw FASTQ
HRR573007_f1.fq.gz,Raw FASTQ
HRR573007_r2.fq.gz,Raw FASTQ
HRR573008_f1.fq.gz,Raw FASTQ
HRR573008_r2.fq.gz,Raw FASTQ
HRR573009_f1.fq.gz,Raw FASTQ
HRR573009_r2.fq.gz,Raw FASTQ
HRR573010_f1.fq.gz,Raw FASTQ
HRR573010_r2.fq.gz,Raw FASTQ
HRR573011_f1.fq.gz,Raw FASTQ
HRR573011_r2.fq.gz,Raw FASTQ
HRR573012_f1.fq.gz,Raw FASTQ
HRR573012_r2.fq.gz,Raw FASTQ
HRR573013_f1.fq.gz,Raw FASTQ
HRR573013_r2.fq.gz,Raw FASTQ
HRR573014_f1.fq.gz,Raw FASTQ
HRR573014_r2.fq.gz,Raw FASTQ
HRR573015_f1.fq.gz,Raw FASTQ
HRR573015_r2.fq.gz,Raw FASTQ
HRR573016_f1.fq.gz,Raw FASTQ
HRR573016_r2.fq.gz,Raw FASTQ
HRR573017_f1.fq.gz,Raw FASTQ
HRR573017_r2.fq.gz,Raw FASTQ
HRR573018_f1.fq.gz,Raw FASTQ
HRR573018_r2.fq.gz,Raw FASTQ
HRR573019_f1.fq.gz,Raw FASTQ
HRR573019_r2.fq.gz,Raw FASTQ
HRR573020_f1.fq.gz,Raw FASTQ
HRR573020_r2.fq.gz,Raw FASTQ
HRR573021_f1.fq.gz,Raw FASTQ
HRR573021_r2.fq.gz,Raw FASTQ
HRR573022_f1.fq.gz,Raw FASTQ
HRR573022_r2.fq.gz,Raw FASTQ
HRR573023_f1.fq.gz,Raw FASTQ
HRR573023_r2.fq.gz,Raw FASTQ
HRR573024_f1.fq.gz,Raw FASTQ
HRR573024_r2.fq.gz,Raw FASTQ
HRR573025_f1.fq.gz,Raw FASTQ
HRR573025_r2.fq.gz,Raw FASTQ
HRR573026_f1.fq.gz,Raw FASTQ
HRR573026_r2.fq.gz,Raw FASTQ
HRR573027_f1.fq.gz,Raw FASTQ
HRR573027_r2.fq.gz,Raw FASTQ
HRR573028_f1.fq.gz,Raw FASTQ
HRR573028_r2.fq.gz,Raw FASTQ
HRR573029_f1.fq.gz,Raw FASTQ
HRR573029_r2.fq.gz,Raw FASTQ
HRR573030_f1.fq.gz,Raw FASTQ
HRR573030_r2.fq.gz,Raw FASTQ
HRR573031_f1.fq.gz,Raw FASTQ
HRR573031_r2.fq.gz,Raw FASTQ
HRR573032_f1.fq.gz,Raw FASTQ
HRR573032_r2.fq.gz,Raw FASTQ
HRR573033_f1.fq.gz,Raw FASTQ
HRR573033_r2.fq.gz,Raw FASTQ
HRR573034_f1.fq.gz,Raw FASTQ
HRR573034_r2.fq.gz,Raw FASTQ
HRR573035_f1.fq.gz,Raw FASTQ
HRR573035_r2.fq.gz,Raw FASTQ
HRR573036_f1.fq.gz,Raw FASTQ
HRR573036_r2.fq.gz,Raw FASTQ
HRR573037_f1.fq.gz,Raw FASTQ
HRR573037_r2.fq.gz,Raw FASTQ
HRR573038_f1.fq.gz,Raw FASTQ
HRR573038_r2.fq.gz,Raw FASTQ
HRR573039_f1.fq.gz,Raw FASTQ
HRR573039_r2.fq.gz,Raw FASTQ
HRR573040_f1.fq.gz,Raw FASTQ
HRR573040_r2.fq.gz,Raw FASTQ
HRR573041_f1.fq.gz,Raw FASTQ
HRR573041_r2.fq.gz,Raw FASTQ
HRR573042_f1.fq.gz,Raw FASTQ
HRR573042_r2.fq.gz,Raw FASTQ
HRR573043_f1.fq.gz,Raw FASTQ
HRR573043_r2.fq.gz,Raw FASTQ
HRR573044_f1.fq.gz,Raw FASTQ
HRR573044_r2.fq.gz,Raw FASTQ
HRR573045_f1.fq.gz,Raw FASTQ
HRR573045_r2.fq.gz,Raw FASTQ
HRR573046_f1.fq.gz,Raw FASTQ
HRR573046_r2.fq.gz,Raw FASTQ
HRR573047_f1.fq.gz,Raw FASTQ
HRR573047_r2.fq.gz,Raw FASTQ
HRR573048_f1.fq.gz,Raw FASTQ
HRR573048_r2.fq.gz,Raw FASTQ
HRR573049_f1.fq.gz,Raw FASTQ
HRR573049_r2.fq.gz,Raw FASTQ
HRR573050_f1.fq.gz,Raw FASTQ
HRR573050_r2.fq.gz,Raw FASTQ
HRR573051_f1.fq.gz,Raw FASTQ
HRR573051_r2.fq.gz,Raw FASTQ
HRR573052_f1.fq.gz,Raw FASTQ
HRR573052_r2.fq.gz,Raw FASTQ
HRR573053_f1.fq.gz,Raw FASTQ
HRR573053_r2.fq.gz,Raw FASTQ
HRR573054_f1.fq.gz,Raw FASTQ
HRR573054_r2.fq.gz,Raw FASTQ
HRR573055_f1.fq.gz,Raw FASTQ
HRR573055_r2.fq.gz,Raw FASTQ
HRR573056_f1.fq.gz,Raw FASTQ
HRR573056_r2.fq.gz,Raw FASTQ
HRR573057_f1.fq.gz,Raw FASTQ
HRR573057_r2.fq.gz,Raw FASTQ
HRR573058_f1.fq.gz,Raw FASTQ
HRR573058_r2.fq.gz,Raw FASTQ
HRR573059_f1.fq.gz,Raw FASTQ
HRR573059_r2.fq.gz,Raw FASTQ
HRR573060_f1.fq.gz,Raw FASTQ
HRR573060_r2.fq.gz,Raw FASTQ
HRR573061_f1.fq.gz,Raw FASTQ
HRR573061_r2.fq.gz,Raw FASTQ
HRR573062_f1.fq.gz,Raw FASTQ
HRR573062_r2.fq.gz,Raw FASTQ
HRR573063_f1.fq.gz,Raw FASTQ
HRR573063_r2.fq.gz,Raw FASTQ
HRR573064_f1.fq.gz,Raw FASTQ
HRR573064_r2.fq.gz,Raw FASTQ
HRR573065_f1.fq.gz,Raw FASTQ
HRR573065_r2.fq.gz,Raw FASTQ
HRR573066_f1.fq.gz,Raw FASTQ
HRR573066_r2.fq.gz,Raw FASTQ
HRR573067_f1.fq.gz,Raw FASTQ
HRR573067_r2.fq.gz,Raw FASTQ
HRR573068_f1.fq.gz,Raw FASTQ
HRR573068_r2.fq.gz,Raw FASTQ
HRR573069_f1.fq.gz,Raw FASTQ
HRR573069_r2.fq.gz,Raw FASTQ
HRR573070_f1.fq.gz,Raw FASTQ
HRR573070_r2.fq.gz,Raw FASTQ
HRR573071_f1.fq.gz,Raw FASTQ
HRR573071_r2.fq.gz,Raw FASTQ
HRR573072_f1.fq.gz,Raw FASTQ
HRR573072_r2.fq.gz,Raw FASTQ
HRR573073_f1.fq.gz,Raw FASTQ
HRR573073_r2.fq.gz,Raw FASTQ
HRR573074_f1.fq.gz,Raw FASTQ
HRR573074_r2.fq.gz,Raw FASTQ
HRR573075_f1.fq.gz,Raw FASTQ
HRR573075_r2.fq.gz,Raw FASTQ
HRR573076_f1.fq.gz,Raw FASTQ
HRR573076_r2.fq.gz,Raw FASTQ
HRR573077_f1.fq.gz,Raw FASTQ
HRR573077_r2.fq.gz,Raw FASTQ
HRR573078_f1.fq.gz,Raw FASTQ
HRR573078_r2.fq.gz,Raw FASTQ
HRR573079_f1.fq.gz,Raw FASTQ
HRR573079_r2.fq.gz,Raw FASTQ
HRR573080_f1.fq.gz,Raw FASTQ
HRR573080_r2.fq.gz,Raw FASTQ
HRR573081_f1.fq.gz,Raw FASTQ
HRR573081_r2.fq.gz,Raw FASTQ
HRR573082_f1.fq.gz,Raw FASTQ
HRR573082_r2.fq.gz,Raw FASTQ
HRR573083_f1.fq.gz,Raw FASTQ
HRR573083_r2.fq.gz,Raw FASTQ
HRR573084_f1.fq.gz,Raw FASTQ
HRR573084_r2.fq.gz,Raw FASTQ
HRR573085_f1.fq.gz,Raw FASTQ
HRR573085_r2.fq.gz,Raw FASTQ
HRR573086_f1.fq.gz,Raw FASTQ
HRR573086_r2.fq.gz,Raw FASTQ
HRR573087_f1.fq.gz,Raw FASTQ
HRR573087_r2.fq.gz,Raw FASTQ
HRR573088_f1.fq.gz,Raw FASTQ
HRR573088_r2.fq.gz,Raw FASTQ
HRR573089_f1.fq.gz,Raw FASTQ
HRR573089_r2.fq.gz,Raw FASTQ
HRR573090_f1.fq.gz,Raw FASTQ
HRR573090_r2.fq.gz,Raw FASTQ
HRR573091_f1.fq.gz,Raw FASTQ
HRR573091_r2.fq.gz,Raw FASTQ
HRR573092_f1.fq.gz,Raw FASTQ
HRR573092_r2.fq.gz,Raw FASTQ
HRR573093_f1.fq.gz,Raw FASTQ
HRR573093_r2.fq.gz,Raw FASTQ
HRR573094_f1.fq.gz,Raw FASTQ
HRR573094_r2.fq.gz,Raw FASTQ
HRR573095_f1.fq.gz,Raw FASTQ
HRR573095_r2.fq.gz,Raw FASTQ
HRR573096_f1.fq.gz,Raw FASTQ
HRR573096_r2.fq.gz,Raw FASTQ
HRR573097_f1.fq.gz,Raw FASTQ
HRR573097_r2.fq.gz,Raw FASTQ
HRR573098_f1.fq.gz,Raw FASTQ
HRR573098_r2.fq.gz,Raw FASTQ
HRR573099_f1.fq.gz,Raw FASTQ
HRR573099_r2.fq.gz,Raw FASTQ
HRR573100_f1.fq.gz,Raw FASTQ
HRR573100_r2.fq.gz,Raw FASTQ
HRR573101_f1.fq.gz,Raw FASTQ
HRR573101_r2.fq.gz,Raw FASTQ
HRR573102_f1.fq.gz,Raw FASTQ
HRR573102_r2.fq.gz,Raw FASTQ
HRR573103_f1.fq.gz,Raw FASTQ
HRR573103_r2.fq.gz,Raw FASTQ
HRR573104_f1.fq.gz,Raw FASTQ
HRR573104_r2.fq.gz,Raw FASTQ
HRR573105_f1.fq.gz,Raw FASTQ
HRR573105_r2.fq.gz,Raw FASTQ
HRR573106_f1.fq.gz,Raw FASTQ
HRR573106_r2.fq.gz,Raw FASTQ
HRR573107_f1.fq.gz,Raw FASTQ
HRR573107_r2.fq.gz,Raw FASTQ
HRR573108_f1.fq.gz,Raw FASTQ
HRR573108_r2.fq.gz,Raw FASTQ
HRR573109_f1.fq.gz,Raw FASTQ
HRR573109_r2.fq.gz,Raw FASTQ
HRR573110_f1.fq.gz,Raw FASTQ
HRR573110_r2.fq.gz,Raw FASTQ
HRR573111_f1.fq.gz,Raw FASTQ
HRR573111_r2.fq.gz,Raw FASTQ
HRR573112_f1.fq.gz,Raw FASTQ
HRR573112_r2.fq.gz,Raw FASTQ
HRR573113_f1.fq.gz,Raw FASTQ
HRR573113_r2.fq.gz,Raw FASTQ
HRR573114_f1.fq.gz,Raw FASTQ
HRR573114_r2.fq.gz,Raw FASTQ
HRR573115_f1.fq.gz,Raw FASTQ
HRR573115_r2.fq.gz,Raw FASTQ
HRR573116_f1.fq.gz,Raw FASTQ
HRR573116_r2.fq.gz,Raw FASTQ
HRR573117_f1.fq.gz,Raw FASTQ
HRR573117_r2.fq.gz,Raw FASTQ
HRR573118_f1.fq.gz,Raw FASTQ
HRR573118_r2.fq.gz,Raw FASTQ
HRR573119_f1.fq.gz,Raw FASTQ
HRR573119_r2.fq.gz,Raw FASTQ
HRR573120_f1.fq.gz,Raw FASTQ
HRR573120_r2.fq.gz,Raw FASTQ
HRR573121_f1.fq.gz,Raw FASTQ
HRR573121_r2.fq.gz,Raw FASTQ
HRR573122_f1.fq.gz,Raw FASTQ
HRR573122_r2.fq.gz,Raw FASTQ
HRR573123_f1.fq.gz,Raw FASTQ
HRR573123_r2.fq.gz,Raw FASTQ
HRR573124_f1.fq.gz,Raw FASTQ
HRR573124_r2.fq.gz,Raw FASTQ
HRR573125_f1.fq.gz,Raw FASTQ
HRR573125_r2.fq.gz,Raw FASTQ
HRR573126_f1.fq.gz,Raw FASTQ
HRR573126_r2.fq.gz,Raw FASTQ
HRR573127_f1.fq.gz,Raw FASTQ
HRR573127_r2.fq.gz,Raw FASTQ
HRR573128_f1.fq.gz,Raw FASTQ
HRR573128_r2.fq.gz,Raw FASTQ
HRR573129_f1.fq.gz,Raw FASTQ
HRR573129_r2.fq.gz,Raw FASTQ
HRR573130_f1.fq.gz,Raw FASTQ
HRR573130_r2.fq.gz,Raw FASTQ
HRR573131_f1.fq.gz,Raw FASTQ
HRR573131_r2.fq.gz,Raw FASTQ
HRR573132_f1.fq.gz,Raw FASTQ
HRR573132_r2.fq.gz,Raw FASTQ
HRR573133_f1.fq.gz,Raw FASTQ
HRR573133_r2.fq.gz,Raw FASTQ
HRR573134_f1.fq.gz,Raw FASTQ
HRR573134_r2.fq.gz,Raw FASTQ
HRR573135_f1.fq.gz,Raw FASTQ
HRR573135_r2.fq.gz,Raw FASTQ
HRR573136_f1.fq.gz,Raw FASTQ
HRR573136_r2.fq.gz,Raw FASTQ
HRR573137_f1.fq.gz,Raw FASTQ
HRR573137_r2.fq.gz,Raw FASTQ
HRR573138_f1.fq.gz,Raw FASTQ
HRR573138_r2.fq.gz,Raw FASTQ
HRR573139_f1.fq.gz,Raw FASTQ
HRR573139_r2.fq.gz,Raw FASTQ
HRR573140_f1.fq.gz,Raw FASTQ
HRR573140_r2.fq.gz,Raw FASTQ
HRR573141_f1.fq.gz,Raw FASTQ
HRR573141_r2.fq.gz,Raw FASTQ
HRR573142_f1.fq.gz,Raw FASTQ
HRR573142_r2.fq.gz,Raw FASTQ
HRR573143_f1.fq.gz,Raw FASTQ
HRR573143_r2.fq.gz,Raw FASTQ
HRR573144_f1.fq.gz,Raw FASTQ
HRR573144_r2.fq.gz,Raw FASTQ
HRR573145_f1.fq.gz,Raw FASTQ
HRR573145_r2.fq.gz,Raw FASTQ
HRR573146_f1.fq.gz,Raw FASTQ
HRR573146_r2.fq.gz,Raw FASTQ
HRR573147_f1.fq.gz,Raw FASTQ
HRR573147_r2.fq.gz,Raw FASTQ
HRR573148_f1.fq.gz,Raw FASTQ
HRR573148_r2.fq.gz,Raw FASTQ
HRR573149_f1.fq.gz,Raw FASTQ
HRR573149_r2.fq.gz,Raw FASTQ
HRR573150_f1.fq.gz,Raw FASTQ
HRR573150_r2.fq.gz,Raw FASTQ
HRR573151_f1.fq.gz,Raw FASTQ
HRR573151_r2.fq.gz,Raw FASTQ
HRR573152_f1.fq.gz,Raw FASTQ
HRR573152_r2.fq.gz,Raw FASTQ
HRR573153_f1.fq.gz,Raw FASTQ
HRR573153_r2.fq.gz,Raw FASTQ
HRR573154_f1.fq.gz,Raw FASTQ
HRR573154_r2.fq.gz,Raw FASTQ
HRR573155_f1.fq.gz,Raw FASTQ
HRR573155_r2.fq.gz,Raw FASTQ
HRR573156_f1.fq.gz,Raw FASTQ
HRR573156_r2.fq.gz,Raw FASTQ
HRR573157_f1.fq.gz,Raw FASTQ
HRR573157_r2.fq.gz,Raw FASTQ
HRR573158_f1.fq.gz,Raw FASTQ
HRR573158_r2.fq.gz,Raw FASTQ
HRR573159_f1.fq.gz,Raw FASTQ
HRR573159_r2.fq.gz,Raw FASTQ
HRR573160_f1.fq.gz,Raw FASTQ
HRR573160_r2.fq.gz,Raw FASTQ
HRR573161_f1.fq.gz,Raw FASTQ
HRR573161_r2.fq.gz,Raw FASTQ
HRR573162_f1.fq.gz,Raw FASTQ
HRR573162_r2.fq.gz,Raw FASTQ
HRR573163_f1.fq.gz,Raw FASTQ
HRR573163_r2.fq.gz,Raw FASTQ
HRR573164_f1.fq.gz,Raw FASTQ
HRR573164_r2.fq.gz,Raw FASTQ
HRR573165_f1.fq.gz,Raw FASTQ
HRR573165_r2.fq.gz,Raw FASTQ
HRR573166_f1.fq.gz,Raw FASTQ
HRR573166_r2.fq.gz,Raw FASTQ
HRR573167_f1.fq.gz,Raw FASTQ
HRR573167_r2.fq.gz,Raw FASTQ
HRR573168_f1.fq.gz,Raw FASTQ
HRR573168_r2.fq.gz,Raw FASTQ
HRR573169_f1.fq.gz,Raw FASTQ
HRR573169_r2.fq.gz,Raw FASTQ
HRR573170_f1.fq.gz,Raw FASTQ
HRR573170_r2.fq.gz,Raw FASTQ
HRR573171_f1.fq.gz,Raw FASTQ
HRR573171_r2.fq.gz,Raw FASTQ
HRR573172_f1.fq.gz,Raw FASTQ
HRR573172_r2.fq.gz,Raw FASTQ
HRR573173_f1.fq.gz,Raw FASTQ
HRR573173_r2.fq.gz,Raw FASTQ
HRR573174_f1.fq.gz,Raw FASTQ
HRR573174_r2.fq.gz,Raw FASTQ
HRR573175_f1.fq.gz,Raw FASTQ
HRR573175_r2.fq.gz,Raw FASTQ
HRR573176_f1.fq.gz,Raw FASTQ
HRR573176_r2.fq.gz,Raw FASTQ
HRR573177_f1.fq.gz,Raw FASTQ
HRR573177_r2.fq.gz,Raw FASTQ
HRR573178_f1.fq.gz,Raw FASTQ
HRR573178_r2.fq.gz,Raw FASTQ
HRR573179_f1.fq.gz,Raw FASTQ
HRR573179_r2.fq.gz,Raw FASTQ
HRR573180_f1.fq.gz,Raw FASTQ
HRR573180_r2.fq.gz,Raw FASTQ
HRR573181_f1.fq.gz,Raw FASTQ
HRR573181_r2.fq.gz,Raw FASTQ
HRR573182_f1.fq.gz,Raw FASTQ
HRR573182_r2.fq.gz,Raw FASTQ
HRR573183_f1.fq.gz,Raw FASTQ
HRR573183_r2.fq.gz,Raw FASTQ
HRR573184_f1.fq.gz,Raw FASTQ
HRR573184_r2.fq.gz,Raw FASTQ
HRR573185_f1.fq.gz,Raw FASTQ
HRR573185_r2.fq.gz,Raw FASTQ
HRR573186_f1.fq.gz,Raw FASTQ
HRR573186_r2.fq.gz,Raw FASTQ
HRR573187_f1.fq.gz,Raw FASTQ
HRR573187_r2.fq.gz,Raw FASTQ
HRR573188_f1.fq.gz,Raw FASTQ
HRR573188_r2.fq.gz,Raw FASTQ
HRR573189_f1.fq.gz,Raw FASTQ
HRR573189_r2.fq.gz,Raw FASTQ
HRR573190_f1.fq.gz,Raw FASTQ
HRR573190_r2.fq.gz,Raw FASTQ
HRR573191_f1.fq.gz,Raw FASTQ
HRR573191_r2.fq.gz,Raw FASTQ
HRR573192_f1.fq.gz,Raw FASTQ
HRR573192_r2.fq.gz,Raw FASTQ
HRR573193_f1.fq.gz,Raw FASTQ
HRR573193_r2.fq.gz,Raw FASTQ
HRR573194_f1.fq.gz,Raw FASTQ
HRR573194_r2.fq.gz,Raw FASTQ
HRR573195_f1.fq.gz,Raw FASTQ
HRR573195_r2.fq.gz,Raw FASTQ
HRR573196_f1.fq.gz,Raw FASTQ
HRR573196_r2.fq.gz,Raw FASTQ
HRR573197_f1.fq.gz,Raw FASTQ
HRR573197_r2.fq.gz,Raw FASTQ
HRR573198_f1.fq.gz,Raw FASTQ
HRR573198_r2.fq.gz,Raw FASTQ
HRR573199_f1.fq.gz,Raw FASTQ
HRR573199_r2.fq.gz,Raw FASTQ
HRR573200_f1.fq.gz,Raw FASTQ
HRR573200_r2.fq.gz,Raw FASTQ
HRR573201_f1.fq.gz,Raw FASTQ
HRR573201_r2.fq.gz,Raw FASTQ
HRR573202_f1.fq.gz,Raw FASTQ
HRR573202_r2.fq.gz,Raw FASTQ
HRR573203_f1.fq.gz,Raw FASTQ
HRR573203_r2.fq.gz,Raw FASTQ
HRR573204_f1.fq.gz,Raw FASTQ
HRR573204_r2.fq.gz,Raw FASTQ
HRR573205_f1.fq.gz,Raw FASTQ
HRR573205_r2.fq.gz,Raw FASTQ
HRR573206_f1.fq.gz,Raw FASTQ
HRR573206_r2.fq.gz,Raw FASTQ
HRR573207_f1.fq.gz,Raw FASTQ
HRR573207_r2.fq.gz,Raw FASTQ
HRR573208_f1.fq.gz,Raw FASTQ
HRR573208_r2.fq.gz,Raw FASTQ
HRR573209_f1.fq.gz,Raw FASTQ
HRR573209_r2.fq.gz,Raw FASTQ
HRR573210_f1.fq.gz,Raw FASTQ
HRR573210_r2.fq.gz,Raw FASTQ
HRR573211_f1.fq.gz,Raw FASTQ
HRR573211_r2.fq.gz,Raw FASTQ
HRR573212_f1.fq.gz,Raw FASTQ
HRR573212_r2.fq.gz,Raw FASTQ
HRR573213_f1.fq.gz,Raw FASTQ
HRR573213_r2.fq.gz,Raw FASTQ
HRR573214_f1.fq.gz,Raw FASTQ
HRR573214_r2.fq.gz,Raw FASTQ
HRR573215_f1.fq.gz,Raw FASTQ
HRR573215_r2.fq.gz,Raw FASTQ
HRR573216_f1.fq.gz,Raw FASTQ
HRR573216_r2.fq.gz,Raw FASTQ
HRR573217_f1.fq.gz,Raw FASTQ
HRR573217_r2.fq.gz,Raw FASTQ
HRR573218_f1.fq.gz,Raw FASTQ
HRR573218_r2.fq.gz,Raw FASTQ
HRR573219_f1.fq.gz,Raw FASTQ
HRR573219_r2.fq.gz,Raw FASTQ
HRR573220_f1.fq.gz,Raw FASTQ
HRR573220_r2.fq.gz,Raw FASTQ
HRR573221_f1.fq.gz,Raw FASTQ
HRR573221_r2.fq.gz,Raw FASTQ
HRR573222_f1.fq.gz,Raw FASTQ
HRR573222_r2.fq.gz,Raw FASTQ
HRR573223_f1.fq.gz,Raw FASTQ
HRR573223_r2.fq.gz,Raw FASTQ
HRR573224_f1.fq.gz,Raw FASTQ
HRR573224_r2.fq.gz,Raw FASTQ
HRR573225_f1.fq.gz,Raw FASTQ
HRR573225_r2.fq.gz,Raw FASTQ
HRR573226_f1.fq.gz,Raw FASTQ
HRR573226_r2.fq.gz,Raw FASTQ
HRR573227_f1.fq.gz,Raw FASTQ
HRR573227_r2.fq.gz,Raw FASTQ
HRR573228_f1.fq.gz,Raw FASTQ
HRR573228_r2.fq.gz,Raw FASTQ
HRR573229_f1.fq.gz,Raw FASTQ
HRR573229_r2.fq.gz,Raw FASTQ
HRR573230_f1.fq.gz,Raw FASTQ
HRR573230_r2.fq.gz,Raw FASTQ
HRR573231_f1.fq.gz,Raw FASTQ
HRR573231_r2.fq.gz,Raw FASTQ
HRR573232_f1.fq.gz,Raw FASTQ
HRR573232_r2.fq.gz,Raw FASTQ
HRR573233_f1.fq.gz,Raw FASTQ
HRR573233_r2.fq.gz,Raw FASTQ
HRR573234_f1.fq.gz,Raw FASTQ
HRR573234_r2.fq.gz,Raw FASTQ
HRR573235_f1.fq.gz,Raw FASTQ
HRR573235_r2.fq.gz,Raw FASTQ
HRR573236_f1.fq.gz,Raw FASTQ
HRR573236_r2.fq.gz,Raw FASTQ
HRR573237_f1.fq.gz,Raw FASTQ
HRR573237_r2.fq.gz,Raw FASTQ
HRR573238_f1.fq.gz,Raw FASTQ
HRR573238_r2.fq.gz,Raw FASTQ
HRR573239_f1.fq.gz,Raw FASTQ
HRR573239_r2.fq.gz,Raw FASTQ
HRR573240_f1.fq.gz,Raw FASTQ
HRR573240_r2.fq.gz,Raw FASTQ
HRR573241_f1.fq.gz,Raw FASTQ
HRR573241_r2.fq.gz,Raw FASTQ
HRR573242_f1.fq.gz,Raw FASTQ
HRR573242_r2.fq.gz,Raw FASTQ
HRR573243_f1.fq.gz,Raw FASTQ
HRR573243_r2.fq.gz,Raw FASTQ
HRR573244_f1.fq.gz,Raw FASTQ
HRR573244_r2.fq.gz,Raw FASTQ
HRR573245_f1.fq.gz,Raw FASTQ
HRR573245_r2.fq.gz,Raw FASTQ
HRR573246_f1.fq.gz,Raw FASTQ
HRR573246_r2.fq.gz,Raw FASTQ
HRR573247_f1.fq.gz,Raw FASTQ
HRR573247_r2.fq.gz,Raw FASTQ
HRR573248_f1.fq.gz,Raw FASTQ
HRR573248_r2.fq.gz,Raw FASTQ
HRR573249_f1.fq.gz,Raw FASTQ
HRR573249_r2.fq.gz,Raw FASTQ
HRR573250_f1.fq.gz,Raw FASTQ
HRR573250_r2.fq.gz,Raw FASTQ
HRR573251_f1.fq.gz,Raw FASTQ
HRR573251_r2.fq.gz,Raw FASTQ
HRR573252_f1.fq.gz,Raw FASTQ
HRR573252_r2.fq.gz,Raw FASTQ
HRR573253_f1.fq.gz,Raw FASTQ
HRR573253_r2.fq.gz,Raw FASTQ
HRR573254_f1.fq.gz,Raw FASTQ
HRR573254_r2.fq.gz,Raw FASTQ
HRR573255_f1.fq.gz,Raw FASTQ
HRR573255_r2.fq.gz,Raw FASTQ
HRR573256_f1.fq.gz,Raw FASTQ
HRR573256_r2.fq.gz,Raw FASTQ
HRR573257_f1.fq.gz,Raw FASTQ
HRR573257_r2.fq.gz,Raw FASTQ
HRR573258_f1.fq.gz,Raw FASTQ
HRR573258_r2.fq.gz,Raw FASTQ
HRR573259_f1.fq.gz,Raw FASTQ
HRR573259_r2.fq.gz,Raw FASTQ
HRR573260_f1.fq.gz,Raw FASTQ
HRR573260_r2.fq.gz,Raw FASTQ
HRR573261_f1.fq.gz,Raw FASTQ
HRR573261_r2.fq.gz,Raw FASTQ
HRR573262_f1.fq.gz,Raw FASTQ
HRR573262_r2.fq.gz,Raw FASTQ
HRR573263_f1.fq.gz,Raw FASTQ
HRR573263_r2.fq.gz,Raw FASTQ
HRR573264_f1.fq.gz,Raw FASTQ
HRR573264_r2.fq.gz,Raw FASTQ
HRR573265_f1.fq.gz,Raw FASTQ
HRR573265_r2.fq.gz,Raw FASTQ
HRR573266_f1.fq.gz,Raw FASTQ
HRR573266_r2.fq.gz,Raw FASTQ
HRR573267_f1.fq.gz,Raw FASTQ
HRR573267_r2.fq.gz,Raw FASTQ
HRR573268_f1.fq.gz,Raw FASTQ
HRR573268_r2.fq.gz,Raw FASTQ
HRR573269_f1.fq.gz,Raw FASTQ
HRR573269_r2.fq.gz,Raw FASTQ
HRR573270_f1.fq.gz,Raw FASTQ
HRR573270_r2.fq.gz,Raw FASTQ
HRR573271_f1.fq.gz,Raw FASTQ
HRR573271_r2.fq.gz,Raw FASTQ
HRR757543_f1.fastq.gz,Raw FASTQ
HRR757543_r2.fastq.gz,Raw FASTQ
HRR757853_f1.fastq.gz,Raw FASTQ
HRR757853_r2.fastq.gz,Raw FASTQ
HRR757544_f1.fastq.gz,Raw FASTQ
HRR757544_r2.fastq.gz,Raw FASTQ
HRR757854_f1.fastq.gz,Raw FASTQ
HRR757854_r2.fastq.gz,Raw FASTQ
HRR757545_f1.fastq.gz,Raw FASTQ
HRR757545_r2.fastq.gz,Raw FASTQ
HRR757855_f1.fastq.gz,Raw FASTQ
HRR757855_r2.fastq.gz,Raw FASTQ
HRR757546_f1.fastq.gz,Raw FASTQ
HRR757546_r2.fastq.gz,Raw FASTQ
HRR757856_f1.fastq.gz,Raw FASTQ
HRR757856_r2.fastq.gz,Raw FASTQ
HRR757547_f1.fastq.gz,Raw FASTQ
HRR757547_r2.fastq.gz,Raw FASTQ
HRR757857_f1.fastq.gz,Raw FASTQ
HRR757857_r2.fastq.gz,Raw FASTQ
HRR757548_f1.fastq.gz,Raw FASTQ
HRR757548_r2.fastq.gz,Raw FASTQ
HRR757858_f1.fastq.gz,Raw FASTQ
HRR757858_r2.fastq.gz,Raw FASTQ
HRR757549_f1.fastq.gz,Raw FASTQ
HRR757549_r2.fastq.gz,Raw FASTQ
HRR757859_f1.fastq.gz,Raw FASTQ
HRR757859_r2.fastq.gz,Raw FASTQ
HRR757550_f1.fastq.gz,Raw FASTQ
HRR757550_r2.fastq.gz,Raw FASTQ
HRR757860_f1.fastq.gz,Raw FASTQ
HRR757860_r2.fastq.gz,Raw FASTQ
HRR757551_f1.fastq.gz,Raw FASTQ
HRR757551_r2.fastq.gz,Raw FASTQ
HRR757861_f1.fastq.gz,Raw FASTQ
HRR757861_r2.fastq.gz,Raw FASTQ
HRR757552_f1.fastq.gz,Raw FASTQ
HRR757552_r2.fastq.gz,Raw FASTQ
HRR757862_f1.fastq.gz,Raw FASTQ
HRR757862_r2.fastq.gz,Raw FASTQ
HRR757553_f1.fastq.gz,Raw FASTQ
HRR757553_r2.fastq.gz,Raw FASTQ
HRR757863_f1.fastq.gz,Raw FASTQ
HRR757863_r2.fastq.gz,Raw FASTQ
HRR757554_f1.fastq.gz,Raw FASTQ
HRR757554_r2.fastq.gz,Raw FASTQ
HRR757864_f1.fastq.gz,Raw FASTQ
HRR757864_r2.fastq.gz,Raw FASTQ
HRR757555_f1.fastq.gz,Raw FASTQ
HRR757555_r2.fastq.gz,Raw FASTQ
HRR757865_f1.fastq.gz,Raw FASTQ
HRR757865_r2.fastq.gz,Raw FASTQ
HRR757556_f1.fastq.gz,Raw FASTQ
HRR757556_r2.fastq.gz,Raw FASTQ
HRR757866_f1.fastq.gz,Raw FASTQ
HRR757866_r2.fastq.gz,Raw FASTQ
HRR757557_f1.fastq.gz,Raw FASTQ
HRR757557_r2.fastq.gz,Raw FASTQ
HRR757867_f1.fastq.gz,Raw FASTQ
HRR757867_r2.fastq.gz,Raw FASTQ
HRR757558_f1.fastq.gz,Raw FASTQ
HRR757558_r2.fastq.gz,Raw FASTQ
HRR757868_f1.fastq.gz,Raw FASTQ
HRR757868_r2.fastq.gz,Raw FASTQ
HRR757559_f1.fastq.gz,Raw FASTQ
HRR757559_r2.fastq.gz,Raw FASTQ
HRR757869_f1.fastq.gz,Raw FASTQ
HRR757869_r2.fastq.gz,Raw FASTQ
HRR757560_f1.fastq.gz,Raw FASTQ
HRR757560_r2.fastq.gz,Raw FASTQ
HRR757870_f1.fastq.gz,Raw FASTQ
HRR757870_r2.fastq.gz,Raw FASTQ
HRR757561_f1.fastq.gz,Raw FASTQ
HRR757561_r2.fastq.gz,Raw FASTQ
HRR757871_f1.fastq.gz,Raw FASTQ
HRR757871_r2.fastq.gz,Raw FASTQ
HRR757562_f1.fastq.gz,Raw FASTQ
HRR757562_r2.fastq.gz,Raw FASTQ
HRR757872_f1.fastq.gz,Raw FASTQ
HRR757872_r2.fastq.gz,Raw FASTQ
HRR757873_f1.fastq.gz,Raw FASTQ
HRR757873_r2.fastq.gz,Raw FASTQ
HRR757874_f1.fastq.gz,Raw FASTQ
HRR757874_r2.fastq.gz,Raw FASTQ
HRR757565_f1.fastq.gz,Raw FASTQ
HRR757565_r2.fastq.gz,Raw FASTQ
HRR757875_f1.fastq.gz,Raw FASTQ
HRR757875_r2.fastq.gz,Raw FASTQ
HRR757566_f1.fastq.gz,Raw FASTQ
HRR757566_r2.fastq.gz,Raw FASTQ
HRR757876_f1.fastq.gz,Raw FASTQ
HRR757876_r2.fastq.gz,Raw FASTQ
HRR757567_f1.fastq.gz,Raw FASTQ
HRR757567_r2.fastq.gz,Raw FASTQ
HRR757877_f1.fastq.gz,Raw FASTQ
HRR757877_r2.fastq.gz,Raw FASTQ
HRR757568_f1.fastq.gz,Raw FASTQ
HRR757568_r2.fastq.gz,Raw FASTQ
HRR757878_f1.fastq.gz,Raw FASTQ
HRR757878_r2.fastq.gz,Raw FASTQ
HRR757569_f1.fastq.gz,Raw FASTQ
HRR757569_r2.fastq.gz,Raw FASTQ
HRR757879_f1.fastq.gz,Raw FASTQ
HRR757879_r2.fastq.gz,Raw FASTQ
HRR757570_f1.fastq.gz,Raw FASTQ
HRR757570_r2.fastq.gz,Raw FASTQ
HRR757880_f1.fastq.gz,Raw FASTQ
HRR757880_r2.fastq.gz,Raw FASTQ
HRR757571_f1.fastq.gz,Raw FASTQ
HRR757571_r2.fastq.gz,Raw FASTQ
HRR757881_f1.fastq.gz,Raw FASTQ
HRR757881_r2.fastq.gz,Raw FASTQ
HRR757572_f1.fastq.gz,Raw FASTQ
HRR757572_r2.fastq.gz,Raw FASTQ
HRR757882_f1.fastq.gz,Raw FASTQ
HRR757882_r2.fastq.gz,Raw FASTQ
HRR757573_f1.fastq.gz,Raw FASTQ
HRR757573_r2.fastq.gz,Raw FASTQ
HRR757883_f1.fastq.gz,Raw FASTQ
HRR757883_r2.fastq.gz,Raw FASTQ
HRR757574_f1.fastq.gz,Raw FASTQ
HRR757574_r2.fastq.gz,Raw FASTQ
HRR757884_f1.fastq.gz,Raw FASTQ
HRR757884_r2.fastq.gz,Raw FASTQ
HRR757575_f1.fastq.gz,Raw FASTQ
HRR757575_r2.fastq.gz,Raw FASTQ
HRR757885_f1.fastq.gz,Raw FASTQ
HRR757885_r2.fastq.gz,Raw FASTQ
HRR757576_f1.fastq.gz,Raw FASTQ
HRR757576_r2.fastq.gz,Raw FASTQ
HRR757886_f1.fastq.gz,Raw FASTQ
HRR757886_r2.fastq.gz,Raw FASTQ
HRR757887_f1.fastq.gz,Raw FASTQ
HRR757887_r2.fastq.gz,Raw FASTQ
HRR757888_f1.fastq.gz,Raw FASTQ
HRR757888_r2.fastq.gz,Raw FASTQ
HRR757579_f1.fastq.gz,Raw FASTQ
HRR757579_r2.fastq.gz,Raw FASTQ
HRR757889_f1.fastq.gz,Raw FASTQ
HRR757889_r2.fastq.gz,Raw FASTQ
HRR757580_f1.fastq.gz,Raw FASTQ
HRR757580_r2.fastq.gz,Raw FASTQ
HRR757890_f1.fastq.gz,Raw FASTQ
HRR757890_r2.fastq.gz,Raw FASTQ
HRR757581_f1.fastq.gz,Raw FASTQ
HRR757581_r2.fastq.gz,Raw FASTQ
HRR757891_f1.fastq.gz,Raw FASTQ
HRR757891_r2.fastq.gz,Raw FASTQ
HRR757582_f1.fastq.gz,Raw FASTQ
HRR757582_r2.fastq.gz,Raw FASTQ
HRR757892_f1.fastq.gz,Raw FASTQ
HRR757892_r2.fastq.gz,Raw FASTQ
HRR757583_f1.fastq.gz,Raw FASTQ
HRR757583_r2.fastq.gz,Raw FASTQ
HRR757893_f1.fastq.gz,Raw FASTQ
HRR757893_r2.fastq.gz,Raw FASTQ
HRR757584_f1.fastq.gz,Raw FASTQ
HRR757584_r2.fastq.gz,Raw FASTQ
HRR757894_f1.fastq.gz,Raw FASTQ
HRR757894_r2.fastq.gz,Raw FASTQ
HRR757585_f1.fastq.gz,Raw FASTQ
HRR757585_r2.fastq.gz,Raw FASTQ
HRR757895_f1.fastq.gz,Raw FASTQ
HRR757895_r2.fastq.gz,Raw FASTQ
HRR757586_f1.fastq.gz,Raw FASTQ
HRR757586_r2.fastq.gz,Raw FASTQ
HRR757896_f1.fastq.gz,Raw FASTQ
HRR757896_r2.fastq.gz,Raw FASTQ
HRR757587_f1.fastq.gz,Raw FASTQ
HRR757587_r2.fastq.gz,Raw FASTQ
HRR757897_f1.fastq.gz,Raw FASTQ
HRR757897_r2.fastq.gz,Raw FASTQ
HRR757588_f1.fastq.gz,Raw FASTQ
HRR757588_r2.fastq.gz,Raw FASTQ
HRR757898_f1.fastq.gz,Raw FASTQ
HRR757898_r2.fastq.gz,Raw FASTQ
HRR757589_f1.fastq.gz,Raw FASTQ
HRR757589_r2.fastq.gz,Raw FASTQ
HRR757899_f1.fastq.gz,Raw FASTQ
HRR757899_r2.fastq.gz,Raw FASTQ
HRR757900_f1.fastq.gz,Raw FASTQ
HRR757900_r2.fastq.gz,Raw FASTQ
HRR757591_f1.fastq.gz,Raw FASTQ
HRR757591_r2.fastq.gz,Raw FASTQ
HRR757901_f1.fastq.gz,Raw FASTQ
HRR757901_r2.fastq.gz,Raw FASTQ
HRR757592_f1.fastq.gz,Raw FASTQ
HRR757592_r2.fastq.gz,Raw FASTQ
HRR757902_f1.fastq.gz,Raw FASTQ
HRR757902_r2.fastq.gz,Raw FASTQ
HRR757593_f1.fastq.gz,Raw FASTQ
HRR757593_r2.fastq.gz,Raw FASTQ
HRR757903_f1.fastq.gz,Raw FASTQ
HRR757903_r2.fastq.gz,Raw FASTQ
HRR757594_f1.fastq.gz,Raw FASTQ
HRR757594_r2.fastq.gz,Raw FASTQ
HRR757904_f1.fastq.gz,Raw FASTQ
HRR757904_r2.fastq.gz,Raw FASTQ
HRR757595_f1.fastq.gz,Raw FASTQ
HRR757595_r2.fastq.gz,Raw FASTQ
HRR757905_f1.fastq.gz,Raw FASTQ
HRR757905_r2.fastq.gz,Raw FASTQ
HRR757596_f1.fastq.gz,Raw FASTQ
HRR757596_r2.fastq.gz,Raw FASTQ
HRR757906_f1.fastq.gz,Raw FASTQ
HRR757906_r2.fastq.gz,Raw FASTQ
HRR757597_f1.fastq.gz,Raw FASTQ
HRR757597_r2.fastq.gz,Raw FASTQ
HRR757907_f1.fastq.gz,Raw FASTQ
HRR757907_r2.fastq.gz,Raw FASTQ
HRR757908_f1.fastq.gz,Raw FASTQ
HRR757908_r2.fastq.gz,Raw FASTQ
HRR757599_f1.fastq.gz,Raw FASTQ
HRR757599_r2.fastq.gz,Raw FASTQ
HRR757909_f1.fastq.gz,Raw FASTQ
HRR757909_r2.fastq.gz,Raw FASTQ
HRR757600_f1.fastq.gz,Raw FASTQ
HRR757600_r2.fastq.gz,Raw FASTQ
HRR757910_f1.fastq.gz,Raw FASTQ
HRR757910_r2.fastq.gz,Raw FASTQ
HRR757601_f1.fastq.gz,Raw FASTQ
HRR757601_r2.fastq.gz,Raw FASTQ
HRR757911_f1.fastq.gz,Raw FASTQ
HRR757911_r2.fastq.gz,Raw FASTQ
HRR757602_f1.fastq.gz,Raw FASTQ
HRR757602_r2.fastq.gz,Raw FASTQ
HRR757912_f1.fastq.gz,Raw FASTQ
HRR757912_r2.fastq.gz,Raw FASTQ
HRR757603_f1.fastq.gz,Raw FASTQ
HRR757603_r2.fastq.gz,Raw FASTQ
HRR757913_f1.fastq.gz,Raw FASTQ
HRR757913_r2.fastq.gz,Raw FASTQ
HRR757604_f1.fastq.gz,Raw FASTQ
HRR757604_r2.fastq.gz,Raw FASTQ
HRR757914_f1.fastq.gz,Raw FASTQ
HRR757914_r2.fastq.gz,Raw FASTQ
HRR757605_f1.fastq.gz,Raw FASTQ
HRR757605_r2.fastq.gz,Raw FASTQ
HRR757915_f1.fastq.gz,Raw FASTQ
HRR757915_r2.fastq.gz,Raw FASTQ
HRR757606_f1.fastq.gz,Raw FASTQ
HRR757606_r2.fastq.gz,Raw FASTQ
HRR757916_f1.fastq.gz,Raw FASTQ
HRR757916_r2.fastq.gz,Raw FASTQ
HRR757607_f1.fastq.gz,Raw FASTQ
HRR757607_r2.fastq.gz,Raw FASTQ
HRR757917_f1.fastq.gz,Raw FASTQ
HRR757917_r2.fastq.gz,Raw FASTQ
HRR757608_f1.fastq.gz,Raw FASTQ
HRR757608_r2.fastq.gz,Raw FASTQ
HRR757918_f1.fastq.gz,Raw FASTQ
HRR757918_r2.fastq.gz,Raw FASTQ
HRR757609_f1.fastq.gz,Raw FASTQ
HRR757609_r2.fastq.gz,Raw FASTQ
HRR757919_f1.fastq.gz,Raw FASTQ
HRR757919_r2.fastq.gz,Raw FASTQ
HRR757610_f1.fastq.gz,Raw FASTQ
HRR757610_r2.fastq.gz,Raw FASTQ
HRR757920_f1.fastq.gz,Raw FASTQ
HRR757920_r2.fastq.gz,Raw FASTQ
HRR757611_f1.fastq.gz,Raw FASTQ
HRR757611_r2.fastq.gz,Raw FASTQ
HRR757921_f1.fastq.gz,Raw FASTQ
HRR757921_r2.fastq.gz,Raw FASTQ
HRR757612_f1.fastq.gz,Raw FASTQ
HRR757612_r2.fastq.gz,Raw FASTQ
HRR757922_f1.fastq.gz,Raw FASTQ
HRR757922_r2.fastq.gz,Raw FASTQ
HRR757613_f1.fastq.gz,Raw FASTQ
HRR757613_r2.fastq.gz,Raw FASTQ
HRR757923_f1.fastq.gz,Raw FASTQ
HRR757923_r2.fastq.gz,Raw FASTQ
HRR757614_f1.fastq.gz,Raw FASTQ
HRR757614_r2.fastq.gz,Raw FASTQ
HRR757924_f1.fastq.gz,Raw FASTQ
HRR757924_r2.fastq.gz,Raw FASTQ
HRR757615_f1.fastq.gz,Raw FASTQ
HRR757615_r2.fastq.gz,Raw FASTQ
HRR757925_f1.fastq.gz,Raw FASTQ
HRR757925_r2.fastq.gz,Raw FASTQ
HRR757616_f1.fastq.gz,Raw FASTQ
HRR757616_r2.fastq.gz,Raw FASTQ
HRR757926_f1.fastq.gz,Raw FASTQ
HRR757926_r2.fastq.gz,Raw FASTQ
HRR757617_f1.fastq.gz,Raw FASTQ
HRR757617_r2.fastq.gz,Raw FASTQ
HRR757927_f1.fastq.gz,Raw FASTQ
HRR757927_r2.fastq.gz,Raw FASTQ
HRR757618_f1.fastq.gz,Raw FASTQ
HRR757618_r2.fastq.gz,Raw FASTQ
HRR757928_f1.fastq.gz,Raw FASTQ
HRR757928_r2.fastq.gz,Raw FASTQ
HRR757619_f1.fastq.gz,Raw FASTQ
HRR757619_r2.fastq.gz,Raw FASTQ
HRR757929_f1.fastq.gz,Raw FASTQ
HRR757929_r2.fastq.gz,Raw FASTQ
HRR757620_f1.fastq.gz,Raw FASTQ
HRR757620_r2.fastq.gz,Raw FASTQ
HRR757930_f1.fastq.gz,Raw FASTQ
HRR757930_r2.fastq.gz,Raw FASTQ
HRR757621_f1.fastq.gz,Raw FASTQ
HRR757621_r2.fastq.gz,Raw FASTQ
HRR757931_f1.fastq.gz,Raw FASTQ
HRR757931_r2.fastq.gz,Raw FASTQ
HRR757622_f1.fastq.gz,Raw FASTQ
HRR757622_r2.fastq.gz,Raw FASTQ
HRR757932_f1.fastq.gz,Raw FASTQ
HRR757932_r2.fastq.gz,Raw FASTQ
HRR757623_f1.fastq.gz,Raw FASTQ
HRR757623_r2.fastq.gz,Raw FASTQ
HRR757933_f1.fastq.gz,Raw FASTQ
HRR757933_r2.fastq.gz,Raw FASTQ
HRR757624_f1.fastq.gz,Raw FASTQ
HRR757624_r2.fastq.gz,Raw FASTQ
HRR757934_f1.fastq.gz,Raw FASTQ
HRR757934_r2.fastq.gz,Raw FASTQ
HRR757625_f1.fastq.gz,Raw FASTQ
HRR757625_r2.fastq.gz,Raw FASTQ
HRR757935_f1.fastq.gz,Raw FASTQ
HRR757935_r2.fastq.gz,Raw FASTQ
HRR757626_f1.fastq.gz,Raw FASTQ
HRR757626_r2.fastq.gz,Raw FASTQ
HRR757936_f1.fastq.gz,Raw FASTQ
HRR757936_r2.fastq.gz,Raw FASTQ
HRR757627_f1.fastq.gz,Raw FASTQ
HRR757627_r2.fastq.gz,Raw FASTQ
HRR757937_f1.fastq.gz,Raw FASTQ
HRR757937_r2.fastq.gz,Raw FASTQ
HRR757628_f1.fastq.gz,Raw FASTQ
HRR757628_r2.fastq.gz,Raw FASTQ
HRR757938_f1.fastq.gz,Raw FASTQ
HRR757938_r2.fastq.gz,Raw FASTQ
HRR757629_f1.fastq.gz,Raw FASTQ
HRR757629_r2.fastq.gz,Raw FASTQ
HRR757939_f1.fastq.gz,Raw FASTQ
HRR757939_r2.fastq.gz,Raw FASTQ
HRR757630_f1.fastq.gz,Raw FASTQ
HRR757630_r2.fastq.gz,Raw FASTQ
HRR757940_f1.fastq.gz,Raw FASTQ
HRR757940_r2.fastq.gz,Raw FASTQ
HRR757631_f1.fastq.gz,Raw FASTQ
HRR757631_r2.fastq.gz,Raw FASTQ
HRR757941_f1.fastq.gz,Raw FASTQ
HRR757941_r2.fastq.gz,Raw FASTQ
HRR757632_f1.fastq.gz,Raw FASTQ
HRR757632_r2.fastq.gz,Raw FASTQ
HRR757942_f1.fastq.gz,Raw FASTQ
HRR757942_r2.fastq.gz,Raw FASTQ
HRR757633_f1.fastq.gz,Raw FASTQ
HRR757633_r2.fastq.gz,Raw FASTQ
HRR757943_f1.fastq.gz,Raw FASTQ
HRR757943_r2.fastq.gz,Raw FASTQ
HRR757634_f1.fastq.gz,Raw FASTQ
HRR757634_r2.fastq.gz,Raw FASTQ
HRR757944_f1.fastq.gz,Raw FASTQ
HRR757944_r2.fastq.gz,Raw FASTQ
HRR757635_f1.fastq.gz,Raw FASTQ
HRR757635_r2.fastq.gz,Raw FASTQ
HRR757945_f1.fastq.gz,Raw FASTQ
HRR757945_r2.fastq.gz,Raw FASTQ
HRR757636_f1.fastq.gz,Raw FASTQ
HRR757636_r2.fastq.gz,Raw FASTQ
HRR757946_f1.fastq.gz,Raw FASTQ
HRR757946_r2.fastq.gz,Raw FASTQ
HRR757637_f1.fastq.gz,Raw FASTQ
HRR757637_r2.fastq.gz,Raw FASTQ
HRR757947_f1.fastq.gz,Raw FASTQ
HRR757947_r2.fastq.gz,Raw FASTQ
HRR757638_f1.fastq.gz,Raw FASTQ
HRR757638_r2.fastq.gz,Raw FASTQ
HRR757948_f1.fastq.gz,Raw FASTQ
HRR757948_r2.fastq.gz,Raw FASTQ
HRR757949_f1.fastq.gz,Raw FASTQ
HRR757949_r2.fastq.gz,Raw FASTQ
HRR757640_f1.fastq.gz,Raw FASTQ
HRR757640_r2.fastq.gz,Raw FASTQ
HRR757950_f1.fastq.gz,Raw FASTQ
HRR757950_r2.fastq.gz,Raw FASTQ
HRR757641_f1.fastq.gz,Raw FASTQ
HRR757641_r2.fastq.gz,Raw FASTQ
HRR757951_f1.fastq.gz,Raw FASTQ
HRR757951_r2.fastq.gz,Raw FASTQ
HRR757642_f1.fastq.gz,Raw FASTQ
HRR757642_r2.fastq.gz,Raw FASTQ
HRR757952_f1.fastq.gz,Raw FASTQ
HRR757952_r2.fastq.gz,Raw FASTQ
HRR757643_f1.fastq.gz,Raw FASTQ
HRR757643_r2.fastq.gz,Raw FASTQ
HRR757953_f1.fastq.gz,Raw FASTQ
HRR757953_r2.fastq.gz,Raw FASTQ
HRR757644_f1.fastq.gz,Raw FASTQ
HRR757644_r2.fastq.gz,Raw FASTQ
HRR757954_f1.fastq.gz,Raw FASTQ
HRR757954_r2.fastq.gz,Raw FASTQ
HRR757645_f1.fastq.gz,Raw FASTQ
HRR757645_r2.fastq.gz,Raw FASTQ
HRR757955_f1.fastq.gz,Raw FASTQ
HRR757955_r2.fastq.gz,Raw FASTQ
HRR757646_f1.fastq.gz,Raw FASTQ
HRR757646_r2.fastq.gz,Raw FASTQ
HRR757956_f1.fastq.gz,Raw FASTQ
HRR757956_r2.fastq.gz,Raw FASTQ
HRR757647_f1.fastq.gz,Raw FASTQ
HRR757647_r2.fastq.gz,Raw FASTQ
HRR757957_f1.fastq.gz,Raw FASTQ
HRR757957_r2.fastq.gz,Raw FASTQ
HRR757648_f1.fastq.gz,Raw FASTQ
HRR757648_r2.fastq.gz,Raw FASTQ
HRR757958_f1.fastq.gz,Raw FASTQ
HRR757958_r2.fastq.gz,Raw FASTQ
HRR757649_f1.fastq.gz,Raw FASTQ
HRR757649_r2.fastq.gz,Raw FASTQ
HRR757959_f1.fastq.gz,Raw FASTQ
HRR757959_r2.fastq.gz,Raw FASTQ
HRR757650_f1.fastq.gz,Raw FASTQ
HRR757650_r2.fastq.gz,Raw FASTQ
HRR757960_f1.fastq.gz,Raw FASTQ
HRR757960_r2.fastq.gz,Raw FASTQ
HRR757651_f1.fastq.gz,Raw FASTQ
HRR757651_r2.fastq.gz,Raw FASTQ
HRR757961_f1.fastq.gz,Raw FASTQ
HRR757961_r2.fastq.gz,Raw FASTQ
HRR757652_f1.fastq.gz,Raw FASTQ
HRR757652_r2.fastq.gz,Raw FASTQ
HRR757962_f1.fastq.gz,Raw FASTQ
HRR757962_r2.fastq.gz,Raw FASTQ
HRR757653_f1.fastq.gz,Raw FASTQ
HRR757653_r2.fastq.gz,Raw FASTQ
HRR757963_f1.fastq.gz,Raw FASTQ
HRR757963_r2.fastq.gz,Raw FASTQ
HRR757654_f1.fastq.gz,Raw FASTQ
HRR757654_r2.fastq.gz,Raw FASTQ
HRR757964_f1.fastq.gz,Raw FASTQ
HRR757964_r2.fastq.gz,Raw FASTQ
HRR757965_f1.fastq.gz,Raw FASTQ
HRR757965_r2.fastq.gz,Raw FASTQ
HRR757656_f1.fastq.gz,Raw FASTQ
HRR757656_r2.fastq.gz,Raw FASTQ
HRR757966_f1.fastq.gz,Raw FASTQ
HRR757966_r2.fastq.gz,Raw FASTQ
HRR757657_f1.fastq.gz,Raw FASTQ
HRR757657_r2.fastq.gz,Raw FASTQ
HRR757967_f1.fastq.gz,Raw FASTQ
HRR757967_r2.fastq.gz,Raw FASTQ
HRR757658_f1.fastq.gz,Raw FASTQ
HRR757658_r2.fastq.gz,Raw FASTQ
HRR757968_f1.fastq.gz,Raw FASTQ
HRR757968_r2.fastq.gz,Raw FASTQ
HRR757659_f1.fastq.gz,Raw FASTQ
HRR757659_r2.fastq.gz,Raw FASTQ
HRR757969_f1.fastq.gz,Raw FASTQ
HRR757969_r2.fastq.gz,Raw FASTQ
HRR757660_f1.fastq.gz,Raw FASTQ
HRR757660_r2.fastq.gz,Raw FASTQ
HRR757970_f1.fastq.gz,Raw FASTQ
HRR757970_r2.fastq.gz,Raw FASTQ
HRR757661_f1.fastq.gz,Raw FASTQ
HRR757661_r2.fastq.gz,Raw FASTQ
HRR757971_f1.fastq.gz,Raw FASTQ
HRR757971_r2.fastq.gz,Raw FASTQ
HRR757662_f1.fastq.gz,Raw FASTQ
HRR757662_r2.fastq.gz,Raw FASTQ
HRR757972_f1.fastq.gz,Raw FASTQ
HRR757972_r2.fastq.gz,Raw FASTQ
HRR757663_f1.fastq.gz,Raw FASTQ
HRR757663_r2.fastq.gz,Raw FASTQ
HRR757973_f1.fastq.gz,Raw FASTQ
HRR757973_r2.fastq.gz,Raw FASTQ
HRR757664_f1.fastq.gz,Raw FASTQ
HRR757664_r2.fastq.gz,Raw FASTQ
HRR757974_f1.fastq.gz,Raw FASTQ
HRR757974_r2.fastq.gz,Raw FASTQ
HRR757665_f1.fastq.gz,Raw FASTQ
HRR757665_r2.fastq.gz,Raw FASTQ
HRR757975_f1.fastq.gz,Raw FASTQ
HRR757975_r2.fastq.gz,Raw FASTQ
HRR757666_f1.fastq.gz,Raw FASTQ
HRR757666_r2.fastq.gz,Raw FASTQ
HRR757976_f1.fastq.gz,Raw FASTQ
HRR757976_r2.fastq.gz,Raw FASTQ
HRR757667_f1.fastq.gz,Raw FASTQ
HRR757667_r2.fastq.gz,Raw FASTQ
HRR757977_f1.fastq.gz,Raw FASTQ
HRR757977_r2.fastq.gz,Raw FASTQ
HRR757668_f1.fastq.gz,Raw FASTQ
HRR757668_r2.fastq.gz,Raw FASTQ
HRR757978_f1.fastq.gz,Raw FASTQ
HRR757978_r2.fastq.gz,Raw FASTQ
HRR757979_f1.fastq.gz,Raw FASTQ
HRR757979_r2.fastq.gz,Raw FASTQ
HRR757670_f1.fastq.gz,Raw FASTQ
HRR757670_r2.fastq.gz,Raw FASTQ
HRR757980_f1.fastq.gz,Raw FASTQ
HRR757980_r2.fastq.gz,Raw FASTQ
HRR757671_f1.fastq.gz,Raw FASTQ
HRR757671_r2.fastq.gz,Raw FASTQ
HRR757981_f1.fastq.gz,Raw FASTQ
HRR757981_r2.fastq.gz,Raw FASTQ
HRR757672_f1.fastq.gz,Raw FASTQ
HRR757672_r2.fastq.gz,Raw FASTQ
HRR757982_f1.fastq.gz,Raw FASTQ
HRR757982_r2.fastq.gz,Raw FASTQ
HRR757673_f1.fastq.gz,Raw FASTQ
HRR757673_r2.fastq.gz,Raw FASTQ
HRR757983_f1.fastq.gz,Raw FASTQ
HRR757983_r2.fastq.gz,Raw FASTQ
HRR757674_f1.fastq.gz,Raw FASTQ
HRR757674_r2.fastq.gz,Raw FASTQ
HRR757984_f1.fastq.gz,Raw FASTQ
HRR757984_r2.fastq.gz,Raw FASTQ
HRR757985_f1.fastq.gz,Raw FASTQ
HRR757985_r2.fastq.gz,Raw FASTQ
HRR757986_f1.fastq.gz,Raw FASTQ
HRR757986_r2.fastq.gz,Raw FASTQ
HRR757677_f1.fastq.gz,Raw FASTQ
HRR757677_r2.fastq.gz,Raw FASTQ
HRR757987_f1.fastq.gz,Raw FASTQ
HRR757987_r2.fastq.gz,Raw FASTQ
HRR757678_f1.fastq.gz,Raw FASTQ
HRR757678_r2.fastq.gz,Raw FASTQ
HRR757988_f1.fastq.gz,Raw FASTQ
HRR757988_r2.fastq.gz,Raw FASTQ
HRR757989_f1.fastq.gz,Raw FASTQ
HRR757989_r2.fastq.gz,Raw FASTQ
HRR757680_f1.fastq.gz,Raw FASTQ
HRR757680_r2.fastq.gz,Raw FASTQ
HRR757990_f1.fastq.gz,Raw FASTQ
HRR757990_r2.fastq.gz,Raw FASTQ
HRR757681_f1.fastq.gz,Raw FASTQ
HRR757681_r2.fastq.gz,Raw FASTQ
HRR757991_f1.fastq.gz,Raw FASTQ
HRR757991_r2.fastq.gz,Raw FASTQ
HRR757682_f1.fastq.gz,Raw FASTQ
HRR757682_r2.fastq.gz,Raw FASTQ
HRR757992_f1.fastq.gz,Raw FASTQ
HRR757992_r2.fastq.gz,Raw FASTQ
HRR757683_f1.fastq.gz,Raw FASTQ
HRR757683_r2.fastq.gz,Raw FASTQ
HRR757993_f1.fastq.gz,Raw FASTQ
HRR757993_r2.fastq.gz,Raw FASTQ
HRR757684_f1.fastq.gz,Raw FASTQ
HRR757684_r2.fastq.gz,Raw FASTQ
HRR757994_f1.fastq.gz,Raw FASTQ
HRR757994_r2.fastq.gz,Raw FASTQ
HRR757995_f1.fastq.gz,Raw FASTQ
HRR757995_r2.fastq.gz,Raw FASTQ
HRR757686_f1.fastq.gz,Raw FASTQ
HRR757686_r2.fastq.gz,Raw FASTQ
HRR757996_f1.fastq.gz,Raw FASTQ
HRR757996_r2.fastq.gz,Raw FASTQ
HRR757997_f1.fastq.gz,Raw FASTQ
HRR757997_r2.fastq.gz,Raw FASTQ
HRR757998_f1.fastq.gz,Raw FASTQ
HRR757998_r2.fastq.gz,Raw FASTQ
HRR757999_f1.fastq.gz,Raw FASTQ
HRR757999_r2.fastq.gz,Raw FASTQ
HRR758000_f1.fastq.gz,Raw FASTQ
HRR758000_r2.fastq.gz,Raw FASTQ
HRR758001_f1.fastq.gz,Raw FASTQ
HRR758001_r2.fastq.gz,Raw FASTQ
HRR758002_f1.fastq.gz,Raw FASTQ
HRR758002_r2.fastq.gz,Raw FASTQ
HRR758003_f1.fastq.gz,Raw FASTQ
HRR758003_r2.fastq.gz,Raw FASTQ
HRR758004_f1.fastq.gz,Raw FASTQ
HRR758004_r2.fastq.gz,Raw FASTQ
HRR758005_f1.fastq.gz,Raw FASTQ
HRR758005_r2.fastq.gz,Raw FASTQ
HRR758006_f1.fastq.gz,Raw FASTQ
HRR758006_r2.fastq.gz,Raw FASTQ
HRR758007_f1.fastq.gz,Raw FASTQ
HRR758007_r2.fastq.gz,Raw FASTQ
HRR757698_f1.fastq.gz,Raw FASTQ
HRR757698_r2.fastq.gz,Raw FASTQ
HRR758008_f1.fastq.gz,Raw FASTQ
HRR758008_r2.fastq.gz,Raw FASTQ
HRR757699_f1.fastq.gz,Raw FASTQ
HRR757699_r2.fastq.gz,Raw FASTQ
HRR758009_f1.fastq.gz,Raw FASTQ
HRR758009_r2.fastq.gz,Raw FASTQ
HRR757700_f1.fastq.gz,Raw FASTQ
HRR757700_r2.fastq.gz,Raw FASTQ
HRR758010_f1.fastq.gz,Raw FASTQ
HRR758010_r2.fastq.gz,Raw FASTQ
HRR757701_f1.fastq.gz,Raw FASTQ
HRR757701_r2.fastq.gz,Raw FASTQ
HRR758011_f1.fastq.gz,Raw FASTQ
HRR758011_r2.fastq.gz,Raw FASTQ
HRR757702_f1.fastq.gz,Raw FASTQ
HRR757702_r2.fastq.gz,Raw FASTQ
HRR758012_f1.fastq.gz,Raw FASTQ
HRR758012_r2.fastq.gz,Raw FASTQ
HRR757703_f1.fastq.gz,Raw FASTQ
HRR757703_r2.fastq.gz,Raw FASTQ
HRR758013_f1.fastq.gz,Raw FASTQ
HRR758013_r2.fastq.gz,Raw FASTQ
HRR757704_f1.fastq.gz,Raw FASTQ
HRR757704_r2.fastq.gz,Raw FASTQ
HRR758014_f1.fastq.gz,Raw FASTQ
HRR758014_r2.fastq.gz,Raw FASTQ
HRR758015_f1.fastq.gz,Raw FASTQ
HRR758015_r2.fastq.gz,Raw FASTQ
HRR758016_f1.fastq.gz,Raw FASTQ
HRR758016_r2.fastq.gz,Raw FASTQ
HRR758017_f1.fastq.gz,Raw FASTQ
HRR758017_r2.fastq.gz,Raw FASTQ
HRR758018_f1.fastq.gz,Raw FASTQ
HRR758018_r2.fastq.gz,Raw FASTQ
HRR757709_f1.fastq.gz,Raw FASTQ
HRR757709_r2.fastq.gz,Raw FASTQ
HRR758019_f1.fastq.gz,Raw FASTQ
HRR758019_r2.fastq.gz,Raw FASTQ
HRR757710_f1.fastq.gz,Raw FASTQ
HRR757710_r2.fastq.gz,Raw FASTQ
HRR758020_f1.fastq.gz,Raw FASTQ
HRR758020_r2.fastq.gz,Raw FASTQ
HRR758021_f1.fastq.gz,Raw FASTQ
HRR758021_r2.fastq.gz,Raw FASTQ
HRR758022_f1.fastq.gz,Raw FASTQ
HRR758022_r2.fastq.gz,Raw FASTQ
HRR758023_f1.fastq.gz,Raw FASTQ
HRR758023_r2.fastq.gz,Raw FASTQ
HRR758024_f1.fastq.gz,Raw FASTQ
HRR758024_r2.fastq.gz,Raw FASTQ
HRR757715_f1.fastq.gz,Raw FASTQ
HRR757715_r2.fastq.gz,Raw FASTQ
HRR758025_f1.fastq.gz,Raw FASTQ
HRR758025_r2.fastq.gz,Raw FASTQ
HRR757716_f1.fastq.gz,Raw FASTQ
HRR757716_r2.fastq.gz,Raw FASTQ
HRR758026_f1.fastq.gz,Raw FASTQ
HRR758026_r2.fastq.gz,Raw FASTQ
HRR757717_f1.fastq.gz,Raw FASTQ
HRR757717_r2.fastq.gz,Raw FASTQ
HRR758027_f1.fastq.gz,Raw FASTQ
HRR758027_r2.fastq.gz,Raw FASTQ
HRR757718_f1.fastq.gz,Raw FASTQ
HRR757718_r2.fastq.gz,Raw FASTQ
HRR758028_f1.fastq.gz,Raw FASTQ
HRR758028_r2.fastq.gz,Raw FASTQ
HRR757719_f1.fastq.gz,Raw FASTQ
HRR757719_r2.fastq.gz,Raw FASTQ
HRR758029_f1.fastq.gz,Raw FASTQ
HRR758029_r2.fastq.gz,Raw FASTQ
HRR757720_f1.fastq.gz,Raw FASTQ
HRR757720_r2.fastq.gz,Raw FASTQ
HRR758030_f1.fastq.gz,Raw FASTQ
HRR758030_r2.fastq.gz,Raw FASTQ
HRR757721_f1.fastq.gz,Raw FASTQ
HRR757721_r2.fastq.gz,Raw FASTQ
HRR758031_f1.fastq.gz,Raw FASTQ
HRR758031_r2.fastq.gz,Raw FASTQ
HRR757722_f1.fastq.gz,Raw FASTQ
HRR757722_r2.fastq.gz,Raw FASTQ
HRR758032_f1.fastq.gz,Raw FASTQ
HRR758032_r2.fastq.gz,Raw FASTQ
HRR757723_f1.fastq.gz,Raw FASTQ
HRR757723_r2.fastq.gz,Raw FASTQ
HRR758033_f1.fastq.gz,Raw FASTQ
HRR758033_r2.fastq.gz,Raw FASTQ
HRR757724_f1.fastq.gz,Raw FASTQ
HRR757724_r2.fastq.gz,Raw FASTQ
HRR758034_f1.fastq.gz,Raw FASTQ
HRR758034_r2.fastq.gz,Raw FASTQ
HRR758035_f1.fastq.gz,Raw FASTQ
HRR758035_r2.fastq.gz,Raw FASTQ
HRR758036_f1.fastq.gz,Raw FASTQ
HRR758036_r2.fastq.gz,Raw FASTQ
HRR758037_f1.fastq.gz,Raw FASTQ
HRR758037_r2.fastq.gz,Raw FASTQ
HRR758038_f1.fastq.gz,Raw FASTQ
HRR758038_r2.fastq.gz,Raw FASTQ
HRR757729_f1.fastq.gz,Raw FASTQ
HRR757729_r2.fastq.gz,Raw FASTQ
HRR758039_f1.fastq.gz,Raw FASTQ
HRR758039_r2.fastq.gz,Raw FASTQ
HRR757730_f1.fastq.gz,Raw FASTQ
HRR757730_r2.fastq.gz,Raw FASTQ
HRR758040_f1.fastq.gz,Raw FASTQ
HRR758040_r2.fastq.gz,Raw FASTQ
HRR758041_f1.fastq.gz,Raw FASTQ
HRR758041_r2.fastq.gz,Raw FASTQ
HRR758042_f1.fastq.gz,Raw FASTQ
HRR758042_r2.fastq.gz,Raw FASTQ
HRR757733_f1.fastq.gz,Raw FASTQ
HRR757733_r2.fastq.gz,Raw FASTQ
HRR758043_f1.fastq.gz,Raw FASTQ
HRR758043_r2.fastq.gz,Raw FASTQ
HRR757734_f1.fastq.gz,Raw FASTQ
HRR757734_r2.fastq.gz,Raw FASTQ
HRR758044_f1.fastq.gz,Raw FASTQ
HRR758044_r2.fastq.gz,Raw FASTQ
HRR757735_f1.fastq.gz,Raw FASTQ
HRR757735_r2.fastq.gz,Raw FASTQ
HRR758045_f1.fastq.gz,Raw FASTQ
HRR758045_r2.fastq.gz,Raw FASTQ
HRR758046_f1.fastq.gz,Raw FASTQ
HRR758046_r2.fastq.gz,Raw FASTQ
HRR757737_f1.fastq.gz,Raw FASTQ
HRR757737_r2.fastq.gz,Raw FASTQ
HRR758047_f1.fastq.gz,Raw FASTQ
HRR758047_r2.fastq.gz,Raw FASTQ
HRR757738_f1.fastq.gz,Raw FASTQ
HRR757738_r2.fastq.gz,Raw FASTQ
HRR758048_f1.fastq.gz,Raw FASTQ
HRR758048_r2.fastq.gz,Raw FASTQ
HRR757739_f1.fastq.gz,Raw FASTQ
HRR757739_r2.fastq.gz,Raw FASTQ
HRR758049_f1.fastq.gz,Raw FASTQ
HRR758049_r2.fastq.gz,Raw FASTQ
HRR757740_f1.fastq.gz,Raw FASTQ
HRR757740_r2.fastq.gz,Raw FASTQ
HRR758050_f1.fastq.gz,Raw FASTQ
HRR758050_r2.fastq.gz,Raw FASTQ
HRR757741_f1.fastq.gz,Raw FASTQ
HRR757741_r2.fastq.gz,Raw FASTQ
HRR758051_f1.fastq.gz,Raw FASTQ
HRR758051_r2.fastq.gz,Raw FASTQ
HRR757742_f1.fastq.gz,Raw FASTQ
HRR757742_r2.fastq.gz,Raw FASTQ
HRR758052_f1.fastq.gz,Raw FASTQ
HRR758052_r2.fastq.gz,Raw FASTQ
HRR757743_f1.fastq.gz,Raw FASTQ
HRR757743_r2.fastq.gz,Raw FASTQ
HRR758053_f1.fastq.gz,Raw FASTQ
HRR758053_r2.fastq.gz,Raw FASTQ
HRR757744_f1.fastq.gz,Raw FASTQ
HRR757744_r2.fastq.gz,Raw FASTQ
HRR758054_f1.fastq.gz,Raw FASTQ
HRR758054_r2.fastq.gz,Raw FASTQ
HRR757745_f1.fastq.gz,Raw FASTQ
HRR757745_r2.fastq.gz,Raw FASTQ
HRR758055_f1.fastq.gz,Raw FASTQ
HRR758055_r2.fastq.gz,Raw FASTQ
HRR757746_f1.fastq.gz,Raw FASTQ
HRR757746_r2.fastq.gz,Raw FASTQ
HRR758056_f1.fastq.gz,Raw FASTQ
HRR758056_r2.fastq.gz,Raw FASTQ
HRR757747_f1.fastq.gz,Raw FASTQ
HRR757747_r2.fastq.gz,Raw FASTQ
HRR758057_f1.fastq.gz,Raw FASTQ
HRR758057_r2.fastq.gz,Raw FASTQ
HRR757748_f1.fastq.gz,Raw FASTQ
HRR757748_r2.fastq.gz,Raw FASTQ
HRR758058_f1.fastq.gz,Raw FASTQ
HRR758058_r2.fastq.gz,Raw FASTQ
HRR757749_f1.fastq.gz,Raw FASTQ
HRR757749_r2.fastq.gz,Raw FASTQ
HRR758059_f1.fastq.gz,Raw FASTQ
HRR758059_r2.fastq.gz,Raw FASTQ
HRR757750_f1.fastq.gz,Raw FASTQ
HRR757750_r2.fastq.gz,Raw FASTQ
HRR758060_f1.fastq.gz,Raw FASTQ
HRR758060_r2.fastq.gz,Raw FASTQ
HRR757751_f1.fastq.gz,Raw FASTQ
HRR757751_r2.fastq.gz,Raw FASTQ
HRR758061_f1.fastq.gz,Raw FASTQ
HRR758061_r2.fastq.gz,Raw FASTQ
HRR757752_f1.fastq.gz,Raw FASTQ
HRR757752_r2.fastq.gz,Raw FASTQ
HRR758062_f1.fastq.gz,Raw FASTQ
HRR758062_r2.fastq.gz,Raw FASTQ
HRR757753_f1.fastq.gz,Raw FASTQ
HRR757753_r2.fastq.gz,Raw FASTQ
HRR758063_f1.fastq.gz,Raw FASTQ
HRR758063_r2.fastq.gz,Raw FASTQ
HRR757754_f1.fastq.gz,Raw FASTQ
HRR757754_r2.fastq.gz,Raw FASTQ
HRR758064_f1.fastq.gz,Raw FASTQ
HRR758064_r2.fastq.gz,Raw FASTQ
HRR757755_f1.fastq.gz,Raw FASTQ
HRR757755_r2.fastq.gz,Raw FASTQ
HRR758065_f1.fastq.gz,Raw FASTQ
HRR758065_r2.fastq.gz,Raw FASTQ
HRR757756_f1.fastq.gz,Raw FASTQ
HRR757756_r2.fastq.gz,Raw FASTQ
HRR758066_f1.fastq.gz,Raw FASTQ
HRR758066_r2.fastq.gz,Raw FASTQ
HRR758067_f1.fastq.gz,Raw FASTQ
HRR758067_r2.fastq.gz,Raw FASTQ
HRR758068_f1.fastq.gz,Raw FASTQ
HRR758068_r2.fastq.gz,Raw FASTQ
HRR757759_f1.fastq.gz,Raw FASTQ
HRR757759_r2.fastq.gz,Raw FASTQ
HRR758069_f1.fastq.gz,Raw FASTQ
HRR758069_r2.fastq.gz,Raw FASTQ
HRR757760_f1.fastq.gz,Raw FASTQ
HRR757760_r2.fastq.gz,Raw FASTQ
HRR758070_f1.fastq.gz,Raw FASTQ
HRR758070_r2.fastq.gz,Raw FASTQ
HRR757761_f1.fastq.gz,Raw FASTQ
HRR757761_r2.fastq.gz,Raw FASTQ
HRR758071_f1.fastq.gz,Raw FASTQ
HRR758071_r2.fastq.gz,Raw FASTQ
HRR757762_f1.fastq.gz,Raw FASTQ
HRR757762_r2.fastq.gz,Raw FASTQ
HRR758072_f1.fastq.gz,Raw FASTQ
HRR758072_r2.fastq.gz,Raw FASTQ
HRR757763_f1.fastq.gz,Raw FASTQ
HRR757763_r2.fastq.gz,Raw FASTQ
HRR758073_f1.fastq.gz,Raw FASTQ
HRR758073_r2.fastq.gz,Raw FASTQ
HRR757764_f1.fastq.gz,Raw FASTQ
HRR757764_r2.fastq.gz,Raw FASTQ
HRR758074_f1.fastq.gz,Raw FASTQ
HRR758074_r2.fastq.gz,Raw FASTQ
HRR757765_f1.fastq.gz,Raw FASTQ
HRR757765_r2.fastq.gz,Raw FASTQ
HRR758075_f1.fastq.gz,Raw FASTQ
HRR758075_r2.fastq.gz,Raw FASTQ
HRR757766_f1.fastq.gz,Raw FASTQ
HRR757766_r2.fastq.gz,Raw FASTQ
HRR758076_f1.fastq.gz,Raw FASTQ
HRR758076_r2.fastq.gz,Raw FASTQ
HRR757767_f1.fastq.gz,Raw FASTQ
HRR757767_r2.fastq.gz,Raw FASTQ
HRR758077_f1.fastq.gz,Raw FASTQ
HRR758077_r2.fastq.gz,Raw FASTQ
HRR757768_f1.fastq.gz,Raw FASTQ
HRR757768_r2.fastq.gz,Raw FASTQ
HRR758078_f1.fastq.gz,Raw FASTQ
HRR758078_r2.fastq.gz,Raw FASTQ
HRR757769_f1.fastq.gz,Raw FASTQ
HRR757769_r2.fastq.gz,Raw FASTQ
HRR758079_f1.fastq.gz,Raw FASTQ
HRR758079_r2.fastq.gz,Raw FASTQ
HRR757770_f1.fastq.gz,Raw FASTQ
HRR757770_r2.fastq.gz,Raw FASTQ
HRR758080_f1.fastq.gz,Raw FASTQ
HRR758080_r2.fastq.gz,Raw FASTQ
HRR757771_f1.fastq.gz,Raw FASTQ
HRR757771_r2.fastq.gz,Raw FASTQ
HRR758081_f1.fastq.gz,Raw FASTQ
HRR758081_r2.fastq.gz,Raw FASTQ
HRR757772_f1.fastq.gz,Raw FASTQ
HRR757772_r2.fastq.gz,Raw FASTQ
HRR758082_f1.fastq.gz,Raw FASTQ
HRR758082_r2.fastq.gz,Raw FASTQ
HRR757773_f1.fastq.gz,Raw FASTQ
HRR757773_r2.fastq.gz,Raw FASTQ
HRR758083_f1.fastq.gz,Raw FASTQ
HRR758083_r2.fastq.gz,Raw FASTQ
HRR757774_f1.fastq.gz,Raw FASTQ
HRR757774_r2.fastq.gz,Raw FASTQ
HRR758084_f1.fastq.gz,Raw FASTQ
HRR758084_r2.fastq.gz,Raw FASTQ
HRR757775_f1.fastq.gz,Raw FASTQ
HRR757775_r2.fastq.gz,Raw FASTQ
HRR758085_f1.fastq.gz,Raw FASTQ
HRR758085_r2.fastq.gz,Raw FASTQ
HRR757776_f1.fastq.gz,Raw FASTQ
HRR757776_r2.fastq.gz,Raw FASTQ
HRR758086_f1.fastq.gz,Raw FASTQ
HRR758086_r2.fastq.gz,Raw FASTQ
HRR757777_f1.fastq.gz,Raw FASTQ
HRR757777_r2.fastq.gz,Raw FASTQ
HRR758087_f1.fastq.gz,Raw FASTQ
HRR758087_r2.fastq.gz,Raw FASTQ
HRR757778_f1.fastq.gz,Raw FASTQ
HRR757778_r2.fastq.gz,Raw FASTQ
HRR758088_f1.fastq.gz,Raw FASTQ
HRR758088_r2.fastq.gz,Raw FASTQ
HRR757779_f1.fastq.gz,Raw FASTQ
HRR757779_r2.fastq.gz,Raw FASTQ
HRR758089_f1.fastq.gz,Raw FASTQ
HRR758089_r2.fastq.gz,Raw FASTQ
HRR757780_f1.fastq.gz,Raw FASTQ
HRR757780_r2.fastq.gz,Raw FASTQ
HRR758090_f1.fastq.gz,Raw FASTQ
HRR758090_r2.fastq.gz,Raw FASTQ
HRR757781_f1.fastq.gz,Raw FASTQ
HRR757781_r2.fastq.gz,Raw FASTQ
HRR758091_f1.fastq.gz,Raw FASTQ
HRR758091_r2.fastq.gz,Raw FASTQ
HRR757782_f1.fastq.gz,Raw FASTQ
HRR757782_r2.fastq.gz,Raw FASTQ
HRR758092_f1.fastq.gz,Raw FASTQ
HRR758092_r2.fastq.gz,Raw FASTQ
HRR757783_f1.fastq.gz,Raw FASTQ
HRR757783_r2.fastq.gz,Raw FASTQ
HRR758093_f1.fastq.gz,Raw FASTQ
HRR758093_r2.fastq.gz,Raw FASTQ
HRR757784_f1.fastq.gz,Raw FASTQ
HRR757784_r2.fastq.gz,Raw FASTQ
HRR758094_f1.fastq.gz,Raw FASTQ
HRR758094_r2.fastq.gz,Raw FASTQ
HRR757785_f1.fastq.gz,Raw FASTQ
HRR757785_r2.fastq.gz,Raw FASTQ
HRR758095_f1.fastq.gz,Raw FASTQ
HRR758095_r2.fastq.gz,Raw FASTQ
HRR757786_f1.fastq.gz,Raw FASTQ
HRR757786_r2.fastq.gz,Raw FASTQ
HRR758096_f1.fastq.gz,Raw FASTQ
HRR758096_r2.fastq.gz,Raw FASTQ
HRR757787_f1.fastq.gz,Raw FASTQ
HRR757787_r2.fastq.gz,Raw FASTQ
HRR758097_f1.fastq.gz,Raw FASTQ
HRR758097_r2.fastq.gz,Raw FASTQ
HRR757788_f1.fastq.gz,Raw FASTQ
HRR757788_r2.fastq.gz,Raw FASTQ
HRR758098_f1.fastq.gz,Raw FASTQ
HRR758098_r2.fastq.gz,Raw FASTQ
HRR757789_f1.fastq.gz,Raw FASTQ
HRR757789_r2.fastq.gz,Raw FASTQ
HRR758099_f1.fastq.gz,Raw FASTQ
HRR758099_r2.fastq.gz,Raw FASTQ
HRR757790_f1.fastq.gz,Raw FASTQ
HRR757790_r2.fastq.gz,Raw FASTQ
HRR758100_f1.fastq.gz,Raw FASTQ
HRR758100_r2.fastq.gz,Raw FASTQ
HRR757791_f1.fastq.gz,Raw FASTQ
HRR757791_r2.fastq.gz,Raw FASTQ
HRR758101_f1.fastq.gz,Raw FASTQ
HRR758101_r2.fastq.gz,Raw FASTQ
HRR757792_f1.fastq.gz,Raw FASTQ
HRR757792_r2.fastq.gz,Raw FASTQ
HRR758102_f1.fastq.gz,Raw FASTQ
HRR758102_r2.fastq.gz,Raw FASTQ
HRR757793_f1.fastq.gz,Raw FASTQ
HRR757793_r2.fastq.gz,Raw FASTQ
HRR758103_f1.fastq.gz,Raw FASTQ
HRR758103_r2.fastq.gz,Raw FASTQ
HRR757794_f1.fastq.gz,Raw FASTQ
HRR757794_r2.fastq.gz,Raw FASTQ
HRR758104_f1.fastq.gz,Raw FASTQ
HRR758104_r2.fastq.gz,Raw FASTQ
HRR757795_f1.fastq.gz,Raw FASTQ
HRR757795_r2.fastq.gz,Raw FASTQ
HRR758105_f1.fastq.gz,Raw FASTQ
HRR758105_r2.fastq.gz,Raw FASTQ
HRR757796_f1.fastq.gz,Raw FASTQ
HRR757796_r2.fastq.gz,Raw FASTQ
HRR758106_f1.fastq.gz,Raw FASTQ
HRR758106_r2.fastq.gz,Raw FASTQ
HRR757797_f1.fastq.gz,Raw FASTQ
HRR757797_r2.fastq.gz,Raw FASTQ
HRR758107_f1.fastq.gz,Raw FASTQ
HRR758107_r2.fastq.gz,Raw FASTQ
HRR757798_f1.fastq.gz,Raw FASTQ
HRR757798_r2.fastq.gz,Raw FASTQ
HRR758108_f1.fastq.gz,Raw FASTQ
HRR758108_r2.fastq.gz,Raw FASTQ
HRR757799_f1.fastq.gz,Raw FASTQ
HRR757799_r2.fastq.gz,Raw FASTQ
HRR758109_f1.fastq.gz,Raw FASTQ
HRR758109_r2.fastq.gz,Raw FASTQ
HRR757800_f1.fastq.gz,Raw FASTQ
HRR757800_r2.fastq.gz,Raw FASTQ
HRR758110_f1.fastq.gz,Raw FASTQ
HRR758110_r2.fastq.gz,Raw FASTQ
HRR757801_f1.fastq.gz,Raw FASTQ
HRR757801_r2.fastq.gz,Raw FASTQ
HRR758111_f1.fastq.gz,Raw FASTQ
HRR758111_r2.fastq.gz,Raw FASTQ
HRR757802_f1.fastq.gz,Raw FASTQ
HRR757802_r2.fastq.gz,Raw FASTQ
HRR758112_f1.fastq.gz,Raw FASTQ
HRR758112_r2.fastq.gz,Raw FASTQ
HRR757803_f1.fastq.gz,Raw FASTQ
HRR757803_r2.fastq.gz,Raw FASTQ
HRR758113_f1.fastq.gz,Raw FASTQ
HRR758113_r2.fastq.gz,Raw FASTQ
HRR757804_f1.fastq.gz,Raw FASTQ
HRR757804_r2.fastq.gz,Raw FASTQ
HRR758114_f1.fastq.gz,Raw FASTQ
HRR758114_r2.fastq.gz,Raw FASTQ
HRR758115_f1.fastq.gz,Raw FASTQ
HRR758115_r2.fastq.gz,Raw FASTQ
HRR757806_f1.fastq.gz,Raw FASTQ
HRR757806_r2.fastq.gz,Raw FASTQ
HRR758116_f1.fastq.gz,Raw FASTQ
HRR758116_r2.fastq.gz,Raw FASTQ
HRR757807_f1.fastq.gz,Raw FASTQ
HRR757807_r2.fastq.gz,Raw FASTQ
HRR758117_f1.fastq.gz,Raw FASTQ
HRR758117_r2.fastq.gz,Raw FASTQ
HRR757808_f1.fastq.gz,Raw FASTQ
HRR757808_r2.fastq.gz,Raw FASTQ
HRR758118_f1.fastq.gz,Raw FASTQ
HRR758118_r2.fastq.gz,Raw FASTQ
HRR757809_f1.fastq.gz,Raw FASTQ
HRR757809_r2.fastq.gz,Raw FASTQ
HRR758119_f1.fastq.gz,Raw FASTQ
HRR758119_r2.fastq.gz,Raw FASTQ
HRR757810_f1.fastq.gz,Raw FASTQ
HRR757810_r2.fastq.gz,Raw FASTQ
HRR758120_f1.fastq.gz,Raw FASTQ
HRR758120_r2.fastq.gz,Raw FASTQ
HRR757811_f1.fastq.gz,Raw FASTQ
HRR757811_r2.fastq.gz,Raw FASTQ
HRR758121_f1.fastq.gz,Raw FASTQ
HRR758121_r2.fastq.gz,Raw FASTQ
HRR757812_f1.fastq.gz,Raw FASTQ
HRR757812_r2.fastq.gz,Raw FASTQ
HRR758122_f1.fastq.gz,Raw FASTQ
HRR758122_r2.fastq.gz,Raw FASTQ
HRR757813_f1.fastq.gz,Raw FASTQ
HRR757813_r2.fastq.gz,Raw FASTQ
HRR758123_f1.fastq.gz,Raw FASTQ
HRR758123_r2.fastq.gz,Raw FASTQ
HRR757814_f1.fastq.gz,Raw FASTQ
HRR757814_r2.fastq.gz,Raw FASTQ
HRR758124_f1.fastq.gz,Raw FASTQ
HRR758124_r2.fastq.gz,Raw FASTQ
HRR757815_f1.fastq.gz,Raw FASTQ
HRR757815_r2.fastq.gz,Raw FASTQ
HRR758125_f1.fastq.gz,Raw FASTQ
HRR758125_r2.fastq.gz,Raw FASTQ
HRR757816_f1.fastq.gz,Raw FASTQ
HRR757816_r2.fastq.gz,Raw FASTQ
HRR758126_f1.fastq.gz,Raw FASTQ
HRR758126_r2.fastq.gz,Raw FASTQ
HRR757817_f1.fastq.gz,Raw FASTQ
HRR757817_r2.fastq.gz,Raw FASTQ
HRR758127_f1.fastq.gz,Raw FASTQ
HRR758127_r2.fastq.gz,Raw FASTQ
HRR757818_f1.fastq.gz,Raw FASTQ
HRR757818_r2.fastq.gz,Raw FASTQ
HRR758128_f1.fastq.gz,Raw FASTQ
HRR758128_r2.fastq.gz,Raw FASTQ
HRR757819_f1.fastq.gz,Raw FASTQ
HRR757819_r2.fastq.gz,Raw FASTQ
HRR758129_f1.fastq.gz,Raw FASTQ
HRR758129_r2.fastq.gz,Raw FASTQ
HRR757820_f1.fastq.gz,Raw FASTQ
HRR757820_r2.fastq.gz,Raw FASTQ
HRR758130_f1.fastq.gz,Raw FASTQ
HRR758130_r2.fastq.gz,Raw FASTQ
HRR757821_f1.fastq.gz,Raw FASTQ
HRR757821_r2.fastq.gz,Raw FASTQ
HRR758131_f1.fastq.gz,Raw FASTQ
HRR758131_r2.fastq.gz,Raw FASTQ
HRR757822_f1.fastq.gz,Raw FASTQ
HRR757822_r2.fastq.gz,Raw FASTQ
HRR758132_f1.fastq.gz,Raw FASTQ
HRR758132_r2.fastq.gz,Raw FASTQ
HRR757823_f1.fastq.gz,Raw FASTQ
HRR757823_r2.fastq.gz,Raw FASTQ
HRR758133_f1.fastq.gz,Raw FASTQ
HRR758133_r2.fastq.gz,Raw FASTQ
HRR757824_f1.fastq.gz,Raw FASTQ
HRR757824_r2.fastq.gz,Raw FASTQ
HRR758134_f1.fastq.gz,Raw FASTQ
HRR758134_r2.fastq.gz,Raw FASTQ
HRR757825_f1.fastq.gz,Raw FASTQ
HRR757825_r2.fastq.gz,Raw FASTQ
HRR758135_f1.fastq.gz,Raw FASTQ
HRR758135_r2.fastq.gz,Raw FASTQ
HRR757826_f1.fastq.gz,Raw FASTQ
HRR757826_r2.fastq.gz,Raw FASTQ
HRR758136_f1.fastq.gz,Raw FASTQ
HRR758136_r2.fastq.gz,Raw FASTQ
HRR757827_f1.fastq.gz,Raw FASTQ
HRR757827_r2.fastq.gz,Raw FASTQ
HRR758137_f1.fastq.gz,Raw FASTQ
HRR758137_r2.fastq.gz,Raw FASTQ
HRR757828_f1.fastq.gz,Raw FASTQ
HRR757828_r2.fastq.gz,Raw FASTQ
HRR758138_f1.fastq.gz,Raw FASTQ
HRR758138_r2.fastq.gz,Raw FASTQ
HRR757829_f1.fastq.gz,Raw FASTQ
HRR757829_r2.fastq.gz,Raw FASTQ
HRR758139_f1.fastq.gz,Raw FASTQ
HRR758139_r2.fastq.gz,Raw FASTQ
HRR757830_f1.fastq.gz,Raw FASTQ
HRR757830_r2.fastq.gz,Raw FASTQ
HRR758140_f1.fastq.gz,Raw FASTQ
HRR758140_r2.fastq.gz,Raw FASTQ
HRR758141_f1.fastq.gz,Raw FASTQ
HRR758141_r2.fastq.gz,Raw FASTQ
HRR757832_f1.fastq.gz,Raw FASTQ
HRR757832_r2.fastq.gz,Raw FASTQ
HRR758142_f1.fastq.gz,Raw FASTQ
HRR758142_r2.fastq.gz,Raw FASTQ
HRR757833_f1.fastq.gz,Raw FASTQ
HRR757833_r2.fastq.gz,Raw FASTQ
HRR758143_f1.fastq.gz,Raw FASTQ
HRR758143_r2.fastq.gz,Raw FASTQ
HRR757834_f1.fastq.gz,Raw FASTQ
HRR757834_r2.fastq.gz,Raw FASTQ
HRR758144_f1.fastq.gz,Raw FASTQ
HRR758144_r2.fastq.gz,Raw FASTQ
HRR757835_f1.fastq.gz,Raw FASTQ
HRR757835_r2.fastq.gz,Raw FASTQ
HRR758145_f1.fastq.gz,Raw FASTQ
HRR758145_r2.fastq.gz,Raw FASTQ
HRR757836_f1.fastq.gz,Raw FASTQ
HRR757836_r2.fastq.gz,Raw FASTQ
HRR758146_f1.fastq.gz,Raw FASTQ
HRR758146_r2.fastq.gz,Raw FASTQ
HRR757837_f1.fastq.gz,Raw FASTQ
HRR757837_r2.fastq.gz,Raw FASTQ
HRR758147_f1.fastq.gz,Raw FASTQ
HRR758147_r2.fastq.gz,Raw FASTQ
HRR757838_f1.fastq.gz,Raw FASTQ
HRR757838_r2.fastq.gz,Raw FASTQ
HRR758148_f1.fastq.gz,Raw FASTQ
HRR758148_r2.fastq.gz,Raw FASTQ
HRR757839_f1.fastq.gz,Raw FASTQ
HRR757839_r2.fastq.gz,Raw FASTQ
HRR758149_f1.fastq.gz,Raw FASTQ
HRR758149_r2.fastq.gz,Raw FASTQ
HRR757840_f1.fastq.gz,Raw FASTQ
HRR757840_r2.fastq.gz,Raw FASTQ
HRR758150_f1.fastq.gz,Raw FASTQ
HRR758150_r2.fastq.gz,Raw FASTQ
HRR757841_f1.fastq.gz,Raw FASTQ
HRR757841_r2.fastq.gz,Raw FASTQ
HRR758151_f1.fastq.gz,Raw FASTQ
HRR758151_r2.fastq.gz,Raw FASTQ
HRR757842_f1.fastq.gz,Raw FASTQ
HRR757842_r2.fastq.gz,Raw FASTQ
HRR758152_f1.fastq.gz,Raw FASTQ
HRR758152_r2.fastq.gz,Raw FASTQ
HRR757843_f1.fastq.gz,Raw FASTQ
HRR757843_r2.fastq.gz,Raw FASTQ
HRR758153_f1.fastq.gz,Raw FASTQ
HRR758153_r2.fastq.gz,Raw FASTQ
HRR757844_f1.fastq.gz,Raw FASTQ
HRR757844_r2.fastq.gz,Raw FASTQ
HRR758154_f1.fastq.gz,Raw FASTQ
HRR758154_r2.fastq.gz,Raw FASTQ
HRR758155_f1.fastq.gz,Raw FASTQ
HRR758155_r2.fastq.gz,Raw FASTQ
HRR757846_f1.fastq.gz,Raw FASTQ
HRR757846_r2.fastq.gz,Raw FASTQ
HRR758156_f1.fastq.gz,Raw FASTQ
HRR758156_r2.fastq.gz,Raw FASTQ
HRR757847_f1.fastq.gz,Raw FASTQ
HRR757847_r2.fastq.gz,Raw FASTQ
HRR758157_f1.fastq.gz,Raw FASTQ
HRR758157_r2.fastq.gz,Raw FASTQ
HRR757848_f1.fastq.gz,Raw FASTQ
HRR757848_r2.fastq.gz,Raw FASTQ
HRR758158_f1.fastq.gz,Raw FASTQ
HRR758158_r2.fastq.gz,Raw FASTQ
HRR757849_f1.fastq.gz,Raw FASTQ
HRR757849_r2.fastq.gz,Raw FASTQ
HRR758159_f1.fastq.gz,Raw FASTQ
HRR758159_r2.fastq.gz,Raw FASTQ
HRR757850_f1.fastq.gz,Raw FASTQ
HRR757850_r2.fastq.gz,Raw FASTQ
HRR758160_f1.fastq.gz,Raw FASTQ
HRR758160_r2.fastq.gz,Raw FASTQ
HRR757851_f1.fastq.gz,Raw FASTQ
HRR757851_r2.fastq.gz,Raw FASTQ
HRR758161_f1.fastq.gz,Raw FASTQ
HRR758161_r2.fastq.gz,Raw FASTQ
HRR757852_f1.fastq.gz,Raw FASTQ
HRR757852_r2.fastq.gz,Raw FASTQ
HRR758162_f1.fastq.gz,Raw FASTQ
HRR758162_r2.fastq.gz,Raw FASTQ
HRR1320767_f1.fq.gz,Raw FASTQ
HRR1320767_r2.fq.gz,Raw FASTQ
HRR1321010_f1.fq.gz,Raw FASTQ
HRR1321010_r2.fq.gz,Raw FASTQ
HRR1320768_f1.fq.gz,Raw FASTQ
HRR1320768_r2.fq.gz,Raw FASTQ
HRR1321011_f1.fq.gz,Raw FASTQ
HRR1321011_r2.fq.gz,Raw FASTQ
HRR1320769_f1.fq.gz,Raw FASTQ
HRR1320769_r2.fq.gz,Raw FASTQ
HRR1321012_f1.fq.gz,Raw FASTQ
HRR1321012_r2.fq.gz,Raw FASTQ
HRR1320770_f1.fq.gz,Raw FASTQ
HRR1320770_r2.fq.gz,Raw FASTQ
HRR1321013_f1.fq.gz,Raw FASTQ
HRR1321013_r2.fq.gz,Raw FASTQ
HRR1320771_f1.fq.gz,Raw FASTQ
HRR1320771_r2.fq.gz,Raw FASTQ
HRR1321014_f1.fq.gz,Raw FASTQ
HRR1321014_r2.fq.gz,Raw FASTQ
HRR1320772_f1.fq.gz,Raw FASTQ
HRR1320772_r2.fq.gz,Raw FASTQ
HRR1321015_f1.fq.gz,Raw FASTQ
HRR1321015_r2.fq.gz,Raw FASTQ
HRR1320773_f1.fq.gz,Raw FASTQ
HRR1320773_r2.fq.gz,Raw FASTQ
HRR1321016_f1.fq.gz,Raw FASTQ
HRR1321016_r2.fq.gz,Raw FASTQ
HRR1320774_f1.fq.gz,Raw FASTQ
HRR1320774_r2.fq.gz,Raw FASTQ
HRR1321017_f1.fq.gz,Raw FASTQ
HRR1321017_r2.fq.gz,Raw FASTQ
HRR1320775_f1.fq.gz,Raw FASTQ
HRR1320775_r2.fq.gz,Raw FASTQ
HRR1321018_f1.fq.gz,Raw FASTQ
HRR1321018_r2.fq.gz,Raw FASTQ
HRR1320776_f1.fq.gz,Raw FASTQ
HRR1320776_r2.fq.gz,Raw FASTQ
HRR1321019_f1.fq.gz,Raw FASTQ
HRR1321019_r2.fq.gz,Raw FASTQ
HRR1320777_f1.fq.gz,Raw FASTQ
HRR1320777_r2.fq.gz,Raw FASTQ
HRR1321020_f1.fq.gz,Raw FASTQ
HRR1321020_r2.fq.gz,Raw FASTQ
HRR1320778_f1.fq.gz,Raw FASTQ
HRR1320778_r2.fq.gz,Raw FASTQ
HRR1321021_f1.fq.gz,Raw FASTQ
HRR1321021_r2.fq.gz,Raw FASTQ
HRR1320779_f1.fq.gz,Raw FASTQ
HRR1320779_r2.fq.gz,Raw FASTQ
HRR1321022_f1.fq.gz,Raw FASTQ
HRR1321022_r2.fq.gz,Raw FASTQ
HRR1320780_f1.fq.gz,Raw FASTQ
HRR1320780_r2.fq.gz,Raw FASTQ
HRR1321023_f1.fq.gz,Raw FASTQ
HRR1321023_r2.fq.gz,Raw FASTQ
HRR1320781_f1.fq.gz,Raw FASTQ
HRR1320781_r2.fq.gz,Raw FASTQ
HRR1321024_f1.fq.gz,Raw FASTQ
HRR1321024_r2.fq.gz,Raw FASTQ
HRR1320782_f1.fq.gz,Raw FASTQ
HRR1320782_r2.fq.gz,Raw FASTQ
HRR1321025_f1.fq.gz,Raw FASTQ
HRR1321025_r2.fq.gz,Raw FASTQ
HRR1320783_f1.fq.gz,Raw FASTQ
HRR1320783_r2.fq.gz,Raw FASTQ
HRR1321026_f1.fq.gz,Raw FASTQ
HRR1321026_r2.fq.gz,Raw FASTQ
HRR1320784_f1.fq.gz,Raw FASTQ
HRR1320784_r2.fq.gz,Raw FASTQ
HRR1321027_f1.fq.gz,Raw FASTQ
HRR1321027_r2.fq.gz,Raw FASTQ
HRR1320785_f1.fq.gz,Raw FASTQ
HRR1320785_r2.fq.gz,Raw FASTQ
HRR1321028_f1.fq.gz,Raw FASTQ
HRR1321028_r2.fq.gz,Raw FASTQ
HRR1320786_f1.fq.gz,Raw FASTQ
HRR1320786_r2.fq.gz,Raw FASTQ
HRR1321029_f1.fq.gz,Raw FASTQ
HRR1321029_r2.fq.gz,Raw FASTQ
HRR1320787_f1.fq.gz,Raw FASTQ
HRR1320787_r2.fq.gz,Raw FASTQ
HRR1321030_f1.fq.gz,Raw FASTQ
HRR1321030_r2.fq.gz,Raw FASTQ
HRR1320788_f1.fq.gz,Raw FASTQ
HRR1320788_r2.fq.gz,Raw FASTQ
HRR1321031_f1.fq.gz,Raw FASTQ
HRR1321031_r2.fq.gz,Raw FASTQ
HRR1320789_f1.fq.gz,Raw FASTQ
HRR1320789_r2.fq.gz,Raw FASTQ
HRR1321032_f1.fq.gz,Raw FASTQ
HRR1321032_r2.fq.gz,Raw FASTQ
HRR1320790_f1.fq.gz,Raw FASTQ
HRR1320790_r2.fq.gz,Raw FASTQ
HRR1321033_f1.fq.gz,Raw FASTQ
HRR1321033_r2.fq.gz,Raw FASTQ
HRR1320791_f1.fq.gz,Raw FASTQ
HRR1320791_r2.fq.gz,Raw FASTQ
HRR1321034_f1.fq.gz,Raw FASTQ
HRR1321034_r2.fq.gz,Raw FASTQ
HRR1320792_f1.fq.gz,Raw FASTQ
HRR1320792_r2.fq.gz,Raw FASTQ
HRR1321035_f1.fq.gz,Raw FASTQ
HRR1321035_r2.fq.gz,Raw FASTQ
HRR1320793_f1.fq.gz,Raw FASTQ
HRR1320793_r2.fq.gz,Raw FASTQ
HRR1321036_f1.fq.gz,Raw FASTQ
HRR1321036_r2.fq.gz,Raw FASTQ
HRR1320794_f1.fq.gz,Raw FASTQ
HRR1320794_r2.fq.gz,Raw FASTQ
HRR1321037_f1.fq.gz,Raw FASTQ
HRR1321037_r2.fq.gz,Raw FASTQ
HRR1320795_f1.fq.gz,Raw FASTQ
HRR1320795_r2.fq.gz,Raw FASTQ
HRR1321038_f1.fq.gz,Raw FASTQ
HRR1321038_r2.fq.gz,Raw FASTQ
HRR1320796_f1.fq.gz,Raw FASTQ
HRR1320796_r2.fq.gz,Raw FASTQ
HRR1321039_f1.fq.gz,Raw FASTQ
HRR1321039_r2.fq.gz,Raw FASTQ
HRR1320797_f1.fq.gz,Raw FASTQ
HRR1320797_r2.fq.gz,Raw FASTQ
HRR1321040_f1.fq.gz,Raw FASTQ
HRR1321040_r2.fq.gz,Raw FASTQ
HRR1320798_f1.fq.gz,Raw FASTQ
HRR1320798_r2.fq.gz,Raw FASTQ
HRR1321041_f1.fq.gz,Raw FASTQ
HRR1321041_r2.fq.gz,Raw FASTQ
HRR1320799_f1.fq.gz,Raw FASTQ
HRR1320799_r2.fq.gz,Raw FASTQ
HRR1321042_f1.fq.gz,Raw FASTQ
HRR1321042_r2.fq.gz,Raw FASTQ
HRR1320800_f1.fq.gz,Raw FASTQ
HRR1320800_r2.fq.gz,Raw FASTQ
HRR1321043_f1.fq.gz,Raw FASTQ
HRR1321043_r2.fq.gz,Raw FASTQ
HRR1320801_f1.fq.gz,Raw FASTQ
HRR1320801_r2.fq.gz,Raw FASTQ
HRR1321044_f1.fq.gz,Raw FASTQ
HRR1321044_r2.fq.gz,Raw FASTQ
HRR1320802_f1.fq.gz,Raw FASTQ
HRR1320802_r2.fq.gz,Raw FASTQ
HRR1321045_f1.fq.gz,Raw FASTQ
HRR1321045_r2.fq.gz,Raw FASTQ
HRR1320803_f1.fq.gz,Raw FASTQ
HRR1320803_r2.fq.gz,Raw FASTQ
HRR1321046_f1.fq.gz,Raw FASTQ
HRR1321046_r2.fq.gz,Raw FASTQ
HRR1320804_f1.fq.gz,Raw FASTQ
HRR1320804_r2.fq.gz,Raw FASTQ
HRR1321047_f1.fq.gz,Raw FASTQ
HRR1321047_r2.fq.gz,Raw FASTQ
HRR1320805_f1.fq.gz,Raw FASTQ
HRR1320805_r2.fq.gz,Raw FASTQ
HRR1321048_f1.fq.gz,Raw FASTQ
HRR1321048_r2.fq.gz,Raw FASTQ
HRR1320806_f1.fq.gz,Raw FASTQ
HRR1320806_r2.fq.gz,Raw FASTQ
HRR1321049_f1.fq.gz,Raw FASTQ
HRR1321049_r2.fq.gz,Raw FASTQ
HRR1320807_f1.fq.gz,Raw FASTQ
HRR1320807_r2.fq.gz,Raw FASTQ
HRR1321050_f1.fq.gz,Raw FASTQ
HRR1321050_r2.fq.gz,Raw FASTQ
HRR1320808_f1.fq.gz,Raw FASTQ
HRR1320808_r2.fq.gz,Raw FASTQ
HRR1321051_f1.fq.gz,Raw FASTQ
HRR1321051_r2.fq.gz,Raw FASTQ
HRR1320809_f1.fq.gz,Raw FASTQ
HRR1320809_r2.fq.gz,Raw FASTQ
HRR1321052_f1.fq.gz,Raw FASTQ
HRR1321052_r2.fq.gz,Raw FASTQ
HRR1320810_f1.fq.gz,Raw FASTQ
HRR1320810_r2.fq.gz,Raw FASTQ
HRR1321053_f1.fq.gz,Raw FASTQ
HRR1321053_r2.fq.gz,Raw FASTQ
HRR1320811_f1.fq.gz,Raw FASTQ
HRR1320811_r2.fq.gz,Raw FASTQ
HRR1321054_f1.fq.gz,Raw FASTQ
HRR1321054_r2.fq.gz,Raw FASTQ
HRR1320812_f1.fq.gz,Raw FASTQ
HRR1320812_r2.fq.gz,Raw FASTQ
HRR1321055_f1.fq.gz,Raw FASTQ
HRR1321055_r2.fq.gz,Raw FASTQ
HRR1320813_f1.fq.gz,Raw FASTQ
HRR1320813_r2.fq.gz,Raw FASTQ
HRR1321056_f1.fq.gz,Raw FASTQ
HRR1321056_r2.fq.gz,Raw FASTQ
HRR1320814_f1.fq.gz,Raw FASTQ
HRR1320814_r2.fq.gz,Raw FASTQ
HRR1321057_f1.fq.gz,Raw FASTQ
HRR1321057_r2.fq.gz,Raw FASTQ
HRR1320815_f1.fq.gz,Raw FASTQ
HRR1320815_r2.fq.gz,Raw FASTQ
HRR1321058_f1.fq.gz,Raw FASTQ
HRR1321058_r2.fq.gz,Raw FASTQ
HRR1320816_f1.fq.gz,Raw FASTQ
HRR1320816_r2.fq.gz,Raw FASTQ
HRR1321059_f1.fq.gz,Raw FASTQ
HRR1321059_r2.fq.gz,Raw FASTQ
HRR1320817_f1.fq.gz,Raw FASTQ
HRR1320817_r2.fq.gz,Raw FASTQ
HRR1321060_f1.fq.gz,Raw FASTQ
HRR1321060_r2.fq.gz,Raw FASTQ
HRR1320818_f1.fq.gz,Raw FASTQ
HRR1320818_r2.fq.gz,Raw FASTQ
HRR1321061_f1.fq.gz,Raw FASTQ
HRR1321061_r2.fq.gz,Raw FASTQ
HRR1320819_f1.fq.gz,Raw FASTQ
HRR1320819_r2.fq.gz,Raw FASTQ
HRR1321062_f1.fq.gz,Raw FASTQ
HRR1321062_r2.fq.gz,Raw FASTQ
HRR1320820_f1.fq.gz,Raw FASTQ
HRR1320820_r2.fq.gz,Raw FASTQ
HRR1321063_f1.fq.gz,Raw FASTQ
HRR1321063_r2.fq.gz,Raw FASTQ
HRR1320821_f1.fq.gz,Raw FASTQ
HRR1320821_r2.fq.gz,Raw FASTQ
HRR1321064_f1.fq.gz,Raw FASTQ
HRR1321064_r2.fq.gz,Raw FASTQ
HRR1320822_f1.fq.gz,Raw FASTQ
HRR1320822_r2.fq.gz,Raw FASTQ
HRR1321065_f1.fq.gz,Raw FASTQ
HRR1321065_r2.fq.gz,Raw FASTQ
HRR1320823_f1.fq.gz,Raw FASTQ
HRR1320823_r2.fq.gz,Raw FASTQ
HRR1321066_f1.fq.gz,Raw FASTQ
HRR1321066_r2.fq.gz,Raw FASTQ
HRR1320824_f1.fq.gz,Raw FASTQ
HRR1320824_r2.fq.gz,Raw FASTQ
HRR1321067_f1.fq.gz,Raw FASTQ
HRR1321067_r2.fq.gz,Raw FASTQ
HRR1320825_f1.fq.gz,Raw FASTQ
HRR1320825_r2.fq.gz,Raw FASTQ
HRR1321068_f1.fq.gz,Raw FASTQ
HRR1321068_r2.fq.gz,Raw FASTQ
HRR1320826_f1.fq.gz,Raw FASTQ
HRR1320826_r2.fq.gz,Raw FASTQ
HRR1321069_f1.fq.gz,Raw FASTQ
HRR1321069_r2.fq.gz,Raw FASTQ
HRR1320827_f1.fq.gz,Raw FASTQ
HRR1320827_r2.fq.gz,Raw FASTQ
HRR1321070_f1.fq.gz,Raw FASTQ
HRR1321070_r2.fq.gz,Raw FASTQ
HRR1320828_f1.fq.gz,Raw FASTQ
HRR1320828_r2.fq.gz,Raw FASTQ
HRR1321071_f1.fq.gz,Raw FASTQ
HRR1321071_r2.fq.gz,Raw FASTQ
HRR1320829_f1.fq.gz,Raw FASTQ
HRR1320829_r2.fq.gz,Raw FASTQ
HRR1321072_f1.fq.gz,Raw FASTQ
HRR1321072_r2.fq.gz,Raw FASTQ
HRR1320830_f1.fq.gz,Raw FASTQ
HRR1320830_r2.fq.gz,Raw FASTQ
HRR1321073_f1.fq.gz,Raw FASTQ
HRR1321073_r2.fq.gz,Raw FASTQ
HRR1320831_f1.fq.gz,Raw FASTQ
HRR1320831_r2.fq.gz,Raw FASTQ
HRR1321074_f1.fq.gz,Raw FASTQ
HRR1321074_r2.fq.gz,Raw FASTQ
HRR1320832_f1.fq.gz,Raw FASTQ
HRR1320832_r2.fq.gz,Raw FASTQ
HRR1321075_f1.fq.gz,Raw FASTQ
HRR1321075_r2.fq.gz,Raw FASTQ
HRR1320833_f1.fq.gz,Raw FASTQ
HRR1320833_r2.fq.gz,Raw FASTQ
HRR1321076_f1.fq.gz,Raw FASTQ
HRR1321076_r2.fq.gz,Raw FASTQ
HRR1320834_f1.fq.gz,Raw FASTQ
HRR1320834_r2.fq.gz,Raw FASTQ
HRR1321077_f1.fq.gz,Raw FASTQ
HRR1321077_r2.fq.gz,Raw FASTQ
HRR1320835_f1.fq.gz,Raw FASTQ
HRR1320835_r2.fq.gz,Raw FASTQ
HRR1321078_f1.fq.gz,Raw FASTQ
HRR1321078_r2.fq.gz,Raw FASTQ
HRR1320836_f1.fq.gz,Raw FASTQ
HRR1320836_r2.fq.gz,Raw FASTQ
HRR1321079_f1.fq.gz,Raw FASTQ
HRR1321079_r2.fq.gz,Raw FASTQ
HRR1320837_f1.fq.gz,Raw FASTQ
HRR1320837_r2.fq.gz,Raw FASTQ
HRR1321080_f1.fq.gz,Raw FASTQ
HRR1321080_r2.fq.gz,Raw FASTQ
HRR1320838_f1.fq.gz,Raw FASTQ
HRR1320838_r2.fq.gz,Raw FASTQ
HRR1321081_f1.fq.gz,Raw FASTQ
HRR1321081_r2.fq.gz,Raw FASTQ
HRR1320839_f1.fq.gz,Raw FASTQ
HRR1320839_r2.fq.gz,Raw FASTQ
HRR1321082_f1.fq.gz,Raw FASTQ
HRR1321082_r2.fq.gz,Raw FASTQ
HRR1320840_f1.fq.gz,Raw FASTQ
HRR1320840_r2.fq.gz,Raw FASTQ
HRR1321083_f1.fq.gz,Raw FASTQ
HRR1321083_r2.fq.gz,Raw FASTQ
HRR1320841_f1.fq.gz,Raw FASTQ
HRR1320841_r2.fq.gz,Raw FASTQ
HRR1321084_f1.fq.gz,Raw FASTQ
HRR1321084_r2.fq.gz,Raw FASTQ
HRR1320842_f1.fq.gz,Raw FASTQ
HRR1320842_r2.fq.gz,Raw FASTQ
HRR1321085_f1.fq.gz,Raw FASTQ
HRR1321085_r2.fq.gz,Raw FASTQ
HRR1320843_f1.fq.gz,Raw FASTQ
HRR1320843_r2.fq.gz,Raw FASTQ
HRR1321086_f1.fq.gz,Raw FASTQ
HRR1321086_r2.fq.gz,Raw FASTQ
HRR1320844_f1.fq.gz,Raw FASTQ
HRR1320844_r2.fq.gz,Raw FASTQ
HRR1320845_f1.fq.gz,Raw FASTQ
HRR1320845_r2.fq.gz,Raw FASTQ
HRR1321087_f1.fq.gz,Raw FASTQ
HRR1321087_r2.fq.gz,Raw FASTQ
HRR1320846_f1.fq.gz,Raw FASTQ
HRR1320846_r2.fq.gz,Raw FASTQ
HRR1321088_f1.fq.gz,Raw FASTQ
HRR1321088_r2.fq.gz,Raw FASTQ
HRR1320847_f1.fq.gz,Raw FASTQ
HRR1320847_r2.fq.gz,Raw FASTQ
HRR1321089_f1.fq.gz,Raw FASTQ
HRR1321089_r2.fq.gz,Raw FASTQ
HRR1320848_f1.fq.gz,Raw FASTQ
HRR1320848_r2.fq.gz,Raw FASTQ
HRR1321090_f1.fq.gz,Raw FASTQ
HRR1321090_r2.fq.gz,Raw FASTQ
HRR1320849_f1.fq.gz,Raw FASTQ
HRR1320849_r2.fq.gz,Raw FASTQ
HRR1321091_f1.fq.gz,Raw FASTQ
HRR1321091_r2.fq.gz,Raw FASTQ
HRR1320850_f1.fq.gz,Raw FASTQ
HRR1320850_r2.fq.gz,Raw FASTQ
HRR1321092_f1.fq.gz,Raw FASTQ
HRR1321092_r2.fq.gz,Raw FASTQ
HRR1320851_f1.fq.gz,Raw FASTQ
HRR1320851_r2.fq.gz,Raw FASTQ
HRR1321093_f1.fq.gz,Raw FASTQ
HRR1321093_r2.fq.gz,Raw FASTQ
HRR1320852_f1.fq.gz,Raw FASTQ
HRR1320852_r2.fq.gz,Raw FASTQ
HRR1321094_f1.fq.gz,Raw FASTQ
HRR1321094_r2.fq.gz,Raw FASTQ
HRR1320853_f1.fq.gz,Raw FASTQ
HRR1320853_r2.fq.gz,Raw FASTQ
HRR1321095_f1.fq.gz,Raw FASTQ
HRR1321095_r2.fq.gz,Raw FASTQ
HRR1320854_f1.fq.gz,Raw FASTQ
HRR1320854_r2.fq.gz,Raw FASTQ
HRR1321096_f1.fq.gz,Raw FASTQ
HRR1321096_r2.fq.gz,Raw FASTQ
HRR1320855_f1.fq.gz,Raw FASTQ
HRR1320855_r2.fq.gz,Raw FASTQ
HRR1321097_f1.fq.gz,Raw FASTQ
HRR1321097_r2.fq.gz,Raw FASTQ
HRR1320856_f1.fq.gz,Raw FASTQ
HRR1320856_r2.fq.gz,Raw FASTQ
HRR1321098_f1.fq.gz,Raw FASTQ
HRR1321098_r2.fq.gz,Raw FASTQ
HRR1320857_f1.fq.gz,Raw FASTQ
HRR1320857_r2.fq.gz,Raw FASTQ
HRR1321099_f1.fq.gz,Raw FASTQ
HRR1321099_r2.fq.gz,Raw FASTQ
HRR1320858_f1.fq.gz,Raw FASTQ
HRR1320858_r2.fq.gz,Raw FASTQ
HRR1321100_f1.fq.gz,Raw FASTQ
HRR1321100_r2.fq.gz,Raw FASTQ
HRR1320859_f1.fq.gz,Raw FASTQ
HRR1320859_r2.fq.gz,Raw FASTQ
HRR1321101_f1.fq.gz,Raw FASTQ
HRR1321101_r2.fq.gz,Raw FASTQ
HRR1320860_f1.fq.gz,Raw FASTQ
HRR1320860_r2.fq.gz,Raw FASTQ
HRR1321102_f1.fq.gz,Raw FASTQ
HRR1321102_r2.fq.gz,Raw FASTQ
HRR1320861_f1.fq.gz,Raw FASTQ
HRR1320861_r2.fq.gz,Raw FASTQ
HRR1321103_f1.fq.gz,Raw FASTQ
HRR1321103_r2.fq.gz,Raw FASTQ
HRR1320862_f1.fq.gz,Raw FASTQ
HRR1320862_r2.fq.gz,Raw FASTQ
HRR1321104_f1.fq.gz,Raw FASTQ
HRR1321104_r2.fq.gz,Raw FASTQ
HRR1320863_f1.fq.gz,Raw FASTQ
HRR1320863_r2.fq.gz,Raw FASTQ
HRR1321105_f1.fq.gz,Raw FASTQ
HRR1321105_r2.fq.gz,Raw FASTQ
HRR1320864_f1.fq.gz,Raw FASTQ
HRR1320864_r2.fq.gz,Raw FASTQ
HRR1321106_f1.fq.gz,Raw FASTQ
HRR1321106_r2.fq.gz,Raw FASTQ
HRR1320865_f1.fq.gz,Raw FASTQ
HRR1320865_r2.fq.gz,Raw FASTQ
HRR1321107_f1.fq.gz,Raw FASTQ
HRR1321107_r2.fq.gz,Raw FASTQ
HRR1320866_f1.fq.gz,Raw FASTQ
HRR1320866_r2.fq.gz,Raw FASTQ
HRR1321108_f1.fq.gz,Raw FASTQ
HRR1321108_r2.fq.gz,Raw FASTQ
HRR1320867_f1.fq.gz,Raw FASTQ
HRR1320867_r2.fq.gz,Raw FASTQ
HRR1321109_f1.fq.gz,Raw FASTQ
HRR1321109_r2.fq.gz,Raw FASTQ
HRR1320868_f1.fq.gz,Raw FASTQ
HRR1320868_r2.fq.gz,Raw FASTQ
HRR1321110_f1.fq.gz,Raw FASTQ
HRR1321110_r2.fq.gz,Raw FASTQ
HRR1320869_f1.fq.gz,Raw FASTQ
HRR1320869_r2.fq.gz,Raw FASTQ
HRR1321111_f1.fq.gz,Raw FASTQ
HRR1321111_r2.fq.gz,Raw FASTQ
HRR1320870_f1.fq.gz,Raw FASTQ
HRR1320870_r2.fq.gz,Raw FASTQ
HRR1321112_f1.fq.gz,Raw FASTQ
HRR1321112_r2.fq.gz,Raw FASTQ
HRR1320871_f1.fq.gz,Raw FASTQ
HRR1320871_r2.fq.gz,Raw FASTQ
HRR1321113_f1.fq.gz,Raw FASTQ
HRR1321113_r2.fq.gz,Raw FASTQ
HRR1320872_f1.fq.gz,Raw FASTQ
HRR1320872_r2.fq.gz,Raw FASTQ
HRR1321114_f1.fq.gz,Raw FASTQ
HRR1321114_r2.fq.gz,Raw FASTQ
HRR1320873_f1.fq.gz,Raw FASTQ
HRR1320873_r2.fq.gz,Raw FASTQ
HRR1321115_f1.fq.gz,Raw FASTQ
HRR1321115_r2.fq.gz,Raw FASTQ
HRR1320874_f1.fq.gz,Raw FASTQ
HRR1320874_r2.fq.gz,Raw FASTQ
HRR1321116_f1.fq.gz,Raw FASTQ
HRR1321116_r2.fq.gz,Raw FASTQ
HRR1320875_f1.fq.gz,Raw FASTQ
HRR1320875_r2.fq.gz,Raw FASTQ
HRR1321117_f1.fq.gz,Raw FASTQ
HRR1321117_r2.fq.gz,Raw FASTQ
HRR1320876_f1.fq.gz,Raw FASTQ
HRR1320876_r2.fq.gz,Raw FASTQ
HRR1321118_f1.fq.gz,Raw FASTQ
HRR1321118_r2.fq.gz,Raw FASTQ
HRR1320877_f1.fq.gz,Raw FASTQ
HRR1320877_r2.fq.gz,Raw FASTQ
HRR1321119_f1.fq.gz,Raw FASTQ
HRR1321119_r2.fq.gz,Raw FASTQ
HRR1320878_f1.fq.gz,Raw FASTQ
HRR1320878_r2.fq.gz,Raw FASTQ
HRR1321120_f1.fq.gz,Raw FASTQ
HRR1321120_r2.fq.gz,Raw FASTQ
HRR1320879_f1.fq.gz,Raw FASTQ
HRR1320879_r2.fq.gz,Raw FASTQ
HRR1321121_f1.fq.gz,Raw FASTQ
HRR1321121_r2.fq.gz,Raw FASTQ
HRR1320880_f1.fq.gz,Raw FASTQ
HRR1320880_r2.fq.gz,Raw FASTQ
HRR1321122_f1.fq.gz,Raw FASTQ
HRR1321122_r2.fq.gz,Raw FASTQ
HRR1320881_f1.fq.gz,Raw FASTQ
HRR1320881_r2.fq.gz,Raw FASTQ
HRR1321123_f1.fq.gz,Raw FASTQ
HRR1321123_r2.fq.gz,Raw FASTQ
HRR1320882_f1.fq.gz,Raw FASTQ
HRR1320882_r2.fq.gz,Raw FASTQ
HRR1321124_f1.fq.gz,Raw FASTQ
HRR1321124_r2.fq.gz,Raw FASTQ
HRR1320883_f1.fq.gz,Raw FASTQ
HRR1320883_r2.fq.gz,Raw FASTQ
HRR1321125_f1.fq.gz,Raw FASTQ
HRR1321125_r2.fq.gz,Raw FASTQ
HRR1320884_f1.fq.gz,Raw FASTQ
HRR1320884_r2.fq.gz,Raw FASTQ
HRR1321126_f1.fq.gz,Raw FASTQ
HRR1321126_r2.fq.gz,Raw FASTQ
HRR1320885_f1.fq.gz,Raw FASTQ
HRR1320885_r2.fq.gz,Raw FASTQ
HRR1321127_f1.fq.gz,Raw FASTQ
HRR1321127_r2.fq.gz,Raw FASTQ
HRR1320886_f1.fq.gz,Raw FASTQ
HRR1320886_r2.fq.gz,Raw FASTQ
HRR1321128_f1.fq.gz,Raw FASTQ
HRR1321128_r2.fq.gz,Raw FASTQ
HRR1320887_f1.fq.gz,Raw FASTQ
HRR1320887_r2.fq.gz,Raw FASTQ
HRR1321129_f1.fq.gz,Raw FASTQ
HRR1321129_r2.fq.gz,Raw FASTQ
HRR1320888_f1.fq.gz,Raw FASTQ
HRR1320888_r2.fq.gz,Raw FASTQ
HRR1321130_f1.fq.gz,Raw FASTQ
HRR1321130_r2.fq.gz,Raw FASTQ
HRR1320889_f1.fq.gz,Raw FASTQ
HRR1320889_r2.fq.gz,Raw FASTQ
HRR1321131_f1.fq.gz,Raw FASTQ
HRR1321131_r2.fq.gz,Raw FASTQ
HRR1320890_f1.fq.gz,Raw FASTQ
HRR1320890_r2.fq.gz,Raw FASTQ
HRR1321132_f1.fq.gz,Raw FASTQ
HRR1321132_r2.fq.gz,Raw FASTQ
HRR1320891_f1.fq.gz,Raw FASTQ
HRR1320891_r2.fq.gz,Raw FASTQ
HRR1321133_f1.fq.gz,Raw FASTQ
HRR1321133_r2.fq.gz,Raw FASTQ
HRR1320892_f1.fq.gz,Raw FASTQ
HRR1320892_r2.fq.gz,Raw FASTQ
HRR1321134_f1.fq.gz,Raw FASTQ
HRR1321134_r2.fq.gz,Raw FASTQ
HRR1320893_f1.fq.gz,Raw FASTQ
HRR1320893_r2.fq.gz,Raw FASTQ
HRR1321135_f1.fq.gz,Raw FASTQ
HRR1321135_r2.fq.gz,Raw FASTQ
HRR1320894_f1.fq.gz,Raw FASTQ
HRR1320894_r2.fq.gz,Raw FASTQ
HRR1321136_f1.fq.gz,Raw FASTQ
HRR1321136_r2.fq.gz,Raw FASTQ
HRR1320895_f1.fq.gz,Raw FASTQ
HRR1320895_r2.fq.gz,Raw FASTQ
HRR1321137_f1.fq.gz,Raw FASTQ
HRR1321137_r2.fq.gz,Raw FASTQ
HRR1320896_f1.fq.gz,Raw FASTQ
HRR1320896_r2.fq.gz,Raw FASTQ
HRR1321138_f1.fq.gz,Raw FASTQ
HRR1321138_r2.fq.gz,Raw FASTQ
HRR1320897_f1.fq.gz,Raw FASTQ
HRR1320897_r2.fq.gz,Raw FASTQ
HRR1321139_f1.fq.gz,Raw FASTQ
HRR1321139_r2.fq.gz,Raw FASTQ
HRR1320898_f1.fq.gz,Raw FASTQ
HRR1320898_r2.fq.gz,Raw FASTQ
HRR1321140_f1.fq.gz,Raw FASTQ
HRR1321140_r2.fq.gz,Raw FASTQ
HRR1320899_f1.fq.gz,Raw FASTQ
HRR1320899_r2.fq.gz,Raw FASTQ
HRR1321141_f1.fq.gz,Raw FASTQ
HRR1321141_r2.fq.gz,Raw FASTQ
HRR1320900_f1.fq.gz,Raw FASTQ
HRR1320900_r2.fq.gz,Raw FASTQ
HRR1321142_f1.fq.gz,Raw FASTQ
HRR1321142_r2.fq.gz,Raw FASTQ
HRR1320901_f1.fq.gz,Raw FASTQ
HRR1320901_r2.fq.gz,Raw FASTQ
HRR1321143_f1.fq.gz,Raw FASTQ
HRR1321143_r2.fq.gz,Raw FASTQ
HRR1320902_f1.fq.gz,Raw FASTQ
HRR1320902_r2.fq.gz,Raw FASTQ
HRR1321144_f1.fq.gz,Raw FASTQ
HRR1321144_r2.fq.gz,Raw FASTQ
HRR1320903_f1.fq.gz,Raw FASTQ
HRR1320903_r2.fq.gz,Raw FASTQ
HRR1321145_f1.fq.gz,Raw FASTQ
HRR1321145_r2.fq.gz,Raw FASTQ
HRR1320904_f1.fq.gz,Raw FASTQ
HRR1320904_r2.fq.gz,Raw FASTQ
HRR1321146_f1.fq.gz,Raw FASTQ
HRR1321146_r2.fq.gz,Raw FASTQ
HRR1320905_f1.fq.gz,Raw FASTQ
HRR1320905_r2.fq.gz,Raw FASTQ
HRR1321147_f1.fq.gz,Raw FASTQ
HRR1321147_r2.fq.gz,Raw FASTQ
HRR1320906_f1.fq.gz,Raw FASTQ
HRR1320906_r2.fq.gz,Raw FASTQ
HRR1321148_f1.fq.gz,Raw FASTQ
HRR1321148_r2.fq.gz,Raw FASTQ
HRR1320907_f1.fq.gz,Raw FASTQ
HRR1320907_r2.fq.gz,Raw FASTQ
HRR1321149_f1.fq.gz,Raw FASTQ
HRR1321149_r2.fq.gz,Raw FASTQ
HRR1320908_f1.fq.gz,Raw FASTQ
HRR1320908_r2.fq.gz,Raw FASTQ
HRR1321150_f1.fq.gz,Raw FASTQ
HRR1321150_r2.fq.gz,Raw FASTQ
HRR1320909_f1.fq.gz,Raw FASTQ
HRR1320909_r2.fq.gz,Raw FASTQ
HRR1321151_f1.fq.gz,Raw FASTQ
HRR1321151_r2.fq.gz,Raw FASTQ
HRR1320910_f1.fq.gz,Raw FASTQ
HRR1320910_r2.fq.gz,Raw FASTQ
HRR1321152_f1.fq.gz,Raw FASTQ
HRR1321152_r2.fq.gz,Raw FASTQ
HRR1320911_f1.fq.gz,Raw FASTQ
HRR1320911_r2.fq.gz,Raw FASTQ
HRR1321153_f1.fq.gz,Raw FASTQ
HRR1321153_r2.fq.gz,Raw FASTQ
HRR1320912_f1.fq.gz,Raw FASTQ
HRR1320912_r2.fq.gz,Raw FASTQ
HRR1321154_f1.fq.gz,Raw FASTQ
HRR1321154_r2.fq.gz,Raw FASTQ
HRR1320913_f1.fq.gz,Raw FASTQ
HRR1320913_r2.fq.gz,Raw FASTQ
HRR1321155_f1.fq.gz,Raw FASTQ
HRR1321155_r2.fq.gz,Raw FASTQ
HRR1320914_f1.fq.gz,Raw FASTQ
HRR1320914_r2.fq.gz,Raw FASTQ
HRR1321156_f1.fq.gz,Raw FASTQ
HRR1321156_r2.fq.gz,Raw FASTQ
HRR1320915_f1.fq.gz,Raw FASTQ
HRR1320915_r2.fq.gz,Raw FASTQ
HRR1321157_f1.fq.gz,Raw FASTQ
HRR1321157_r2.fq.gz,Raw FASTQ
HRR1320916_f1.fq.gz,Raw FASTQ
HRR1320916_r2.fq.gz,Raw FASTQ
HRR1321158_f1.fq.gz,Raw FASTQ
HRR1321158_r2.fq.gz,Raw FASTQ
HRR1320917_f1.fq.gz,Raw FASTQ
HRR1320917_r2.fq.gz,Raw FASTQ
HRR1321159_f1.fq.gz,Raw FASTQ
HRR1321159_r2.fq.gz,Raw FASTQ
HRR1320918_f1.fq.gz,Raw FASTQ
HRR1320918_r2.fq.gz,Raw FASTQ
HRR1321160_f1.fq.gz,Raw FASTQ
HRR1321160_r2.fq.gz,Raw FASTQ
HRR1320919_f1.fq.gz,Raw FASTQ
HRR1320919_r2.fq.gz,Raw FASTQ
HRR1321161_f1.fq.gz,Raw FASTQ
HRR1321161_r2.fq.gz,Raw FASTQ
HRR1320920_f1.fq.gz,Raw FASTQ
HRR1320920_r2.fq.gz,Raw FASTQ
HRR1321162_f1.fq.gz,Raw FASTQ
HRR1321162_r2.fq.gz,Raw FASTQ
HRR1320921_f1.fq.gz,Raw FASTQ
HRR1320921_r2.fq.gz,Raw FASTQ
HRR1321163_f1.fq.gz,Raw FASTQ
HRR1321163_r2.fq.gz,Raw FASTQ
HRR1320922_f1.fq.gz,Raw FASTQ
HRR1320922_r2.fq.gz,Raw FASTQ
HRR1321164_f1.fq.gz,Raw FASTQ
HRR1321164_r2.fq.gz,Raw FASTQ
HRR1320923_f1.fq.gz,Raw FASTQ
HRR1320923_r2.fq.gz,Raw FASTQ
HRR1321165_f1.fq.gz,Raw FASTQ
HRR1321165_r2.fq.gz,Raw FASTQ
HRR1320924_f1.fq.gz,Raw FASTQ
HRR1320924_r2.fq.gz,Raw FASTQ
HRR1321166_f1.fq.gz,Raw FASTQ
HRR1321166_r2.fq.gz,Raw FASTQ
HRR1320925_f1.fq.gz,Raw FASTQ
HRR1320925_r2.fq.gz,Raw FASTQ
HRR1321167_f1.fq.gz,Raw FASTQ
HRR1321167_r2.fq.gz,Raw FASTQ
HRR1320926_f1.fq.gz,Raw FASTQ
HRR1320926_r2.fq.gz,Raw FASTQ
HRR1321168_f1.fq.gz,Raw FASTQ
HRR1321168_r2.fq.gz,Raw FASTQ
HRR1320927_f1.fq.gz,Raw FASTQ
HRR1320927_r2.fq.gz,Raw FASTQ
HRR1321169_f1.fq.gz,Raw FASTQ
HRR1321169_r2.fq.gz,Raw FASTQ
HRR1320928_f1.fq.gz,Raw FASTQ
HRR1320928_r2.fq.gz,Raw FASTQ
HRR1321170_f1.fq.gz,Raw FASTQ
HRR1321170_r2.fq.gz,Raw FASTQ
HRR1320929_f1.fq.gz,Raw FASTQ
HRR1320929_r2.fq.gz,Raw FASTQ
HRR1321171_f1.fq.gz,Raw FASTQ
HRR1321171_r2.fq.gz,Raw FASTQ
HRR1320930_f1.fq.gz,Raw FASTQ
HRR1320930_r2.fq.gz,Raw FASTQ
HRR1321172_f1.fq.gz,Raw FASTQ
HRR1321172_r2.fq.gz,Raw FASTQ
HRR1320931_f1.fq.gz,Raw FASTQ
HRR1320931_r2.fq.gz,Raw FASTQ
HRR1321173_f1.fq.gz,Raw FASTQ
HRR1321173_r2.fq.gz,Raw FASTQ
HRR1320932_f1.fq.gz,Raw FASTQ
HRR1320932_r2.fq.gz,Raw FASTQ
HRR1321174_f1.fq.gz,Raw FASTQ
HRR1321174_r2.fq.gz,Raw FASTQ
HRR1320933_f1.fq.gz,Raw FASTQ
HRR1320933_r2.fq.gz,Raw FASTQ
HRR1321175_f1.fq.gz,Raw FASTQ
HRR1321175_r2.fq.gz,Raw FASTQ
HRR1320934_f1.fq.gz,Raw FASTQ
HRR1320934_r2.fq.gz,Raw FASTQ
HRR1321176_f1.fq.gz,Raw FASTQ
HRR1321176_r2.fq.gz,Raw FASTQ
HRR1320935_f1.fq.gz,Raw FASTQ
HRR1320935_r2.fq.gz,Raw FASTQ
HRR1321177_f1.fq.gz,Raw FASTQ
HRR1321177_r2.fq.gz,Raw FASTQ
HRR1320936_f1.fq.gz,Raw FASTQ
HRR1320936_r2.fq.gz,Raw FASTQ
HRR1321178_f1.fq.gz,Raw FASTQ
HRR1321178_r2.fq.gz,Raw FASTQ
HRR1320937_f1.fq.gz,Raw FASTQ
HRR1320937_r2.fq.gz,Raw FASTQ
HRR1321179_f1.fq.gz,Raw FASTQ
HRR1321179_r2.fq.gz,Raw FASTQ
HRR1320938_f1.fq.gz,Raw FASTQ
HRR1320938_r2.fq.gz,Raw FASTQ
HRR1321180_f1.fq.gz,Raw FASTQ
HRR1321180_r2.fq.gz,Raw FASTQ
HRR1320939_f1.fq.gz,Raw FASTQ
HRR1320939_r2.fq.gz,Raw FASTQ
HRR1321181_f1.fq.gz,Raw FASTQ
HRR1321181_r2.fq.gz,Raw FASTQ
HRR1320940_f1.fq.gz,Raw FASTQ
HRR1320940_r2.fq.gz,Raw FASTQ
HRR1321182_f1.fq.gz,Raw FASTQ
HRR1321182_r2.fq.gz,Raw FASTQ
HRR1320941_f1.fq.gz,Raw FASTQ
HRR1320941_r2.fq.gz,Raw FASTQ
HRR1321183_f1.fq.gz,Raw FASTQ
HRR1321183_r2.fq.gz,Raw FASTQ
HRR1320942_f1.fq.gz,Raw FASTQ
HRR1320942_r2.fq.gz,Raw FASTQ
HRR1321184_f1.fq.gz,Raw FASTQ
HRR1321184_r2.fq.gz,Raw FASTQ
HRR1320943_f1.fq.gz,Raw FASTQ
HRR1320943_r2.fq.gz,Raw FASTQ
HRR1321185_f1.fq.gz,Raw FASTQ
HRR1321185_r2.fq.gz,Raw FASTQ
HRR1320944_f1.fq.gz,Raw FASTQ
HRR1320944_r2.fq.gz,Raw FASTQ
HRR1321186_f1.fq.gz,Raw FASTQ
HRR1321186_r2.fq.gz,Raw FASTQ
HRR1320945_f1.fq.gz,Raw FASTQ
HRR1320945_r2.fq.gz,Raw FASTQ
HRR1321187_f1.fq.gz,Raw FASTQ
HRR1321187_r2.fq.gz,Raw FASTQ
HRR1320946_f1.fq.gz,Raw FASTQ
HRR1320946_r2.fq.gz,Raw FASTQ
HRR1321188_f1.fq.gz,Raw FASTQ
HRR1321188_r2.fq.gz,Raw FASTQ
HRR1320947_f1.fq.gz,Raw FASTQ
HRR1320947_r2.fq.gz,Raw FASTQ
HRR1321189_f1.fq.gz,Raw FASTQ
HRR1321189_r2.fq.gz,Raw FASTQ
HRR1320948_f1.fq.gz,Raw FASTQ
HRR1320948_r2.fq.gz,Raw FASTQ
HRR1321190_f1.fq.gz,Raw FASTQ
HRR1321190_r2.fq.gz,Raw FASTQ
HRR1320949_f1.fq.gz,Raw FASTQ
HRR1320949_r2.fq.gz,Raw FASTQ
HRR1321191_f1.fq.gz,Raw FASTQ
HRR1321191_r2.fq.gz,Raw FASTQ
HRR1320950_f1.fq.gz,Raw FASTQ
HRR1320950_r2.fq.gz,Raw FASTQ
HRR1321192_f1.fq.gz,Raw FASTQ
HRR1321192_r2.fq.gz,Raw FASTQ
HRR1320951_f1.fq.gz,Raw FASTQ
HRR1320951_r2.fq.gz,Raw FASTQ
HRR1321193_f1.fq.gz,Raw FASTQ
HRR1321193_r2.fq.gz,Raw FASTQ
HRR1320952_f1.fq.gz,Raw FASTQ
HRR1320952_r2.fq.gz,Raw FASTQ
HRR1321194_f1.fq.gz,Raw FASTQ
HRR1321194_r2.fq.gz,Raw FASTQ
HRR1320953_f1.fq.gz,Raw FASTQ
HRR1320953_r2.fq.gz,Raw FASTQ
HRR1321195_f1.fq.gz,Raw FASTQ
HRR1321195_r2.fq.gz,Raw FASTQ
HRR1320954_f1.fq.gz,Raw FASTQ
HRR1320954_r2.fq.gz,Raw FASTQ
HRR1321196_f1.fq.gz,Raw FASTQ
HRR1321196_r2.fq.gz,Raw FASTQ
HRR1320955_f1.fq.gz,Raw FASTQ
HRR1320955_r2.fq.gz,Raw FASTQ
HRR1321197_f1.fq.gz,Raw FASTQ
HRR1321197_r2.fq.gz,Raw FASTQ
HRR1320956_f1.fq.gz,Raw FASTQ
HRR1320956_r2.fq.gz,Raw FASTQ
HRR1321198_f1.fq.gz,Raw FASTQ
HRR1321198_r2.fq.gz,Raw FASTQ
HRR1320957_f1.fq.gz,Raw FASTQ
HRR1320957_r2.fq.gz,Raw FASTQ
HRR1321199_f1.fq.gz,Raw FASTQ
HRR1321199_r2.fq.gz,Raw FASTQ
HRR1320958_f1.fq.gz,Raw FASTQ
HRR1320958_r2.fq.gz,Raw FASTQ
HRR1321200_f1.fq.gz,Raw FASTQ
HRR1321200_r2.fq.gz,Raw FASTQ
HRR1320959_f1.fq.gz,Raw FASTQ
HRR1320959_r2.fq.gz,Raw FASTQ
HRR1321201_f1.fq.gz,Raw FASTQ
HRR1321201_r2.fq.gz,Raw FASTQ
HRR1320960_f1.fq.gz,Raw FASTQ
HRR1320960_r2.fq.gz,Raw FASTQ
HRR1321202_f1.fq.gz,Raw FASTQ
HRR1321202_r2.fq.gz,Raw FASTQ
HRR1320961_f1.fq.gz,Raw FASTQ
HRR1320961_r2.fq.gz,Raw FASTQ
HRR1321203_f1.fq.gz,Raw FASTQ
HRR1321203_r2.fq.gz,Raw FASTQ
HRR1320962_f1.fq.gz,Raw FASTQ
HRR1320962_r2.fq.gz,Raw FASTQ
HRR1321204_f1.fq.gz,Raw FASTQ
HRR1321204_r2.fq.gz,Raw FASTQ
HRR1320963_f1.fq.gz,Raw FASTQ
HRR1320963_r2.fq.gz,Raw FASTQ
HRR1321205_f1.fq.gz,Raw FASTQ
HRR1321205_r2.fq.gz,Raw FASTQ
HRR1320964_f1.fq.gz,Raw FASTQ
HRR1320964_r2.fq.gz,Raw FASTQ
HRR1321206_f1.fq.gz,Raw FASTQ
HRR1321206_r2.fq.gz,Raw FASTQ
HRR1320965_f1.fq.gz,Raw FASTQ
HRR1320965_r2.fq.gz,Raw FASTQ
HRR1321207_f1.fq.gz,Raw FASTQ
HRR1321207_r2.fq.gz,Raw FASTQ
HRR1320966_f1.fq.gz,Raw FASTQ
HRR1320966_r2.fq.gz,Raw FASTQ
HRR1321208_f1.fq.gz,Raw FASTQ
HRR1321208_r2.fq.gz,Raw FASTQ
HRR1320967_f1.fq.gz,Raw FASTQ
HRR1320967_r2.fq.gz,Raw FASTQ
HRR1321209_f1.fq.gz,Raw FASTQ
HRR1321209_r2.fq.gz,Raw FASTQ
HRR1320968_f1.fq.gz,Raw FASTQ
HRR1320968_r2.fq.gz,Raw FASTQ
HRR1321210_f1.fq.gz,Raw FASTQ
HRR1321210_r2.fq.gz,Raw FASTQ
HRR1320969_f1.fq.gz,Raw FASTQ
HRR1320969_r2.fq.gz,Raw FASTQ
HRR1321211_f1.fq.gz,Raw FASTQ
HRR1321211_r2.fq.gz,Raw FASTQ
HRR1320970_f1.fq.gz,Raw FASTQ
HRR1320970_r2.fq.gz,Raw FASTQ
HRR1321212_f1.fq.gz,Raw FASTQ
HRR1321212_r2.fq.gz,Raw FASTQ
HRR1320971_f1.fq.gz,Raw FASTQ
HRR1320971_r2.fq.gz,Raw FASTQ
HRR1321213_f1.fq.gz,Raw FASTQ
HRR1321213_r2.fq.gz,Raw FASTQ
HRR1320972_f1.fq.gz,Raw FASTQ
HRR1320972_r2.fq.gz,Raw FASTQ
HRR1321214_f1.fq.gz,Raw FASTQ
HRR1321214_r2.fq.gz,Raw FASTQ
HRR1320973_f1.fq.gz,Raw FASTQ
HRR1320973_r2.fq.gz,Raw FASTQ
HRR1321215_f1.fq.gz,Raw FASTQ
HRR1321215_r2.fq.gz,Raw FASTQ
HRR1320974_f1.fq.gz,Raw FASTQ
HRR1320974_r2.fq.gz,Raw FASTQ
HRR1321216_f1.fq.gz,Raw FASTQ
HRR1321216_r2.fq.gz,Raw FASTQ
HRR1320975_f1.fq.gz,Raw FASTQ
HRR1320975_r2.fq.gz,Raw FASTQ
HRR1321217_f1.fq.gz,Raw FASTQ
HRR1321217_r2.fq.gz,Raw FASTQ
HRR1320976_f1.fq.gz,Raw FASTQ
HRR1320976_r2.fq.gz,Raw FASTQ
HRR1321218_f1.fq.gz,Raw FASTQ
HRR1321218_r2.fq.gz,Raw FASTQ
HRR1320977_f1.fq.gz,Raw FASTQ
HRR1320977_r2.fq.gz,Raw FASTQ
HRR1321219_f1.fq.gz,Raw FASTQ
HRR1321219_r2.fq.gz,Raw FASTQ
HRR1320978_f1.fq.gz,Raw FASTQ
HRR1320978_r2.fq.gz,Raw FASTQ
HRR1321220_f1.fq.gz,Raw FASTQ
HRR1321220_r2.fq.gz,Raw FASTQ
HRR1320979_f1.fq.gz,Raw FASTQ
HRR1320979_r2.fq.gz,Raw FASTQ
HRR1321221_f1.fq.gz,Raw FASTQ
HRR1321221_r2.fq.gz,Raw FASTQ
HRR1320980_f1.fq.gz,Raw FASTQ
HRR1320980_r2.fq.gz,Raw FASTQ
HRR1321222_f1.fq.gz,Raw FASTQ
HRR1321222_r2.fq.gz,Raw FASTQ
HRR1320981_f1.fq.gz,Raw FASTQ
HRR1320981_r2.fq.gz,Raw FASTQ
HRR1321223_f1.fq.gz,Raw FASTQ
HRR1321223_r2.fq.gz,Raw FASTQ
HRR1320982_f1.fq.gz,Raw FASTQ
HRR1320982_r2.fq.gz,Raw FASTQ
HRR1321224_f1.fq.gz,Raw FASTQ
HRR1321224_r2.fq.gz,Raw FASTQ
HRR1320983_f1.fq.gz,Raw FASTQ
HRR1320983_r2.fq.gz,Raw FASTQ
HRR1321225_f1.fq.gz,Raw FASTQ
HRR1321225_r2.fq.gz,Raw FASTQ
HRR1320984_f1.fq.gz,Raw FASTQ
HRR1320984_r2.fq.gz,Raw FASTQ
HRR1321226_f1.fq.gz,Raw FASTQ
HRR1321226_r2.fq.gz,Raw FASTQ
HRR1320985_f1.fq.gz,Raw FASTQ
HRR1320985_r2.fq.gz,Raw FASTQ
HRR1321227_f1.fq.gz,Raw FASTQ
HRR1321227_r2.fq.gz,Raw FASTQ
HRR1320986_f1.fq.gz,Raw FASTQ
HRR1320986_r2.fq.gz,Raw FASTQ
HRR1321228_f1.fq.gz,Raw FASTQ
HRR1321228_r2.fq.gz,Raw FASTQ
HRR1320987_f1.fq.gz,Raw FASTQ
HRR1320987_r2.fq.gz,Raw FASTQ
HRR1321229_f1.fq.gz,Raw FASTQ
HRR1321229_r2.fq.gz,Raw FASTQ
HRR1320988_f1.fq.gz,Raw FASTQ
HRR1320988_r2.fq.gz,Raw FASTQ
HRR1321230_f1.fq.gz,Raw FASTQ
HRR1321230_r2.fq.gz,Raw FASTQ
HRR1320989_f1.fq.gz,Raw FASTQ
HRR1320989_r2.fq.gz,Raw FASTQ
HRR1321231_f1.fq.gz,Raw FASTQ
HRR1321231_r2.fq.gz,Raw FASTQ
HRR1320990_f1.fq.gz,Raw FASTQ
HRR1320990_r2.fq.gz,Raw FASTQ
HRR1321232_f1.fq.gz,Raw FASTQ
HRR1321232_r2.fq.gz,Raw FASTQ
HRR1320991_f1.fq.gz,Raw FASTQ
HRR1320991_r2.fq.gz,Raw FASTQ
HRR1321233_f1.fq.gz,Raw FASTQ
HRR1321233_r2.fq.gz,Raw FASTQ
HRR1320992_f1.fq.gz,Raw FASTQ
HRR1320992_r2.fq.gz,Raw FASTQ
HRR1321234_f1.fq.gz,Raw FASTQ
HRR1321234_r2.fq.gz,Raw FASTQ
HRR1320993_f1.fq.gz,Raw FASTQ
HRR1320993_r2.fq.gz,Raw FASTQ
HRR1321235_f1.fq.gz,Raw FASTQ
HRR1321235_r2.fq.gz,Raw FASTQ
HRR1320994_f1.fq.gz,Raw FASTQ
HRR1320994_r2.fq.gz,Raw FASTQ
HRR1321236_f1.fq.gz,Raw FASTQ
HRR1321236_r2.fq.gz,Raw FASTQ
HRR1320995_f1.fq.gz,Raw FASTQ
HRR1320995_r2.fq.gz,Raw FASTQ
HRR1321237_f1.fq.gz,Raw FASTQ
HRR1321237_r2.fq.gz,Raw FASTQ
HRR1320996_f1.fq.gz,Raw FASTQ
HRR1320996_r2.fq.gz,Raw FASTQ
HRR1321238_f1.fq.gz,Raw FASTQ
HRR1321238_r2.fq.gz,Raw FASTQ
HRR1320997_f1.fq.gz,Raw FASTQ
HRR1320997_r2.fq.gz,Raw FASTQ
HRR1321239_f1.fq.gz,Raw FASTQ
HRR1321239_r2.fq.gz,Raw FASTQ
HRR1320998_f1.fq.gz,Raw FASTQ
HRR1320998_r2.fq.gz,Raw FASTQ
HRR1321240_f1.fq.gz,Raw FASTQ
HRR1321240_r2.fq.gz,Raw FASTQ
HRR1320999_f1.fq.gz,Raw FASTQ
HRR1320999_r2.fq.gz,Raw FASTQ
HRR1321241_f1.fq.gz,Raw FASTQ
HRR1321241_r2.fq.gz,Raw FASTQ
HRR1321000_f1.fq.gz,Raw FASTQ
HRR1321000_r2.fq.gz,Raw FASTQ
HRR1321242_f1.fq.gz,Raw FASTQ
HRR1321242_r2.fq.gz,Raw FASTQ
HRR1321001_f1.fq.gz,Raw FASTQ
HRR1321001_r2.fq.gz,Raw FASTQ
HRR1321243_f1.fq.gz,Raw FASTQ
HRR1321243_r2.fq.gz,Raw FASTQ
HRR1321002_f1.fq.gz,Raw FASTQ
HRR1321002_r2.fq.gz,Raw FASTQ
HRR1321244_f1.fq.gz,Raw FASTQ
HRR1321244_r2.fq.gz,Raw FASTQ
HRR1321003_f1.fq.gz,Raw FASTQ
HRR1321003_r2.fq.gz,Raw FASTQ
HRR1321245_f1.fq.gz,Raw FASTQ
HRR1321245_r2.fq.gz,Raw FASTQ
HRR1321004_f1.fq.gz,Raw FASTQ
HRR1321004_r2.fq.gz,Raw FASTQ
HRR1321246_f1.fq.gz,Raw FASTQ
HRR1321246_r2.fq.gz,Raw FASTQ
HRR1321005_f1.fq.gz,Raw FASTQ
HRR1321005_r2.fq.gz,Raw FASTQ
HRR1321247_f1.fq.gz,Raw FASTQ
HRR1321247_r2.fq.gz,Raw FASTQ
HRR1321006_f1.fq.gz,Raw FASTQ
HRR1321006_r2.fq.gz,Raw FASTQ
HRR1321248_f1.fq.gz,Raw FASTQ
HRR1321248_r2.fq.gz,Raw FASTQ
HRR1321007_f1.fq.gz,Raw FASTQ
HRR1321007_r2.fq.gz,Raw FASTQ
HRR1321249_f1.fq.gz,Raw FASTQ
HRR1321249_r2.fq.gz,Raw FASTQ
HRR1321008_f1.fq.gz,Raw FASTQ
HRR1321008_r2.fq.gz,Raw FASTQ
HRR1321250_f1.fq.gz,Raw FASTQ
HRR1321250_r2.fq.gz,Raw FASTQ
HRR1321009_f1.fq.gz,Raw FASTQ
HRR1321009_r2.fq.gz,Raw FASTQ
HRR1321251_f1.fq.gz,Raw FASTQ
HRR1321251_r2.fq.gz,Raw FASTQ
HRR1494221_f1.fastq.gz,Raw FASTQ
HRR1494221_r2.fastq.gz,Raw FASTQ
HRR1494222_f1.fastq.gz,Raw FASTQ
HRR1494222_r2.fastq.gz,Raw FASTQ
HRR1493845_f1.fastq.gz,Raw FASTQ
HRR1493845_r2.fastq.gz,Raw FASTQ
HRR1493846_f1.fastq.gz,Raw FASTQ
HRR1493846_r2.fastq.gz,Raw FASTQ
HRR1493847_f1.fastq.gz,Raw FASTQ
HRR1493847_r2.fastq.gz,Raw FASTQ
HRR1493848_f1.fastq.gz,Raw FASTQ
HRR1493848_r2.fastq.gz,Raw FASTQ
HRR1493849_f1.fastq.gz,Raw FASTQ
HRR1493849_r2.fastq.gz,Raw FASTQ
HRR1493850_f1.fastq.gz,Raw FASTQ
HRR1493850_r2.fastq.gz,Raw FASTQ
HRR1493851_f1.fastq.gz,Raw FASTQ
HRR1493851_r2.fastq.gz,Raw FASTQ
HRR1493852_f1.fastq.gz,Raw FASTQ
HRR1493852_r2.fastq.gz,Raw FASTQ
HRR1494223_f1.fastq.gz,Raw FASTQ
HRR1494223_r2.fastq.gz,Raw FASTQ
HRR1493853_f1.fastq.gz,Raw FASTQ
HRR1493853_r2.fastq.gz,Raw FASTQ
HRR1494224_f1.fastq.gz,Raw FASTQ
HRR1494224_r2.fastq.gz,Raw FASTQ
HRR1493854_f1.fastq.gz,Raw FASTQ
HRR1493854_r2.fastq.gz,Raw FASTQ
HRR1494225_f1.fastq.gz,Raw FASTQ
HRR1494225_r2.fastq.gz,Raw FASTQ
HRR1493855_f1.fastq.gz,Raw FASTQ
HRR1493855_r2.fastq.gz,Raw FASTQ
HRR1494226_f1.fastq.gz,Raw FASTQ
HRR1494226_r2.fastq.gz,Raw FASTQ
HRR1493856_f1.fastq.gz,Raw FASTQ
HRR1493856_r2.fastq.gz,Raw FASTQ
HRR1494227_f1.fastq.gz,Raw FASTQ
HRR1494227_r2.fastq.gz,Raw FASTQ
HRR1493857_f1.fastq.gz,Raw FASTQ
HRR1493857_r2.fastq.gz,Raw FASTQ
HRR1494228_f1.fastq.gz,Raw FASTQ
HRR1494228_r2.fastq.gz,Raw FASTQ
HRR1493861_f1.fastq.gz,Raw FASTQ
HRR1493861_r2.fastq.gz,Raw FASTQ
HRR1494229_f1.fastq.gz,Raw FASTQ
HRR1494229_r2.fastq.gz,Raw FASTQ
HRR1493860_f1.fastq.gz,Raw FASTQ
HRR1493860_r2.fastq.gz,Raw FASTQ
HRR1494230_f1.fastq.gz,Raw FASTQ
HRR1494230_r2.fastq.gz,Raw FASTQ
HRR1494231_f1.fastq.gz,Raw FASTQ
HRR1494231_r2.fastq.gz,Raw FASTQ
HRR1493858_f1.fastq.gz,Raw FASTQ
HRR1493858_r2.fastq.gz,Raw FASTQ
HRR1494232_f1.fastq.gz,Raw FASTQ
HRR1494232_r2.fastq.gz,Raw FASTQ
HRR1493859_f1.fastq.gz,Raw FASTQ
HRR1493859_r2.fastq.gz,Raw FASTQ
HRR1494233_f1.fastq.gz,Raw FASTQ
HRR1494233_r2.fastq.gz,Raw FASTQ
HRR1494234_f1.fastq.gz,Raw FASTQ
HRR1494234_r2.fastq.gz,Raw FASTQ
HRR1493862_f1.fastq.gz,Raw FASTQ
HRR1493862_r2.fastq.gz,Raw FASTQ
HRR1494235_f1.fastq.gz,Raw FASTQ
HRR1494235_r2.fastq.gz,Raw FASTQ
HRR1493863_f1.fastq.gz,Raw FASTQ
HRR1493863_r2.fastq.gz,Raw FASTQ
HRR1493864_f1.fastq.gz,Raw FASTQ
HRR1493864_r2.fastq.gz,Raw FASTQ
HRR1493865_f1.fastq.gz,Raw FASTQ
HRR1493865_r2.fastq.gz,Raw FASTQ
HRR1493866_f1.fastq.gz,Raw FASTQ
HRR1493866_r2.fastq.gz,Raw FASTQ
HRR1493867_f1.fastq.gz,Raw FASTQ
HRR1493867_r2.fastq.gz,Raw FASTQ
HRR1493868_f1.fastq.gz,Raw FASTQ
HRR1493868_r2.fastq.gz,Raw FASTQ
HRR1493869_f1.fastq.gz,Raw FASTQ
HRR1493869_r2.fastq.gz,Raw FASTQ
HRR1493870_f1.fastq.gz,Raw FASTQ
HRR1493870_r2.fastq.gz,Raw FASTQ
HRR1493871_f1.fastq.gz,Raw FASTQ
HRR1493871_r2.fastq.gz,Raw FASTQ
HRR1493872_f1.fastq.gz,Raw FASTQ
HRR1493872_r2.fastq.gz,Raw FASTQ
HRR1493874_f1.fastq.gz,Raw FASTQ
HRR1493874_r2.fastq.gz,Raw FASTQ
HRR1494236_f1.fastq.gz,Raw FASTQ
HRR1494236_r2.fastq.gz,Raw FASTQ
HRR1493877_f1.fastq.gz,Raw FASTQ
HRR1493877_r2.fastq.gz,Raw FASTQ
HRR1494237_f1.fastq.gz,Raw FASTQ
HRR1494237_r2.fastq.gz,Raw FASTQ
HRR1493875_f1.fastq.gz,Raw FASTQ
HRR1493875_r2.fastq.gz,Raw FASTQ
HRR1494238_f1.fastq.gz,Raw FASTQ
HRR1494238_r2.fastq.gz,Raw FASTQ
HRR1493878_f1.fastq.gz,Raw FASTQ
HRR1493878_r2.fastq.gz,Raw FASTQ
HRR1494239_f1.fastq.gz,Raw FASTQ
HRR1494239_r2.fastq.gz,Raw FASTQ
HRR1493873_f1.fastq.gz,Raw FASTQ
HRR1493873_r2.fastq.gz,Raw FASTQ
HRR1493876_f1.fastq.gz,Raw FASTQ
HRR1493876_r2.fastq.gz,Raw FASTQ
HRR1493879_f1.fastq.gz,Raw FASTQ
HRR1493879_r2.fastq.gz,Raw FASTQ
HRR1494240_f1.fastq.gz,Raw FASTQ
HRR1494240_r2.fastq.gz,Raw FASTQ
HRR1494241_f1.fastq.gz,Raw FASTQ
HRR1494241_r2.fastq.gz,Raw FASTQ
HRR1493882_f1.fastq.gz,Raw FASTQ
HRR1493882_r2.fastq.gz,Raw FASTQ
HRR1494242_f1.fastq.gz,Raw FASTQ
HRR1494242_r2.fastq.gz,Raw FASTQ
HRR1493883_f1.fastq.gz,Raw FASTQ
HRR1493883_r2.fastq.gz,Raw FASTQ
HRR1494243_f1.fastq.gz,Raw FASTQ
HRR1494243_r2.fastq.gz,Raw FASTQ
HRR1493880_f1.fastq.gz,Raw FASTQ
HRR1493880_r2.fastq.gz,Raw FASTQ
HRR1494244_f1.fastq.gz,Raw FASTQ
HRR1494244_r2.fastq.gz,Raw FASTQ
HRR1493881_f1.fastq.gz,Raw FASTQ
HRR1493881_r2.fastq.gz,Raw FASTQ
HRR1494245_f1.fastq.gz,Raw FASTQ
HRR1494245_r2.fastq.gz,Raw FASTQ
HRR1493886_f1.fastq.gz,Raw FASTQ
HRR1493886_r2.fastq.gz,Raw FASTQ
HRR1494246_f1.fastq.gz,Raw FASTQ
HRR1494246_r2.fastq.gz,Raw FASTQ
HRR1493887_f1.fastq.gz,Raw FASTQ
HRR1493887_r2.fastq.gz,Raw FASTQ
HRR1494247_f1.fastq.gz,Raw FASTQ
HRR1494247_r2.fastq.gz,Raw FASTQ
HRR1493884_f1.fastq.gz,Raw FASTQ
HRR1493884_r2.fastq.gz,Raw FASTQ
HRR1494248_f1.fastq.gz,Raw FASTQ
HRR1494248_r2.fastq.gz,Raw FASTQ
HRR1493885_f1.fastq.gz,Raw FASTQ
HRR1493885_r2.fastq.gz,Raw FASTQ
HRR1494249_f1.fastq.gz,Raw FASTQ
HRR1494249_r2.fastq.gz,Raw FASTQ
HRR1493888_f1.fastq.gz,Raw FASTQ
HRR1493888_r2.fastq.gz,Raw FASTQ
HRR1493889_f1.fastq.gz,Raw FASTQ
HRR1493889_r2.fastq.gz,Raw FASTQ
HRR1494250_f1.fastq.gz,Raw FASTQ
HRR1494250_r2.fastq.gz,Raw FASTQ
HRR1493890_f1.fastq.gz,Raw FASTQ
HRR1493890_r2.fastq.gz,Raw FASTQ
HRR1494251_f1.fastq.gz,Raw FASTQ
HRR1494251_r2.fastq.gz,Raw FASTQ
HRR1493891_f1.fastq.gz,Raw FASTQ
HRR1493891_r2.fastq.gz,Raw FASTQ
HRR1493894_f1.fastq.gz,Raw FASTQ
HRR1493894_r2.fastq.gz,Raw FASTQ
HRR1494252_f1.fastq.gz,Raw FASTQ
HRR1494252_r2.fastq.gz,Raw FASTQ
HRR1493895_f1.fastq.gz,Raw FASTQ
HRR1493895_r2.fastq.gz,Raw FASTQ
HRR1494253_f1.fastq.gz,Raw FASTQ
HRR1494253_r2.fastq.gz,Raw FASTQ
HRR1493898_f1.fastq.gz,Raw FASTQ
HRR1493898_r2.fastq.gz,Raw FASTQ
HRR1494254_f1.fastq.gz,Raw FASTQ
HRR1494254_r2.fastq.gz,Raw FASTQ
HRR1493892_f1.fastq.gz,Raw FASTQ
HRR1493892_r2.fastq.gz,Raw FASTQ
HRR1493893_f1.fastq.gz,Raw FASTQ
HRR1493893_r2.fastq.gz,Raw FASTQ
HRR1493896_f1.fastq.gz,Raw FASTQ
HRR1493896_r2.fastq.gz,Raw FASTQ
HRR1493897_f1.fastq.gz,Raw FASTQ
HRR1493897_r2.fastq.gz,Raw FASTQ
HRR1493899_f1.fastq.gz,Raw FASTQ
HRR1493899_r2.fastq.gz,Raw FASTQ
HRR1493900_f1.fastq.gz,Raw FASTQ
HRR1493900_r2.fastq.gz,Raw FASTQ
HRR1493901_f1.fastq.gz,Raw FASTQ
HRR1493901_r2.fastq.gz,Raw FASTQ
HRR1493902_f1.fastq.gz,Raw FASTQ
HRR1493902_r2.fastq.gz,Raw FASTQ
HRR1493903_f1.fastq.gz,Raw FASTQ
HRR1493903_r2.fastq.gz,Raw FASTQ
HRR1493905_f1.fastq.gz,Raw FASTQ
HRR1493905_r2.fastq.gz,Raw FASTQ
HRR1494255_f1.fastq.gz,Raw FASTQ
HRR1494255_r2.fastq.gz,Raw FASTQ
HRR1493906_f1.fastq.gz,Raw FASTQ
HRR1493906_r2.fastq.gz,Raw FASTQ
HRR1494256_f1.fastq.gz,Raw FASTQ
HRR1494256_r2.fastq.gz,Raw FASTQ
HRR1493907_f1.fastq.gz,Raw FASTQ
HRR1493907_r2.fastq.gz,Raw FASTQ
HRR1494257_f1.fastq.gz,Raw FASTQ
HRR1494257_r2.fastq.gz,Raw FASTQ
HRR1493908_f1.fastq.gz,Raw FASTQ
HRR1493908_r2.fastq.gz,Raw FASTQ
HRR1494258_f1.fastq.gz,Raw FASTQ
HRR1494258_r2.fastq.gz,Raw FASTQ
HRR1493909_f1.fastq.gz,Raw FASTQ
HRR1493909_r2.fastq.gz,Raw FASTQ
HRR1494259_f1.fastq.gz,Raw FASTQ
HRR1494259_r2.fastq.gz,Raw FASTQ
HRR1493910_f1.fastq.gz,Raw FASTQ
HRR1493910_r2.fastq.gz,Raw FASTQ
HRR1494260_f1.fastq.gz,Raw FASTQ
HRR1494260_r2.fastq.gz,Raw FASTQ
HRR1493904_f1.fastq.gz,Raw FASTQ
HRR1493904_r2.fastq.gz,Raw FASTQ
HRR1493912_f1.fastq.gz,Raw FASTQ
HRR1493912_r2.fastq.gz,Raw FASTQ
HRR1494261_f1.fastq.gz,Raw FASTQ
HRR1494261_r2.fastq.gz,Raw FASTQ
HRR1493913_f1.fastq.gz,Raw FASTQ
HRR1493913_r2.fastq.gz,Raw FASTQ
HRR1494262_f1.fastq.gz,Raw FASTQ
HRR1494262_r2.fastq.gz,Raw FASTQ
HRR1493914_f1.fastq.gz,Raw FASTQ
HRR1493914_r2.fastq.gz,Raw FASTQ
HRR1494263_f1.fastq.gz,Raw FASTQ
HRR1494263_r2.fastq.gz,Raw FASTQ
HRR1493915_f1.fastq.gz,Raw FASTQ
HRR1493915_r2.fastq.gz,Raw FASTQ
HRR1494264_f1.fastq.gz,Raw FASTQ
HRR1494264_r2.fastq.gz,Raw FASTQ
HRR1493916_f1.fastq.gz,Raw FASTQ
HRR1493916_r2.fastq.gz,Raw FASTQ
HRR1494265_f1.fastq.gz,Raw FASTQ
HRR1494265_r2.fastq.gz,Raw FASTQ
HRR1493917_f1.fastq.gz,Raw FASTQ
HRR1493917_r2.fastq.gz,Raw FASTQ
HRR1494266_f1.fastq.gz,Raw FASTQ
HRR1494266_r2.fastq.gz,Raw FASTQ
HRR1493911_f1.fastq.gz,Raw FASTQ
HRR1493911_r2.fastq.gz,Raw FASTQ
HRR1493919_f1.fastq.gz,Raw FASTQ
HRR1493919_r2.fastq.gz,Raw FASTQ
HRR1494267_f1.fastq.gz,Raw FASTQ
HRR1494267_r2.fastq.gz,Raw FASTQ
HRR1493920_f1.fastq.gz,Raw FASTQ
HRR1493920_r2.fastq.gz,Raw FASTQ
HRR1494268_f1.fastq.gz,Raw FASTQ
HRR1494268_r2.fastq.gz,Raw FASTQ
HRR1493921_f1.fastq.gz,Raw FASTQ
HRR1493921_r2.fastq.gz,Raw FASTQ
HRR1494269_f1.fastq.gz,Raw FASTQ
HRR1494269_r2.fastq.gz,Raw FASTQ
HRR1493922_f1.fastq.gz,Raw FASTQ
HRR1493922_r2.fastq.gz,Raw FASTQ
HRR1494270_f1.fastq.gz,Raw FASTQ
HRR1494270_r2.fastq.gz,Raw FASTQ
HRR1493923_f1.fastq.gz,Raw FASTQ
HRR1493923_r2.fastq.gz,Raw FASTQ
HRR1494271_f1.fastq.gz,Raw FASTQ
HRR1494271_r2.fastq.gz,Raw FASTQ
HRR1493924_f1.fastq.gz,Raw FASTQ
HRR1493924_r2.fastq.gz,Raw FASTQ
HRR1494272_f1.fastq.gz,Raw FASTQ
HRR1494272_r2.fastq.gz,Raw FASTQ
HRR1493918_f1.fastq.gz,Raw FASTQ
HRR1493918_r2.fastq.gz,Raw FASTQ
HRR1494273_f1.fastq.gz,Raw FASTQ
HRR1494273_r2.fastq.gz,Raw FASTQ
HRR1494274_f1.fastq.gz,Raw FASTQ
HRR1494274_r2.fastq.gz,Raw FASTQ
HRR1493926_f1.fastq.gz,Raw FASTQ
HRR1493926_r2.fastq.gz,Raw FASTQ
HRR1494275_f1.fastq.gz,Raw FASTQ
HRR1494275_r2.fastq.gz,Raw FASTQ
HRR1493927_f1.fastq.gz,Raw FASTQ
HRR1493927_r2.fastq.gz,Raw FASTQ
HRR1494276_f1.fastq.gz,Raw FASTQ
HRR1494276_r2.fastq.gz,Raw FASTQ
HRR1493928_f1.fastq.gz,Raw FASTQ
HRR1493928_r2.fastq.gz,Raw FASTQ
HRR1494277_f1.fastq.gz,Raw FASTQ
HRR1494277_r2.fastq.gz,Raw FASTQ
HRR1493929_f1.fastq.gz,Raw FASTQ
HRR1493929_r2.fastq.gz,Raw FASTQ
HRR1494278_f1.fastq.gz,Raw FASTQ
HRR1494278_r2.fastq.gz,Raw FASTQ
HRR1493930_f1.fastq.gz,Raw FASTQ
HRR1493930_r2.fastq.gz,Raw FASTQ
HRR1494279_f1.fastq.gz,Raw FASTQ
HRR1494279_r2.fastq.gz,Raw FASTQ
HRR1493931_f1.fastq.gz,Raw FASTQ
HRR1493931_r2.fastq.gz,Raw FASTQ
HRR1494280_f1.fastq.gz,Raw FASTQ
HRR1494280_r2.fastq.gz,Raw FASTQ
HRR1493932_f1.fastq.gz,Raw FASTQ
HRR1493932_r2.fastq.gz,Raw FASTQ
HRR1494281_f1.fastq.gz,Raw FASTQ
HRR1494281_r2.fastq.gz,Raw FASTQ
HRR1493933_f1.fastq.gz,Raw FASTQ
HRR1493933_r2.fastq.gz,Raw FASTQ
HRR1494282_f1.fastq.gz,Raw FASTQ
HRR1494282_r2.fastq.gz,Raw FASTQ
HRR1493925_f1.fastq.gz,Raw FASTQ
HRR1493925_r2.fastq.gz,Raw FASTQ
HRR1493935_f1.fastq.gz,Raw FASTQ
HRR1493935_r2.fastq.gz,Raw FASTQ
HRR1494283_f1.fastq.gz,Raw FASTQ
HRR1494283_r2.fastq.gz,Raw FASTQ
HRR1493936_f1.fastq.gz,Raw FASTQ
HRR1493936_r2.fastq.gz,Raw FASTQ
HRR1494284_f1.fastq.gz,Raw FASTQ
HRR1494284_r2.fastq.gz,Raw FASTQ
HRR1493937_f1.fastq.gz,Raw FASTQ
HRR1493937_r2.fastq.gz,Raw FASTQ
HRR1494285_f1.fastq.gz,Raw FASTQ
HRR1494285_r2.fastq.gz,Raw FASTQ
HRR1493938_f1.fastq.gz,Raw FASTQ
HRR1493938_r2.fastq.gz,Raw FASTQ
HRR1494286_f1.fastq.gz,Raw FASTQ
HRR1494286_r2.fastq.gz,Raw FASTQ
HRR1493939_f1.fastq.gz,Raw FASTQ
HRR1493939_r2.fastq.gz,Raw FASTQ
HRR1494287_f1.fastq.gz,Raw FASTQ
HRR1494287_r2.fastq.gz,Raw FASTQ
HRR1493940_f1.fastq.gz,Raw FASTQ
HRR1493940_r2.fastq.gz,Raw FASTQ
HRR1494288_f1.fastq.gz,Raw FASTQ
HRR1494288_r2.fastq.gz,Raw FASTQ
HRR1493934_f1.fastq.gz,Raw FASTQ
HRR1493934_r2.fastq.gz,Raw FASTQ
HRR1494289_f1.fastq.gz,Raw FASTQ
HRR1494289_r2.fastq.gz,Raw FASTQ
HRR1493942_f1.fastq.gz,Raw FASTQ
HRR1493942_r2.fastq.gz,Raw FASTQ
HRR1494290_f1.fastq.gz,Raw FASTQ
HRR1494290_r2.fastq.gz,Raw FASTQ
HRR1493943_f1.fastq.gz,Raw FASTQ
HRR1493943_r2.fastq.gz,Raw FASTQ
HRR1494291_f1.fastq.gz,Raw FASTQ
HRR1494291_r2.fastq.gz,Raw FASTQ
HRR1493941_f1.fastq.gz,Raw FASTQ
HRR1493941_r2.fastq.gz,Raw FASTQ
HRR1494292_f1.fastq.gz,Raw FASTQ
HRR1494292_r2.fastq.gz,Raw FASTQ
HRR1494293_f1.fastq.gz,Raw FASTQ
HRR1494293_r2.fastq.gz,Raw FASTQ
HRR1493945_f1.fastq.gz,Raw FASTQ
HRR1493945_r2.fastq.gz,Raw FASTQ
HRR1494294_f1.fastq.gz,Raw FASTQ
HRR1494294_r2.fastq.gz,Raw FASTQ
HRR1493946_f1.fastq.gz,Raw FASTQ
HRR1493946_r2.fastq.gz,Raw FASTQ
HRR1494295_f1.fastq.gz,Raw FASTQ
HRR1494295_r2.fastq.gz,Raw FASTQ
HRR1493947_f1.fastq.gz,Raw FASTQ
HRR1493947_r2.fastq.gz,Raw FASTQ
HRR1494296_f1.fastq.gz,Raw FASTQ
HRR1494296_r2.fastq.gz,Raw FASTQ
HRR1493948_f1.fastq.gz,Raw FASTQ
HRR1493948_r2.fastq.gz,Raw FASTQ
HRR1494297_f1.fastq.gz,Raw FASTQ
HRR1494297_r2.fastq.gz,Raw FASTQ
HRR1493944_f1.fastq.gz,Raw FASTQ
HRR1493944_r2.fastq.gz,Raw FASTQ
HRR1494298_f1.fastq.gz,Raw FASTQ
HRR1494298_r2.fastq.gz,Raw FASTQ
HRR1494299_f1.fastq.gz,Raw FASTQ
HRR1494299_r2.fastq.gz,Raw FASTQ
HRR1493950_f1.fastq.gz,Raw FASTQ
HRR1493950_r2.fastq.gz,Raw FASTQ
HRR1494300_f1.fastq.gz,Raw FASTQ
HRR1494300_r2.fastq.gz,Raw FASTQ
HRR1493951_f1.fastq.gz,Raw FASTQ
HRR1493951_r2.fastq.gz,Raw FASTQ
HRR1494301_f1.fastq.gz,Raw FASTQ
HRR1494301_r2.fastq.gz,Raw FASTQ
HRR1493952_f1.fastq.gz,Raw FASTQ
HRR1493952_r2.fastq.gz,Raw FASTQ
HRR1494302_f1.fastq.gz,Raw FASTQ
HRR1494302_r2.fastq.gz,Raw FASTQ
HRR1493953_f1.fastq.gz,Raw FASTQ
HRR1493953_r2.fastq.gz,Raw FASTQ
HRR1494303_f1.fastq.gz,Raw FASTQ
HRR1494303_r2.fastq.gz,Raw FASTQ
HRR1493954_f1.fastq.gz,Raw FASTQ
HRR1493954_r2.fastq.gz,Raw FASTQ
HRR1494304_f1.fastq.gz,Raw FASTQ
HRR1494304_r2.fastq.gz,Raw FASTQ
HRR1493955_f1.fastq.gz,Raw FASTQ
HRR1493955_r2.fastq.gz,Raw FASTQ
HRR1494305_f1.fastq.gz,Raw FASTQ
HRR1494305_r2.fastq.gz,Raw FASTQ
HRR1493949_f1.fastq.gz,Raw FASTQ
HRR1493949_r2.fastq.gz,Raw FASTQ
HRR1493960_f1.fastq.gz,Raw FASTQ
HRR1493960_r2.fastq.gz,Raw FASTQ
HRR1494306_f1.fastq.gz,Raw FASTQ
HRR1494306_r2.fastq.gz,Raw FASTQ
HRR1493958_f1.fastq.gz,Raw FASTQ
HRR1493958_r2.fastq.gz,Raw FASTQ
HRR1494307_f1.fastq.gz,Raw FASTQ
HRR1494307_r2.fastq.gz,Raw FASTQ
HRR1493961_f1.fastq.gz,Raw FASTQ
HRR1493961_r2.fastq.gz,Raw FASTQ
HRR1494308_f1.fastq.gz,Raw FASTQ
HRR1494308_r2.fastq.gz,Raw FASTQ
HRR1493956_f1.fastq.gz,Raw FASTQ
HRR1493956_r2.fastq.gz,Raw FASTQ
HRR1493957_f1.fastq.gz,Raw FASTQ
HRR1493957_r2.fastq.gz,Raw FASTQ
HRR1493959_f1.fastq.gz,Raw FASTQ
HRR1493959_r2.fastq.gz,Raw FASTQ
HRR1493962_f1.fastq.gz,Raw FASTQ
HRR1493962_r2.fastq.gz,Raw FASTQ
HRR1493964_f1.fastq.gz,Raw FASTQ
HRR1493964_r2.fastq.gz,Raw FASTQ
HRR1494309_f1.fastq.gz,Raw FASTQ
HRR1494309_r2.fastq.gz,Raw FASTQ
HRR1493965_f1.fastq.gz,Raw FASTQ
HRR1493965_r2.fastq.gz,Raw FASTQ
HRR1494310_f1.fastq.gz,Raw FASTQ
HRR1494310_r2.fastq.gz,Raw FASTQ
HRR1493967_f1.fastq.gz,Raw FASTQ
HRR1493967_r2.fastq.gz,Raw FASTQ
HRR1494311_f1.fastq.gz,Raw FASTQ
HRR1494311_r2.fastq.gz,Raw FASTQ
HRR1493968_f1.fastq.gz,Raw FASTQ
HRR1493968_r2.fastq.gz,Raw FASTQ
HRR1494312_f1.fastq.gz,Raw FASTQ
HRR1494312_r2.fastq.gz,Raw FASTQ
HRR1493963_f1.fastq.gz,Raw FASTQ
HRR1493963_r2.fastq.gz,Raw FASTQ
HRR1494313_f1.fastq.gz,Raw FASTQ
HRR1494313_r2.fastq.gz,Raw FASTQ
HRR1493966_f1.fastq.gz,Raw FASTQ
HRR1493966_r2.fastq.gz,Raw FASTQ
HRR1494314_f1.fastq.gz,Raw FASTQ
HRR1494314_r2.fastq.gz,Raw FASTQ
HRR1493969_f1.fastq.gz,Raw FASTQ
HRR1493969_r2.fastq.gz,Raw FASTQ
HRR1493970_f1.fastq.gz,Raw FASTQ
HRR1493970_r2.fastq.gz,Raw FASTQ
HRR1494315_f1.fastq.gz,Raw FASTQ
HRR1494315_r2.fastq.gz,Raw FASTQ
HRR1493971_f1.fastq.gz,Raw FASTQ
HRR1493971_r2.fastq.gz,Raw FASTQ
HRR1494316_f1.fastq.gz,Raw FASTQ
HRR1494316_r2.fastq.gz,Raw FASTQ
HRR1493972_f1.fastq.gz,Raw FASTQ
HRR1493972_r2.fastq.gz,Raw FASTQ
HRR1494317_f1.fastq.gz,Raw FASTQ
HRR1494317_r2.fastq.gz,Raw FASTQ
HRR1493973_f1.fastq.gz,Raw FASTQ
HRR1493973_r2.fastq.gz,Raw FASTQ
HRR1494318_f1.fastq.gz,Raw FASTQ
HRR1494318_r2.fastq.gz,Raw FASTQ
HRR1493974_f1.fastq.gz,Raw FASTQ
HRR1493974_r2.fastq.gz,Raw FASTQ
HRR1494319_f1.fastq.gz,Raw FASTQ
HRR1494319_r2.fastq.gz,Raw FASTQ
HRR1493975_f1.fastq.gz,Raw FASTQ
HRR1493975_r2.fastq.gz,Raw FASTQ
HRR1494320_f1.fastq.gz,Raw FASTQ
HRR1494320_r2.fastq.gz,Raw FASTQ
HRR1493976_f1.fastq.gz,Raw FASTQ
HRR1493976_r2.fastq.gz,Raw FASTQ
HRR1494321_f1.fastq.gz,Raw FASTQ
HRR1494321_r2.fastq.gz,Raw FASTQ
HRR1493977_f1.fastq.gz,Raw FASTQ
HRR1493977_r2.fastq.gz,Raw FASTQ
HRR1494322_f1.fastq.gz,Raw FASTQ
HRR1494322_r2.fastq.gz,Raw FASTQ
HRR1493978_f1.fastq.gz,Raw FASTQ
HRR1493978_r2.fastq.gz,Raw FASTQ
HRR1493979_f1.fastq.gz,Raw FASTQ
HRR1493979_r2.fastq.gz,Raw FASTQ
HRR1494323_f1.fastq.gz,Raw FASTQ
HRR1494323_r2.fastq.gz,Raw FASTQ
HRR1493980_f1.fastq.gz,Raw FASTQ
HRR1493980_r2.fastq.gz,Raw FASTQ
HRR1494324_f1.fastq.gz,Raw FASTQ
HRR1494324_r2.fastq.gz,Raw FASTQ
HRR1493981_f1.fastq.gz,Raw FASTQ
HRR1493981_r2.fastq.gz,Raw FASTQ
HRR1494325_f1.fastq.gz,Raw FASTQ
HRR1494325_r2.fastq.gz,Raw FASTQ
HRR1493982_f1.fastq.gz,Raw FASTQ
HRR1493982_r2.fastq.gz,Raw FASTQ
HRR1494326_f1.fastq.gz,Raw FASTQ
HRR1494326_r2.fastq.gz,Raw FASTQ
HRR1493983_f1.fastq.gz,Raw FASTQ
HRR1493983_r2.fastq.gz,Raw FASTQ
HRR1494327_f1.fastq.gz,Raw FASTQ
HRR1494327_r2.fastq.gz,Raw FASTQ
HRR1493984_f1.fastq.gz,Raw FASTQ
HRR1493984_r2.fastq.gz,Raw FASTQ
HRR1494328_f1.fastq.gz,Raw FASTQ
HRR1494328_r2.fastq.gz,Raw FASTQ
HRR1493985_f1.fastq.gz,Raw FASTQ
HRR1493985_r2.fastq.gz,Raw FASTQ
HRR1494329_f1.fastq.gz,Raw FASTQ
HRR1494329_r2.fastq.gz,Raw FASTQ
HRR1493986_f1.fastq.gz,Raw FASTQ
HRR1493986_r2.fastq.gz,Raw FASTQ
HRR1494330_f1.fastq.gz,Raw FASTQ
HRR1494330_r2.fastq.gz,Raw FASTQ
HRR1493987_f1.fastq.gz,Raw FASTQ
HRR1493987_r2.fastq.gz,Raw FASTQ
HRR1493988_f1.fastq.gz,Raw FASTQ
HRR1493988_r2.fastq.gz,Raw FASTQ
HRR1494331_f1.fastq.gz,Raw FASTQ
HRR1494331_r2.fastq.gz,Raw FASTQ
HRR1493989_f1.fastq.gz,Raw FASTQ
HRR1493989_r2.fastq.gz,Raw FASTQ
HRR1494332_f1.fastq.gz,Raw FASTQ
HRR1494332_r2.fastq.gz,Raw FASTQ
HRR1493991_f1.fastq.gz,Raw FASTQ
HRR1493991_r2.fastq.gz,Raw FASTQ
HRR1494333_f1.fastq.gz,Raw FASTQ
HRR1494333_r2.fastq.gz,Raw FASTQ
HRR1493992_f1.fastq.gz,Raw FASTQ
HRR1493992_r2.fastq.gz,Raw FASTQ
HRR1494334_f1.fastq.gz,Raw FASTQ
HRR1494334_r2.fastq.gz,Raw FASTQ
HRR1493993_f1.fastq.gz,Raw FASTQ
HRR1493993_r2.fastq.gz,Raw FASTQ
HRR1494335_f1.fastq.gz,Raw FASTQ
HRR1494335_r2.fastq.gz,Raw FASTQ
HRR1493990_f1.fastq.gz,Raw FASTQ
HRR1493990_r2.fastq.gz,Raw FASTQ
HRR1494336_f1.fastq.gz,Raw FASTQ
HRR1494336_r2.fastq.gz,Raw FASTQ
HRR1493994_f1.fastq.gz,Raw FASTQ
HRR1493994_r2.fastq.gz,Raw FASTQ
HRR1493995_f1.fastq.gz,Raw FASTQ
HRR1493995_r2.fastq.gz,Raw FASTQ
HRR1494337_f1.fastq.gz,Raw FASTQ
HRR1494337_r2.fastq.gz,Raw FASTQ
HRR1493996_f1.fastq.gz,Raw FASTQ
HRR1493996_r2.fastq.gz,Raw FASTQ
HRR1494338_f1.fastq.gz,Raw FASTQ
HRR1494338_r2.fastq.gz,Raw FASTQ
HRR1493997_f1.fastq.gz,Raw FASTQ
HRR1493997_r2.fastq.gz,Raw FASTQ
HRR1494339_f1.fastq.gz,Raw FASTQ
HRR1494339_r2.fastq.gz,Raw FASTQ
HRR1493998_f1.fastq.gz,Raw FASTQ
HRR1493998_r2.fastq.gz,Raw FASTQ
HRR1494340_f1.fastq.gz,Raw FASTQ
HRR1494340_r2.fastq.gz,Raw FASTQ
HRR1493999_f1.fastq.gz,Raw FASTQ
HRR1493999_r2.fastq.gz,Raw FASTQ
HRR1494341_f1.fastq.gz,Raw FASTQ
HRR1494341_r2.fastq.gz,Raw FASTQ
HRR1494000_f1.fastq.gz,Raw FASTQ
HRR1494000_r2.fastq.gz,Raw FASTQ
HRR1494342_f1.fastq.gz,Raw FASTQ
HRR1494342_r2.fastq.gz,Raw FASTQ
HRR1494001_f1.fastq.gz,Raw FASTQ
HRR1494001_r2.fastq.gz,Raw FASTQ
HRR1494002_f1.fastq.gz,Raw FASTQ
HRR1494002_r2.fastq.gz,Raw FASTQ
HRR1494343_f1.fastq.gz,Raw FASTQ
HRR1494343_r2.fastq.gz,Raw FASTQ
HRR1494004_f1.fastq.gz,Raw FASTQ
HRR1494004_r2.fastq.gz,Raw FASTQ
HRR1494344_f1.fastq.gz,Raw FASTQ
HRR1494344_r2.fastq.gz,Raw FASTQ
HRR1494003_f1.fastq.gz,Raw FASTQ
HRR1494003_r2.fastq.gz,Raw FASTQ
HRR1494345_f1.fastq.gz,Raw FASTQ
HRR1494345_r2.fastq.gz,Raw FASTQ
HRR1494005_f1.fastq.gz,Raw FASTQ
HRR1494005_r2.fastq.gz,Raw FASTQ
HRR1494346_f1.fastq.gz,Raw FASTQ
HRR1494346_r2.fastq.gz,Raw FASTQ
HRR1494006_f1.fastq.gz,Raw FASTQ
HRR1494006_r2.fastq.gz,Raw FASTQ
HRR1494347_f1.fastq.gz,Raw FASTQ
HRR1494347_r2.fastq.gz,Raw FASTQ
HRR1494348_f1.fastq.gz,Raw FASTQ
HRR1494348_r2.fastq.gz,Raw FASTQ
HRR1494007_f1.fastq.gz,Raw FASTQ
HRR1494007_r2.fastq.gz,Raw FASTQ
HRR1494349_f1.fastq.gz,Raw FASTQ
HRR1494349_r2.fastq.gz,Raw FASTQ
HRR1494008_f1.fastq.gz,Raw FASTQ
HRR1494008_r2.fastq.gz,Raw FASTQ
HRR1494350_f1.fastq.gz,Raw FASTQ
HRR1494350_r2.fastq.gz,Raw FASTQ
HRR1494009_f1.fastq.gz,Raw FASTQ
HRR1494009_r2.fastq.gz,Raw FASTQ
HRR1494351_f1.fastq.gz,Raw FASTQ
HRR1494351_r2.fastq.gz,Raw FASTQ
HRR1494010_f1.fastq.gz,Raw FASTQ
HRR1494010_r2.fastq.gz,Raw FASTQ
HRR1494352_f1.fastq.gz,Raw FASTQ
HRR1494352_r2.fastq.gz,Raw FASTQ
HRR1494011_f1.fastq.gz,Raw FASTQ
HRR1494011_r2.fastq.gz,Raw FASTQ
HRR1494353_f1.fastq.gz,Raw FASTQ
HRR1494353_r2.fastq.gz,Raw FASTQ
HRR1494012_f1.fastq.gz,Raw FASTQ
HRR1494012_r2.fastq.gz,Raw FASTQ
HRR1494354_f1.fastq.gz,Raw FASTQ
HRR1494354_r2.fastq.gz,Raw FASTQ
HRR1494013_f1.fastq.gz,Raw FASTQ
HRR1494013_r2.fastq.gz,Raw FASTQ
HRR1494355_f1.fastq.gz,Raw FASTQ
HRR1494355_r2.fastq.gz,Raw FASTQ
HRR1494014_f1.fastq.gz,Raw FASTQ
HRR1494014_r2.fastq.gz,Raw FASTQ
HRR1494356_f1.fastq.gz,Raw FASTQ
HRR1494356_r2.fastq.gz,Raw FASTQ
HRR1494015_f1.fastq.gz,Raw FASTQ
HRR1494015_r2.fastq.gz,Raw FASTQ
HRR1494357_f1.fastq.gz,Raw FASTQ
HRR1494357_r2.fastq.gz,Raw FASTQ
HRR1494016_f1.fastq.gz,Raw FASTQ
HRR1494016_r2.fastq.gz,Raw FASTQ
HRR1494358_f1.fastq.gz,Raw FASTQ
HRR1494358_r2.fastq.gz,Raw FASTQ
HRR1494017_f1.fastq.gz,Raw FASTQ
HRR1494017_r2.fastq.gz,Raw FASTQ
HRR1494359_f1.fastq.gz,Raw FASTQ
HRR1494359_r2.fastq.gz,Raw FASTQ
HRR1494360_f1.fastq.gz,Raw FASTQ
HRR1494360_r2.fastq.gz,Raw FASTQ
HRR1494018_f1.fastq.gz,Raw FASTQ
HRR1494018_r2.fastq.gz,Raw FASTQ
HRR1494361_f1.fastq.gz,Raw FASTQ
HRR1494361_r2.fastq.gz,Raw FASTQ
HRR1494019_f1.fastq.gz,Raw FASTQ
HRR1494019_r2.fastq.gz,Raw FASTQ
HRR1494362_f1.fastq.gz,Raw FASTQ
HRR1494362_r2.fastq.gz,Raw FASTQ
HRR1494020_f1.fastq.gz,Raw FASTQ
HRR1494020_r2.fastq.gz,Raw FASTQ
HRR1494363_f1.fastq.gz,Raw FASTQ
HRR1494363_r2.fastq.gz,Raw FASTQ
HRR1494021_f1.fastq.gz,Raw FASTQ
HRR1494021_r2.fastq.gz,Raw FASTQ
HRR1494364_f1.fastq.gz,Raw FASTQ
HRR1494364_r2.fastq.gz,Raw FASTQ
HRR1494022_f1.fastq.gz,Raw FASTQ
HRR1494022_r2.fastq.gz,Raw FASTQ
HRR1494365_f1.fastq.gz,Raw FASTQ
HRR1494365_r2.fastq.gz,Raw FASTQ
HRR1494023_f1.fastq.gz,Raw FASTQ
HRR1494023_r2.fastq.gz,Raw FASTQ
HRR1494366_f1.fastq.gz,Raw FASTQ
HRR1494366_r2.fastq.gz,Raw FASTQ
HRR1494024_f1.fastq.gz,Raw FASTQ
HRR1494024_r2.fastq.gz,Raw FASTQ
HRR1494367_f1.fastq.gz,Raw FASTQ
HRR1494367_r2.fastq.gz,Raw FASTQ
HRR1494025_f1.fastq.gz,Raw FASTQ
HRR1494025_r2.fastq.gz,Raw FASTQ
HRR1494368_f1.fastq.gz,Raw FASTQ
HRR1494368_r2.fastq.gz,Raw FASTQ
HRR1494026_f1.fastq.gz,Raw FASTQ
HRR1494026_r2.fastq.gz,Raw FASTQ
HRR1494369_f1.fastq.gz,Raw FASTQ
HRR1494369_r2.fastq.gz,Raw FASTQ
HRR1494027_f1.fastq.gz,Raw FASTQ
HRR1494027_r2.fastq.gz,Raw FASTQ
HRR1494370_f1.fastq.gz,Raw FASTQ
HRR1494370_r2.fastq.gz,Raw FASTQ
HRR1494028_f1.fastq.gz,Raw FASTQ
HRR1494028_r2.fastq.gz,Raw FASTQ
HRR1494371_f1.fastq.gz,Raw FASTQ
HRR1494371_r2.fastq.gz,Raw FASTQ
HRR1494372_f1.fastq.gz,Raw FASTQ
HRR1494372_r2.fastq.gz,Raw FASTQ
HRR1494029_f1.fastq.gz,Raw FASTQ
HRR1494029_r2.fastq.gz,Raw FASTQ
HRR1494373_f1.fastq.gz,Raw FASTQ
HRR1494373_r2.fastq.gz,Raw FASTQ
HRR1494030_f1.fastq.gz,Raw FASTQ
HRR1494030_r2.fastq.gz,Raw FASTQ
HRR1494374_f1.fastq.gz,Raw FASTQ
HRR1494374_r2.fastq.gz,Raw FASTQ
HRR1494031_f1.fastq.gz,Raw FASTQ
HRR1494031_r2.fastq.gz,Raw FASTQ
HRR1494375_f1.fastq.gz,Raw FASTQ
HRR1494375_r2.fastq.gz,Raw FASTQ
HRR1494032_f1.fastq.gz,Raw FASTQ
HRR1494032_r2.fastq.gz,Raw FASTQ
HRR1494376_f1.fastq.gz,Raw FASTQ
HRR1494376_r2.fastq.gz,Raw FASTQ
HRR1494033_f1.fastq.gz,Raw FASTQ
HRR1494033_r2.fastq.gz,Raw FASTQ
HRR1494377_f1.fastq.gz,Raw FASTQ
HRR1494377_r2.fastq.gz,Raw FASTQ
HRR1494034_f1.fastq.gz,Raw FASTQ
HRR1494034_r2.fastq.gz,Raw FASTQ
HRR1494378_f1.fastq.gz,Raw FASTQ
HRR1494378_r2.fastq.gz,Raw FASTQ
HRR1494035_f1.fastq.gz,Raw FASTQ
HRR1494035_r2.fastq.gz,Raw FASTQ
HRR1494036_f1.fastq.gz,Raw FASTQ
HRR1494036_r2.fastq.gz,Raw FASTQ
HRR1494379_f1.fastq.gz,Raw FASTQ
HRR1494379_r2.fastq.gz,Raw FASTQ
HRR1494039_f1.fastq.gz,Raw FASTQ
HRR1494039_r2.fastq.gz,Raw FASTQ
HRR1494380_f1.fastq.gz,Raw FASTQ
HRR1494380_r2.fastq.gz,Raw FASTQ
HRR1494041_f1.fastq.gz,Raw FASTQ
HRR1494041_r2.fastq.gz,Raw FASTQ
HRR1494381_f1.fastq.gz,Raw FASTQ
HRR1494381_r2.fastq.gz,Raw FASTQ
HRR1494044_f1.fastq.gz,Raw FASTQ
HRR1494044_r2.fastq.gz,Raw FASTQ
HRR1494382_f1.fastq.gz,Raw FASTQ
HRR1494382_r2.fastq.gz,Raw FASTQ
HRR1494037_f1.fastq.gz,Raw FASTQ
HRR1494037_r2.fastq.gz,Raw FASTQ
HRR1494038_f1.fastq.gz,Raw FASTQ
HRR1494038_r2.fastq.gz,Raw FASTQ
HRR1494040_f1.fastq.gz,Raw FASTQ
HRR1494040_r2.fastq.gz,Raw FASTQ
HRR1494042_f1.fastq.gz,Raw FASTQ
HRR1494042_r2.fastq.gz,Raw FASTQ
HRR1494043_f1.fastq.gz,Raw FASTQ
HRR1494043_r2.fastq.gz,Raw FASTQ
HRR1494383_f1.fastq.gz,Raw FASTQ
HRR1494383_r2.fastq.gz,Raw FASTQ
HRR1494045_f1.fastq.gz,Raw FASTQ
HRR1494045_r2.fastq.gz,Raw FASTQ
HRR1494384_f1.fastq.gz,Raw FASTQ
HRR1494384_r2.fastq.gz,Raw FASTQ
HRR1494046_f1.fastq.gz,Raw FASTQ
HRR1494046_r2.fastq.gz,Raw FASTQ
HRR1494047_f1.fastq.gz,Raw FASTQ
HRR1494047_r2.fastq.gz,Raw FASTQ
HRR1494048_f1.fastq.gz,Raw FASTQ
HRR1494048_r2.fastq.gz,Raw FASTQ
HRR1494049_f1.fastq.gz,Raw FASTQ
HRR1494049_r2.fastq.gz,Raw FASTQ
HRR1494050_f1.fastq.gz,Raw FASTQ
HRR1494050_r2.fastq.gz,Raw FASTQ
HRR1494051_f1.fastq.gz,Raw FASTQ
HRR1494051_r2.fastq.gz,Raw FASTQ
HRR1494052_f1.fastq.gz,Raw FASTQ
HRR1494052_r2.fastq.gz,Raw FASTQ
HRR1494053_f1.fastq.gz,Raw FASTQ
HRR1494053_r2.fastq.gz,Raw FASTQ
HRR1494054_f1.fastq.gz,Raw FASTQ
HRR1494054_r2.fastq.gz,Raw FASTQ
HRR1494055_f1.fastq.gz,Raw FASTQ
HRR1494055_r2.fastq.gz,Raw FASTQ
HRR1494056_f1.fastq.gz,Raw FASTQ
HRR1494056_r2.fastq.gz,Raw FASTQ
HRR1494057_f1.fastq.gz,Raw FASTQ
HRR1494057_r2.fastq.gz,Raw FASTQ
HRR1494058_f1.fastq.gz,Raw FASTQ
HRR1494058_r2.fastq.gz,Raw FASTQ
HRR1494059_f1.fastq.gz,Raw FASTQ
HRR1494059_r2.fastq.gz,Raw FASTQ
HRR1494060_f1.fastq.gz,Raw FASTQ
HRR1494060_r2.fastq.gz,Raw FASTQ
HRR1494385_f1.fastq.gz,Raw FASTQ
HRR1494385_r2.fastq.gz,Raw FASTQ
HRR1494386_f1.fastq.gz,Raw FASTQ
HRR1494386_r2.fastq.gz,Raw FASTQ
HRR1494061_f1.fastq.gz,Raw FASTQ
HRR1494061_r2.fastq.gz,Raw FASTQ
HRR1494387_f1.fastq.gz,Raw FASTQ
HRR1494387_r2.fastq.gz,Raw FASTQ
HRR1494062_f1.fastq.gz,Raw FASTQ
HRR1494062_r2.fastq.gz,Raw FASTQ
HRR1494388_f1.fastq.gz,Raw FASTQ
HRR1494388_r2.fastq.gz,Raw FASTQ
HRR1494063_f1.fastq.gz,Raw FASTQ
HRR1494063_r2.fastq.gz,Raw FASTQ
HRR1494389_f1.fastq.gz,Raw FASTQ
HRR1494389_r2.fastq.gz,Raw FASTQ
HRR1494064_f1.fastq.gz,Raw FASTQ
HRR1494064_r2.fastq.gz,Raw FASTQ
HRR1494390_f1.fastq.gz,Raw FASTQ
HRR1494390_r2.fastq.gz,Raw FASTQ
HRR1494065_f1.fastq.gz,Raw FASTQ
HRR1494065_r2.fastq.gz,Raw FASTQ
HRR1494391_f1.fastq.gz,Raw FASTQ
HRR1494391_r2.fastq.gz,Raw FASTQ
HRR1494066_f1.fastq.gz,Raw FASTQ
HRR1494066_r2.fastq.gz,Raw FASTQ
HRR1494392_f1.fastq.gz,Raw FASTQ
HRR1494392_r2.fastq.gz,Raw FASTQ
HRR1494067_f1.fastq.gz,Raw FASTQ
HRR1494067_r2.fastq.gz,Raw FASTQ
HRR1494393_f1.fastq.gz,Raw FASTQ
HRR1494393_r2.fastq.gz,Raw FASTQ
HRR1494068_f1.fastq.gz,Raw FASTQ
HRR1494068_r2.fastq.gz,Raw FASTQ
HRR1494394_f1.fastq.gz,Raw FASTQ
HRR1494394_r2.fastq.gz,Raw FASTQ
HRR1494395_f1.fastq.gz,Raw FASTQ
HRR1494395_r2.fastq.gz,Raw FASTQ
HRR1494070_f1.fastq.gz,Raw FASTQ
HRR1494070_r2.fastq.gz,Raw FASTQ
HRR1494396_f1.fastq.gz,Raw FASTQ
HRR1494396_r2.fastq.gz,Raw FASTQ
HRR1494071_f1.fastq.gz,Raw FASTQ
HRR1494071_r2.fastq.gz,Raw FASTQ
HRR1494397_f1.fastq.gz,Raw FASTQ
HRR1494397_r2.fastq.gz,Raw FASTQ
HRR1494072_f1.fastq.gz,Raw FASTQ
HRR1494072_r2.fastq.gz,Raw FASTQ
HRR1494398_f1.fastq.gz,Raw FASTQ
HRR1494398_r2.fastq.gz,Raw FASTQ
HRR1494073_f1.fastq.gz,Raw FASTQ
HRR1494073_r2.fastq.gz,Raw FASTQ
HRR1494399_f1.fastq.gz,Raw FASTQ
HRR1494399_r2.fastq.gz,Raw FASTQ
HRR1494069_f1.fastq.gz,Raw FASTQ
HRR1494069_r2.fastq.gz,Raw FASTQ
HRR1494400_f1.fastq.gz,Raw FASTQ
HRR1494400_r2.fastq.gz,Raw FASTQ
HRR1494401_f1.fastq.gz,Raw FASTQ
HRR1494401_r2.fastq.gz,Raw FASTQ
HRR1494075_f1.fastq.gz,Raw FASTQ
HRR1494075_r2.fastq.gz,Raw FASTQ
HRR1494402_f1.fastq.gz,Raw FASTQ
HRR1494402_r2.fastq.gz,Raw FASTQ
HRR1494076_f1.fastq.gz,Raw FASTQ
HRR1494076_r2.fastq.gz,Raw FASTQ
HRR1494403_f1.fastq.gz,Raw FASTQ
HRR1494403_r2.fastq.gz,Raw FASTQ
HRR1494077_f1.fastq.gz,Raw FASTQ
HRR1494077_r2.fastq.gz,Raw FASTQ
HRR1494404_f1.fastq.gz,Raw FASTQ
HRR1494404_r2.fastq.gz,Raw FASTQ
HRR1494078_f1.fastq.gz,Raw FASTQ
HRR1494078_r2.fastq.gz,Raw FASTQ
HRR1494405_f1.fastq.gz,Raw FASTQ
HRR1494405_r2.fastq.gz,Raw FASTQ
HRR1494079_f1.fastq.gz,Raw FASTQ
HRR1494079_r2.fastq.gz,Raw FASTQ
HRR1494406_f1.fastq.gz,Raw FASTQ
HRR1494406_r2.fastq.gz,Raw FASTQ
HRR1494080_f1.fastq.gz,Raw FASTQ
HRR1494080_r2.fastq.gz,Raw FASTQ
HRR1494407_f1.fastq.gz,Raw FASTQ
HRR1494407_r2.fastq.gz,Raw FASTQ
HRR1494074_f1.fastq.gz,Raw FASTQ
HRR1494074_r2.fastq.gz,Raw FASTQ
HRR1494082_f1.fastq.gz,Raw FASTQ
HRR1494082_r2.fastq.gz,Raw FASTQ
HRR1494408_f1.fastq.gz,Raw FASTQ
HRR1494408_r2.fastq.gz,Raw FASTQ
HRR1494083_f1.fastq.gz,Raw FASTQ
HRR1494083_r2.fastq.gz,Raw FASTQ
HRR1494409_f1.fastq.gz,Raw FASTQ
HRR1494409_r2.fastq.gz,Raw FASTQ
HRR1494081_f1.fastq.gz,Raw FASTQ
HRR1494081_r2.fastq.gz,Raw FASTQ
HRR1494084_f1.fastq.gz,Raw FASTQ
HRR1494084_r2.fastq.gz,Raw FASTQ
HRR1494085_f1.fastq.gz,Raw FASTQ
HRR1494085_r2.fastq.gz,Raw FASTQ
HRR1494086_f1.fastq.gz,Raw FASTQ
HRR1494086_r2.fastq.gz,Raw FASTQ
HRR1494087_f1.fastq.gz,Raw FASTQ
HRR1494087_r2.fastq.gz,Raw FASTQ
HRR1494088_f1.fastq.gz,Raw FASTQ
HRR1494088_r2.fastq.gz,Raw FASTQ
HRR1494410_f1.fastq.gz,Raw FASTQ
HRR1494410_r2.fastq.gz,Raw FASTQ
HRR1494411_f1.fastq.gz,Raw FASTQ
HRR1494411_r2.fastq.gz,Raw FASTQ
HRR1494412_f1.fastq.gz,Raw FASTQ
HRR1494412_r2.fastq.gz,Raw FASTQ
HRR1494413_f1.fastq.gz,Raw FASTQ
HRR1494413_r2.fastq.gz,Raw FASTQ
HRR1494414_f1.fastq.gz,Raw FASTQ
HRR1494414_r2.fastq.gz,Raw FASTQ
HRR1494415_f1.fastq.gz,Raw FASTQ
HRR1494415_r2.fastq.gz,Raw FASTQ
HRR1494416_f1.fastq.gz,Raw FASTQ
HRR1494416_r2.fastq.gz,Raw FASTQ
HRR1494417_f1.fastq.gz,Raw FASTQ
HRR1494417_r2.fastq.gz,Raw FASTQ
HRR1494418_f1.fastq.gz,Raw FASTQ
HRR1494418_r2.fastq.gz,Raw FASTQ
HRR1494419_f1.fastq.gz,Raw FASTQ
HRR1494419_r2.fastq.gz,Raw FASTQ
HRR1494089_f1.fastq.gz,Raw FASTQ
HRR1494089_r2.fastq.gz,Raw FASTQ
HRR1494420_f1.fastq.gz,Raw FASTQ
HRR1494420_r2.fastq.gz,Raw FASTQ
HRR1494091_f1.fastq.gz,Raw FASTQ
HRR1494091_r2.fastq.gz,Raw FASTQ
HRR1494421_f1.fastq.gz,Raw FASTQ
HRR1494421_r2.fastq.gz,Raw FASTQ
HRR1494090_f1.fastq.gz,Raw FASTQ
HRR1494090_r2.fastq.gz,Raw FASTQ
HRR1494422_f1.fastq.gz,Raw FASTQ
HRR1494422_r2.fastq.gz,Raw FASTQ
HRR1494092_f1.fastq.gz,Raw FASTQ
HRR1494092_r2.fastq.gz,Raw FASTQ
HRR1494423_f1.fastq.gz,Raw FASTQ
HRR1494423_r2.fastq.gz,Raw FASTQ
HRR1494093_f1.fastq.gz,Raw FASTQ
HRR1494093_r2.fastq.gz,Raw FASTQ
HRR1494424_f1.fastq.gz,Raw FASTQ
HRR1494424_r2.fastq.gz,Raw FASTQ
HRR1494425_f1.fastq.gz,Raw FASTQ
HRR1494425_r2.fastq.gz,Raw FASTQ
HRR1494426_f1.fastq.gz,Raw FASTQ
HRR1494426_r2.fastq.gz,Raw FASTQ
HRR1494427_f1.fastq.gz,Raw FASTQ
HRR1494427_r2.fastq.gz,Raw FASTQ
HRR1494428_f1.fastq.gz,Raw FASTQ
HRR1494428_r2.fastq.gz,Raw FASTQ
HRR1494429_f1.fastq.gz,Raw FASTQ
HRR1494429_r2.fastq.gz,Raw FASTQ
HRR1494430_f1.fastq.gz,Raw FASTQ
HRR1494430_r2.fastq.gz,Raw FASTQ
HRR1494431_f1.fastq.gz,Raw FASTQ
HRR1494431_r2.fastq.gz,Raw FASTQ
HRR1494432_f1.fastq.gz,Raw FASTQ
HRR1494432_r2.fastq.gz,Raw FASTQ
HRR1494433_f1.fastq.gz,Raw FASTQ
HRR1494433_r2.fastq.gz,Raw FASTQ
HRR1494434_f1.fastq.gz,Raw FASTQ
HRR1494434_r2.fastq.gz,Raw FASTQ
HRR1494435_f1.fastq.gz,Raw FASTQ
HRR1494435_r2.fastq.gz,Raw FASTQ
HRR1494436_f1.fastq.gz,Raw FASTQ
HRR1494436_r2.fastq.gz,Raw FASTQ
HRR1494437_f1.fastq.gz,Raw FASTQ
HRR1494437_r2.fastq.gz,Raw FASTQ
HRR1494438_f1.fastq.gz,Raw FASTQ
HRR1494438_r2.fastq.gz,Raw FASTQ
HRR1494439_f1.fastq.gz,Raw FASTQ
HRR1494439_r2.fastq.gz,Raw FASTQ
HRR1494440_f1.fastq.gz,Raw FASTQ
HRR1494440_r2.fastq.gz,Raw FASTQ
HRR1494441_f1.fastq.gz,Raw FASTQ
HRR1494441_r2.fastq.gz,Raw FASTQ
HRR1494442_f1.fastq.gz,Raw FASTQ
HRR1494442_r2.fastq.gz,Raw FASTQ
HRR1494443_f1.fastq.gz,Raw FASTQ
HRR1494443_r2.fastq.gz,Raw FASTQ
HRR1494444_f1.fastq.gz,Raw FASTQ
HRR1494444_r2.fastq.gz,Raw FASTQ
HRR1494445_f1.fastq.gz,Raw FASTQ
HRR1494445_r2.fastq.gz,Raw FASTQ
HRR1494446_f1.fastq.gz,Raw FASTQ
HRR1494446_r2.fastq.gz,Raw FASTQ
HRR1494094_f1.fastq.gz,Raw FASTQ
HRR1494094_r2.fastq.gz,Raw FASTQ
HRR1494447_f1.fastq.gz,Raw FASTQ
HRR1494447_r2.fastq.gz,Raw FASTQ
HRR1494095_f1.fastq.gz,Raw FASTQ
HRR1494095_r2.fastq.gz,Raw FASTQ
HRR1494448_f1.fastq.gz,Raw FASTQ
HRR1494448_r2.fastq.gz,Raw FASTQ
HRR1494096_f1.fastq.gz,Raw FASTQ
HRR1494096_r2.fastq.gz,Raw FASTQ
HRR1494449_f1.fastq.gz,Raw FASTQ
HRR1494449_r2.fastq.gz,Raw FASTQ
HRR1494097_f1.fastq.gz,Raw FASTQ
HRR1494097_r2.fastq.gz,Raw FASTQ
HRR1494450_f1.fastq.gz,Raw FASTQ
HRR1494450_r2.fastq.gz,Raw FASTQ
HRR1494098_f1.fastq.gz,Raw FASTQ
HRR1494098_r2.fastq.gz,Raw FASTQ
HRR1494451_f1.fastq.gz,Raw FASTQ
HRR1494451_r2.fastq.gz,Raw FASTQ
HRR1494099_f1.fastq.gz,Raw FASTQ
HRR1494099_r2.fastq.gz,Raw FASTQ
HRR1494452_f1.fastq.gz,Raw FASTQ
HRR1494452_r2.fastq.gz,Raw FASTQ
HRR1494100_f1.fastq.gz,Raw FASTQ
HRR1494100_r2.fastq.gz,Raw FASTQ
HRR1494453_f1.fastq.gz,Raw FASTQ
HRR1494453_r2.fastq.gz,Raw FASTQ
HRR1494454_f1.fastq.gz,Raw FASTQ
HRR1494454_r2.fastq.gz,Raw FASTQ
HRR1494455_f1.fastq.gz,Raw FASTQ
HRR1494455_r2.fastq.gz,Raw FASTQ
HRR1494101_f1.fastq.gz,Raw FASTQ
HRR1494101_r2.fastq.gz,Raw FASTQ
HRR1494456_f1.fastq.gz,Raw FASTQ
HRR1494456_r2.fastq.gz,Raw FASTQ
HRR1494102_f1.fastq.gz,Raw FASTQ
HRR1494102_r2.fastq.gz,Raw FASTQ
HRR1494457_f1.fastq.gz,Raw FASTQ
HRR1494457_r2.fastq.gz,Raw FASTQ
HRR1494103_f1.fastq.gz,Raw FASTQ
HRR1494103_r2.fastq.gz,Raw FASTQ
HRR1494458_f1.fastq.gz,Raw FASTQ
HRR1494458_r2.fastq.gz,Raw FASTQ
HRR1494104_f1.fastq.gz,Raw FASTQ
HRR1494104_r2.fastq.gz,Raw FASTQ
HRR1494459_f1.fastq.gz,Raw FASTQ
HRR1494459_r2.fastq.gz,Raw FASTQ
HRR1494460_f1.fastq.gz,Raw FASTQ
HRR1494460_r2.fastq.gz,Raw FASTQ
HRR1494461_f1.fastq.gz,Raw FASTQ
HRR1494461_r2.fastq.gz,Raw FASTQ
HRR1494462_f1.fastq.gz,Raw FASTQ
HRR1494462_r2.fastq.gz,Raw FASTQ
HRR1494463_f1.fastq.gz,Raw FASTQ
HRR1494463_r2.fastq.gz,Raw FASTQ
HRR1494464_f1.fastq.gz,Raw FASTQ
HRR1494464_r2.fastq.gz,Raw FASTQ
HRR1494465_f1.fastq.gz,Raw FASTQ
HRR1494465_r2.fastq.gz,Raw FASTQ
HRR1494466_f1.fastq.gz,Raw FASTQ
HRR1494466_r2.fastq.gz,Raw FASTQ
HRR1494467_f1.fastq.gz,Raw FASTQ
HRR1494467_r2.fastq.gz,Raw FASTQ
HRR1494468_f1.fastq.gz,Raw FASTQ
HRR1494468_r2.fastq.gz,Raw FASTQ
HRR1494469_f1.fastq.gz,Raw FASTQ
HRR1494469_r2.fastq.gz,Raw FASTQ
HRR1494470_f1.fastq.gz,Raw FASTQ
HRR1494470_r2.fastq.gz,Raw FASTQ
HRR1494105_f1.fastq.gz,Raw FASTQ
HRR1494105_r2.fastq.gz,Raw FASTQ
HRR1494471_f1.fastq.gz,Raw FASTQ
HRR1494471_r2.fastq.gz,Raw FASTQ
HRR1494106_f1.fastq.gz,Raw FASTQ
HRR1494106_r2.fastq.gz,Raw FASTQ
HRR1494472_f1.fastq.gz,Raw FASTQ
HRR1494472_r2.fastq.gz,Raw FASTQ
HRR1494107_f1.fastq.gz,Raw FASTQ
HRR1494107_r2.fastq.gz,Raw FASTQ
HRR1494473_f1.fastq.gz,Raw FASTQ
HRR1494473_r2.fastq.gz,Raw FASTQ
HRR1494108_f1.fastq.gz,Raw FASTQ
HRR1494108_r2.fastq.gz,Raw FASTQ
HRR1494474_f1.fastq.gz,Raw FASTQ
HRR1494474_r2.fastq.gz,Raw FASTQ
HRR1494475_f1.fastq.gz,Raw FASTQ
HRR1494475_r2.fastq.gz,Raw FASTQ
HRR1494476_f1.fastq.gz,Raw FASTQ
HRR1494476_r2.fastq.gz,Raw FASTQ
HRR1494109_f1.fastq.gz,Raw FASTQ
HRR1494109_r2.fastq.gz,Raw FASTQ
HRR1494477_f1.fastq.gz,Raw FASTQ
HRR1494477_r2.fastq.gz,Raw FASTQ
HRR1494110_f1.fastq.gz,Raw FASTQ
HRR1494110_r2.fastq.gz,Raw FASTQ
HRR1494478_f1.fastq.gz,Raw FASTQ
HRR1494478_r2.fastq.gz,Raw FASTQ
HRR1494111_f1.fastq.gz,Raw FASTQ
HRR1494111_r2.fastq.gz,Raw FASTQ
HRR1494479_f1.fastq.gz,Raw FASTQ
HRR1494479_r2.fastq.gz,Raw FASTQ
HRR1494112_f1.fastq.gz,Raw FASTQ
HRR1494112_r2.fastq.gz,Raw FASTQ
HRR1494480_f1.fastq.gz,Raw FASTQ
HRR1494480_r2.fastq.gz,Raw FASTQ
HRR1494113_f1.fastq.gz,Raw FASTQ
HRR1494113_r2.fastq.gz,Raw FASTQ
HRR1494481_f1.fastq.gz,Raw FASTQ
HRR1494481_r2.fastq.gz,Raw FASTQ
HRR1494114_f1.fastq.gz,Raw FASTQ
HRR1494114_r2.fastq.gz,Raw FASTQ
HRR1494482_f1.fastq.gz,Raw FASTQ
HRR1494482_r2.fastq.gz,Raw FASTQ
HRR1494115_f1.fastq.gz,Raw FASTQ
HRR1494115_r2.fastq.gz,Raw FASTQ
HRR1494483_f1.fastq.gz,Raw FASTQ
HRR1494483_r2.fastq.gz,Raw FASTQ
HRR1494116_f1.fastq.gz,Raw FASTQ
HRR1494116_r2.fastq.gz,Raw FASTQ
HRR1494484_f1.fastq.gz,Raw FASTQ
HRR1494484_r2.fastq.gz,Raw FASTQ
HRR1494117_f1.fastq.gz,Raw FASTQ
HRR1494117_r2.fastq.gz,Raw FASTQ
HRR1494485_f1.fastq.gz,Raw FASTQ
HRR1494485_r2.fastq.gz,Raw FASTQ
HRR1494118_f1.fastq.gz,Raw FASTQ
HRR1494118_r2.fastq.gz,Raw FASTQ
HRR1494486_f1.fastq.gz,Raw FASTQ
HRR1494486_r2.fastq.gz,Raw FASTQ
HRR1494487_f1.fastq.gz,Raw FASTQ
HRR1494487_r2.fastq.gz,Raw FASTQ
HRR1494488_f1.fastq.gz,Raw FASTQ
HRR1494488_r2.fastq.gz,Raw FASTQ
HRR1494489_f1.fastq.gz,Raw FASTQ
HRR1494489_r2.fastq.gz,Raw FASTQ
HRR1494490_f1.fastq.gz,Raw FASTQ
HRR1494490_r2.fastq.gz,Raw FASTQ
HRR1494491_f1.fastq.gz,Raw FASTQ
HRR1494491_r2.fastq.gz,Raw FASTQ
HRR1494492_f1.fastq.gz,Raw FASTQ
HRR1494492_r2.fastq.gz,Raw FASTQ
HRR1494493_f1.fastq.gz,Raw FASTQ
HRR1494493_r2.fastq.gz,Raw FASTQ
HRR1494494_f1.fastq.gz,Raw FASTQ
HRR1494494_r2.fastq.gz,Raw FASTQ
HRR1494495_f1.fastq.gz,Raw FASTQ
HRR1494495_r2.fastq.gz,Raw FASTQ
HRR1494496_f1.fastq.gz,Raw FASTQ
HRR1494496_r2.fastq.gz,Raw FASTQ
HRR1494497_f1.fastq.gz,Raw FASTQ
HRR1494497_r2.fastq.gz,Raw FASTQ
HRR1494498_f1.fastq.gz,Raw FASTQ
HRR1494498_r2.fastq.gz,Raw FASTQ
HRR1494499_f1.fastq.gz,Raw FASTQ
HRR1494499_r2.fastq.gz,Raw FASTQ
HRR1494500_f1.fastq.gz,Raw FASTQ
HRR1494500_r2.fastq.gz,Raw FASTQ
HRR1494501_f1.fastq.gz,Raw FASTQ
HRR1494501_r2.fastq.gz,Raw FASTQ
HRR1494502_f1.fastq.gz,Raw FASTQ
HRR1494502_r2.fastq.gz,Raw FASTQ
HRR1494503_f1.fastq.gz,Raw FASTQ
HRR1494503_r2.fastq.gz,Raw FASTQ
HRR1494504_f1.fastq.gz,Raw FASTQ
HRR1494504_r2.fastq.gz,Raw FASTQ
HRR1494505_f1.fastq.gz,Raw FASTQ
HRR1494505_r2.fastq.gz,Raw FASTQ
HRR1494506_f1.fastq.gz,Raw FASTQ
HRR1494506_r2.fastq.gz,Raw FASTQ
HRR1494507_f1.fastq.gz,Raw FASTQ
HRR1494507_r2.fastq.gz,Raw FASTQ
HRR1494508_f1.fastq.gz,Raw FASTQ
HRR1494508_r2.fastq.gz,Raw FASTQ
HRR1494509_f1.fastq.gz,Raw FASTQ
HRR1494509_r2.fastq.gz,Raw FASTQ
HRR1494119_f1.fastq.gz,Raw FASTQ
HRR1494119_r2.fastq.gz,Raw FASTQ
HRR1494510_f1.fastq.gz,Raw FASTQ
HRR1494510_r2.fastq.gz,Raw FASTQ
HRR1494120_f1.fastq.gz,Raw FASTQ
HRR1494120_r2.fastq.gz,Raw FASTQ
HRR1494511_f1.fastq.gz,Raw FASTQ
HRR1494511_r2.fastq.gz,Raw FASTQ
HRR1494121_f1.fastq.gz,Raw FASTQ
HRR1494121_r2.fastq.gz,Raw FASTQ
HRR1494512_f1.fastq.gz,Raw FASTQ
HRR1494512_r2.fastq.gz,Raw FASTQ
HRR1494122_f1.fastq.gz,Raw FASTQ
HRR1494122_r2.fastq.gz,Raw FASTQ
HRR1494513_f1.fastq.gz,Raw FASTQ
HRR1494513_r2.fastq.gz,Raw FASTQ
HRR1494514_f1.fastq.gz,Raw FASTQ
HRR1494514_r2.fastq.gz,Raw FASTQ
HRR1494515_f1.fastq.gz,Raw FASTQ
HRR1494515_r2.fastq.gz,Raw FASTQ
HRR1494123_f1.fastq.gz,Raw FASTQ
HRR1494123_r2.fastq.gz,Raw FASTQ
HRR1494516_f1.fastq.gz,Raw FASTQ
HRR1494516_r2.fastq.gz,Raw FASTQ
HRR1494124_f1.fastq.gz,Raw FASTQ
HRR1494124_r2.fastq.gz,Raw FASTQ
HRR1494517_f1.fastq.gz,Raw FASTQ
HRR1494517_r2.fastq.gz,Raw FASTQ
HRR1494125_f1.fastq.gz,Raw FASTQ
HRR1494125_r2.fastq.gz,Raw FASTQ
HRR1494518_f1.fastq.gz,Raw FASTQ
HRR1494518_r2.fastq.gz,Raw FASTQ
HRR1494126_f1.fastq.gz,Raw FASTQ
HRR1494126_r2.fastq.gz,Raw FASTQ
HRR1494519_f1.fastq.gz,Raw FASTQ
HRR1494519_r2.fastq.gz,Raw FASTQ
HRR1494520_f1.fastq.gz,Raw FASTQ
HRR1494520_r2.fastq.gz,Raw FASTQ
HRR1494521_f1.fastq.gz,Raw FASTQ
HRR1494521_r2.fastq.gz,Raw FASTQ
HRR1494127_f1.fastq.gz,Raw FASTQ
HRR1494127_r2.fastq.gz,Raw FASTQ
HRR1494522_f1.fastq.gz,Raw FASTQ
HRR1494522_r2.fastq.gz,Raw FASTQ
HRR1494128_f1.fastq.gz,Raw FASTQ
HRR1494128_r2.fastq.gz,Raw FASTQ
HRR1494523_f1.fastq.gz,Raw FASTQ
HRR1494523_r2.fastq.gz,Raw FASTQ
HRR1494129_f1.fastq.gz,Raw FASTQ
HRR1494129_r2.fastq.gz,Raw FASTQ
HRR1494524_f1.fastq.gz,Raw FASTQ
HRR1494524_r2.fastq.gz,Raw FASTQ
HRR1494130_f1.fastq.gz,Raw FASTQ
HRR1494130_r2.fastq.gz,Raw FASTQ
HRR1494525_f1.fastq.gz,Raw FASTQ
HRR1494525_r2.fastq.gz,Raw FASTQ
HRR1494526_f1.fastq.gz,Raw FASTQ
HRR1494526_r2.fastq.gz,Raw FASTQ
HRR1494527_f1.fastq.gz,Raw FASTQ
HRR1494527_r2.fastq.gz,Raw FASTQ
HRR1494131_f1.fastq.gz,Raw FASTQ
HRR1494131_r2.fastq.gz,Raw FASTQ
HRR1494132_f1.fastq.gz,Raw FASTQ
HRR1494132_r2.fastq.gz,Raw FASTQ
HRR1494133_f1.fastq.gz,Raw FASTQ
HRR1494133_r2.fastq.gz,Raw FASTQ
HRR1494134_f1.fastq.gz,Raw FASTQ
HRR1494134_r2.fastq.gz,Raw FASTQ
HRR1494528_f1.fastq.gz,Raw FASTQ
HRR1494528_r2.fastq.gz,Raw FASTQ
HRR1494529_f1.fastq.gz,Raw FASTQ
HRR1494529_r2.fastq.gz,Raw FASTQ
HRR1494135_f1.fastq.gz,Raw FASTQ
HRR1494135_r2.fastq.gz,Raw FASTQ
HRR1494136_f1.fastq.gz,Raw FASTQ
HRR1494136_r2.fastq.gz,Raw FASTQ
HRR1494137_f1.fastq.gz,Raw FASTQ
HRR1494137_r2.fastq.gz,Raw FASTQ
HRR1494138_f1.fastq.gz,Raw FASTQ
HRR1494138_r2.fastq.gz,Raw FASTQ
HRR1494139_f1.fastq.gz,Raw FASTQ
HRR1494139_r2.fastq.gz,Raw FASTQ
HRR1494140_f1.fastq.gz,Raw FASTQ
HRR1494140_r2.fastq.gz,Raw FASTQ
HRR1494141_f1.fastq.gz,Raw FASTQ
HRR1494141_r2.fastq.gz,Raw FASTQ
HRR1494142_f1.fastq.gz,Raw FASTQ
HRR1494142_r2.fastq.gz,Raw FASTQ
HRR1494143_f1.fastq.gz,Raw FASTQ
HRR1494143_r2.fastq.gz,Raw FASTQ
HRR1494530_f1.fastq.gz,Raw FASTQ
HRR1494530_r2.fastq.gz,Raw FASTQ
HRR1494144_f1.fastq.gz,Raw FASTQ
HRR1494144_r2.fastq.gz,Raw FASTQ
HRR1494145_f1.fastq.gz,Raw FASTQ
HRR1494145_r2.fastq.gz,Raw FASTQ
HRR1494146_f1.fastq.gz,Raw FASTQ
HRR1494146_r2.fastq.gz,Raw FASTQ
HRR1494147_f1.fastq.gz,Raw FASTQ
HRR1494147_r2.fastq.gz,Raw FASTQ
HRR1494531_f1.fastq.gz,Raw FASTQ
HRR1494531_r2.fastq.gz,Raw FASTQ
HRR1494149_f1.fastq.gz,Raw FASTQ
HRR1494149_r2.fastq.gz,Raw FASTQ
HRR1494532_f1.fastq.gz,Raw FASTQ
HRR1494532_r2.fastq.gz,Raw FASTQ
HRR1494150_f1.fastq.gz,Raw FASTQ
HRR1494150_r2.fastq.gz,Raw FASTQ
HRR1494533_f1.fastq.gz,Raw FASTQ
HRR1494533_r2.fastq.gz,Raw FASTQ
HRR1494151_f1.fastq.gz,Raw FASTQ
HRR1494151_r2.fastq.gz,Raw FASTQ
HRR1494534_f1.fastq.gz,Raw FASTQ
HRR1494534_r2.fastq.gz,Raw FASTQ
HRR1494148_f1.fastq.gz,Raw FASTQ
HRR1494148_r2.fastq.gz,Raw FASTQ
HRR1494535_f1.fastq.gz,Raw FASTQ
HRR1494535_r2.fastq.gz,Raw FASTQ
HRR1494153_f1.fastq.gz,Raw FASTQ
HRR1494153_r2.fastq.gz,Raw FASTQ
HRR1494536_f1.fastq.gz,Raw FASTQ
HRR1494536_r2.fastq.gz,Raw FASTQ
HRR1494152_f1.fastq.gz,Raw FASTQ
HRR1494152_r2.fastq.gz,Raw FASTQ
HRR1494155_f1.fastq.gz,Raw FASTQ
HRR1494155_r2.fastq.gz,Raw FASTQ
HRR1494537_f1.fastq.gz,Raw FASTQ
HRR1494537_r2.fastq.gz,Raw FASTQ
HRR1494154_f1.fastq.gz,Raw FASTQ
HRR1494154_r2.fastq.gz,Raw FASTQ
HRR1494157_f1.fastq.gz,Raw FASTQ
HRR1494157_r2.fastq.gz,Raw FASTQ
HRR1494538_f1.fastq.gz,Raw FASTQ
HRR1494538_r2.fastq.gz,Raw FASTQ
HRR1494156_f1.fastq.gz,Raw FASTQ
HRR1494156_r2.fastq.gz,Raw FASTQ
HRR1494158_f1.fastq.gz,Raw FASTQ
HRR1494158_r2.fastq.gz,Raw FASTQ
HRR1494539_f1.fastq.gz,Raw FASTQ
HRR1494539_r2.fastq.gz,Raw FASTQ
HRR1494159_f1.fastq.gz,Raw FASTQ
HRR1494159_r2.fastq.gz,Raw FASTQ
HRR1494160_f1.fastq.gz,Raw FASTQ
HRR1494160_r2.fastq.gz,Raw FASTQ
HRR1494540_f1.fastq.gz,Raw FASTQ
HRR1494540_r2.fastq.gz,Raw FASTQ
HRR1494161_f1.fastq.gz,Raw FASTQ
HRR1494161_r2.fastq.gz,Raw FASTQ
HRR1494162_f1.fastq.gz,Raw FASTQ
HRR1494162_r2.fastq.gz,Raw FASTQ
HRR1494541_f1.fastq.gz,Raw FASTQ
HRR1494541_r2.fastq.gz,Raw FASTQ
HRR1494163_f1.fastq.gz,Raw FASTQ
HRR1494163_r2.fastq.gz,Raw FASTQ
HRR1494165_f1.fastq.gz,Raw FASTQ
HRR1494165_r2.fastq.gz,Raw FASTQ
HRR1494542_f1.fastq.gz,Raw FASTQ
HRR1494542_r2.fastq.gz,Raw FASTQ
HRR1494164_f1.fastq.gz,Raw FASTQ
HRR1494164_r2.fastq.gz,Raw FASTQ
HRR1494166_f1.fastq.gz,Raw FASTQ
HRR1494166_r2.fastq.gz,Raw FASTQ
HRR1494543_f1.fastq.gz,Raw FASTQ
HRR1494543_r2.fastq.gz,Raw FASTQ
HRR1494167_f1.fastq.gz,Raw FASTQ
HRR1494167_r2.fastq.gz,Raw FASTQ
HRR1494168_f1.fastq.gz,Raw FASTQ
HRR1494168_r2.fastq.gz,Raw FASTQ
HRR1494544_f1.fastq.gz,Raw FASTQ
HRR1494544_r2.fastq.gz,Raw FASTQ
HRR1494169_f1.fastq.gz,Raw FASTQ
HRR1494169_r2.fastq.gz,Raw FASTQ
HRR1494170_f1.fastq.gz,Raw FASTQ
HRR1494170_r2.fastq.gz,Raw FASTQ
HRR1494545_f1.fastq.gz,Raw FASTQ
HRR1494545_r2.fastq.gz,Raw FASTQ
HRR1494171_f1.fastq.gz,Raw FASTQ
HRR1494171_r2.fastq.gz,Raw FASTQ
HRR1494172_f1.fastq.gz,Raw FASTQ
HRR1494172_r2.fastq.gz,Raw FASTQ
HRR1494546_f1.fastq.gz,Raw FASTQ
HRR1494546_r2.fastq.gz,Raw FASTQ
HRR1494173_f1.fastq.gz,Raw FASTQ
HRR1494173_r2.fastq.gz,Raw FASTQ
HRR1494175_f1.fastq.gz,Raw FASTQ
HRR1494175_r2.fastq.gz,Raw FASTQ
HRR1494547_f1.fastq.gz,Raw FASTQ
HRR1494547_r2.fastq.gz,Raw FASTQ
HRR1494174_f1.fastq.gz,Raw FASTQ
HRR1494174_r2.fastq.gz,Raw FASTQ
HRR1494176_f1.fastq.gz,Raw FASTQ
HRR1494176_r2.fastq.gz,Raw FASTQ
HRR1494548_f1.fastq.gz,Raw FASTQ
HRR1494548_r2.fastq.gz,Raw FASTQ
HRR1494177_f1.fastq.gz,Raw FASTQ
HRR1494177_r2.fastq.gz,Raw FASTQ
HRR1494179_f1.fastq.gz,Raw FASTQ
HRR1494179_r2.fastq.gz,Raw FASTQ
HRR1494549_f1.fastq.gz,Raw FASTQ
HRR1494549_r2.fastq.gz,Raw FASTQ
HRR1494180_f1.fastq.gz,Raw FASTQ
HRR1494180_r2.fastq.gz,Raw FASTQ
HRR1494550_f1.fastq.gz,Raw FASTQ
HRR1494550_r2.fastq.gz,Raw FASTQ
HRR1494181_f1.fastq.gz,Raw FASTQ
HRR1494181_r2.fastq.gz,Raw FASTQ
HRR1494551_f1.fastq.gz,Raw FASTQ
HRR1494551_r2.fastq.gz,Raw FASTQ
HRR1494178_f1.fastq.gz,Raw FASTQ
HRR1494178_r2.fastq.gz,Raw FASTQ
HRR1494183_f1.fastq.gz,Raw FASTQ
HRR1494183_r2.fastq.gz,Raw FASTQ
HRR1494552_f1.fastq.gz,Raw FASTQ
HRR1494552_r2.fastq.gz,Raw FASTQ
HRR1494184_f1.fastq.gz,Raw FASTQ
HRR1494184_r2.fastq.gz,Raw FASTQ
HRR1494553_f1.fastq.gz,Raw FASTQ
HRR1494553_r2.fastq.gz,Raw FASTQ
HRR1494185_f1.fastq.gz,Raw FASTQ
HRR1494185_r2.fastq.gz,Raw FASTQ
HRR1494554_f1.fastq.gz,Raw FASTQ
HRR1494554_r2.fastq.gz,Raw FASTQ
HRR1494182_f1.fastq.gz,Raw FASTQ
HRR1494182_r2.fastq.gz,Raw FASTQ
HRR1494186_f1.fastq.gz,Raw FASTQ
HRR1494186_r2.fastq.gz,Raw FASTQ
HRR1494555_f1.fastq.gz,Raw FASTQ
HRR1494555_r2.fastq.gz,Raw FASTQ
HRR1494187_f1.fastq.gz,Raw FASTQ
HRR1494187_r2.fastq.gz,Raw FASTQ
HRR1494556_f1.fastq.gz,Raw FASTQ
HRR1494556_r2.fastq.gz,Raw FASTQ
HRR1494188_f1.fastq.gz,Raw FASTQ
HRR1494188_r2.fastq.gz,Raw FASTQ
HRR1494557_f1.fastq.gz,Raw FASTQ
HRR1494557_r2.fastq.gz,Raw FASTQ
HRR1494190_f1.fastq.gz,Raw FASTQ
HRR1494190_r2.fastq.gz,Raw FASTQ
HRR1494558_f1.fastq.gz,Raw FASTQ
HRR1494558_r2.fastq.gz,Raw FASTQ
HRR1494191_f1.fastq.gz,Raw FASTQ
HRR1494191_r2.fastq.gz,Raw FASTQ
HRR1494559_f1.fastq.gz,Raw FASTQ
HRR1494559_r2.fastq.gz,Raw FASTQ
HRR1494192_f1.fastq.gz,Raw FASTQ
HRR1494192_r2.fastq.gz,Raw FASTQ
HRR1494560_f1.fastq.gz,Raw FASTQ
HRR1494560_r2.fastq.gz,Raw FASTQ
HRR1494189_f1.fastq.gz,Raw FASTQ
HRR1494189_r2.fastq.gz,Raw FASTQ
HRR1494194_f1.fastq.gz,Raw FASTQ
HRR1494194_r2.fastq.gz,Raw FASTQ
HRR1494561_f1.fastq.gz,Raw FASTQ
HRR1494561_r2.fastq.gz,Raw FASTQ
HRR1494195_f1.fastq.gz,Raw FASTQ
HRR1494195_r2.fastq.gz,Raw FASTQ
HRR1494562_f1.fastq.gz,Raw FASTQ
HRR1494562_r2.fastq.gz,Raw FASTQ
HRR1494196_f1.fastq.gz,Raw FASTQ
HRR1494196_r2.fastq.gz,Raw FASTQ
HRR1494563_f1.fastq.gz,Raw FASTQ
HRR1494563_r2.fastq.gz,Raw FASTQ
HRR1494193_f1.fastq.gz,Raw FASTQ
HRR1494193_r2.fastq.gz,Raw FASTQ
HRR1494197_f1.fastq.gz,Raw FASTQ
HRR1494197_r2.fastq.gz,Raw FASTQ
HRR1494564_f1.fastq.gz,Raw FASTQ
HRR1494564_r2.fastq.gz,Raw FASTQ
HRR1494198_f1.fastq.gz,Raw FASTQ
HRR1494198_r2.fastq.gz,Raw FASTQ
HRR1494199_f1.fastq.gz,Raw FASTQ
HRR1494199_r2.fastq.gz,Raw FASTQ
HRR1494565_f1.fastq.gz,Raw FASTQ
HRR1494565_r2.fastq.gz,Raw FASTQ
HRR1494200_f1.fastq.gz,Raw FASTQ
HRR1494200_r2.fastq.gz,Raw FASTQ
HRR1494201_f1.fastq.gz,Raw FASTQ
HRR1494201_r2.fastq.gz,Raw FASTQ
HRR1494566_f1.fastq.gz,Raw FASTQ
HRR1494566_r2.fastq.gz,Raw FASTQ
HRR1494202_f1.fastq.gz,Raw FASTQ
HRR1494202_r2.fastq.gz,Raw FASTQ
HRR1494204_f1.fastq.gz,Raw FASTQ
HRR1494204_r2.fastq.gz,Raw FASTQ
HRR1494567_f1.fastq.gz,Raw FASTQ
HRR1494567_r2.fastq.gz,Raw FASTQ
HRR1494203_f1.fastq.gz,Raw FASTQ
HRR1494203_r2.fastq.gz,Raw FASTQ
HRR1494205_f1.fastq.gz,Raw FASTQ
HRR1494205_r2.fastq.gz,Raw FASTQ
HRR1494568_f1.fastq.gz,Raw FASTQ
HRR1494568_r2.fastq.gz,Raw FASTQ
HRR1494206_f1.fastq.gz,Raw FASTQ
HRR1494206_r2.fastq.gz,Raw FASTQ
HRR1494569_f1.fastq.gz,Raw FASTQ
HRR1494569_r2.fastq.gz,Raw FASTQ
HRR1494207_f1.fastq.gz,Raw FASTQ
HRR1494207_r2.fastq.gz,Raw FASTQ
HRR1494570_f1.fastq.gz,Raw FASTQ
HRR1494570_r2.fastq.gz,Raw FASTQ
HRR1494208_f1.fastq.gz,Raw FASTQ
HRR1494208_r2.fastq.gz,Raw FASTQ
HRR1494571_f1.fastq.gz,Raw FASTQ
HRR1494571_r2.fastq.gz,Raw FASTQ
HRR1494209_f1.fastq.gz,Raw FASTQ
HRR1494209_r2.fastq.gz,Raw FASTQ
HRR1494210_f1.fastq.gz,Raw FASTQ
HRR1494210_r2.fastq.gz,Raw FASTQ
HRR1494572_f1.fastq.gz,Raw FASTQ
HRR1494572_r2.fastq.gz,Raw FASTQ
HRR1494573_f1.fastq.gz,Raw FASTQ
HRR1494573_r2.fastq.gz,Raw FASTQ
HRR1494574_f1.fastq.gz,Raw FASTQ
HRR1494574_r2.fastq.gz,Raw FASTQ
HRR1494575_f1.fastq.gz,Raw FASTQ
HRR1494575_r2.fastq.gz,Raw FASTQ
HRR1494576_f1.fastq.gz,Raw FASTQ
HRR1494576_r2.fastq.gz,Raw FASTQ
HRR1494577_f1.fastq.gz,Raw FASTQ
HRR1494577_r2.fastq.gz,Raw FASTQ
HRR1494578_f1.fastq.gz,Raw FASTQ
HRR1494578_r2.fastq.gz,Raw FASTQ
HRR1494579_f1.fastq.gz,Raw FASTQ
HRR1494579_r2.fastq.gz,Raw FASTQ
HRR1494580_f1.fastq.gz,Raw FASTQ
HRR1494580_r2.fastq.gz,Raw FASTQ
HRR1494581_f1.fastq.gz,Raw FASTQ
HRR1494581_r2.fastq.gz,Raw FASTQ
HRR1494582_f1.fastq.gz,Raw FASTQ
HRR1494582_r2.fastq.gz,Raw FASTQ
HRR1494583_f1.fastq.gz,Raw FASTQ
HRR1494583_r2.fastq.gz,Raw FASTQ
HRR1494584_f1.fastq.gz,Raw FASTQ
HRR1494584_r2.fastq.gz,Raw FASTQ
HRR1494585_f1.fastq.gz,Raw FASTQ
HRR1494585_r2.fastq.gz,Raw FASTQ
HRR1494586_f1.fastq.gz,Raw FASTQ
HRR1494586_r2.fastq.gz,Raw FASTQ
HRR1494587_f1.fastq.gz,Raw FASTQ
HRR1494587_r2.fastq.gz,Raw FASTQ
HRR1494588_f1.fastq.gz,Raw FASTQ
HRR1494588_r2.fastq.gz,Raw FASTQ
HRR1494589_f1.fastq.gz,Raw FASTQ
HRR1494589_r2.fastq.gz,Raw FASTQ
HRR1494590_f1.fastq.gz,Raw FASTQ
HRR1494590_r2.fastq.gz,Raw FASTQ
HRR1494591_f1.fastq.gz,Raw FASTQ
HRR1494591_r2.fastq.gz,Raw FASTQ
HRR1494592_f1.fastq.gz,Raw FASTQ
HRR1494592_r2.fastq.gz,Raw FASTQ
HRR1494593_f1.fastq.gz,Raw FASTQ
HRR1494593_r2.fastq.gz,Raw FASTQ
HRR1494594_f1.fastq.gz,Raw FASTQ
HRR1494594_r2.fastq.gz,Raw FASTQ
HRR1494595_f1.fastq.gz,Raw FASTQ
HRR1494595_r2.fastq.gz,Raw FASTQ
HRR1494596_f1.fastq.gz,Raw FASTQ
HRR1494596_r2.fastq.gz,Raw FASTQ
HRR1494597_f1.fastq.gz,Raw FASTQ
HRR1494597_r2.fastq.gz,Raw FASTQ
HRR1494598_f1.fastq.gz,Raw FASTQ
HRR1494598_r2.fastq.gz,Raw FASTQ
HRR1494211_f1.fastq.gz,Raw FASTQ
HRR1494211_r2.fastq.gz,Raw FASTQ
HRR1494599_f1.fastq.gz,Raw FASTQ
HRR1494599_r2.fastq.gz,Raw FASTQ
HRR1494600_f1.fastq.gz,Raw FASTQ
HRR1494600_r2.fastq.gz,Raw FASTQ
HRR1494212_f1.fastq.gz,Raw FASTQ
HRR1494212_r2.fastq.gz,Raw FASTQ
HRR1494213_f1.fastq.gz,Raw FASTQ
HRR1494213_r2.fastq.gz,Raw FASTQ
HRR1494601_f1.fastq.gz,Raw FASTQ
HRR1494601_r2.fastq.gz,Raw FASTQ
HRR1494214_f1.fastq.gz,Raw FASTQ
HRR1494214_r2.fastq.gz,Raw FASTQ
HRR1494602_f1.fastq.gz,Raw FASTQ
HRR1494602_r2.fastq.gz,Raw FASTQ
HRR1494215_f1.fastq.gz,Raw FASTQ
HRR1494215_r2.fastq.gz,Raw FASTQ
HRR1494216_f1.fastq.gz,Raw FASTQ
HRR1494216_r2.fastq.gz,Raw FASTQ
HRR1494217_f1.fastq.gz,Raw FASTQ
HRR1494217_r2.fastq.gz,Raw FASTQ
HRR1494603_f1.fastq.gz,Raw FASTQ
HRR1494603_r2.fastq.gz,Raw FASTQ
HRR1494604_f1.fastq.gz,Raw FASTQ
HRR1494604_r2.fastq.gz,Raw FASTQ
HRR1494218_f1.fastq.gz,Raw FASTQ
HRR1494218_r2.fastq.gz,Raw FASTQ
HRR1494605_f1.fastq.gz,Raw FASTQ
HRR1494605_r2.fastq.gz,Raw FASTQ
HRR1494606_f1.fastq.gz,Raw FASTQ
HRR1494606_r2.fastq.gz,Raw FASTQ
HRR1494607_f1.fastq.gz,Raw FASTQ
HRR1494607_r2.fastq.gz,Raw FASTQ
HRR1494219_f1.fastq.gz,Raw FASTQ
HRR1494219_r2.fastq.gz,Raw FASTQ
HRR1494220_f1.fastq.gz,Raw FASTQ
HRR1494220_r2.fastq.gz,Raw FASTQ
HRR1725013_f1.fastq.gz,Raw FASTQ
HRR1725013_r2.fastq.gz,Raw FASTQ
HRR1725014_f1.fastq.gz,Raw FASTQ
HRR1725014_r2.fastq.gz,Raw FASTQ
HRR1725015_f1.fastq.gz,Raw FASTQ
HRR1725015_r2.fastq.gz,Raw FASTQ
HRR1725016_f1.fastq.gz,Raw FASTQ
HRR1725016_r2.fastq.gz,Raw FASTQ
HRR1725017_f1.fastq.gz,Raw FASTQ
HRR1725017_r2.fastq.gz,Raw FASTQ
HRR1725018_f1.fastq.gz,Raw FASTQ
HRR1725018_r2.fastq.gz,Raw FASTQ
HRR1725019_f1.fastq.gz,Raw FASTQ
HRR1725019_r2.fastq.gz,Raw FASTQ
HRR1725020_f1.fastq.gz,Raw FASTQ
HRR1725020_r2.fastq.gz,Raw FASTQ
HRR1725021_f1.fastq.gz,Raw FASTQ
HRR1725021_r2.fastq.gz,Raw FASTQ
HRR1725022_f1.fastq.gz,Raw FASTQ
HRR1725022_r2.fastq.gz,Raw FASTQ
HRR1725023_f1.fastq.gz,Raw FASTQ
HRR1725023_r2.fastq.gz,Raw FASTQ
HRR1725024_f1.fastq.gz,Raw FASTQ
HRR1725024_r2.fastq.gz,Raw FASTQ
HRR1725025_f1.fastq.gz,Raw FASTQ
HRR1725025_r2.fastq.gz,Raw FASTQ
HRR1725026_f1.fastq.gz,Raw FASTQ
HRR1725026_r2.fastq.gz,Raw FASTQ
HRR1725027_f1.fastq.gz,Raw FASTQ
HRR1725027_r2.fastq.gz,Raw FASTQ
HRR1725028_f1.fastq.gz,Raw FASTQ
HRR1725028_r2.fastq.gz,Raw FASTQ
HRR1725029_f1.fastq.gz,Raw FASTQ
HRR1725029_r2.fastq.gz,Raw FASTQ
HRR1725030_f1.fastq.gz,Raw FASTQ
HRR1725030_r2.fastq.gz,Raw FASTQ
HRR1725031_f1.fastq.gz,Raw FASTQ
HRR1725031_r2.fastq.gz,Raw FASTQ
HRR1725032_f1.fastq.gz,Raw FASTQ
HRR1725032_r2.fastq.gz,Raw FASTQ
HRR1725033_f1.fastq.gz,Raw FASTQ
HRR1725033_r2.fastq.gz,Raw FASTQ
HRR1725034_f1.fastq.gz,Raw FASTQ
HRR1725034_r2.fastq.gz,Raw FASTQ
HRR1725035_f1.fastq.gz,Raw FASTQ
HRR1725035_r2.fastq.gz,Raw FASTQ
HRR1725036_f1.fastq.gz,Raw FASTQ
HRR1725036_r2.fastq.gz,Raw FASTQ
HRR1725037_f1.fastq.gz,Raw FASTQ
HRR1725037_r2.fastq.gz,Raw FASTQ
HRR1725038_f1.fastq.gz,Raw FASTQ
HRR1725038_r2.fastq.gz,Raw FASTQ
HRR1725039_f1.fastq.gz,Raw FASTQ
HRR1725039_r2.fastq.gz,Raw FASTQ
HRR1725040_f1.fastq.gz,Raw FASTQ
HRR1725040_r2.fastq.gz,Raw FASTQ
HRR1725041_f1.fastq.gz,Raw FASTQ
HRR1725041_r2.fastq.gz,Raw FASTQ
HRR1725042_f1.fastq.gz,Raw FASTQ
HRR1725042_r2.fastq.gz,Raw FASTQ
HRR1725043_f1.fastq.gz,Raw FASTQ
HRR1725043_r2.fastq.gz,Raw FASTQ
HRR1725044_f1.fastq.gz,Raw FASTQ
HRR1725044_r2.fastq.gz,Raw FASTQ
HRR1725045_f1.fastq.gz,Raw FASTQ
HRR1725045_r2.fastq.gz,Raw FASTQ
HRR1725046_f1.fastq.gz,Raw FASTQ
HRR1725046_r2.fastq.gz,Raw FASTQ
HRR1725047_f1.fastq.gz,Raw FASTQ
HRR1725047_r2.fastq.gz,Raw FASTQ
HRR1725048_f1.fastq.gz,Raw FASTQ
HRR1725048_r2.fastq.gz,Raw FASTQ
HRR1725049_f1.fastq.gz,Raw FASTQ
HRR1725049_r2.fastq.gz,Raw FASTQ
HRR1725050_f1.fastq.gz,Raw FASTQ
HRR1725050_r2.fastq.gz,Raw FASTQ
HRR1725051_f1.fastq.gz,Raw FASTQ
HRR1725051_r2.fastq.gz,Raw FASTQ
HRR1725052_f1.fastq.gz,Raw FASTQ
HRR1725052_r2.fastq.gz,Raw FASTQ
HRR1725053_f1.fastq.gz,Raw FASTQ
HRR1725053_r2.fastq.gz,Raw FASTQ
HRR1725054_f1.fastq.gz,Raw FASTQ
HRR1725054_r2.fastq.gz,Raw FASTQ
HRR1725055_f1.fastq.gz,Raw FASTQ
HRR1725055_r2.fastq.gz,Raw FASTQ
HRR1725056_f1.fastq.gz,Raw FASTQ
HRR1725056_r2.fastq.gz,Raw FASTQ
HRR1725057_f1.fastq.gz,Raw FASTQ
HRR1725057_r2.fastq.gz,Raw FASTQ
HRR1725058_f1.fastq.gz,Raw FASTQ
HRR1725058_r2.fastq.gz,Raw FASTQ
HRR1725059_f1.fastq.gz,Raw FASTQ
HRR1725059_r2.fastq.gz,Raw FASTQ
HRR1725060_f1.fastq.gz,Raw FASTQ
HRR1725060_r2.fastq.gz,Raw FASTQ
HRR1725061_f1.fastq.gz,Raw FASTQ
HRR1725061_r2.fastq.gz,Raw FASTQ
HRR1725062_f1.fastq.gz,Raw FASTQ
HRR1725062_r2.fastq.gz,Raw FASTQ
HRR1725063_f1.fastq.gz,Raw FASTQ
HRR1725063_r2.fastq.gz,Raw FASTQ
HRR1725064_f1.fastq.gz,Raw FASTQ
HRR1725064_r2.fastq.gz,Raw FASTQ
HRR1725065_f1.fastq.gz,Raw FASTQ
HRR1725065_r2.fastq.gz,Raw FASTQ
HRR1725066_f1.fastq.gz,Raw FASTQ
HRR1725066_r2.fastq.gz,Raw FASTQ
HRR1725067_f1.fastq.gz,Raw FASTQ
HRR1725067_r2.fastq.gz,Raw FASTQ
HRR1725068_f1.fastq.gz,Raw FASTQ
HRR1725068_r2.fastq.gz,Raw FASTQ
HRR1725069_f1.fastq.gz,Raw FASTQ
HRR1725069_r2.fastq.gz,Raw FASTQ
HRR1725070_f1.fastq.gz,Raw FASTQ
HRR1725070_r2.fastq.gz,Raw FASTQ
HRR1725071_f1.fastq.gz,Raw FASTQ
HRR1725071_r2.fastq.gz,Raw FASTQ
HRR1725072_f1.fastq.gz,Raw FASTQ
HRR1725072_r2.fastq.gz,Raw FASTQ
HRR1725073_f1.fastq.gz,Raw FASTQ
HRR1725073_r2.fastq.gz,Raw FASTQ
HRR1725074_f1.fastq.gz,Raw FASTQ
HRR1725074_r2.fastq.gz,Raw FASTQ
HRR1725075_f1.fastq.gz,Raw FASTQ
HRR1725075_r2.fastq.gz,Raw FASTQ
HRR1725076_f1.fastq.gz,Raw FASTQ
HRR1725076_r2.fastq.gz,Raw FASTQ
HRR1725077_f1.fastq.gz,Raw FASTQ
HRR1725077_r2.fastq.gz,Raw FASTQ
HRR1725078_f1.fastq.gz,Raw FASTQ
HRR1725078_r2.fastq.gz,Raw FASTQ
HRR1725079_f1.fastq.gz,Raw FASTQ
HRR1725079_r2.fastq.gz,Raw FASTQ
HRR1725080_f1.fastq.gz,Raw FASTQ
HRR1725080_r2.fastq.gz,Raw FASTQ
HRR1725000_f1.fastq.gz,Raw FASTQ
HRR1725000_r2.fastq.gz,Raw FASTQ
HRR1725001_f1.fastq.gz,Raw FASTQ
HRR1725001_r2.fastq.gz,Raw FASTQ
HRR1725002_f1.fastq.gz,Raw FASTQ
HRR1725002_r2.fastq.gz,Raw FASTQ
HRR1725003_f1.fastq.gz,Raw FASTQ
HRR1725003_r2.fastq.gz,Raw FASTQ
HRR1725004_f1.fastq.gz,Raw FASTQ
HRR1725004_r2.fastq.gz,Raw FASTQ
HRR1725005_f1.fastq.gz,Raw FASTQ
HRR1725005_r2.fastq.gz,Raw FASTQ
HRR1725006_f1.fastq.gz,Raw FASTQ
HRR1725006_r2.fastq.gz,Raw FASTQ
HRR1725007_f1.fastq.gz,Raw FASTQ
HRR1725007_r2.fastq.gz,Raw FASTQ
HRR1725008_f1.fastq.gz,Raw FASTQ
HRR1725008_r2.fastq.gz,Raw FASTQ
HRR1725009_f1.fastq.gz,Raw FASTQ
HRR1725009_r2.fastq.gz,Raw FASTQ
HRR1725010_f1.fastq.gz,Raw FASTQ
HRR1725010_r2.fastq.gz,Raw FASTQ
HRR1725011_f1.fastq.gz,Raw FASTQ
HRR1725011_r2.fastq.gz,Raw FASTQ
HRR1725012_f1.fastq.gz,Raw FASTQ
HRR1725012_r2.fastq.gz,Raw FASTQ
HRR1725114_f1.fastq.gz,Raw FASTQ
HRR1725114_r2.fastq.gz,Raw FASTQ
HRR1725115_f1.fastq.gz,Raw FASTQ
HRR1725115_r2.fastq.gz,Raw FASTQ
HRR1725116_f1.fastq.gz,Raw FASTQ
HRR1725116_r2.fastq.gz,Raw FASTQ
HRR1725117_f1.fastq.gz,Raw FASTQ
HRR1725117_r2.fastq.gz,Raw FASTQ
HRR1725118_f1.fastq.gz,Raw FASTQ
HRR1725118_r2.fastq.gz,Raw FASTQ
HRR1725119_f1.fastq.gz,Raw FASTQ
HRR1725119_r2.fastq.gz,Raw FASTQ
HRR1725120_f1.fastq.gz,Raw FASTQ
HRR1725120_r2.fastq.gz,Raw FASTQ
HRR1725121_f1.fastq.gz,Raw FASTQ
HRR1725121_r2.fastq.gz,Raw FASTQ
HRR1725122_f1.fastq.gz,Raw FASTQ
HRR1725122_r2.fastq.gz,Raw FASTQ
HRR1725123_f1.fastq.gz,Raw FASTQ
HRR1725123_r2.fastq.gz,Raw FASTQ
HRR1725124_f1.fastq.gz,Raw FASTQ
HRR1725124_r2.fastq.gz,Raw FASTQ
HRR1725125_f1.fastq.gz,Raw FASTQ
HRR1725125_r2.fastq.gz,Raw FASTQ
HRR1725126_f1.fastq.gz,Raw FASTQ
HRR1725126_r2.fastq.gz,Raw FASTQ
HRR1725127_f1.fastq.gz,Raw FASTQ
HRR1725127_r2.fastq.gz,Raw FASTQ
HRR1725128_f1.fastq.gz,Raw FASTQ
HRR1725128_r2.fastq.gz,Raw FASTQ
HRR1725129_f1.fastq.gz,Raw FASTQ
HRR1725129_r2.fastq.gz,Raw FASTQ
HRR1725130_f1.fastq.gz,Raw FASTQ
HRR1725130_r2.fastq.gz,Raw FASTQ
HRR1725131_f1.fastq.gz,Raw FASTQ
HRR1725131_r2.fastq.gz,Raw FASTQ
HRR1725132_f1.fastq.gz,Raw FASTQ
HRR1725132_r2.fastq.gz,Raw FASTQ
HRR1725133_f1.fastq.gz,Raw FASTQ
HRR1725133_r2.fastq.gz,Raw FASTQ
HRR1725134_f1.fastq.gz,Raw FASTQ
HRR1725134_r2.fastq.gz,Raw FASTQ
HRR1725135_f1.fastq.gz,Raw FASTQ
HRR1725135_r2.fastq.gz,Raw FASTQ
HRR1725136_f1.fastq.gz,Raw FASTQ
HRR1725136_r2.fastq.gz,Raw FASTQ
HRR1725137_f1.fastq.gz,Raw FASTQ
HRR1725137_r2.fastq.gz,Raw FASTQ
HRR1725138_f1.fastq.gz,Raw FASTQ
HRR1725138_r2.fastq.gz,Raw FASTQ
HRR1725139_f1.fastq.gz,Raw FASTQ
HRR1725139_r2.fastq.gz,Raw FASTQ
HRR1725140_f1.fastq.gz,Raw FASTQ
HRR1725140_r2.fastq.gz,Raw FASTQ
HRR1725141_f1.fastq.gz,Raw FASTQ
HRR1725141_r2.fastq.gz,Raw FASTQ
HRR1725142_f1.fastq.gz,Raw FASTQ
HRR1725142_r2.fastq.gz,Raw FASTQ
HRR1725143_f1.fastq.gz,Raw FASTQ
HRR1725143_r2.fastq.gz,Raw FASTQ
HRR1725144_f1.fastq.gz,Raw FASTQ
HRR1725144_r2.fastq.gz,Raw FASTQ
HRR1725145_f1.fastq.gz,Raw FASTQ
HRR1725145_r2.fastq.gz,Raw FASTQ
HRR1725146_f1.fastq.gz,Raw FASTQ
HRR1725146_r2.fastq.gz,Raw FASTQ
HRR1725147_f1.fastq.gz,Raw FASTQ
HRR1725147_r2.fastq.gz,Raw FASTQ
HRR1725148_f1.fastq.gz,Raw FASTQ
HRR1725148_r2.fastq.gz,Raw FASTQ
HRR1725149_f1.fastq.gz,Raw FASTQ
HRR1725149_r2.fastq.gz,Raw FASTQ
HRR1725150_f1.fastq.gz,Raw FASTQ
HRR1725150_r2.fastq.gz,Raw FASTQ
HRR1725151_f1.fastq.gz,Raw FASTQ
HRR1725151_r2.fastq.gz,Raw FASTQ
HRR1725152_f1.fastq.gz,Raw FASTQ
HRR1725152_r2.fastq.gz,Raw FASTQ
HRR1725153_f1.fastq.gz,Raw FASTQ
HRR1725153_r2.fastq.gz,Raw FASTQ
HRR1725154_f1.fastq.gz,Raw FASTQ
HRR1725154_r2.fastq.gz,Raw FASTQ
HRR1725155_f1.fastq.gz,Raw FASTQ
HRR1725155_r2.fastq.gz,Raw FASTQ
HRR1725156_f1.fastq.gz,Raw FASTQ
HRR1725156_r2.fastq.gz,Raw FASTQ
HRR1725157_f1.fastq.gz,Raw FASTQ
HRR1725157_r2.fastq.gz,Raw FASTQ
HRR1725158_f1.fastq.gz,Raw FASTQ
HRR1725158_r2.fastq.gz,Raw FASTQ
HRR1725159_f1.fastq.gz,Raw FASTQ
HRR1725159_r2.fastq.gz,Raw FASTQ
HRR1725160_f1.fastq.gz,Raw FASTQ
HRR1725160_r2.fastq.gz,Raw FASTQ
HRR1725161_f1.fastq.gz,Raw FASTQ
HRR1725161_r2.fastq.gz,Raw FASTQ
HRR1725162_f1.fastq.gz,Raw FASTQ
HRR1725162_r2.fastq.gz,Raw FASTQ
HRR1725163_f1.fastq.gz,Raw FASTQ
HRR1725163_r2.fastq.gz,Raw FASTQ
HRR1725164_f1.fastq.gz,Raw FASTQ
HRR1725164_r2.fastq.gz,Raw FASTQ
HRR1725165_f1.fastq.gz,Raw FASTQ
HRR1725165_r2.fastq.gz,Raw FASTQ
HRR1725166_f1.fastq.gz,Raw FASTQ
HRR1725166_r2.fastq.gz,Raw FASTQ
HRR1725167_f1.fastq.gz,Raw FASTQ
HRR1725167_r2.fastq.gz,Raw FASTQ
HRR1725168_f1.fastq.gz,Raw FASTQ
HRR1725168_r2.fastq.gz,Raw FASTQ
HRR1725169_f1.fastq.gz,Raw FASTQ
HRR1725169_r2.fastq.gz,Raw FASTQ
HRR1725170_f1.fastq.gz,Raw FASTQ
HRR1725170_r2.fastq.gz,Raw FASTQ
HRR1725171_f1.fastq.gz,Raw FASTQ
HRR1725171_r2.fastq.gz,Raw FASTQ
HRR1725172_f1.fastq.gz,Raw FASTQ
HRR1725172_r2.fastq.gz,Raw FASTQ
HRR1725173_f1.fastq.gz,Raw FASTQ
HRR1725173_r2.fastq.gz,Raw FASTQ
HRR1725174_f1.fastq.gz,Raw FASTQ
HRR1725174_r2.fastq.gz,Raw FASTQ
HRR1725175_f1.fastq.gz,Raw FASTQ
HRR1725175_r2.fastq.gz,Raw FASTQ
HRR1725176_f1.fastq.gz,Raw FASTQ
HRR1725176_r2.fastq.gz,Raw FASTQ
HRR1725177_f1.fastq.gz,Raw FASTQ
HRR1725177_r2.fastq.gz,Raw FASTQ
HRR1725178_f1.fastq.gz,Raw FASTQ
HRR1725178_r2.fastq.gz,Raw FASTQ
HRR1725179_f1.fastq.gz,Raw FASTQ
HRR1725179_r2.fastq.gz,Raw FASTQ
HRR1725180_f1.fastq.gz,Raw FASTQ
HRR1725180_r2.fastq.gz,Raw FASTQ
HRR1725181_f1.fastq.gz,Raw FASTQ
HRR1725181_r2.fastq.gz,Raw FASTQ
HRR1725182_f1.fastq.gz,Raw FASTQ
HRR1725182_r2.fastq.gz,Raw FASTQ
HRR1725183_f1.fastq.gz,Raw FASTQ
HRR1725183_r2.fastq.gz,Raw FASTQ
HRR1725184_f1.fastq.gz,Raw FASTQ
HRR1725184_r2.fastq.gz,Raw FASTQ
HRR1725185_f1.fastq.gz,Raw FASTQ
HRR1725185_r2.fastq.gz,Raw FASTQ
HRR1725186_f1.fastq.gz,Raw FASTQ
HRR1725186_r2.fastq.gz,Raw FASTQ
HRR1725187_f1.fastq.gz,Raw FASTQ
HRR1725187_r2.fastq.gz,Raw FASTQ
HRR1725188_f1.fastq.gz,Raw FASTQ
HRR1725188_r2.fastq.gz,Raw FASTQ
HRR1725189_f1.fastq.gz,Raw FASTQ
HRR1725189_r2.fastq.gz,Raw FASTQ
HRR1725190_f1.fastq.gz,Raw FASTQ
HRR1725190_r2.fastq.gz,Raw FASTQ
HRR1725191_f1.fastq.gz,Raw FASTQ
HRR1725191_r2.fastq.gz,Raw FASTQ
HRR1725192_f1.fastq.gz,Raw FASTQ
HRR1725192_r2.fastq.gz,Raw FASTQ
HRR1725193_f1.fastq.gz,Raw FASTQ
HRR1725193_r2.fastq.gz,Raw FASTQ
HRR1725194_f1.fastq.gz,Raw FASTQ
HRR1725194_r2.fastq.gz,Raw FASTQ
HRR1725195_f1.fastq.gz,Raw FASTQ
HRR1725195_r2.fastq.gz,Raw FASTQ
HRR1725196_f1.fastq.gz,Raw FASTQ
HRR1725196_r2.fastq.gz,Raw FASTQ
HRR1725197_f1.fastq.gz,Raw FASTQ
HRR1725197_r2.fastq.gz,Raw FASTQ
HRR1725198_f1.fastq.gz,Raw FASTQ
HRR1725198_r2.fastq.gz,Raw FASTQ
HRR1725199_f1.fastq.gz,Raw FASTQ
HRR1725199_r2.fastq.gz,Raw FASTQ
HRR1725200_f1.fastq.gz,Raw FASTQ
HRR1725200_r2.fastq.gz,Raw FASTQ
HRR1725201_f1.fastq.gz,Raw FASTQ
HRR1725201_r2.fastq.gz,Raw FASTQ
HRR1725202_f1.fastq.gz,Raw FASTQ
HRR1725202_r2.fastq.gz,Raw FASTQ
HRR1725203_f1.fastq.gz,Raw FASTQ
HRR1725203_r2.fastq.gz,Raw FASTQ
HRR1725204_f1.fastq.gz,Raw FASTQ
HRR1725204_r2.fastq.gz,Raw FASTQ
HRR1725205_f1.fastq.gz,Raw FASTQ
HRR1725205_r2.fastq.gz,Raw FASTQ
HRR1725206_f1.fastq.gz,Raw FASTQ
HRR1725206_r2.fastq.gz,Raw FASTQ
HRR1725207_f1.fastq.gz,Raw FASTQ
HRR1725207_r2.fastq.gz,Raw FASTQ
HRR1725208_f1.fastq.gz,Raw FASTQ
HRR1725208_r2.fastq.gz,Raw FASTQ
HRR1725209_f1.fastq.gz,Raw FASTQ
HRR1725209_r2.fastq.gz,Raw FASTQ
HRR1725210_f1.fastq.gz,Raw FASTQ
HRR1725210_r2.fastq.gz,Raw FASTQ
HRR1725211_f1.fastq.gz,Raw FASTQ
HRR1725211_r2.fastq.gz,Raw FASTQ
HRR1725212_f1.fastq.gz,Raw FASTQ
HRR1725212_r2.fastq.gz,Raw FASTQ
HRR1725213_f1.fastq.gz,Raw FASTQ
HRR1725213_r2.fastq.gz,Raw FASTQ
HRR1725214_f1.fastq.gz,Raw FASTQ
HRR1725214_r2.fastq.gz,Raw FASTQ
HRR1725215_f1.fastq.gz,Raw FASTQ
HRR1725215_r2.fastq.gz,Raw FASTQ
HRR1725216_f1.fastq.gz,Raw FASTQ
HRR1725216_r2.fastq.gz,Raw FASTQ
HRR1725217_f1.fastq.gz,Raw FASTQ
HRR1725217_r2.fastq.gz,Raw FASTQ
HRR1725218_f1.fastq.gz,Raw FASTQ
HRR1725218_r2.fastq.gz,Raw FASTQ
HRR1725219_f1.fastq.gz,Raw FASTQ
HRR1725219_r2.fastq.gz,Raw FASTQ
HRR1725220_f1.fastq.gz,Raw FASTQ
HRR1725220_r2.fastq.gz,Raw FASTQ
HRR1725221_f1.fastq.gz,Raw FASTQ
HRR1725221_r2.fastq.gz,Raw FASTQ
HRR1725222_f1.fastq.gz,Raw FASTQ
HRR1725222_r2.fastq.gz,Raw FASTQ
HRR1725223_f1.fastq.gz,Raw FASTQ
HRR1725223_r2.fastq.gz,Raw FASTQ
HRR1725224_f1.fastq.gz,Raw FASTQ
HRR1725224_r2.fastq.gz,Raw FASTQ
HRR1725225_f1.fastq.gz,Raw FASTQ
HRR1725225_r2.fastq.gz,Raw FASTQ
HRR1725226_f1.fastq.gz,Raw FASTQ
HRR1725226_r2.fastq.gz,Raw FASTQ
HRR1725227_f1.fastq.gz,Raw FASTQ
HRR1725227_r2.fastq.gz,Raw FASTQ
HRR1725228_f1.fastq.gz,Raw FASTQ
HRR1725228_r2.fastq.gz,Raw FASTQ
HRR1725229_f1.fastq.gz,Raw FASTQ
HRR1725229_r2.fastq.gz,Raw FASTQ
HRR1725230_f1.fastq.gz,Raw FASTQ
HRR1725230_r2.fastq.gz,Raw FASTQ
HRR1725231_f1.fastq.gz,Raw FASTQ
HRR1725231_r2.fastq.gz,Raw FASTQ
HRR1725232_f1.fastq.gz,Raw FASTQ
HRR1725232_r2.fastq.gz,Raw FASTQ
HRR1725233_f1.fastq.gz,Raw FASTQ
HRR1725233_r2.fastq.gz,Raw FASTQ
HRR1725234_f1.fastq.gz,Raw FASTQ
HRR1725234_r2.fastq.gz,Raw FASTQ
HRR1725235_f1.fastq.gz,Raw FASTQ
HRR1725235_r2.fastq.gz,Raw FASTQ
HRR1725236_f1.fastq.gz,Raw FASTQ
HRR1725236_r2.fastq.gz,Raw FASTQ
HRR1725237_f1.fastq.gz,Raw FASTQ
HRR1725237_r2.fastq.gz,Raw FASTQ
HRR1725238_f1.fastq.gz,Raw FASTQ
HRR1725238_r2.fastq.gz,Raw FASTQ
HRR1725239_f1.fastq.gz,Raw FASTQ
HRR1725239_r2.fastq.gz,Raw FASTQ
HRR1725240_f1.fastq.gz,Raw FASTQ
HRR1725240_r2.fastq.gz,Raw FASTQ
HRR1725241_f1.fastq.gz,Raw FASTQ
HRR1725241_r2.fastq.gz,Raw FASTQ
HRR1725242_f1.fastq.gz,Raw FASTQ
HRR1725242_r2.fastq.gz,Raw FASTQ
HRR1725243_f1.fastq.gz,Raw FASTQ
HRR1725243_r2.fastq.gz,Raw FASTQ
HRR1725244_f1.fastq.gz,Raw FASTQ
HRR1725244_r2.fastq.gz,Raw FASTQ
HRR1725245_f1.fastq.gz,Raw FASTQ
HRR1725245_r2.fastq.gz,Raw FASTQ
HRR1725246_f1.fastq.gz,Raw FASTQ
HRR1725246_r2.fastq.gz,Raw FASTQ
HRR1725247_f1.fastq.gz,Raw FASTQ
HRR1725247_r2.fastq.gz,Raw FASTQ
HRR1725248_f1.fastq.gz,Raw FASTQ
HRR1725248_r2.fastq.gz,Raw FASTQ
HRR1725249_f1.fastq.gz,Raw FASTQ
HRR1725249_r2.fastq.gz,Raw FASTQ
HRR1725250_f1.fastq.gz,Raw FASTQ
HRR1725250_r2.fastq.gz,Raw FASTQ
HRR1725251_f1.fastq.gz,Raw FASTQ
HRR1725251_r2.fastq.gz,Raw FASTQ
HRR1725252_f1.fastq.gz,Raw FASTQ
HRR1725252_r2.fastq.gz,Raw FASTQ
HRR1725253_f1.fastq.gz,Raw FASTQ
HRR1725253_r2.fastq.gz,Raw FASTQ
HRR1725254_f1.fastq.gz,Raw FASTQ
HRR1725254_r2.fastq.gz,Raw FASTQ
HRR1725087_f1.fastq.gz,Raw FASTQ
HRR1725087_r2.fastq.gz,Raw FASTQ
HRR1725088_f1.fastq.gz,Raw FASTQ
HRR1725088_r2.fastq.gz,Raw FASTQ
HRR1725089_f1.fastq.gz,Raw FASTQ
HRR1725089_r2.fastq.gz,Raw FASTQ
HRR1725090_f1.fastq.gz,Raw FASTQ
HRR1725090_r2.fastq.gz,Raw FASTQ
HRR1725091_f1.fastq.gz,Raw FASTQ
HRR1725091_r2.fastq.gz,Raw FASTQ
HRR1725092_f1.fastq.gz,Raw FASTQ
HRR1725092_r2.fastq.gz,Raw FASTQ
HRR1725093_f1.fastq.gz,Raw FASTQ
HRR1725093_r2.fastq.gz,Raw FASTQ
HRR1725094_f1.fastq.gz,Raw FASTQ
HRR1725094_r2.fastq.gz,Raw FASTQ
HRR1725095_f1.fastq.gz,Raw FASTQ
HRR1725095_r2.fastq.gz,Raw FASTQ
HRR1725096_f1.fastq.gz,Raw FASTQ
HRR1725096_r2.fastq.gz,Raw FASTQ
HRR1725097_f1.fastq.gz,Raw FASTQ
HRR1725097_r2.fastq.gz,Raw FASTQ
HRR1725098_f1.fastq.gz,Raw FASTQ
HRR1725098_r2.fastq.gz,Raw FASTQ
HRR1725099_f1.fastq.gz,Raw FASTQ
HRR1725099_r2.fastq.gz,Raw FASTQ
HRR1725100_f1.fastq.gz,Raw FASTQ
HRR1725100_r2.fastq.gz,Raw FASTQ
HRR1725101_f1.fastq.gz,Raw FASTQ
HRR1725101_r2.fastq.gz,Raw FASTQ
HRR1725102_f1.fastq.gz,Raw FASTQ
HRR1725102_r2.fastq.gz,Raw FASTQ
HRR1725103_f1.fastq.gz,Raw FASTQ
HRR1725103_r2.fastq.gz,Raw FASTQ
HRR1725104_f1.fastq.gz,Raw FASTQ
HRR1725104_r2.fastq.gz,Raw FASTQ
HRR1725105_f1.fastq.gz,Raw FASTQ
HRR1725105_r2.fastq.gz,Raw FASTQ
HRR1725106_f1.fastq.gz,Raw FASTQ
HRR1725106_r2.fastq.gz,Raw FASTQ
HRR1725107_f1.fastq.gz,Raw FASTQ
HRR1725107_r2.fastq.gz,Raw FASTQ
HRR1725108_f1.fastq.gz,Raw FASTQ
HRR1725108_r2.fastq.gz,Raw FASTQ
HRR1725109_f1.fastq.gz,Raw FASTQ
HRR1725109_r2.fastq.gz,Raw FASTQ
HRR1725110_f1.fastq.gz,Raw FASTQ
HRR1725110_r2.fastq.gz,Raw FASTQ
HRR1725111_f1.fastq.gz,Raw FASTQ
HRR1725111_r2.fastq.gz,Raw FASTQ
HRR1725112_f1.fastq.gz,Raw FASTQ
HRR1725112_r2.fastq.gz,Raw FASTQ
HRR1725113_f1.fastq.gz,Raw FASTQ
HRR1725113_r2.fastq.gz,Raw FASTQ
