type,start,end,properties_json
ALLOW_FORMAT,io_slot:bcftools::input::unfiltered_vcf,catalog_format:vcf,{}
ALLOW_FORMAT,io_slot:bcftools::output::filtered_vcf,catalog_format:tbi,{}
ALLOW_FORMAT,io_slot:bcftools::output::filtered_vcf,catalog_format:vcf,{}
ALLOW_FORMAT,io_slot:bwa::input::clean_fastq_read,catalog_format:fasta,{}
ALLOW_FORMAT,io_slot:bwa::input::clean_fastq_read,catalog_format:fq.gz,{}
ALLOW_FORMAT,io_slot:bwa::input::clean_fastq_read,catalog_format:index,{}
ALLOW_FORMAT,io_slot:bwa::input::genome_annotation,catalog_format:fasta,{}
ALLOW_FORMAT,io_slot:bwa::input::genome_annotation,catalog_format:fq.gz,{}
ALLOW_FORMAT,io_slot:bwa::input::genome_annotation,catalog_format:index,{}
ALLOW_FORMAT,io_slot:bwa::output::aligned_bam,catalog_format:bam,{}
ALLOW_FORMAT,io_slot:bwa::output::aligned_bam,catalog_format:sam,{}
ALLOW_FORMAT,io_slot:diff_expr_go::in::expression,catalog_format:tsv,{}
ALLOW_FORMAT,io_slot:diff_expr_go::out::differential,catalog_format:tsv,{}
ALLOW_FORMAT,io_slot:diff_expr_go::out::enrichment,catalog_format:tsv,{}
ALLOW_FORMAT,io_slot:diff_expr_kegg::in::expression,catalog_format:tsv,{}
ALLOW_FORMAT,io_slot:diff_expr_kegg::out::differential,catalog_format:tsv,{}
ALLOW_FORMAT,io_slot:diff_expr_kegg::out::enrichment,catalog_format:tsv,{}
ALLOW_FORMAT,io_slot:driver_gene_gender_analysis::in::clinical,catalog_format:xls,{}
ALLOW_FORMAT,io_slot:driver_gene_gender_analysis::in::clinical,catalog_format:xlsx,{}
ALLOW_FORMAT,io_slot:driver_gene_gender_analysis::in::maf,catalog_format:maf,{}
ALLOW_FORMAT,io_slot:driver_gene_gender_analysis::in::metainfo,catalog_format:xlsx,{}
ALLOW_FORMAT,io_slot:driver_gene_gender_analysis::out::figures,catalog_format:pdf,{}
ALLOW_FORMAT,io_slot:driver_gene_gender_analysis::out::figures,catalog_format:png,{}
ALLOW_FORMAT,io_slot:driver_gene_gender_analysis::out::matrix,catalog_format:gz,{}
ALLOW_FORMAT,io_slot:driver_gene_gender_analysis::out::matrix,catalog_format:tsv,{}
ALLOW_FORMAT,io_slot:driver_gene_gender_analysis::out::statistics,catalog_format:tsv,{}
ALLOW_FORMAT,io_slot:fastp::input::raw_fastq_read,catalog_format:fq.gz,{}
ALLOW_FORMAT,io_slot:fastp::output::clean_fastq_read,catalog_format:fq.gz,{}
ALLOW_FORMAT,io_slot:fastp::output::clean_fastq_read,catalog_format:html,{}
ALLOW_FORMAT,io_slot:fastp::output::clean_fastq_read,catalog_format:json,{}
ALLOW_FORMAT,io_slot:fastqc::input::clean_fastq_read,catalog_format:fq.gz,{}
ALLOW_FORMAT,io_slot:fastqc::input::raw_fastq_read,catalog_format:fq.gz,{}
ALLOW_FORMAT,io_slot:fastqc::output::quality_control_report,catalog_format:html,{}
ALLOW_FORMAT,io_slot:fastqc::output::quality_control_report,catalog_format:zip,{}
ALLOW_FORMAT,io_slot:featurecounts::input::genome_annotation,catalog_format:bam,{}
ALLOW_FORMAT,io_slot:featurecounts::input::genome_annotation,catalog_format:gtf,{}
ALLOW_FORMAT,io_slot:featurecounts::input::sorted_dedup_bam,catalog_format:bam,{}
ALLOW_FORMAT,io_slot:featurecounts::input::sorted_dedup_bam,catalog_format:gtf,{}
ALLOW_FORMAT,io_slot:featurecounts::output::expression_count_matrix,catalog_format:txt,{}
ALLOW_FORMAT,io_slot:gatk::input::genome_annotation,catalog_format:bam,{}
ALLOW_FORMAT,io_slot:gatk::input::genome_annotation,catalog_format:fasta,{}
ALLOW_FORMAT,io_slot:gatk::input::genome_annotation,catalog_format:vcf,{}
ALLOW_FORMAT,io_slot:gatk::input::sorted_dedup_bam,catalog_format:bam,{}
ALLOW_FORMAT,io_slot:gatk::input::sorted_dedup_bam,catalog_format:fasta,{}
ALLOW_FORMAT,io_slot:gatk::input::sorted_dedup_bam,catalog_format:vcf,{}
ALLOW_FORMAT,io_slot:gatk::output::sorted_dedup_bam,catalog_format:bam,{}
ALLOW_FORMAT,io_slot:gatk::output::sorted_dedup_bam,catalog_format:vcf,{}
ALLOW_FORMAT,io_slot:gatk::output::unfiltered_vcf,catalog_format:bam,{}
ALLOW_FORMAT,io_slot:gatk::output::unfiltered_vcf,catalog_format:vcf,{}
ALLOW_FORMAT,io_slot:her2_pfs_survival::in::clinical,catalog_format:xls,{}
ALLOW_FORMAT,io_slot:her2_pfs_survival::in::clinical,catalog_format:xlsx,{}
ALLOW_FORMAT,io_slot:her2_pfs_survival::in::expression,catalog_format:tsv,{}
ALLOW_FORMAT,io_slot:her2_pfs_survival::in::metainfo,catalog_format:xlsx,{}
ALLOW_FORMAT,io_slot:her2_pfs_survival::out::figures,catalog_format:pdf,{}
ALLOW_FORMAT,io_slot:her2_pfs_survival::out::figures,catalog_format:png,{}
ALLOW_FORMAT,io_slot:her2_pfs_survival::out::statistics,catalog_format:tsv,{}
ALLOW_FORMAT,io_slot:her2_pfs_survival::out::summary,catalog_format:json,{}
ALLOW_FORMAT,io_slot:her2_pfs_survival::out::summary,catalog_format:txt,{}
ALLOW_FORMAT,io_slot:immune_infiltration_iobr::in::clinical,catalog_format:xls,{}
ALLOW_FORMAT,io_slot:immune_infiltration_iobr::in::clinical,catalog_format:xlsx,{}
ALLOW_FORMAT,io_slot:immune_infiltration_iobr::in::expression,catalog_format:tsv,{}
ALLOW_FORMAT,io_slot:immune_infiltration_iobr::in::metainfo,catalog_format:xlsx,{}
ALLOW_FORMAT,io_slot:immune_infiltration_iobr::out::figures,catalog_format:pdf,{}
ALLOW_FORMAT,io_slot:immune_infiltration_iobr::out::figures,catalog_format:png,{}
ALLOW_FORMAT,io_slot:immune_infiltration_iobr::out::fractions,catalog_format:tsv,{}
ALLOW_FORMAT,io_slot:immune_infiltration_iobr::out::qc,catalog_format:json,{}
ALLOW_FORMAT,io_slot:immune_infiltration_iobr::out::qc,catalog_format:tsv,{}
ALLOW_FORMAT,io_slot:immune_infiltration_iobr::out::qc,catalog_format:txt,{}
ALLOW_FORMAT,io_slot:multiqc::input::quality_control_report,catalog_format:html,{}
ALLOW_FORMAT,io_slot:multiqc::input::quality_control_report,catalog_format:log,{}
ALLOW_FORMAT,io_slot:multiqc::input::quality_control_report,catalog_format:tsv,{}
ALLOW_FORMAT,io_slot:multiqc::input::quality_control_report,catalog_format:zip,{}
ALLOW_FORMAT,io_slot:multiqc::output::quality_control_report,catalog_format:html,{}
ALLOW_FORMAT,io_slot:multiqc::output::quality_control_report,catalog_format:tsv,{}
ALLOW_FORMAT,io_slot:paired_fastq_to_unmapped_bam::in::fastq_1,catalog_format:fq.gz,{}
ALLOW_FORMAT,io_slot:paired_fastq_to_unmapped_bam::in::fastq_2,catalog_format:fq.gz,{}
ALLOW_FORMAT,io_slot:paired_fastq_to_unmapped_bam::out::bam,catalog_format:bam,{}
ALLOW_FORMAT,io_slot:paired_fastq_to_unmapped_bam::out::list,catalog_format:list,{}
ALLOW_FORMAT,io_slot:rnaseq_singletask::input::fastq_1,catalog_format:fq.gz,{}
ALLOW_FORMAT,io_slot:rnaseq_singletask::input::fastq_2,catalog_format:fq.gz,{}
ALLOW_FORMAT,io_slot:rnaseq_singletask::input::gtf_file,catalog_format:gtf,{}
ALLOW_FORMAT,io_slot:rnaseq_singletask::input::rrna_star_index,catalog_format:index,{}
ALLOW_FORMAT,io_slot:rnaseq_singletask::input::rsem_index,catalog_format:index,{}
ALLOW_FORMAT,io_slot:rnaseq_singletask::input::star_genome_index,catalog_format:index,{}
ALLOW_FORMAT,io_slot:rnaseq_singletask::output::aligned_bam,catalog_format:bai,{}
ALLOW_FORMAT,io_slot:rnaseq_singletask::output::aligned_bam,catalog_format:bam,{}
ALLOW_FORMAT,io_slot:rnaseq_singletask::output::count_matrix,catalog_format:tsv,{}
ALLOW_FORMAT,io_slot:rnaseq_singletask::output::count_matrix,catalog_format:txt,{}
ALLOW_FORMAT,io_slot:rnaseq_singletask::output::expression_matrix,catalog_format:tsv,{}
ALLOW_FORMAT,io_slot:rnaseq_singletask::output::quality_control,catalog_format:html,{}
ALLOW_FORMAT,io_slot:rnaseq_singletask::output::quality_control,catalog_format:zip,{}
ALLOW_FORMAT,io_slot:rnaseq_unsupervised_cluster::in::counts,catalog_format:tsv,{}
ALLOW_FORMAT,io_slot:rnaseq_unsupervised_cluster::out::assignments,catalog_format:tsv,{}
ALLOW_FORMAT,io_slot:rnaseq_unsupervised_cluster::out::figures,catalog_format:pdf,{}
ALLOW_FORMAT,io_slot:rnaseq_unsupervised_cluster::out::figures,catalog_format:png,{}
ALLOW_FORMAT,io_slot:rnaseq_unsupervised_cluster::out::stability,catalog_format:tsv,{}
ALLOW_FORMAT,io_slot:rsem::input::genome_annotation,catalog_format:bam,{}
ALLOW_FORMAT,io_slot:rsem::input::genome_annotation,catalog_format:index,{}
ALLOW_FORMAT,io_slot:rsem::input::transcriptome_bam,catalog_format:bam,{}
ALLOW_FORMAT,io_slot:rsem::input::transcriptome_bam,catalog_format:index,{}
ALLOW_FORMAT,io_slot:rsem::output::expression_abundance_matrix,catalog_format:tsv,{}
ALLOW_FORMAT,io_slot:samtools::input::aligned_bam,catalog_format:bam,{}
ALLOW_FORMAT,io_slot:samtools::input::aligned_bam,catalog_format:sam,{}
ALLOW_FORMAT,io_slot:samtools::output::sorted_dedup_bam,catalog_format:bai,{}
ALLOW_FORMAT,io_slot:samtools::output::sorted_dedup_bam,catalog_format:bam,{}
ALLOW_FORMAT,io_slot:samtools::output::sorted_dedup_bam,catalog_format:txt,{}
ALLOW_FORMAT,io_slot:snpeff::input::filtered_vcf,catalog_format:database,{}
ALLOW_FORMAT,io_slot:snpeff::input::filtered_vcf,catalog_format:vcf,{}
ALLOW_FORMAT,io_slot:snpeff::input::genome_annotation,catalog_format:database,{}
ALLOW_FORMAT,io_slot:snpeff::input::genome_annotation,catalog_format:vcf,{}
ALLOW_FORMAT,io_slot:snpeff::output::annotated_vcf,catalog_format:html/txt,{}
ALLOW_FORMAT,io_slot:snpeff::output::annotated_vcf,catalog_format:vcf,{}
ALLOW_FORMAT,io_slot:star::input::clean_fastq_read,catalog_format:fq.gz,{}
ALLOW_FORMAT,io_slot:star::input::clean_fastq_read,catalog_format:index,{}
ALLOW_FORMAT,io_slot:star::input::genome_annotation,catalog_format:fq.gz,{}
ALLOW_FORMAT,io_slot:star::input::genome_annotation,catalog_format:index,{}
ALLOW_FORMAT,io_slot:star::output::aligned_bam,catalog_format:bam,{}
ALLOW_FORMAT,io_slot:star::output::clean_fastq_read,catalog_format:bam,{}
ALLOW_FORMAT,io_slot:star::output::clean_fastq_read,catalog_format:fq.gz,{}
ALLOW_FORMAT,io_slot:star::output::transcriptome_bam,catalog_format:bam,{}
ALLOW_FORMAT,io_slot:star::output::transcriptome_bam,catalog_format:fq.gz,{}
ALLOW_FORMAT,io_slot:survival_analysis::in::clinical,catalog_format:xls,{}
ALLOW_FORMAT,io_slot:survival_analysis::in::clinical,catalog_format:xlsx,{}
ALLOW_FORMAT,io_slot:survival_analysis::in::maf,catalog_format:maf,{}
ALLOW_FORMAT,io_slot:survival_analysis::in::metainfo,catalog_format:xlsx,{}
ALLOW_FORMAT,io_slot:survival_analysis::out::figures,catalog_format:pdf,{}
ALLOW_FORMAT,io_slot:survival_analysis::out::figures,catalog_format:png,{}
ALLOW_FORMAT,io_slot:survival_analysis::out::statistics,catalog_format:txt,{}
ALLOW_FORMAT,io_slot:tmb_survival_analysis::in::clinical,catalog_format:xls,{}
ALLOW_FORMAT,io_slot:tmb_survival_analysis::in::clinical,catalog_format:xlsx,{}
ALLOW_FORMAT,io_slot:tmb_survival_analysis::in::maf,catalog_format:maf,{}
ALLOW_FORMAT,io_slot:tmb_survival_analysis::in::metainfo,catalog_format:xlsx,{}
ALLOW_FORMAT,io_slot:tmb_survival_analysis::out::figures,catalog_format:pdf,{}
ALLOW_FORMAT,io_slot:tmb_survival_analysis::out::figures,catalog_format:png,{}
ALLOW_FORMAT,io_slot:tmb_survival_analysis::out::statistics,catalog_format:json,{}
ALLOW_FORMAT,io_slot:tmb_survival_analysis::out::statistics,catalog_format:tsv,{}
ALLOW_FORMAT,io_slot:tmb_survival_analysis::out::tmb,catalog_format:tsv,{}
ALLOW_FORMAT,io_slot:trim_galore::input::raw_fastq_read,catalog_format:fq.gz,{}
ALLOW_FORMAT,io_slot:trim_galore::output::clean_fastq_read,catalog_format:fq.gz,{}
ALLOW_FORMAT,io_slot:trim_galore::output::clean_fastq_read,catalog_format:txt/html,{}
ALLOW_FORMAT,io_slot:wes_somatic_maf_landscape::in::maf,catalog_format:maf,{}
ALLOW_FORMAT,io_slot:wes_somatic_maf_landscape::out::figures,catalog_format:pdf,{}
ALLOW_FORMAT,io_slot:wes_somatic_maf_landscape::out::figures,catalog_format:png,{}
ALLOW_FORMAT,io_slot:wes_somatic_maf_landscape::out::maf,catalog_format:maf,{}
ALLOW_FORMAT,io_slot:wes_somatic_maf_landscape::out::statistics,catalog_format:tsv,{}
ALLOW_FORMAT,io_slot:wgcna::in::clinical,catalog_format:xls,{}
ALLOW_FORMAT,io_slot:wgcna::in::clinical,catalog_format:xlsx,{}
ALLOW_FORMAT,io_slot:wgcna::in::counts,catalog_format:tsv,{}
ALLOW_FORMAT,io_slot:wgcna::in::metainfo,catalog_format:xlsx,{}
ALLOW_FORMAT,io_slot:wgcna::out::archives,catalog_format:gz,{}
ALLOW_FORMAT,io_slot:wgcna::out::figures,catalog_format:pdf,{}
ALLOW_FORMAT,io_slot:wgcna::out::figures,catalog_format:png,{}
ALLOW_FORMAT,io_slot:wgcna::out::hub_genes,catalog_format:tsv,{}
ALLOW_FORMAT,io_slot:wgcna::out::modules,catalog_format:tsv,{}
ALLOW_FORMAT,io_slot:wgcna::out::qc,catalog_format:tsv,{}
HAS_FUNCTION,tool_id:bcftools,catalog_function:VCF过滤与标准化,{}
HAS_FUNCTION,tool_id:bwa,catalog_function:比对参考基因组,{}
HAS_FUNCTION,tool_id:diff_expr_go,catalog_function:差异表达与 GO 富集分析,{}
HAS_FUNCTION,tool_id:diff_expr_go,catalog_function:差异表达与GO富集,{}
HAS_FUNCTION,tool_id:diff_expr_kegg,catalog_function:差异表达与 Reactome 通路富集分析流程,{}
HAS_FUNCTION,tool_id:diff_expr_kegg,catalog_function:差异表达与通路富集,{}
HAS_FUNCTION,tool_id:driver_gene_gender_analysis,catalog_function:驱动基因性别分层,{}
HAS_FUNCTION,tool_id:driver_gene_gender_analysis,catalog_function:驱动基因突变频率性别分层分析,{}
HAS_FUNCTION,tool_id:fastp,catalog_function:质控修剪,{}
HAS_FUNCTION,tool_id:fastqc,catalog_function:质量评估,{}
HAS_FUNCTION,tool_id:featurecounts,catalog_function:基因水平计数,{}
HAS_FUNCTION,tool_id:gatk,catalog_function:变异检测与校正,{}
HAS_FUNCTION,tool_id:her2_pfs_survival,catalog_function:HER2 表达与无进展生存期分析,{}
HAS_FUNCTION,tool_id:her2_pfs_survival,catalog_function:生存关联分析,{}
HAS_FUNCTION,tool_id:immune_infiltration_iobr,catalog_function:免疫浸润估计,{}
HAS_FUNCTION,tool_id:immune_infiltration_iobr,catalog_function:免疫浸润分析 (IOBR CIBERSORT),{}
HAS_FUNCTION,tool_id:multiqc,catalog_function:报告汇总,{}
HAS_FUNCTION,tool_id:paired_fastq_to_unmapped_bam,catalog_function:FASTQ转uBAM,{}
HAS_FUNCTION,tool_id:paired_fastq_to_unmapped_bam,catalog_function:双端 FASTQ 转未比对 BAM,{}
HAS_FUNCTION,tool_id:rnaseq_singletask,catalog_function:RNA-seq FASTQ 完整上游分析,{}
HAS_FUNCTION,tool_id:rnaseq_unsupervised_cluster,catalog_function:RNA-seq 无监督聚类分析流程,{}
HAS_FUNCTION,tool_id:rnaseq_unsupervised_cluster,catalog_function:无监督聚类,{}
HAS_FUNCTION,tool_id:rsem,catalog_function:基因定量,{}
HAS_FUNCTION,tool_id:samtools,catalog_function:BAM处理与排序,{}
HAS_FUNCTION,tool_id:snpeff,catalog_function:变异功能注释,{}
HAS_FUNCTION,tool_id:star,catalog_function:RNA剪接比对,{}
HAS_FUNCTION,tool_id:survival_analysis,catalog_function:生存分析流程,{}
HAS_FUNCTION,tool_id:survival_analysis,catalog_function:生存曲线与Cox回归,{}
HAS_FUNCTION,tool_id:tmb_survival_analysis,catalog_function:TMB与生存分析,{}
HAS_FUNCTION,tool_id:tmb_survival_analysis,catalog_function:肿瘤突变负荷生存分析流程,{}
HAS_FUNCTION,tool_id:trim_galore,catalog_function:RNA接头修剪,{}
HAS_FUNCTION,tool_id:wes_somatic_maf_landscape,catalog_function:WES 体细胞突变 MAF 景观分析流程,{}
HAS_FUNCTION,tool_id:wes_somatic_maf_landscape,catalog_function:突变景观可视化,{}
HAS_FUNCTION,tool_id:wgcna,catalog_function:WGCNA 加权基因共表达网络分析,{}
HAS_FUNCTION,tool_id:wgcna,catalog_function:加权共表达网络,{}
HAS_INPUT_SLOT,tool_id:bcftools,io_slot:bcftools::input::unfiltered_vcf,{}
HAS_INPUT_SLOT,tool_id:bwa,io_slot:bwa::input::clean_fastq_read,{}
HAS_INPUT_SLOT,tool_id:bwa,io_slot:bwa::input::genome_annotation,{}
HAS_INPUT_SLOT,tool_id:diff_expr_go,io_slot:diff_expr_go::in::expression,"{""order"":1}"
HAS_INPUT_SLOT,tool_id:diff_expr_kegg,io_slot:diff_expr_kegg::in::expression,"{""order"":1}"
HAS_INPUT_SLOT,tool_id:driver_gene_gender_analysis,io_slot:driver_gene_gender_analysis::in::clinical,"{""order"":2}"
HAS_INPUT_SLOT,tool_id:driver_gene_gender_analysis,io_slot:driver_gene_gender_analysis::in::maf,"{""order"":1}"
HAS_INPUT_SLOT,tool_id:driver_gene_gender_analysis,io_slot:driver_gene_gender_analysis::in::metainfo,"{""order"":3}"
HAS_INPUT_SLOT,tool_id:fastp,io_slot:fastp::input::raw_fastq_read,{}
HAS_INPUT_SLOT,tool_id:fastqc,io_slot:fastqc::input::clean_fastq_read,{}
HAS_INPUT_SLOT,tool_id:fastqc,io_slot:fastqc::input::raw_fastq_read,{}
HAS_INPUT_SLOT,tool_id:featurecounts,io_slot:featurecounts::input::genome_annotation,{}
HAS_INPUT_SLOT,tool_id:featurecounts,io_slot:featurecounts::input::sorted_dedup_bam,{}
HAS_INPUT_SLOT,tool_id:gatk,io_slot:gatk::input::genome_annotation,{}
HAS_INPUT_SLOT,tool_id:gatk,io_slot:gatk::input::sorted_dedup_bam,{}
HAS_INPUT_SLOT,tool_id:her2_pfs_survival,io_slot:her2_pfs_survival::in::clinical,"{""order"":2}"
HAS_INPUT_SLOT,tool_id:her2_pfs_survival,io_slot:her2_pfs_survival::in::expression,"{""order"":1}"
HAS_INPUT_SLOT,tool_id:her2_pfs_survival,io_slot:her2_pfs_survival::in::metainfo,"{""order"":3}"
HAS_INPUT_SLOT,tool_id:immune_infiltration_iobr,io_slot:immune_infiltration_iobr::in::clinical,"{""order"":2}"
HAS_INPUT_SLOT,tool_id:immune_infiltration_iobr,io_slot:immune_infiltration_iobr::in::expression,"{""order"":1}"
HAS_INPUT_SLOT,tool_id:immune_infiltration_iobr,io_slot:immune_infiltration_iobr::in::metainfo,"{""order"":3}"
HAS_INPUT_SLOT,tool_id:multiqc,io_slot:multiqc::input::quality_control_report,{}
HAS_INPUT_SLOT,tool_id:paired_fastq_to_unmapped_bam,io_slot:paired_fastq_to_unmapped_bam::in::fastq_1,"{""order"":1}"
HAS_INPUT_SLOT,tool_id:paired_fastq_to_unmapped_bam,io_slot:paired_fastq_to_unmapped_bam::in::fastq_2,"{""order"":2}"
HAS_INPUT_SLOT,tool_id:rnaseq_singletask,io_slot:rnaseq_singletask::input::fastq_1,{}
HAS_INPUT_SLOT,tool_id:rnaseq_singletask,io_slot:rnaseq_singletask::input::fastq_2,{}
HAS_INPUT_SLOT,tool_id:rnaseq_singletask,io_slot:rnaseq_singletask::input::gtf_file,{}
HAS_INPUT_SLOT,tool_id:rnaseq_singletask,io_slot:rnaseq_singletask::input::rrna_star_index,{}
HAS_INPUT_SLOT,tool_id:rnaseq_singletask,io_slot:rnaseq_singletask::input::rsem_index,{}
HAS_INPUT_SLOT,tool_id:rnaseq_singletask,io_slot:rnaseq_singletask::input::star_genome_index,{}
HAS_INPUT_SLOT,tool_id:rnaseq_unsupervised_cluster,io_slot:rnaseq_unsupervised_cluster::in::counts,"{""order"":1}"
HAS_INPUT_SLOT,tool_id:rsem,io_slot:rsem::input::genome_annotation,{}
HAS_INPUT_SLOT,tool_id:rsem,io_slot:rsem::input::transcriptome_bam,{}
HAS_INPUT_SLOT,tool_id:samtools,io_slot:samtools::input::aligned_bam,{}
HAS_INPUT_SLOT,tool_id:snpeff,io_slot:snpeff::input::filtered_vcf,{}
HAS_INPUT_SLOT,tool_id:snpeff,io_slot:snpeff::input::genome_annotation,{}
HAS_INPUT_SLOT,tool_id:star,io_slot:star::input::clean_fastq_read,{}
HAS_INPUT_SLOT,tool_id:star,io_slot:star::input::genome_annotation,{}
HAS_INPUT_SLOT,tool_id:survival_analysis,io_slot:survival_analysis::in::clinical,"{""order"":2}"
HAS_INPUT_SLOT,tool_id:survival_analysis,io_slot:survival_analysis::in::maf,"{""order"":1}"
HAS_INPUT_SLOT,tool_id:survival_analysis,io_slot:survival_analysis::in::metainfo,"{""order"":3}"
HAS_INPUT_SLOT,tool_id:tmb_survival_analysis,io_slot:tmb_survival_analysis::in::clinical,"{""order"":2}"
HAS_INPUT_SLOT,tool_id:tmb_survival_analysis,io_slot:tmb_survival_analysis::in::maf,"{""order"":1}"
HAS_INPUT_SLOT,tool_id:tmb_survival_analysis,io_slot:tmb_survival_analysis::in::metainfo,"{""order"":3}"
HAS_INPUT_SLOT,tool_id:trim_galore,io_slot:trim_galore::input::raw_fastq_read,{}
HAS_INPUT_SLOT,tool_id:wes_somatic_maf_landscape,io_slot:wes_somatic_maf_landscape::in::maf,"{""order"":1}"
HAS_INPUT_SLOT,tool_id:wgcna,io_slot:wgcna::in::clinical,"{""order"":2}"
HAS_INPUT_SLOT,tool_id:wgcna,io_slot:wgcna::in::counts,"{""order"":1}"
HAS_INPUT_SLOT,tool_id:wgcna,io_slot:wgcna::in::metainfo,"{""order"":3}"
HAS_OUTPUT_SLOT,tool_id:bcftools,io_slot:bcftools::output::filtered_vcf,{}
HAS_OUTPUT_SLOT,tool_id:bwa,io_slot:bwa::output::aligned_bam,{}
HAS_OUTPUT_SLOT,tool_id:diff_expr_go,io_slot:diff_expr_go::out::differential,"{""order"":1}"
HAS_OUTPUT_SLOT,tool_id:diff_expr_go,io_slot:diff_expr_go::out::enrichment,"{""order"":2}"
HAS_OUTPUT_SLOT,tool_id:diff_expr_kegg,io_slot:diff_expr_kegg::out::differential,"{""order"":1}"
HAS_OUTPUT_SLOT,tool_id:diff_expr_kegg,io_slot:diff_expr_kegg::out::enrichment,"{""order"":2}"
HAS_OUTPUT_SLOT,tool_id:driver_gene_gender_analysis,io_slot:driver_gene_gender_analysis::out::figures,"{""order"":3}"
HAS_OUTPUT_SLOT,tool_id:driver_gene_gender_analysis,io_slot:driver_gene_gender_analysis::out::matrix,"{""order"":2}"
HAS_OUTPUT_SLOT,tool_id:driver_gene_gender_analysis,io_slot:driver_gene_gender_analysis::out::statistics,"{""order"":1}"
HAS_OUTPUT_SLOT,tool_id:fastp,io_slot:fastp::output::clean_fastq_read,{}
HAS_OUTPUT_SLOT,tool_id:fastqc,io_slot:fastqc::output::quality_control_report,{}
HAS_OUTPUT_SLOT,tool_id:featurecounts,io_slot:featurecounts::output::expression_count_matrix,{}
HAS_OUTPUT_SLOT,tool_id:gatk,io_slot:gatk::output::sorted_dedup_bam,{}
HAS_OUTPUT_SLOT,tool_id:gatk,io_slot:gatk::output::unfiltered_vcf,{}
HAS_OUTPUT_SLOT,tool_id:her2_pfs_survival,io_slot:her2_pfs_survival::out::figures,"{""order"":2}"
HAS_OUTPUT_SLOT,tool_id:her2_pfs_survival,io_slot:her2_pfs_survival::out::statistics,"{""order"":1}"
HAS_OUTPUT_SLOT,tool_id:her2_pfs_survival,io_slot:her2_pfs_survival::out::summary,"{""order"":3}"
HAS_OUTPUT_SLOT,tool_id:immune_infiltration_iobr,io_slot:immune_infiltration_iobr::out::figures,"{""order"":3}"
HAS_OUTPUT_SLOT,tool_id:immune_infiltration_iobr,io_slot:immune_infiltration_iobr::out::fractions,"{""order"":1}"
HAS_OUTPUT_SLOT,tool_id:immune_infiltration_iobr,io_slot:immune_infiltration_iobr::out::qc,"{""order"":2}"
HAS_OUTPUT_SLOT,tool_id:multiqc,io_slot:multiqc::output::quality_control_report,{}
HAS_OUTPUT_SLOT,tool_id:paired_fastq_to_unmapped_bam,io_slot:paired_fastq_to_unmapped_bam::out::bam,"{""order"":1}"
HAS_OUTPUT_SLOT,tool_id:paired_fastq_to_unmapped_bam,io_slot:paired_fastq_to_unmapped_bam::out::list,"{""order"":2}"
HAS_OUTPUT_SLOT,tool_id:rnaseq_singletask,io_slot:rnaseq_singletask::output::aligned_bam,{}
HAS_OUTPUT_SLOT,tool_id:rnaseq_singletask,io_slot:rnaseq_singletask::output::count_matrix,{}
HAS_OUTPUT_SLOT,tool_id:rnaseq_singletask,io_slot:rnaseq_singletask::output::expression_matrix,{}
HAS_OUTPUT_SLOT,tool_id:rnaseq_singletask,io_slot:rnaseq_singletask::output::quality_control,{}
HAS_OUTPUT_SLOT,tool_id:rnaseq_unsupervised_cluster,io_slot:rnaseq_unsupervised_cluster::out::assignments,"{""order"":1}"
HAS_OUTPUT_SLOT,tool_id:rnaseq_unsupervised_cluster,io_slot:rnaseq_unsupervised_cluster::out::figures,"{""order"":3}"
HAS_OUTPUT_SLOT,tool_id:rnaseq_unsupervised_cluster,io_slot:rnaseq_unsupervised_cluster::out::stability,"{""order"":2}"
HAS_OUTPUT_SLOT,tool_id:rsem,io_slot:rsem::output::expression_abundance_matrix,{}
HAS_OUTPUT_SLOT,tool_id:samtools,io_slot:samtools::output::sorted_dedup_bam,{}
HAS_OUTPUT_SLOT,tool_id:snpeff,io_slot:snpeff::output::annotated_vcf,{}
HAS_OUTPUT_SLOT,tool_id:star,io_slot:star::output::aligned_bam,{}
HAS_OUTPUT_SLOT,tool_id:star,io_slot:star::output::clean_fastq_read,{}
HAS_OUTPUT_SLOT,tool_id:star,io_slot:star::output::transcriptome_bam,{}
HAS_OUTPUT_SLOT,tool_id:survival_analysis,io_slot:survival_analysis::out::figures,"{""order"":2}"
HAS_OUTPUT_SLOT,tool_id:survival_analysis,io_slot:survival_analysis::out::statistics,"{""order"":1}"
HAS_OUTPUT_SLOT,tool_id:tmb_survival_analysis,io_slot:tmb_survival_analysis::out::figures,"{""order"":3}"
HAS_OUTPUT_SLOT,tool_id:tmb_survival_analysis,io_slot:tmb_survival_analysis::out::statistics,"{""order"":2}"
HAS_OUTPUT_SLOT,tool_id:tmb_survival_analysis,io_slot:tmb_survival_analysis::out::tmb,"{""order"":1}"
HAS_OUTPUT_SLOT,tool_id:trim_galore,io_slot:trim_galore::output::clean_fastq_read,{}
HAS_OUTPUT_SLOT,tool_id:wes_somatic_maf_landscape,io_slot:wes_somatic_maf_landscape::out::figures,"{""order"":3}"
HAS_OUTPUT_SLOT,tool_id:wes_somatic_maf_landscape,io_slot:wes_somatic_maf_landscape::out::maf,"{""order"":1}"
HAS_OUTPUT_SLOT,tool_id:wes_somatic_maf_landscape,io_slot:wes_somatic_maf_landscape::out::statistics,"{""order"":2}"
HAS_OUTPUT_SLOT,tool_id:wgcna,io_slot:wgcna::out::archives,"{""order"":5}"
HAS_OUTPUT_SLOT,tool_id:wgcna,io_slot:wgcna::out::figures,"{""order"":4}"
HAS_OUTPUT_SLOT,tool_id:wgcna,io_slot:wgcna::out::hub_genes,"{""order"":2}"
HAS_OUTPUT_SLOT,tool_id:wgcna,io_slot:wgcna::out::modules,"{""order"":1}"
HAS_OUTPUT_SLOT,tool_id:wgcna,io_slot:wgcna::out::qc,"{""order"":3}"
HAS_STEP,tool_id:rnaseq_singletask,tool_id:fastqc,"{""depends_on"":[],""locked"":true,""order"":1,""source"":""sister-task-pipeline"",""step_id"":""fastqc""}"
HAS_STEP,tool_id:rnaseq_singletask,tool_id:featurecounts,"{""depends_on"":[""samtools""],""locked"":true,""order"":6,""source"":""sister-task-pipeline"",""step_id"":""featurecounts""}"
HAS_STEP,tool_id:rnaseq_singletask,tool_id:multiqc,"{""depends_on"":[""rsem"",""featurecounts""],""locked"":true,""order"":7,""source"":""sister-task-pipeline"",""step_id"":""multiqc""}"
HAS_STEP,tool_id:rnaseq_singletask,tool_id:rsem,"{""depends_on"":[""star""],""locked"":true,""order"":4,""source"":""sister-task-pipeline"",""step_id"":""rsem""}"
HAS_STEP,tool_id:rnaseq_singletask,tool_id:samtools,"{""depends_on"":[""star""],""locked"":true,""order"":5,""source"":""sister-task-pipeline"",""step_id"":""samtools""}"
HAS_STEP,tool_id:rnaseq_singletask,tool_id:star,"{""depends_on"":[""trim_galore""],""locked"":true,""order"":3,""source"":""sister-task-pipeline"",""step_id"":""star""}"
HAS_STEP,tool_id:rnaseq_singletask,tool_id:trim_galore,"{""depends_on"":[""fastqc""],""locked"":true,""order"":2,""source"":""sister-task-pipeline"",""step_id"":""trim_galore""}"
INPUT,tool_id:diff_expr_go,catalog_format:tsv,{}
INPUT,tool_id:diff_expr_kegg,catalog_format:tsv,{}
INPUT,tool_id:driver_gene_gender_analysis,catalog_format:maf,{}
INPUT,tool_id:driver_gene_gender_analysis,catalog_format:xls,{}
INPUT,tool_id:driver_gene_gender_analysis,catalog_format:xlsx,{}
INPUT,tool_id:her2_pfs_survival,catalog_format:tsv,{}
INPUT,tool_id:her2_pfs_survival,catalog_format:xls,{}
INPUT,tool_id:her2_pfs_survival,catalog_format:xlsx,{}
INPUT,tool_id:immune_infiltration_iobr,catalog_format:tsv,{}
INPUT,tool_id:immune_infiltration_iobr,catalog_format:xls,{}
INPUT,tool_id:immune_infiltration_iobr,catalog_format:xlsx,{}
INPUT,tool_id:paired_fastq_to_unmapped_bam,catalog_format:fq.gz,{}
INPUT,tool_id:rnaseq_unsupervised_cluster,catalog_format:tsv,{}
INPUT,tool_id:survival_analysis,catalog_format:maf,{}
INPUT,tool_id:survival_analysis,catalog_format:xlsx,{}
INPUT,tool_id:tmb_survival_analysis,catalog_format:maf,{}
INPUT,tool_id:tmb_survival_analysis,catalog_format:xlsx,{}
INPUT,tool_id:wes_somatic_maf_landscape,catalog_format:maf,{}
INPUT,tool_id:wgcna,catalog_format:tsv,{}
INPUT,tool_id:wgcna,catalog_format:xls,{}
INPUT,tool_id:wgcna,catalog_format:xlsx,{}
MANIFEST_AS,artifact_type:aligned_bam,catalog_format:bam,{}
MANIFEST_AS,artifact_type:aligned_bam,catalog_format:sam,{}
MANIFEST_AS,artifact_type:analysis_figure,catalog_format:pdf,"{""primary"":true}"
MANIFEST_AS,artifact_type:analysis_figure,catalog_format:png,"{""primary"":true}"
MANIFEST_AS,artifact_type:analysis_summary,catalog_format:json,"{""primary"":true}"
MANIFEST_AS,artifact_type:analysis_summary,catalog_format:tsv,"{""primary"":false}"
MANIFEST_AS,artifact_type:analysis_summary,catalog_format:txt,"{""primary"":false}"
MANIFEST_AS,artifact_type:annotated_vcf,catalog_format:html/txt,{}
MANIFEST_AS,artifact_type:annotated_vcf,catalog_format:vcf,{}
MANIFEST_AS,artifact_type:binary_mutation_matrix,catalog_format:gz,"{""primary"":true}"
MANIFEST_AS,artifact_type:binary_mutation_matrix,catalog_format:tsv,"{""primary"":false}"
MANIFEST_AS,artifact_type:clean_fastq_read,catalog_format:bam,{}
MANIFEST_AS,artifact_type:clean_fastq_read,catalog_format:fasta,{}
MANIFEST_AS,artifact_type:clean_fastq_read,catalog_format:fq.gz,{}
MANIFEST_AS,artifact_type:clean_fastq_read,catalog_format:html,{}
MANIFEST_AS,artifact_type:clean_fastq_read,catalog_format:index,{}
MANIFEST_AS,artifact_type:clean_fastq_read,catalog_format:json,{}
MANIFEST_AS,artifact_type:clean_fastq_read,catalog_format:txt/html,{}
MANIFEST_AS,artifact_type:clinical_survival_table,catalog_format:tsv,"{""primary"":false}"
MANIFEST_AS,artifact_type:clinical_survival_table,catalog_format:xls,"{""primary"":true}"
MANIFEST_AS,artifact_type:clinical_survival_table,catalog_format:xlsx,"{""primary"":true}"
MANIFEST_AS,artifact_type:clinical_table,catalog_format:tsv,"{""primary"":false}"
MANIFEST_AS,artifact_type:clinical_table,catalog_format:xls,"{""primary"":true}"
MANIFEST_AS,artifact_type:clinical_table,catalog_format:xlsx,"{""primary"":true}"
MANIFEST_AS,artifact_type:cluster_assignment_table,catalog_format:tsv,"{""primary"":true}"
MANIFEST_AS,artifact_type:cluster_stability_table,catalog_format:tsv,"{""primary"":true}"
MANIFEST_AS,artifact_type:differential_expression_table,catalog_format:tsv,"{""primary"":true}"
MANIFEST_AS,artifact_type:enrichment_result_table,catalog_format:tsv,"{""primary"":true}"
MANIFEST_AS,artifact_type:expression_abundance_matrix,catalog_format:tsv,"{""primary"":true}"
MANIFEST_AS,artifact_type:expression_abundance_matrix,catalog_format:xls,"{""primary"":false}"
MANIFEST_AS,artifact_type:expression_abundance_matrix,catalog_format:xlsx,"{""primary"":false}"
MANIFEST_AS,artifact_type:expression_count_matrix,catalog_format:tsv,"{""primary"":true}"
MANIFEST_AS,artifact_type:expression_count_matrix,catalog_format:txt,{}
MANIFEST_AS,artifact_type:expression_tpm_matrix,catalog_format:tsv,"{""primary"":true}"
MANIFEST_AS,artifact_type:file_list,catalog_format:list,"{""primary"":true}"
MANIFEST_AS,artifact_type:filtered_vcf,catalog_format:database,{}
MANIFEST_AS,artifact_type:filtered_vcf,catalog_format:tbi,{}
MANIFEST_AS,artifact_type:filtered_vcf,catalog_format:vcf,{}
MANIFEST_AS,artifact_type:genome_annotation,catalog_format:bam,{}
MANIFEST_AS,artifact_type:genome_annotation,catalog_format:database,{}
MANIFEST_AS,artifact_type:genome_annotation,catalog_format:fasta,{}
MANIFEST_AS,artifact_type:genome_annotation,catalog_format:fq.gz,{}
MANIFEST_AS,artifact_type:genome_annotation,catalog_format:gtf,{}
MANIFEST_AS,artifact_type:genome_annotation,catalog_format:index,{}
MANIFEST_AS,artifact_type:genome_annotation,catalog_format:vcf,{}
MANIFEST_AS,artifact_type:hub_gene_table,catalog_format:tsv,"{""primary"":true}"
MANIFEST_AS,artifact_type:immune_fraction_matrix,catalog_format:tsv,"{""primary"":true}"
MANIFEST_AS,artifact_type:mutation_statistics_table,catalog_format:tsv,"{""primary"":true}"
MANIFEST_AS,artifact_type:quality_control_report,catalog_format:html,{}
MANIFEST_AS,artifact_type:quality_control_report,catalog_format:json,"{""primary"":false}"
MANIFEST_AS,artifact_type:quality_control_report,catalog_format:log,{}
MANIFEST_AS,artifact_type:quality_control_report,catalog_format:tsv,"{""primary"":true}"
MANIFEST_AS,artifact_type:quality_control_report,catalog_format:txt,"{""primary"":false}"
MANIFEST_AS,artifact_type:quality_control_report,catalog_format:zip,{}
MANIFEST_AS,artifact_type:raw_fastq_read,catalog_format:fq.gz,"{""primary"":true}"
MANIFEST_AS,artifact_type:sample_metadata,catalog_format:html,{}
MANIFEST_AS,artifact_type:sample_metadata,catalog_format:log,{}
MANIFEST_AS,artifact_type:sample_metadata,catalog_format:tsv,{}
MANIFEST_AS,artifact_type:sample_metadata,catalog_format:zip,{}
MANIFEST_AS,artifact_type:sample_metainfo,catalog_format:xls,"{""primary"":false}"
MANIFEST_AS,artifact_type:sample_metainfo,catalog_format:xlsx,"{""primary"":true}"
MANIFEST_AS,artifact_type:somatic_maf,catalog_format:maf,"{""primary"":true}"
MANIFEST_AS,artifact_type:sorted_dedup_bam,catalog_format:bai,{}
MANIFEST_AS,artifact_type:sorted_dedup_bam,catalog_format:bam,{}
MANIFEST_AS,artifact_type:sorted_dedup_bam,catalog_format:fasta,{}
MANIFEST_AS,artifact_type:sorted_dedup_bam,catalog_format:fq.gz,{}
MANIFEST_AS,artifact_type:sorted_dedup_bam,catalog_format:gtf,{}
MANIFEST_AS,artifact_type:sorted_dedup_bam,catalog_format:txt,{}
MANIFEST_AS,artifact_type:sorted_dedup_bam,catalog_format:vcf,{}
MANIFEST_AS,artifact_type:survival_statistics,catalog_format:json,"{""primary"":false}"
MANIFEST_AS,artifact_type:survival_statistics,catalog_format:tsv,"{""primary"":true}"
MANIFEST_AS,artifact_type:survival_statistics,catalog_format:txt,"{""primary"":false}"
MANIFEST_AS,artifact_type:tmb_table,catalog_format:tsv,"{""primary"":true}"
MANIFEST_AS,artifact_type:transcriptome_bam,catalog_format:bam,{}
MANIFEST_AS,artifact_type:transcriptome_bam,catalog_format:fq.gz,{}
MANIFEST_AS,artifact_type:transcriptome_bam,catalog_format:index,{}
MANIFEST_AS,artifact_type:unfiltered_vcf,catalog_format:bam,{}
MANIFEST_AS,artifact_type:unfiltered_vcf,catalog_format:vcf,{}
MANIFEST_AS,artifact_type:unmapped_bam,catalog_format:bam,"{""primary"":true}"
MANIFEST_AS,artifact_type:unmapped_bam,catalog_format:sam,{}
MANIFEST_AS,artifact_type:wgcna_module_table,catalog_format:tsv,"{""primary"":true}"
OUTPUT,tool_id:diff_expr_go,catalog_format:tsv,{}
OUTPUT,tool_id:diff_expr_kegg,catalog_format:tsv,{}
OUTPUT,tool_id:driver_gene_gender_analysis,catalog_format:gz,{}
OUTPUT,tool_id:driver_gene_gender_analysis,catalog_format:pdf,{}
OUTPUT,tool_id:driver_gene_gender_analysis,catalog_format:png,{}
OUTPUT,tool_id:driver_gene_gender_analysis,catalog_format:tsv,{}
OUTPUT,tool_id:her2_pfs_survival,catalog_format:json,{}
OUTPUT,tool_id:her2_pfs_survival,catalog_format:pdf,{}
OUTPUT,tool_id:her2_pfs_survival,catalog_format:png,{}
OUTPUT,tool_id:her2_pfs_survival,catalog_format:tsv,{}
OUTPUT,tool_id:her2_pfs_survival,catalog_format:txt,{}
OUTPUT,tool_id:immune_infiltration_iobr,catalog_format:json,{}
OUTPUT,tool_id:immune_infiltration_iobr,catalog_format:pdf,{}
OUTPUT,tool_id:immune_infiltration_iobr,catalog_format:png,{}
OUTPUT,tool_id:immune_infiltration_iobr,catalog_format:tsv,{}
OUTPUT,tool_id:immune_infiltration_iobr,catalog_format:txt,{}
OUTPUT,tool_id:paired_fastq_to_unmapped_bam,catalog_format:bam,{}
OUTPUT,tool_id:paired_fastq_to_unmapped_bam,catalog_format:list,{}
OUTPUT,tool_id:rnaseq_unsupervised_cluster,catalog_format:pdf,{}
OUTPUT,tool_id:rnaseq_unsupervised_cluster,catalog_format:png,{}
OUTPUT,tool_id:rnaseq_unsupervised_cluster,catalog_format:tsv,{}
OUTPUT,tool_id:rnaseq_unsupervised_cluster,catalog_format:txt,{}
OUTPUT,tool_id:survival_analysis,catalog_format:pdf,{}
OUTPUT,tool_id:survival_analysis,catalog_format:png,{}
OUTPUT,tool_id:survival_analysis,catalog_format:txt,{}
OUTPUT,tool_id:tmb_survival_analysis,catalog_format:json,{}
OUTPUT,tool_id:tmb_survival_analysis,catalog_format:pdf,{}
OUTPUT,tool_id:tmb_survival_analysis,catalog_format:png,{}
OUTPUT,tool_id:tmb_survival_analysis,catalog_format:tsv,{}
OUTPUT,tool_id:wes_somatic_maf_landscape,catalog_format:maf,{}
OUTPUT,tool_id:wes_somatic_maf_landscape,catalog_format:pdf,{}
OUTPUT,tool_id:wes_somatic_maf_landscape,catalog_format:png,{}
OUTPUT,tool_id:wes_somatic_maf_landscape,catalog_format:tsv,{}
OUTPUT,tool_id:wgcna,catalog_format:gz,{}
OUTPUT,tool_id:wgcna,catalog_format:pdf,{}
OUTPUT,tool_id:wgcna,catalog_format:png,{}
OUTPUT,tool_id:wgcna,catalog_format:tsv,{}
PRODUCES,io_slot:bcftools::output::filtered_vcf,artifact_type:filtered_vcf,{}
PRODUCES,io_slot:bwa::output::aligned_bam,artifact_type:aligned_bam,{}
PRODUCES,io_slot:diff_expr_go::out::differential,artifact_type:differential_expression_table,{}
PRODUCES,io_slot:diff_expr_go::out::enrichment,artifact_type:enrichment_result_table,{}
PRODUCES,io_slot:diff_expr_kegg::out::differential,artifact_type:differential_expression_table,{}
PRODUCES,io_slot:diff_expr_kegg::out::enrichment,artifact_type:enrichment_result_table,{}
PRODUCES,io_slot:driver_gene_gender_analysis::out::figures,artifact_type:analysis_figure,{}
PRODUCES,io_slot:driver_gene_gender_analysis::out::matrix,artifact_type:binary_mutation_matrix,{}
PRODUCES,io_slot:driver_gene_gender_analysis::out::statistics,artifact_type:mutation_statistics_table,{}
PRODUCES,io_slot:fastp::output::clean_fastq_read,artifact_type:clean_fastq_read,{}
PRODUCES,io_slot:fastqc::output::quality_control_report,artifact_type:quality_control_report,{}
PRODUCES,io_slot:featurecounts::output::expression_count_matrix,artifact_type:expression_count_matrix,{}
PRODUCES,io_slot:gatk::output::sorted_dedup_bam,artifact_type:sorted_dedup_bam,{}
PRODUCES,io_slot:gatk::output::unfiltered_vcf,artifact_type:unfiltered_vcf,{}
PRODUCES,io_slot:her2_pfs_survival::out::figures,artifact_type:analysis_figure,{}
PRODUCES,io_slot:her2_pfs_survival::out::statistics,artifact_type:survival_statistics,{}
PRODUCES,io_slot:her2_pfs_survival::out::summary,artifact_type:analysis_summary,{}
PRODUCES,io_slot:immune_infiltration_iobr::out::figures,artifact_type:analysis_figure,{}
PRODUCES,io_slot:immune_infiltration_iobr::out::fractions,artifact_type:immune_fraction_matrix,{}
PRODUCES,io_slot:immune_infiltration_iobr::out::qc,artifact_type:quality_control_report,{}
PRODUCES,io_slot:multiqc::output::quality_control_report,artifact_type:quality_control_report,{}
PRODUCES,io_slot:paired_fastq_to_unmapped_bam::out::bam,artifact_type:unmapped_bam,{}
PRODUCES,io_slot:paired_fastq_to_unmapped_bam::out::list,artifact_type:file_list,{}
PRODUCES,io_slot:rnaseq_singletask::output::aligned_bam,artifact_type:sorted_dedup_bam,{}
PRODUCES,io_slot:rnaseq_singletask::output::count_matrix,artifact_type:expression_count_matrix,{}
PRODUCES,io_slot:rnaseq_singletask::output::expression_matrix,artifact_type:expression_abundance_matrix,{}
PRODUCES,io_slot:rnaseq_singletask::output::quality_control,artifact_type:quality_control_report,{}
PRODUCES,io_slot:rnaseq_unsupervised_cluster::out::assignments,artifact_type:cluster_assignment_table,{}
PRODUCES,io_slot:rnaseq_unsupervised_cluster::out::figures,artifact_type:analysis_figure,{}
PRODUCES,io_slot:rnaseq_unsupervised_cluster::out::stability,artifact_type:cluster_stability_table,{}
PRODUCES,io_slot:rsem::output::expression_abundance_matrix,artifact_type:expression_abundance_matrix,{}
PRODUCES,io_slot:samtools::output::sorted_dedup_bam,artifact_type:sorted_dedup_bam,{}
PRODUCES,io_slot:snpeff::output::annotated_vcf,artifact_type:annotated_vcf,{}
PRODUCES,io_slot:star::output::aligned_bam,artifact_type:aligned_bam,{}
PRODUCES,io_slot:star::output::clean_fastq_read,artifact_type:clean_fastq_read,{}
PRODUCES,io_slot:star::output::transcriptome_bam,artifact_type:transcriptome_bam,{}
PRODUCES,io_slot:survival_analysis::out::figures,artifact_type:analysis_figure,{}
PRODUCES,io_slot:survival_analysis::out::statistics,artifact_type:survival_statistics,{}
PRODUCES,io_slot:tmb_survival_analysis::out::figures,artifact_type:analysis_figure,{}
PRODUCES,io_slot:tmb_survival_analysis::out::statistics,artifact_type:survival_statistics,{}
PRODUCES,io_slot:tmb_survival_analysis::out::tmb,artifact_type:tmb_table,{}
PRODUCES,io_slot:trim_galore::output::clean_fastq_read,artifact_type:clean_fastq_read,{}
PRODUCES,io_slot:wes_somatic_maf_landscape::out::figures,artifact_type:analysis_figure,{}
PRODUCES,io_slot:wes_somatic_maf_landscape::out::maf,artifact_type:somatic_maf,{}
PRODUCES,io_slot:wes_somatic_maf_landscape::out::statistics,artifact_type:mutation_statistics_table,{}
PRODUCES,io_slot:wgcna::out::archives,artifact_type:analysis_summary,{}
PRODUCES,io_slot:wgcna::out::figures,artifact_type:analysis_figure,{}
PRODUCES,io_slot:wgcna::out::hub_genes,artifact_type:hub_gene_table,{}
PRODUCES,io_slot:wgcna::out::modules,artifact_type:wgcna_module_table,{}
PRODUCES,io_slot:wgcna::out::qc,artifact_type:quality_control_report,{}
REQUIRES,io_slot:bcftools::input::unfiltered_vcf,artifact_type:unfiltered_vcf,{}
REQUIRES,io_slot:bwa::input::clean_fastq_read,artifact_type:clean_fastq_read,{}
REQUIRES,io_slot:bwa::input::genome_annotation,artifact_type:genome_annotation,{}
REQUIRES,io_slot:diff_expr_go::in::expression,artifact_type:expression_abundance_matrix,{}
REQUIRES,io_slot:diff_expr_kegg::in::expression,artifact_type:expression_abundance_matrix,{}
REQUIRES,io_slot:driver_gene_gender_analysis::in::clinical,artifact_type:clinical_table,{}
REQUIRES,io_slot:driver_gene_gender_analysis::in::maf,artifact_type:somatic_maf,{}
REQUIRES,io_slot:driver_gene_gender_analysis::in::metainfo,artifact_type:sample_metainfo,{}
REQUIRES,io_slot:fastp::input::raw_fastq_read,artifact_type:raw_fastq_read,{}
REQUIRES,io_slot:fastqc::input::clean_fastq_read,artifact_type:clean_fastq_read,{}
REQUIRES,io_slot:fastqc::input::raw_fastq_read,artifact_type:raw_fastq_read,{}
REQUIRES,io_slot:featurecounts::input::genome_annotation,artifact_type:genome_annotation,{}
REQUIRES,io_slot:featurecounts::input::sorted_dedup_bam,artifact_type:sorted_dedup_bam,{}
REQUIRES,io_slot:gatk::input::genome_annotation,artifact_type:genome_annotation,{}
REQUIRES,io_slot:gatk::input::sorted_dedup_bam,artifact_type:sorted_dedup_bam,{}
REQUIRES,io_slot:her2_pfs_survival::in::clinical,artifact_type:clinical_survival_table,{}
REQUIRES,io_slot:her2_pfs_survival::in::expression,artifact_type:expression_tpm_matrix,{}
REQUIRES,io_slot:her2_pfs_survival::in::metainfo,artifact_type:sample_metainfo,{}
REQUIRES,io_slot:immune_infiltration_iobr::in::clinical,artifact_type:clinical_table,{}
REQUIRES,io_slot:immune_infiltration_iobr::in::expression,artifact_type:expression_tpm_matrix,{}
REQUIRES,io_slot:immune_infiltration_iobr::in::metainfo,artifact_type:sample_metainfo,{}
REQUIRES,io_slot:multiqc::input::quality_control_report,artifact_type:quality_control_report,{}
REQUIRES,io_slot:paired_fastq_to_unmapped_bam::in::fastq_1,artifact_type:raw_fastq_read,{}
REQUIRES,io_slot:paired_fastq_to_unmapped_bam::in::fastq_2,artifact_type:raw_fastq_read,{}
REQUIRES,io_slot:rnaseq_singletask::input::fastq_1,artifact_type:raw_fastq_read,{}
REQUIRES,io_slot:rnaseq_singletask::input::fastq_2,artifact_type:raw_fastq_read,{}
REQUIRES,io_slot:rnaseq_singletask::input::gtf_file,artifact_type:genome_annotation,{}
REQUIRES,io_slot:rnaseq_singletask::input::rrna_star_index,artifact_type:genome_annotation,{}
REQUIRES,io_slot:rnaseq_singletask::input::rsem_index,artifact_type:genome_annotation,{}
REQUIRES,io_slot:rnaseq_singletask::input::star_genome_index,artifact_type:genome_annotation,{}
REQUIRES,io_slot:rnaseq_unsupervised_cluster::in::counts,artifact_type:expression_count_matrix,{}
REQUIRES,io_slot:rsem::input::genome_annotation,artifact_type:genome_annotation,{}
REQUIRES,io_slot:rsem::input::transcriptome_bam,artifact_type:transcriptome_bam,{}
REQUIRES,io_slot:samtools::input::aligned_bam,artifact_type:aligned_bam,{}
REQUIRES,io_slot:snpeff::input::filtered_vcf,artifact_type:filtered_vcf,{}
REQUIRES,io_slot:snpeff::input::genome_annotation,artifact_type:genome_annotation,{}
REQUIRES,io_slot:star::input::clean_fastq_read,artifact_type:clean_fastq_read,{}
REQUIRES,io_slot:star::input::genome_annotation,artifact_type:genome_annotation,{}
REQUIRES,io_slot:survival_analysis::in::clinical,artifact_type:clinical_survival_table,{}
REQUIRES,io_slot:survival_analysis::in::maf,artifact_type:somatic_maf,{}
REQUIRES,io_slot:survival_analysis::in::metainfo,artifact_type:sample_metainfo,{}
REQUIRES,io_slot:tmb_survival_analysis::in::clinical,artifact_type:clinical_survival_table,{}
REQUIRES,io_slot:tmb_survival_analysis::in::maf,artifact_type:somatic_maf,{}
REQUIRES,io_slot:tmb_survival_analysis::in::metainfo,artifact_type:sample_metainfo,{}
REQUIRES,io_slot:trim_galore::input::raw_fastq_read,artifact_type:raw_fastq_read,{}
REQUIRES,io_slot:wes_somatic_maf_landscape::in::maf,artifact_type:somatic_maf,{}
REQUIRES,io_slot:wgcna::in::clinical,artifact_type:clinical_table,{}
REQUIRES,io_slot:wgcna::in::counts,artifact_type:expression_count_matrix,{}
REQUIRES,io_slot:wgcna::in::metainfo,artifact_type:sample_metainfo,{}
HAS_INPUT_SLOT,tool_id:fastp,io_slot:fastp::input::raw_fastq_read_r1,{}
REQUIRES,io_slot:fastp::input::raw_fastq_read_r1,artifact_type:raw_fastq_read,{}
ALLOW_FORMAT,io_slot:fastp::input::raw_fastq_read_r1,catalog_format:fq.gz,{}
MANIFEST_AS,artifact_type:raw_fastq_read,catalog_format:fq.gz,{}
HAS_INPUT_SLOT,tool_id:fastp,io_slot:fastp::input::raw_fastq_read_r2,{}
REQUIRES,io_slot:fastp::input::raw_fastq_read_r2,artifact_type:raw_fastq_read,{}
ALLOW_FORMAT,io_slot:fastp::input::raw_fastq_read_r2,catalog_format:fq.gz,{}
HAS_OUTPUT_SLOT,tool_id:fastp,io_slot:fastp::output::clean_fastq_read_r1,{}
PRODUCES,io_slot:fastp::output::clean_fastq_read_r1,artifact_type:clean_fastq_read,{}
ALLOW_FORMAT,io_slot:fastp::output::clean_fastq_read_r1,catalog_format:fq.gz,{}
HAS_OUTPUT_SLOT,tool_id:fastp,io_slot:fastp::output::clean_fastq_read_r2,{}
PRODUCES,io_slot:fastp::output::clean_fastq_read_r2,artifact_type:clean_fastq_read,{}
ALLOW_FORMAT,io_slot:fastp::output::clean_fastq_read_r2,catalog_format:fq.gz,{}
HAS_INPUT_SLOT,tool_id:bwa,io_slot:bwa::input::clean_fastq_read_r1,{}
REQUIRES,io_slot:bwa::input::clean_fastq_read_r1,artifact_type:clean_fastq_read,{}
ALLOW_FORMAT,io_slot:bwa::input::clean_fastq_read_r1,catalog_format:fq.gz,{}
HAS_INPUT_SLOT,tool_id:bwa,io_slot:bwa::input::clean_fastq_read_r2,{}
REQUIRES,io_slot:bwa::input::clean_fastq_read_r2,artifact_type:clean_fastq_read,{}
ALLOW_FORMAT,io_slot:bwa::input::clean_fastq_read_r2,catalog_format:fq.gz,{}
HAS_OUTPUT_SLOT,tool_id:samtools,io_slot:samtools::output::bai,{}
PRODUCES,io_slot:samtools::output::bai,artifact_type:bai,{}
ALLOW_FORMAT,io_slot:samtools::output::bai,catalog_format:bai,{}
MANIFEST_AS,artifact_type:bai,catalog_format:bai,{}
HAS_INPUT_SLOT,tool_id:gatk,io_slot:gatk::input::tumor_bam,{}
REQUIRES,io_slot:gatk::input::tumor_bam,artifact_type:sorted_dedup_bam,{}
ALLOW_FORMAT,io_slot:gatk::input::tumor_bam,catalog_format:bam,{}
HAS_INPUT_SLOT,tool_id:gatk,io_slot:gatk::input::tumor_bai,{}
REQUIRES,io_slot:gatk::input::tumor_bai,artifact_type:bai,{}
ALLOW_FORMAT,io_slot:gatk::input::tumor_bai,catalog_format:bai,{}
HAS_INPUT_SLOT,tool_id:gatk,io_slot:gatk::input::normal_bam,{}
REQUIRES,io_slot:gatk::input::normal_bam,artifact_type:sorted_dedup_bam,{}
ALLOW_FORMAT,io_slot:gatk::input::normal_bam,catalog_format:bam,{}
HAS_INPUT_SLOT,tool_id:gatk,io_slot:gatk::input::normal_bai,{}
REQUIRES,io_slot:gatk::input::normal_bai,artifact_type:bai,{}
ALLOW_FORMAT,io_slot:gatk::input::normal_bai,catalog_format:bai,{}
HAS_INPUT_SLOT,tool_id:gatk,io_slot:gatk::input::interval_list,{}
REQUIRES,io_slot:gatk::input::interval_list,artifact_type:interval_list,{}
ALLOW_FORMAT,io_slot:gatk::input::interval_list,catalog_format:interval_list,{}
MANIFEST_AS,artifact_type:interval_list,catalog_format:interval_list,{}
HAS_FUNCTION,tool_id:cellranger_workflow,catalog_function:基于 10x Genomics CellRanger 的单细胞 RNA 测序数据分析流程。 包含 FASTQ 质控、序列比对、基因表达定量及结果可视化，适用于 10x Chromium 平台产生的单细胞转录组数据。,{}
HAS_INPUT_SLOT,tool_id:cellranger_workflow,io_slot:cellranger_workflow::input::raw_fastq_read,{}
REQUIRES,io_slot:cellranger_workflow::input::raw_fastq_read,artifact_type:raw_fastq_read,{}
ALLOW_FORMAT,io_slot:cellranger_workflow::input::raw_fastq_read,catalog_format:fq.gz,{}
HAS_INPUT_SLOT,tool_id:cellranger_workflow,io_slot:cellranger_workflow::input::aligned_bam,{}
REQUIRES,io_slot:cellranger_workflow::input::aligned_bam,artifact_type:aligned_bam,{}
ALLOW_FORMAT,io_slot:cellranger_workflow::input::aligned_bam,catalog_format:bam,{}
HAS_OUTPUT_SLOT,tool_id:cellranger_workflow,io_slot:cellranger_workflow::output::quality_control_report,{}
PRODUCES,io_slot:cellranger_workflow::output::quality_control_report,artifact_type:quality_control_report,{}
ALLOW_FORMAT,io_slot:cellranger_workflow::output::quality_control_report,catalog_format:html,{}
ALLOW_FORMAT,io_slot:cellranger_workflow::output::quality_control_report,catalog_format:json,{}
ALLOW_FORMAT,io_slot:cellranger_workflow::output::quality_control_report,catalog_format:txt,{}
HAS_OUTPUT_SLOT,tool_id:cellranger_workflow,io_slot:cellranger_workflow::output::tabular_bio_data,{}
PRODUCES,io_slot:cellranger_workflow::output::tabular_bio_data,artifact_type:analysis_summary,{}
ALLOW_FORMAT,io_slot:cellranger_workflow::output::tabular_bio_data,catalog_format:tsv,{}
ALLOW_FORMAT,io_slot:cellranger_workflow::output::tabular_bio_data,catalog_format:csv,{}
MANIFEST_AS,artifact_type:analysis_summary,catalog_format:csv,{}
ALLOW_FORMAT,io_slot:cellranger_workflow::output::tabular_bio_data,catalog_format:txt,{}
HAS_OUTPUT_SLOT,tool_id:cellranger_workflow,io_slot:cellranger_workflow::output::aligned_bam,{}
PRODUCES,io_slot:cellranger_workflow::output::aligned_bam,artifact_type:aligned_bam,{}
ALLOW_FORMAT,io_slot:cellranger_workflow::output::aligned_bam,catalog_format:bam,{}
HAS_FUNCTION,tool_id:bootstrap_stability,catalog_function:对聚类分析执行Bootstrap重采样，通过比较不同运行间的ARI/NMI评估聚类稳定性， 统计最佳K的频率，并利用标签置换零分布评估稳定性显著性。 输入为logCPM表达矩阵，输出包含稳定性指标、最佳K频率、置换检验P值及可视化图表。,{}
HAS_OUTPUT_SLOT,tool_id:bootstrap_stability,io_slot:bootstrap_stability::output::tabular_bio_data,{}
PRODUCES,io_slot:bootstrap_stability::output::tabular_bio_data,artifact_type:analysis_summary,{}
ALLOW_FORMAT,io_slot:bootstrap_stability::output::tabular_bio_data,catalog_format:tsv,{}
ALLOW_FORMAT,io_slot:bootstrap_stability::output::tabular_bio_data,catalog_format:csv,{}
ALLOW_FORMAT,io_slot:bootstrap_stability::output::tabular_bio_data,catalog_format:txt,{}
HAS_OUTPUT_SLOT,tool_id:bootstrap_stability,io_slot:bootstrap_stability::output::visualization_result,{}
PRODUCES,io_slot:bootstrap_stability::output::visualization_result,artifact_type:analysis_figure,{}
ALLOW_FORMAT,io_slot:bootstrap_stability::output::visualization_result,catalog_format:pdf,{}
ALLOW_FORMAT,io_slot:bootstrap_stability::output::visualization_result,catalog_format:png,{}
HAS_FUNCTION,tool_id:breast_cellchat,catalog_function:基于CellChat方法分析乳腺癌单细胞转录组数据中的细胞间通讯网络。输入为Seurat格式的RDS文件，通过比较肿瘤与正常组织中的配体-受体互作，揭示肿瘤微环境中的细胞通讯变化。输出包括通讯网络分析结果、质控报告和运行日志。,{}
HAS_INPUT_SLOT,tool_id:breast_cellchat,io_slot:breast_cellchat::input::scrna_object_rds,{}
REQUIRES,io_slot:breast_cellchat::input::scrna_object_rds,artifact_type:scrna_object,{}
ALLOW_FORMAT,io_slot:breast_cellchat::input::scrna_object_rds,catalog_format:rds,{}
MANIFEST_AS,artifact_type:scrna_object,catalog_format:rds,{}
HAS_INPUT_SLOT,tool_id:breast_cellchat,io_slot:breast_cellchat::input::genome_annotation,{}
REQUIRES,io_slot:breast_cellchat::input::genome_annotation,artifact_type:genome_annotation,{}
ALLOW_FORMAT,io_slot:breast_cellchat::input::genome_annotation,catalog_format:fasta,{}
HAS_OUTPUT_SLOT,tool_id:breast_cellchat,io_slot:breast_cellchat::output::visualization_result,{}
PRODUCES,io_slot:breast_cellchat::output::visualization_result,artifact_type:analysis_figure,{}
ALLOW_FORMAT,io_slot:breast_cellchat::output::visualization_result,catalog_format:pdf,{}
ALLOW_FORMAT,io_slot:breast_cellchat::output::visualization_result,catalog_format:png,{}
HAS_OUTPUT_SLOT,tool_id:breast_cellchat,io_slot:breast_cellchat::output::quality_control_report,{}
PRODUCES,io_slot:breast_cellchat::output::quality_control_report,artifact_type:quality_control_report,{}
ALLOW_FORMAT,io_slot:breast_cellchat::output::quality_control_report,catalog_format:html,{}
ALLOW_FORMAT,io_slot:breast_cellchat::output::quality_control_report,catalog_format:json,{}
ALLOW_FORMAT,io_slot:breast_cellchat::output::quality_control_report,catalog_format:txt,{}
HAS_FUNCTION,tool_id:celltype_case_control_de,catalog_function:对单细胞RNA-seq数据中指定的细胞类型进行病例-对照差异表达分析。输入为Seurat RDS文件，输出包括差异表达结果、分析摘要、质控报告等。适用于配对或非配对的病例-对照研究设计。,{}
HAS_INPUT_SLOT,tool_id:celltype_case_control_de,io_slot:celltype_case_control_de::input::scrna_object_rds,{}
REQUIRES,io_slot:celltype_case_control_de::input::scrna_object_rds,artifact_type:scrna_object,{}
ALLOW_FORMAT,io_slot:celltype_case_control_de::input::scrna_object_rds,catalog_format:rds,{}
HAS_INPUT_SLOT,tool_id:celltype_case_control_de,io_slot:celltype_case_control_de::input::tabular_bio_data,{}
REQUIRES,io_slot:celltype_case_control_de::input::tabular_bio_data,artifact_type:analysis_summary,{}
ALLOW_FORMAT,io_slot:celltype_case_control_de::input::tabular_bio_data,catalog_format:tsv,{}
ALLOW_FORMAT,io_slot:celltype_case_control_de::input::tabular_bio_data,catalog_format:csv,{}
ALLOW_FORMAT,io_slot:celltype_case_control_de::input::tabular_bio_data,catalog_format:txt,{}
HAS_INPUT_SLOT,tool_id:celltype_case_control_de,io_slot:celltype_case_control_de::input::genome_annotation,{}
REQUIRES,io_slot:celltype_case_control_de::input::genome_annotation,artifact_type:genome_annotation,{}
ALLOW_FORMAT,io_slot:celltype_case_control_de::input::genome_annotation,catalog_format:fasta,{}
HAS_OUTPUT_SLOT,tool_id:celltype_case_control_de,io_slot:celltype_case_control_de::output::quality_control_report,{}
PRODUCES,io_slot:celltype_case_control_de::output::quality_control_report,artifact_type:quality_control_report,{}
ALLOW_FORMAT,io_slot:celltype_case_control_de::output::quality_control_report,catalog_format:html,{}
ALLOW_FORMAT,io_slot:celltype_case_control_de::output::quality_control_report,catalog_format:json,{}
ALLOW_FORMAT,io_slot:celltype_case_control_de::output::quality_control_report,catalog_format:txt,{}
HAS_FUNCTION,tool_id:cnvkit_cnv_clinical,catalog_function:对肿瘤队列的配对肿瘤/正常 WGS 或 WES BAM 运行 CNVkit，生成样本级分段、离散拷贝数、scatter/diagram 图，并可选汇总高频基因 CNV 与临床分期及总生存的探索性关联。输入为样本ID、肿瘤/正常BAM/BAI数组，输出包括CNV分段文件、BED文件、可视化图以及临床关联分析结果。,{}
HAS_INPUT_SLOT,tool_id:cnvkit_cnv_clinical,io_slot:cnvkit_cnv_clinical::input::aligned_bam,{}
REQUIRES,io_slot:cnvkit_cnv_clinical::input::aligned_bam,artifact_type:aligned_bam,{}
ALLOW_FORMAT,io_slot:cnvkit_cnv_clinical::input::aligned_bam,catalog_format:bam,{}
HAS_INPUT_SLOT,tool_id:cnvkit_cnv_clinical,io_slot:cnvkit_cnv_clinical::input::tabular_bio_data,{}
REQUIRES,io_slot:cnvkit_cnv_clinical::input::tabular_bio_data,artifact_type:analysis_summary,{}
ALLOW_FORMAT,io_slot:cnvkit_cnv_clinical::input::tabular_bio_data,catalog_format:tsv,{}
ALLOW_FORMAT,io_slot:cnvkit_cnv_clinical::input::tabular_bio_data,catalog_format:csv,{}
ALLOW_FORMAT,io_slot:cnvkit_cnv_clinical::input::tabular_bio_data,catalog_format:txt,{}
HAS_INPUT_SLOT,tool_id:cnvkit_cnv_clinical,io_slot:cnvkit_cnv_clinical::input::clinical_table,{}
REQUIRES,io_slot:cnvkit_cnv_clinical::input::clinical_table,artifact_type:clinical_table,{}
ALLOW_FORMAT,io_slot:cnvkit_cnv_clinical::input::clinical_table,catalog_format:xlsx,{}
ALLOW_FORMAT,io_slot:cnvkit_cnv_clinical::input::clinical_table,catalog_format:xls,{}
HAS_OUTPUT_SLOT,tool_id:cnvkit_cnv_clinical,io_slot:cnvkit_cnv_clinical::output::visualization_result,{}
PRODUCES,io_slot:cnvkit_cnv_clinical::output::visualization_result,artifact_type:analysis_figure,{}
ALLOW_FORMAT,io_slot:cnvkit_cnv_clinical::output::visualization_result,catalog_format:pdf,{}
ALLOW_FORMAT,io_slot:cnvkit_cnv_clinical::output::visualization_result,catalog_format:png,{}
HAS_OUTPUT_SLOT,tool_id:cnvkit_cnv_clinical,io_slot:cnvkit_cnv_clinical::output::tabular_bio_data,{}
PRODUCES,io_slot:cnvkit_cnv_clinical::output::tabular_bio_data,artifact_type:analysis_summary,{}
ALLOW_FORMAT,io_slot:cnvkit_cnv_clinical::output::tabular_bio_data,catalog_format:tsv,{}
ALLOW_FORMAT,io_slot:cnvkit_cnv_clinical::output::tabular_bio_data,catalog_format:csv,{}
ALLOW_FORMAT,io_slot:cnvkit_cnv_clinical::output::tabular_bio_data,catalog_format:txt,{}
HAS_FUNCTION,tool_id:cox_model,catalog_function:整合基因表达矩阵与临床元数据，执行 Cox 比例风险回归分析和 Kaplan-Meier 生存曲线绘制。 支持自定义样本分组、生存时间/状态列映射，输出风险比、P 值及前 N 个显著基因。 适用于癌症预后标志物筛选和临床亚组生存差异分析场景。,{}
HAS_INPUT_SLOT,tool_id:cox_model,io_slot:cox_model::input::tabular_bio_data,{}
REQUIRES,io_slot:cox_model::input::tabular_bio_data,artifact_type:analysis_summary,{}
ALLOW_FORMAT,io_slot:cox_model::input::tabular_bio_data,catalog_format:tsv,{}
ALLOW_FORMAT,io_slot:cox_model::input::tabular_bio_data,catalog_format:csv,{}
ALLOW_FORMAT,io_slot:cox_model::input::tabular_bio_data,catalog_format:txt,{}
HAS_INPUT_SLOT,tool_id:cox_model,io_slot:cox_model::input::clinical_table,{}
REQUIRES,io_slot:cox_model::input::clinical_table,artifact_type:clinical_table,{}
ALLOW_FORMAT,io_slot:cox_model::input::clinical_table,catalog_format:xlsx,{}
ALLOW_FORMAT,io_slot:cox_model::input::clinical_table,catalog_format:xls,{}
HAS_INPUT_SLOT,tool_id:cox_model,io_slot:cox_model::input::sample_metainfo,{}
REQUIRES,io_slot:cox_model::input::sample_metainfo,artifact_type:sample_metainfo,{}
ALLOW_FORMAT,io_slot:cox_model::input::sample_metainfo,catalog_format:xlsx,{}
ALLOW_FORMAT,io_slot:cox_model::input::sample_metainfo,catalog_format:xls,{}
ALLOW_FORMAT,io_slot:cox_model::input::sample_metainfo,catalog_format:tsv,{}
MANIFEST_AS,artifact_type:sample_metainfo,catalog_format:tsv,{}
HAS_OUTPUT_SLOT,tool_id:cox_model,io_slot:cox_model::output::quality_control_report,{}
PRODUCES,io_slot:cox_model::output::quality_control_report,artifact_type:quality_control_report,{}
ALLOW_FORMAT,io_slot:cox_model::output::quality_control_report,catalog_format:html,{}
ALLOW_FORMAT,io_slot:cox_model::output::quality_control_report,catalog_format:json,{}
ALLOW_FORMAT,io_slot:cox_model::output::quality_control_report,catalog_format:txt,{}
HAS_OUTPUT_SLOT,tool_id:cox_model,io_slot:cox_model::output::tabular_bio_data,{}
PRODUCES,io_slot:cox_model::output::tabular_bio_data,artifact_type:analysis_summary,{}
ALLOW_FORMAT,io_slot:cox_model::output::tabular_bio_data,catalog_format:tsv,{}
ALLOW_FORMAT,io_slot:cox_model::output::tabular_bio_data,catalog_format:csv,{}
ALLOW_FORMAT,io_slot:cox_model::output::tabular_bio_data,catalog_format:txt,{}
HAS_FUNCTION,tool_id:dataset_downstream,catalog_function:对单细胞RNA-seq数据集进行标准化下游分析，包括基因排序、细胞类型注释和恶性细胞标记。 输入为Seurat RDS文件和基因排序文件，输出包括压缩的结果文件、运行摘要和质量控制报告。,{}
HAS_INPUT_SLOT,tool_id:dataset_downstream,io_slot:dataset_downstream::input::scrna_object_rds,{}
REQUIRES,io_slot:dataset_downstream::input::scrna_object_rds,artifact_type:scrna_object,{}
ALLOW_FORMAT,io_slot:dataset_downstream::input::scrna_object_rds,catalog_format:rds,{}
HAS_INPUT_SLOT,tool_id:dataset_downstream,io_slot:dataset_downstream::input::tabular_bio_data,{}
REQUIRES,io_slot:dataset_downstream::input::tabular_bio_data,artifact_type:analysis_summary,{}
ALLOW_FORMAT,io_slot:dataset_downstream::input::tabular_bio_data,catalog_format:tsv,{}
ALLOW_FORMAT,io_slot:dataset_downstream::input::tabular_bio_data,catalog_format:csv,{}
ALLOW_FORMAT,io_slot:dataset_downstream::input::tabular_bio_data,catalog_format:txt,{}
HAS_INPUT_SLOT,tool_id:dataset_downstream,io_slot:dataset_downstream::input::genome_annotation,{}
REQUIRES,io_slot:dataset_downstream::input::genome_annotation,artifact_type:genome_annotation,{}
ALLOW_FORMAT,io_slot:dataset_downstream::input::genome_annotation,catalog_format:fasta,{}
HAS_OUTPUT_SLOT,tool_id:dataset_downstream,io_slot:dataset_downstream::output::quality_control_report,{}
PRODUCES,io_slot:dataset_downstream::output::quality_control_report,artifact_type:quality_control_report,{}
ALLOW_FORMAT,io_slot:dataset_downstream::output::quality_control_report,catalog_format:html,{}
ALLOW_FORMAT,io_slot:dataset_downstream::output::quality_control_report,catalog_format:json,{}
ALLOW_FORMAT,io_slot:dataset_downstream::output::quality_control_report,catalog_format:txt,{}
HAS_FUNCTION,tool_id:dataset_matrix_annotation,catalog_function:该流程用于对单细胞RNA-seq数据集进行矩阵注释和细胞类型标注。输入为Seurat RDS格式的整合数据文件，输出包括注释结果压缩包、运行摘要、输入质量控制报告和分析清单等文件。,{}
HAS_INPUT_SLOT,tool_id:dataset_matrix_annotation,io_slot:dataset_matrix_annotation::input::scrna_object_rds,{}
REQUIRES,io_slot:dataset_matrix_annotation::input::scrna_object_rds,artifact_type:scrna_object,{}
ALLOW_FORMAT,io_slot:dataset_matrix_annotation::input::scrna_object_rds,catalog_format:rds,{}
HAS_INPUT_SLOT,tool_id:dataset_matrix_annotation,io_slot:dataset_matrix_annotation::input::tabular_bio_data,{}
REQUIRES,io_slot:dataset_matrix_annotation::input::tabular_bio_data,artifact_type:analysis_summary,{}
ALLOW_FORMAT,io_slot:dataset_matrix_annotation::input::tabular_bio_data,catalog_format:tsv,{}
ALLOW_FORMAT,io_slot:dataset_matrix_annotation::input::tabular_bio_data,catalog_format:csv,{}
ALLOW_FORMAT,io_slot:dataset_matrix_annotation::input::tabular_bio_data,catalog_format:txt,{}
HAS_INPUT_SLOT,tool_id:dataset_matrix_annotation,io_slot:dataset_matrix_annotation::input::genome_annotation,{}
REQUIRES,io_slot:dataset_matrix_annotation::input::genome_annotation,artifact_type:genome_annotation,{}
ALLOW_FORMAT,io_slot:dataset_matrix_annotation::input::genome_annotation,catalog_format:fasta,{}
HAS_OUTPUT_SLOT,tool_id:dataset_matrix_annotation,io_slot:dataset_matrix_annotation::output::quality_control_report,{}
PRODUCES,io_slot:dataset_matrix_annotation::output::quality_control_report,artifact_type:quality_control_report,{}
ALLOW_FORMAT,io_slot:dataset_matrix_annotation::output::quality_control_report,catalog_format:html,{}
ALLOW_FORMAT,io_slot:dataset_matrix_annotation::output::quality_control_report,catalog_format:json,{}
ALLOW_FORMAT,io_slot:dataset_matrix_annotation::output::quality_control_report,catalog_format:txt,{}
HAS_FUNCTION,tool_id:de_enrichment,catalog_function:本流程整合 CNCB 元数据，执行差异表达分析并生成富集分析结果。支持自动样本分组、生存分析关联，输出火山图、热图及富集分析可视化。适用于具有临床元数据的 bulk RNA-seq 数据。,{}
HAS_INPUT_SLOT,tool_id:de_enrichment,io_slot:de_enrichment::input::tabular_bio_data,{}
REQUIRES,io_slot:de_enrichment::input::tabular_bio_data,artifact_type:analysis_summary,{}
ALLOW_FORMAT,io_slot:de_enrichment::input::tabular_bio_data,catalog_format:tsv,{}
ALLOW_FORMAT,io_slot:de_enrichment::input::tabular_bio_data,catalog_format:csv,{}
ALLOW_FORMAT,io_slot:de_enrichment::input::tabular_bio_data,catalog_format:txt,{}
HAS_INPUT_SLOT,tool_id:de_enrichment,io_slot:de_enrichment::input::clinical_table,{}
REQUIRES,io_slot:de_enrichment::input::clinical_table,artifact_type:clinical_table,{}
ALLOW_FORMAT,io_slot:de_enrichment::input::clinical_table,catalog_format:xlsx,{}
ALLOW_FORMAT,io_slot:de_enrichment::input::clinical_table,catalog_format:xls,{}
HAS_INPUT_SLOT,tool_id:de_enrichment,io_slot:de_enrichment::input::sample_metainfo,{}
REQUIRES,io_slot:de_enrichment::input::sample_metainfo,artifact_type:sample_metainfo,{}
ALLOW_FORMAT,io_slot:de_enrichment::input::sample_metainfo,catalog_format:xlsx,{}
ALLOW_FORMAT,io_slot:de_enrichment::input::sample_metainfo,catalog_format:xls,{}
ALLOW_FORMAT,io_slot:de_enrichment::input::sample_metainfo,catalog_format:tsv,{}
HAS_OUTPUT_SLOT,tool_id:de_enrichment,io_slot:de_enrichment::output::quality_control_report,{}
PRODUCES,io_slot:de_enrichment::output::quality_control_report,artifact_type:quality_control_report,{}
ALLOW_FORMAT,io_slot:de_enrichment::output::quality_control_report,catalog_format:html,{}
ALLOW_FORMAT,io_slot:de_enrichment::output::quality_control_report,catalog_format:json,{}
ALLOW_FORMAT,io_slot:de_enrichment::output::quality_control_report,catalog_format:txt,{}
HAS_OUTPUT_SLOT,tool_id:de_enrichment,io_slot:de_enrichment::output::tabular_bio_data,{}
PRODUCES,io_slot:de_enrichment::output::tabular_bio_data,artifact_type:analysis_summary,{}
ALLOW_FORMAT,io_slot:de_enrichment::output::tabular_bio_data,catalog_format:tsv,{}
ALLOW_FORMAT,io_slot:de_enrichment::output::tabular_bio_data,catalog_format:csv,{}
ALLOW_FORMAT,io_slot:de_enrichment::output::tabular_bio_data,catalog_format:txt,{}
HAS_FUNCTION,tool_id:deg_enrichment,catalog_function:本流程整合表达矩阵、样本元数据和临床信息，执行差异表达分析并生成火山图、热图及功能富集分析结果。 支持自动分组识别、生存分析关联，适用于批量 RNA-seq 数据的标准化差异表达与富集分析场景。,{}
HAS_INPUT_SLOT,tool_id:deg_enrichment,io_slot:deg_enrichment::input::tabular_bio_data,{}
REQUIRES,io_slot:deg_enrichment::input::tabular_bio_data,artifact_type:analysis_summary,{}
ALLOW_FORMAT,io_slot:deg_enrichment::input::tabular_bio_data,catalog_format:tsv,{}
ALLOW_FORMAT,io_slot:deg_enrichment::input::tabular_bio_data,catalog_format:csv,{}
ALLOW_FORMAT,io_slot:deg_enrichment::input::tabular_bio_data,catalog_format:txt,{}
HAS_INPUT_SLOT,tool_id:deg_enrichment,io_slot:deg_enrichment::input::clinical_table,{}
REQUIRES,io_slot:deg_enrichment::input::clinical_table,artifact_type:clinical_table,{}
ALLOW_FORMAT,io_slot:deg_enrichment::input::clinical_table,catalog_format:xlsx,{}
ALLOW_FORMAT,io_slot:deg_enrichment::input::clinical_table,catalog_format:xls,{}
HAS_INPUT_SLOT,tool_id:deg_enrichment,io_slot:deg_enrichment::input::sample_metainfo,{}
REQUIRES,io_slot:deg_enrichment::input::sample_metainfo,artifact_type:sample_metainfo,{}
ALLOW_FORMAT,io_slot:deg_enrichment::input::sample_metainfo,catalog_format:xlsx,{}
ALLOW_FORMAT,io_slot:deg_enrichment::input::sample_metainfo,catalog_format:xls,{}
ALLOW_FORMAT,io_slot:deg_enrichment::input::sample_metainfo,catalog_format:tsv,{}
HAS_OUTPUT_SLOT,tool_id:deg_enrichment,io_slot:deg_enrichment::output::quality_control_report,{}
PRODUCES,io_slot:deg_enrichment::output::quality_control_report,artifact_type:quality_control_report,{}
ALLOW_FORMAT,io_slot:deg_enrichment::output::quality_control_report,catalog_format:html,{}
ALLOW_FORMAT,io_slot:deg_enrichment::output::quality_control_report,catalog_format:json,{}
ALLOW_FORMAT,io_slot:deg_enrichment::output::quality_control_report,catalog_format:txt,{}
HAS_OUTPUT_SLOT,tool_id:deg_enrichment,io_slot:deg_enrichment::output::tabular_bio_data,{}
PRODUCES,io_slot:deg_enrichment::output::tabular_bio_data,artifact_type:analysis_summary,{}
ALLOW_FORMAT,io_slot:deg_enrichment::output::tabular_bio_data,catalog_format:tsv,{}
ALLOW_FORMAT,io_slot:deg_enrichment::output::tabular_bio_data,catalog_format:csv,{}
ALLOW_FORMAT,io_slot:deg_enrichment::output::tabular_bio_data,catalog_format:txt,{}
HAS_FUNCTION,tool_id:deg_trend,catalog_function:本流程用于差异表达基因(DEG)的趋势分析与可视化。输入基因表达矩阵、样本元数据和临床信息，自动完成样本分组、差异分析，并生成火山图、热图、箱线图和趋势图等多种可视化结果。适用于批量 RNA-seq 数据的临床关联分析场景。,{}
HAS_INPUT_SLOT,tool_id:deg_trend,io_slot:deg_trend::input::tabular_bio_data,{}
REQUIRES,io_slot:deg_trend::input::tabular_bio_data,artifact_type:analysis_summary,{}
ALLOW_FORMAT,io_slot:deg_trend::input::tabular_bio_data,catalog_format:tsv,{}
ALLOW_FORMAT,io_slot:deg_trend::input::tabular_bio_data,catalog_format:csv,{}
ALLOW_FORMAT,io_slot:deg_trend::input::tabular_bio_data,catalog_format:txt,{}
HAS_INPUT_SLOT,tool_id:deg_trend,io_slot:deg_trend::input::clinical_table,{}
REQUIRES,io_slot:deg_trend::input::clinical_table,artifact_type:clinical_table,{}
ALLOW_FORMAT,io_slot:deg_trend::input::clinical_table,catalog_format:xlsx,{}
ALLOW_FORMAT,io_slot:deg_trend::input::clinical_table,catalog_format:xls,{}
HAS_INPUT_SLOT,tool_id:deg_trend,io_slot:deg_trend::input::sample_metainfo,{}
REQUIRES,io_slot:deg_trend::input::sample_metainfo,artifact_type:sample_metainfo,{}
ALLOW_FORMAT,io_slot:deg_trend::input::sample_metainfo,catalog_format:xlsx,{}
ALLOW_FORMAT,io_slot:deg_trend::input::sample_metainfo,catalog_format:xls,{}
ALLOW_FORMAT,io_slot:deg_trend::input::sample_metainfo,catalog_format:tsv,{}
HAS_OUTPUT_SLOT,tool_id:deg_trend,io_slot:deg_trend::output::visualization_result,{}
PRODUCES,io_slot:deg_trend::output::visualization_result,artifact_type:analysis_figure,{}
ALLOW_FORMAT,io_slot:deg_trend::output::visualization_result,catalog_format:pdf,{}
ALLOW_FORMAT,io_slot:deg_trend::output::visualization_result,catalog_format:png,{}
HAS_OUTPUT_SLOT,tool_id:deg_trend,io_slot:deg_trend::output::quality_control_report,{}
PRODUCES,io_slot:deg_trend::output::quality_control_report,artifact_type:quality_control_report,{}
ALLOW_FORMAT,io_slot:deg_trend::output::quality_control_report,catalog_format:html,{}
ALLOW_FORMAT,io_slot:deg_trend::output::quality_control_report,catalog_format:json,{}
ALLOW_FORMAT,io_slot:deg_trend::output::quality_control_report,catalog_format:txt,{}
HAS_OUTPUT_SLOT,tool_id:deg_trend,io_slot:deg_trend::output::tabular_bio_data,{}
PRODUCES,io_slot:deg_trend::output::tabular_bio_data,artifact_type:analysis_summary,{}
ALLOW_FORMAT,io_slot:deg_trend::output::tabular_bio_data,catalog_format:tsv,{}
ALLOW_FORMAT,io_slot:deg_trend::output::tabular_bio_data,catalog_format:csv,{}
ALLOW_FORMAT,io_slot:deg_trend::output::tabular_bio_data,catalog_format:txt,{}
HAS_FUNCTION,tool_id:gene_boxplot,catalog_function:基于基因表达矩阵和临床元数据生成箱线图、火山图、热图等可视化结果。支持从 CNCB 原生格式元数据自动映射样本分组信息，可整合生存分析和肿瘤分期数据。适用于 bulk RNA-seq 数据的探索性可视化分析。,{}
HAS_INPUT_SLOT,tool_id:gene_boxplot,io_slot:gene_boxplot::input::tabular_bio_data,{}
REQUIRES,io_slot:gene_boxplot::input::tabular_bio_data,artifact_type:analysis_summary,{}
ALLOW_FORMAT,io_slot:gene_boxplot::input::tabular_bio_data,catalog_format:tsv,{}
ALLOW_FORMAT,io_slot:gene_boxplot::input::tabular_bio_data,catalog_format:csv,{}
ALLOW_FORMAT,io_slot:gene_boxplot::input::tabular_bio_data,catalog_format:txt,{}
HAS_INPUT_SLOT,tool_id:gene_boxplot,io_slot:gene_boxplot::input::clinical_table,{}
REQUIRES,io_slot:gene_boxplot::input::clinical_table,artifact_type:clinical_table,{}
ALLOW_FORMAT,io_slot:gene_boxplot::input::clinical_table,catalog_format:xlsx,{}
ALLOW_FORMAT,io_slot:gene_boxplot::input::clinical_table,catalog_format:xls,{}
HAS_INPUT_SLOT,tool_id:gene_boxplot,io_slot:gene_boxplot::input::sample_metainfo,{}
REQUIRES,io_slot:gene_boxplot::input::sample_metainfo,artifact_type:sample_metainfo,{}
ALLOW_FORMAT,io_slot:gene_boxplot::input::sample_metainfo,catalog_format:xlsx,{}
ALLOW_FORMAT,io_slot:gene_boxplot::input::sample_metainfo,catalog_format:xls,{}
ALLOW_FORMAT,io_slot:gene_boxplot::input::sample_metainfo,catalog_format:tsv,{}
HAS_OUTPUT_SLOT,tool_id:gene_boxplot,io_slot:gene_boxplot::output::quality_control_report,{}
PRODUCES,io_slot:gene_boxplot::output::quality_control_report,artifact_type:quality_control_report,{}
ALLOW_FORMAT,io_slot:gene_boxplot::output::quality_control_report,catalog_format:html,{}
ALLOW_FORMAT,io_slot:gene_boxplot::output::quality_control_report,catalog_format:json,{}
ALLOW_FORMAT,io_slot:gene_boxplot::output::quality_control_report,catalog_format:txt,{}
HAS_OUTPUT_SLOT,tool_id:gene_boxplot,io_slot:gene_boxplot::output::tabular_bio_data,{}
PRODUCES,io_slot:gene_boxplot::output::tabular_bio_data,artifact_type:analysis_summary,{}
ALLOW_FORMAT,io_slot:gene_boxplot::output::tabular_bio_data,catalog_format:tsv,{}
ALLOW_FORMAT,io_slot:gene_boxplot::output::tabular_bio_data,catalog_format:csv,{}
ALLOW_FORMAT,io_slot:gene_boxplot::output::tabular_bio_data,catalog_format:txt,{}
HAS_FUNCTION,tool_id:gsea_pathway_enrichment,catalog_function:本流程基于limma moderated t统计量构建全基因排序，使用fgseaMultilevel执行预排序GSEA。 输入为表达矩阵和样本元数据，输出包括通路富集结果、显著通路、排序基因列表及可视化图表。 适用于病例-对照转录组比较分析，支持协变量校正和配对设计。,{}
HAS_INPUT_SLOT,tool_id:gsea_pathway_enrichment,io_slot:gsea_pathway_enrichment::input::tabular_bio_data,{}
REQUIRES,io_slot:gsea_pathway_enrichment::input::tabular_bio_data,artifact_type:analysis_summary,{}
ALLOW_FORMAT,io_slot:gsea_pathway_enrichment::input::tabular_bio_data,catalog_format:tsv,{}
ALLOW_FORMAT,io_slot:gsea_pathway_enrichment::input::tabular_bio_data,catalog_format:csv,{}
ALLOW_FORMAT,io_slot:gsea_pathway_enrichment::input::tabular_bio_data,catalog_format:txt,{}
HAS_OUTPUT_SLOT,tool_id:gsea_pathway_enrichment,io_slot:gsea_pathway_enrichment::output::tabular_bio_data,{}
PRODUCES,io_slot:gsea_pathway_enrichment::output::tabular_bio_data,artifact_type:analysis_summary,{}
ALLOW_FORMAT,io_slot:gsea_pathway_enrichment::output::tabular_bio_data,catalog_format:tsv,{}
ALLOW_FORMAT,io_slot:gsea_pathway_enrichment::output::tabular_bio_data,catalog_format:csv,{}
ALLOW_FORMAT,io_slot:gsea_pathway_enrichment::output::tabular_bio_data,catalog_format:txt,{}
HAS_OUTPUT_SLOT,tool_id:gsea_pathway_enrichment,io_slot:gsea_pathway_enrichment::output::visualization_result,{}
PRODUCES,io_slot:gsea_pathway_enrichment::output::visualization_result,artifact_type:analysis_figure,{}
ALLOW_FORMAT,io_slot:gsea_pathway_enrichment::output::visualization_result,catalog_format:pdf,{}
ALLOW_FORMAT,io_slot:gsea_pathway_enrichment::output::visualization_result,catalog_format:png,{}
HAS_OUTPUT_SLOT,tool_id:gsea_pathway_enrichment,io_slot:gsea_pathway_enrichment::output::quality_control_report,{}
PRODUCES,io_slot:gsea_pathway_enrichment::output::quality_control_report,artifact_type:quality_control_report,{}
ALLOW_FORMAT,io_slot:gsea_pathway_enrichment::output::quality_control_report,catalog_format:html,{}
ALLOW_FORMAT,io_slot:gsea_pathway_enrichment::output::quality_control_report,catalog_format:json,{}
ALLOW_FORMAT,io_slot:gsea_pathway_enrichment::output::quality_control_report,catalog_format:txt,{}
HAS_FUNCTION,tool_id:hvg_pca_gmm,catalog_function:从logCPM表达矩阵中筛选高变基因，执行PCA降维，并在候选K范围内拟合高斯混合模型（GMM），最终依据BIC选择最佳聚类数。输入为预处理后的logCPM矩阵，输出包括高变基因统计、PCA结果、GMM聚类指标及可视化图表。,{}
HAS_OUTPUT_SLOT,tool_id:hvg_pca_gmm,io_slot:hvg_pca_gmm::output::tabular_bio_data,{}
PRODUCES,io_slot:hvg_pca_gmm::output::tabular_bio_data,artifact_type:analysis_summary,{}
ALLOW_FORMAT,io_slot:hvg_pca_gmm::output::tabular_bio_data,catalog_format:tsv,{}
ALLOW_FORMAT,io_slot:hvg_pca_gmm::output::tabular_bio_data,catalog_format:csv,{}
ALLOW_FORMAT,io_slot:hvg_pca_gmm::output::tabular_bio_data,catalog_format:txt,{}
HAS_OUTPUT_SLOT,tool_id:hvg_pca_gmm,io_slot:hvg_pca_gmm::output::quality_control_report,{}
PRODUCES,io_slot:hvg_pca_gmm::output::quality_control_report,artifact_type:quality_control_report,{}
ALLOW_FORMAT,io_slot:hvg_pca_gmm::output::quality_control_report,catalog_format:html,{}
ALLOW_FORMAT,io_slot:hvg_pca_gmm::output::quality_control_report,catalog_format:json,{}
ALLOW_FORMAT,io_slot:hvg_pca_gmm::output::quality_control_report,catalog_format:txt,{}
HAS_OUTPUT_SLOT,tool_id:hvg_pca_gmm,io_slot:hvg_pca_gmm::output::visualization_result,{}
PRODUCES,io_slot:hvg_pca_gmm::output::visualization_result,artifact_type:analysis_figure,{}
ALLOW_FORMAT,io_slot:hvg_pca_gmm::output::visualization_result,catalog_format:pdf,{}
ALLOW_FORMAT,io_slot:hvg_pca_gmm::output::visualization_result,catalog_format:png,{}
HAS_FUNCTION,tool_id:immunotherapy_cellchat,catalog_function:基于CellChat的免疫治疗细胞通讯分析流程。输入Seurat格式的单细胞RNA-seq数据，通过比较响应者与非响应者之间的细胞通讯网络差异，揭示免疫治疗相关的细胞间相互作用机制。输出包括通讯网络分析结果、质控报告和运行日志。,{}
HAS_INPUT_SLOT,tool_id:immunotherapy_cellchat,io_slot:immunotherapy_cellchat::input::scrna_object_rds,{}
REQUIRES,io_slot:immunotherapy_cellchat::input::scrna_object_rds,artifact_type:scrna_object,{}
ALLOW_FORMAT,io_slot:immunotherapy_cellchat::input::scrna_object_rds,catalog_format:rds,{}
HAS_INPUT_SLOT,tool_id:immunotherapy_cellchat,io_slot:immunotherapy_cellchat::input::genome_annotation,{}
REQUIRES,io_slot:immunotherapy_cellchat::input::genome_annotation,artifact_type:genome_annotation,{}
ALLOW_FORMAT,io_slot:immunotherapy_cellchat::input::genome_annotation,catalog_format:fasta,{}
HAS_OUTPUT_SLOT,tool_id:immunotherapy_cellchat,io_slot:immunotherapy_cellchat::output::visualization_result,{}
PRODUCES,io_slot:immunotherapy_cellchat::output::visualization_result,artifact_type:analysis_figure,{}
ALLOW_FORMAT,io_slot:immunotherapy_cellchat::output::visualization_result,catalog_format:pdf,{}
ALLOW_FORMAT,io_slot:immunotherapy_cellchat::output::visualization_result,catalog_format:png,{}
HAS_OUTPUT_SLOT,tool_id:immunotherapy_cellchat,io_slot:immunotherapy_cellchat::output::quality_control_report,{}
PRODUCES,io_slot:immunotherapy_cellchat::output::quality_control_report,artifact_type:quality_control_report,{}
ALLOW_FORMAT,io_slot:immunotherapy_cellchat::output::quality_control_report,catalog_format:html,{}
ALLOW_FORMAT,io_slot:immunotherapy_cellchat::output::quality_control_report,catalog_format:json,{}
ALLOW_FORMAT,io_slot:immunotherapy_cellchat::output::quality_control_report,catalog_format:txt,{}
HAS_FUNCTION,tool_id:ipf_trajectory_regulon,catalog_function:对特发性肺纤维化(IPF)单细胞RNA-seq数据进行轨迹推断和调控子分析。输入为Seurat RDS对象，输出包括分析结果压缩包、运行摘要、质控报告和文件清单等。,{}
HAS_INPUT_SLOT,tool_id:ipf_trajectory_regulon,io_slot:ipf_trajectory_regulon::input::scrna_object_rds,{}
REQUIRES,io_slot:ipf_trajectory_regulon::input::scrna_object_rds,artifact_type:scrna_object,{}
ALLOW_FORMAT,io_slot:ipf_trajectory_regulon::input::scrna_object_rds,catalog_format:rds,{}
HAS_INPUT_SLOT,tool_id:ipf_trajectory_regulon,io_slot:ipf_trajectory_regulon::input::sample_metainfo,{}
REQUIRES,io_slot:ipf_trajectory_regulon::input::sample_metainfo,artifact_type:sample_metainfo,{}
ALLOW_FORMAT,io_slot:ipf_trajectory_regulon::input::sample_metainfo,catalog_format:xlsx,{}
ALLOW_FORMAT,io_slot:ipf_trajectory_regulon::input::sample_metainfo,catalog_format:xls,{}
ALLOW_FORMAT,io_slot:ipf_trajectory_regulon::input::sample_metainfo,catalog_format:tsv,{}
HAS_INPUT_SLOT,tool_id:ipf_trajectory_regulon,io_slot:ipf_trajectory_regulon::input::genome_annotation,{}
REQUIRES,io_slot:ipf_trajectory_regulon::input::genome_annotation,artifact_type:genome_annotation,{}
ALLOW_FORMAT,io_slot:ipf_trajectory_regulon::input::genome_annotation,catalog_format:fasta,{}
HAS_OUTPUT_SLOT,tool_id:ipf_trajectory_regulon,io_slot:ipf_trajectory_regulon::output::quality_control_report,{}
PRODUCES,io_slot:ipf_trajectory_regulon::output::quality_control_report,artifact_type:quality_control_report,{}
ALLOW_FORMAT,io_slot:ipf_trajectory_regulon::output::quality_control_report,catalog_format:html,{}
ALLOW_FORMAT,io_slot:ipf_trajectory_regulon::output::quality_control_report,catalog_format:json,{}
ALLOW_FORMAT,io_slot:ipf_trajectory_regulon::output::quality_control_report,catalog_format:txt,{}
HAS_FUNCTION,tool_id:km_survival,catalog_function:整合基因表达矩阵与临床元数据，执行 Kaplan-Meier 生存分析和 Cox 比例风险模型。 支持样本分组、肿瘤分期过滤和生存数据验证，输出生存曲线及统计结果。,{}
HAS_INPUT_SLOT,tool_id:km_survival,io_slot:km_survival::input::tabular_bio_data,{}
REQUIRES,io_slot:km_survival::input::tabular_bio_data,artifact_type:analysis_summary,{}
ALLOW_FORMAT,io_slot:km_survival::input::tabular_bio_data,catalog_format:tsv,{}
ALLOW_FORMAT,io_slot:km_survival::input::tabular_bio_data,catalog_format:csv,{}
ALLOW_FORMAT,io_slot:km_survival::input::tabular_bio_data,catalog_format:txt,{}
HAS_INPUT_SLOT,tool_id:km_survival,io_slot:km_survival::input::clinical_table,{}
REQUIRES,io_slot:km_survival::input::clinical_table,artifact_type:clinical_table,{}
ALLOW_FORMAT,io_slot:km_survival::input::clinical_table,catalog_format:xlsx,{}
ALLOW_FORMAT,io_slot:km_survival::input::clinical_table,catalog_format:xls,{}
HAS_INPUT_SLOT,tool_id:km_survival,io_slot:km_survival::input::sample_metainfo,{}
REQUIRES,io_slot:km_survival::input::sample_metainfo,artifact_type:sample_metainfo,{}
ALLOW_FORMAT,io_slot:km_survival::input::sample_metainfo,catalog_format:xlsx,{}
ALLOW_FORMAT,io_slot:km_survival::input::sample_metainfo,catalog_format:xls,{}
ALLOW_FORMAT,io_slot:km_survival::input::sample_metainfo,catalog_format:tsv,{}
HAS_OUTPUT_SLOT,tool_id:km_survival,io_slot:km_survival::output::quality_control_report,{}
PRODUCES,io_slot:km_survival::output::quality_control_report,artifact_type:quality_control_report,{}
ALLOW_FORMAT,io_slot:km_survival::output::quality_control_report,catalog_format:html,{}
ALLOW_FORMAT,io_slot:km_survival::output::quality_control_report,catalog_format:json,{}
ALLOW_FORMAT,io_slot:km_survival::output::quality_control_report,catalog_format:txt,{}
HAS_OUTPUT_SLOT,tool_id:km_survival,io_slot:km_survival::output::tabular_bio_data,{}
PRODUCES,io_slot:km_survival::output::tabular_bio_data,artifact_type:analysis_summary,{}
ALLOW_FORMAT,io_slot:km_survival::output::tabular_bio_data,catalog_format:tsv,{}
ALLOW_FORMAT,io_slot:km_survival::output::tabular_bio_data,catalog_format:csv,{}
ALLOW_FORMAT,io_slot:km_survival::output::tabular_bio_data,catalog_format:txt,{}
HAS_FUNCTION,tool_id:lung_tme_annotation_cnv,catalog_function:基于单细胞RNA-seq数据对肺癌肿瘤微环境进行细胞类型注释和拷贝数变异(CNV)分析。 输入为Seurat RDS文件和基因排序文件，输出包括压缩的结果包、运行摘要、质控报告和分析清单。,{}
HAS_INPUT_SLOT,tool_id:lung_tme_annotation_cnv,io_slot:lung_tme_annotation_cnv::input::scrna_object_rds,{}
REQUIRES,io_slot:lung_tme_annotation_cnv::input::scrna_object_rds,artifact_type:scrna_object,{}
ALLOW_FORMAT,io_slot:lung_tme_annotation_cnv::input::scrna_object_rds,catalog_format:rds,{}
HAS_INPUT_SLOT,tool_id:lung_tme_annotation_cnv,io_slot:lung_tme_annotation_cnv::input::tabular_bio_data,{}
REQUIRES,io_slot:lung_tme_annotation_cnv::input::tabular_bio_data,artifact_type:analysis_summary,{}
ALLOW_FORMAT,io_slot:lung_tme_annotation_cnv::input::tabular_bio_data,catalog_format:tsv,{}
ALLOW_FORMAT,io_slot:lung_tme_annotation_cnv::input::tabular_bio_data,catalog_format:csv,{}
ALLOW_FORMAT,io_slot:lung_tme_annotation_cnv::input::tabular_bio_data,catalog_format:txt,{}
HAS_INPUT_SLOT,tool_id:lung_tme_annotation_cnv,io_slot:lung_tme_annotation_cnv::input::genome_annotation,{}
REQUIRES,io_slot:lung_tme_annotation_cnv::input::genome_annotation,artifact_type:genome_annotation,{}
ALLOW_FORMAT,io_slot:lung_tme_annotation_cnv::input::genome_annotation,catalog_format:fasta,{}
HAS_OUTPUT_SLOT,tool_id:lung_tme_annotation_cnv,io_slot:lung_tme_annotation_cnv::output::quality_control_report,{}
PRODUCES,io_slot:lung_tme_annotation_cnv::output::quality_control_report,artifact_type:quality_control_report,{}
ALLOW_FORMAT,io_slot:lung_tme_annotation_cnv::output::quality_control_report,catalog_format:html,{}
ALLOW_FORMAT,io_slot:lung_tme_annotation_cnv::output::quality_control_report,catalog_format:json,{}
ALLOW_FORMAT,io_slot:lung_tme_annotation_cnv::output::quality_control_report,catalog_format:txt,{}
HAS_FUNCTION,tool_id:preprocess_counts,catalog_function:对RNA-seq原始count矩阵执行样本质量控制、低表达基因过滤和logCPM标准化。 输入为基因ID为第一列、其余列为样本count值的TSV矩阵，输出标准化后的logCPM矩阵及QC统计文件。,{}
HAS_INPUT_SLOT,tool_id:preprocess_counts,io_slot:preprocess_counts::input::tabular_bio_data,{}
REQUIRES,io_slot:preprocess_counts::input::tabular_bio_data,artifact_type:analysis_summary,{}
ALLOW_FORMAT,io_slot:preprocess_counts::input::tabular_bio_data,catalog_format:tsv,{}
ALLOW_FORMAT,io_slot:preprocess_counts::input::tabular_bio_data,catalog_format:csv,{}
ALLOW_FORMAT,io_slot:preprocess_counts::input::tabular_bio_data,catalog_format:txt,{}
HAS_OUTPUT_SLOT,tool_id:preprocess_counts,io_slot:preprocess_counts::output::tabular_bio_data,{}
PRODUCES,io_slot:preprocess_counts::output::tabular_bio_data,artifact_type:analysis_summary,{}
ALLOW_FORMAT,io_slot:preprocess_counts::output::tabular_bio_data,catalog_format:tsv,{}
ALLOW_FORMAT,io_slot:preprocess_counts::output::tabular_bio_data,catalog_format:csv,{}
ALLOW_FORMAT,io_slot:preprocess_counts::output::tabular_bio_data,catalog_format:txt,{}
HAS_OUTPUT_SLOT,tool_id:preprocess_counts,io_slot:preprocess_counts::output::quality_control_report,{}
PRODUCES,io_slot:preprocess_counts::output::quality_control_report,artifact_type:quality_control_report,{}
ALLOW_FORMAT,io_slot:preprocess_counts::output::quality_control_report,catalog_format:html,{}
ALLOW_FORMAT,io_slot:preprocess_counts::output::quality_control_report,catalog_format:json,{}
ALLOW_FORMAT,io_slot:preprocess_counts::output::quality_control_report,catalog_format:txt,{}
HAS_FUNCTION,tool_id:rmats_alternative_splicing,catalog_function:比较两组 bulk RNA-seq 数据中的差异剪接事件，覆盖 skipped exon（SE）、mutually exclusive exon（MXE）、 alternative 5'/3' splice site（A5SS/A3SS）和 retained intron（RI），并为代表性事件生成 sashimi plot。 流程从已比对 BAM 开始，不包含 FASTQ 质控和比对。,{}
HAS_INPUT_SLOT,tool_id:rmats_alternative_splicing,io_slot:rmats_alternative_splicing::input::transcriptome_bam,{}
REQUIRES,io_slot:rmats_alternative_splicing::input::transcriptome_bam,artifact_type:transcriptome_bam,{}
ALLOW_FORMAT,io_slot:rmats_alternative_splicing::input::transcriptome_bam,catalog_format:bam,{}
HAS_INPUT_SLOT,tool_id:rmats_alternative_splicing,io_slot:rmats_alternative_splicing::input::genome_annotation,{}
REQUIRES,io_slot:rmats_alternative_splicing::input::genome_annotation,artifact_type:genome_annotation,{}
ALLOW_FORMAT,io_slot:rmats_alternative_splicing::input::genome_annotation,catalog_format:fasta,{}
HAS_OUTPUT_SLOT,tool_id:rmats_alternative_splicing,io_slot:rmats_alternative_splicing::output::aligned_bam,{}
PRODUCES,io_slot:rmats_alternative_splicing::output::aligned_bam,artifact_type:aligned_bam,{}
ALLOW_FORMAT,io_slot:rmats_alternative_splicing::output::aligned_bam,catalog_format:bam,{}
HAS_OUTPUT_SLOT,tool_id:rmats_alternative_splicing,io_slot:rmats_alternative_splicing::output::tabular_bio_data,{}
PRODUCES,io_slot:rmats_alternative_splicing::output::tabular_bio_data,artifact_type:analysis_summary,{}
ALLOW_FORMAT,io_slot:rmats_alternative_splicing::output::tabular_bio_data,catalog_format:tsv,{}
ALLOW_FORMAT,io_slot:rmats_alternative_splicing::output::tabular_bio_data,catalog_format:csv,{}
ALLOW_FORMAT,io_slot:rmats_alternative_splicing::output::tabular_bio_data,catalog_format:txt,{}
HAS_OUTPUT_SLOT,tool_id:rmats_alternative_splicing,io_slot:rmats_alternative_splicing::output::quality_control_report,{}
PRODUCES,io_slot:rmats_alternative_splicing::output::quality_control_report,artifact_type:quality_control_report,{}
ALLOW_FORMAT,io_slot:rmats_alternative_splicing::output::quality_control_report,catalog_format:html,{}
ALLOW_FORMAT,io_slot:rmats_alternative_splicing::output::quality_control_report,catalog_format:json,{}
ALLOW_FORMAT,io_slot:rmats_alternative_splicing::output::quality_control_report,catalog_format:txt,{}
HAS_OUTPUT_SLOT,tool_id:rmats_alternative_splicing,io_slot:rmats_alternative_splicing::output::visualization_result,{}
PRODUCES,io_slot:rmats_alternative_splicing::output::visualization_result,artifact_type:analysis_figure,{}
ALLOW_FORMAT,io_slot:rmats_alternative_splicing::output::visualization_result,catalog_format:pdf,{}
ALLOW_FORMAT,io_slot:rmats_alternative_splicing::output::visualization_result,catalog_format:png,{}
HAS_FUNCTION,tool_id:scrna_cell_communication,catalog_function:该流程整合 CellPhoneDB 和 NicheNet 进行单细胞转录组细胞通讯分析。输入为 Seurat RDS 对象或 h5ad 格式的表达矩阵及细胞元数据，输出包括样本级别的 CellPhoneDB 结果、差异通讯分析结果以及 NicheNet 配体-受体和配体-靶基因预测结果。支持 HRA000087 数据集的自动预处理模式。,{}
HAS_INPUT_SLOT,tool_id:scrna_cell_communication,io_slot:scrna_cell_communication::input::tabular_bio_data,{}
REQUIRES,io_slot:scrna_cell_communication::input::tabular_bio_data,artifact_type:analysis_summary,{}
ALLOW_FORMAT,io_slot:scrna_cell_communication::input::tabular_bio_data,catalog_format:tsv,{}
ALLOW_FORMAT,io_slot:scrna_cell_communication::input::tabular_bio_data,catalog_format:csv,{}
ALLOW_FORMAT,io_slot:scrna_cell_communication::input::tabular_bio_data,catalog_format:txt,{}
HAS_INPUT_SLOT,tool_id:scrna_cell_communication,io_slot:scrna_cell_communication::input::scrna_object_rds,{}
REQUIRES,io_slot:scrna_cell_communication::input::scrna_object_rds,artifact_type:scrna_object,{}
ALLOW_FORMAT,io_slot:scrna_cell_communication::input::scrna_object_rds,catalog_format:rds,{}
HAS_INPUT_SLOT,tool_id:scrna_cell_communication,io_slot:scrna_cell_communication::input::sample_metainfo,{}
REQUIRES,io_slot:scrna_cell_communication::input::sample_metainfo,artifact_type:sample_metainfo,{}
ALLOW_FORMAT,io_slot:scrna_cell_communication::input::sample_metainfo,catalog_format:xlsx,{}
ALLOW_FORMAT,io_slot:scrna_cell_communication::input::sample_metainfo,catalog_format:xls,{}
ALLOW_FORMAT,io_slot:scrna_cell_communication::input::sample_metainfo,catalog_format:tsv,{}
HAS_OUTPUT_SLOT,tool_id:scrna_cell_communication,io_slot:scrna_cell_communication::output::tabular_bio_data,{}
PRODUCES,io_slot:scrna_cell_communication::output::tabular_bio_data,artifact_type:analysis_summary,{}
ALLOW_FORMAT,io_slot:scrna_cell_communication::output::tabular_bio_data,catalog_format:tsv,{}
ALLOW_FORMAT,io_slot:scrna_cell_communication::output::tabular_bio_data,catalog_format:csv,{}
ALLOW_FORMAT,io_slot:scrna_cell_communication::output::tabular_bio_data,catalog_format:txt,{}
HAS_OUTPUT_SLOT,tool_id:scrna_cell_communication,io_slot:scrna_cell_communication::output::scrna_object_rds,{}
PRODUCES,io_slot:scrna_cell_communication::output::scrna_object_rds,artifact_type:scrna_object,{}
ALLOW_FORMAT,io_slot:scrna_cell_communication::output::scrna_object_rds,catalog_format:rds,{}
HAS_OUTPUT_SLOT,tool_id:scrna_cell_communication,io_slot:scrna_cell_communication::output::quality_control_report,{}
PRODUCES,io_slot:scrna_cell_communication::output::quality_control_report,artifact_type:quality_control_report,{}
ALLOW_FORMAT,io_slot:scrna_cell_communication::output::quality_control_report,catalog_format:html,{}
ALLOW_FORMAT,io_slot:scrna_cell_communication::output::quality_control_report,catalog_format:json,{}
ALLOW_FORMAT,io_slot:scrna_cell_communication::output::quality_control_report,catalog_format:txt,{}
HAS_OUTPUT_SLOT,tool_id:scrna_cell_communication,io_slot:scrna_cell_communication::output::visualization_result,{}
PRODUCES,io_slot:scrna_cell_communication::output::visualization_result,artifact_type:analysis_figure,{}
ALLOW_FORMAT,io_slot:scrna_cell_communication::output::visualization_result,catalog_format:pdf,{}
ALLOW_FORMAT,io_slot:scrna_cell_communication::output::visualization_result,catalog_format:png,{}
HAS_FUNCTION,tool_id:stage_heatmap,catalog_function:本流程用于生成基于肿瘤分期的基因表达热图可视化。整合表达矩阵、元数据文件和临床信息文件，自动匹配样本信息并筛选目标分期样本，输出分期热图及样本映射报告。适用于 CNCB 等公共数据库来源的 bulk RNA-seq 数据可视化分析。,{}
HAS_INPUT_SLOT,tool_id:stage_heatmap,io_slot:stage_heatmap::input::tabular_bio_data,{}
REQUIRES,io_slot:stage_heatmap::input::tabular_bio_data,artifact_type:analysis_summary,{}
ALLOW_FORMAT,io_slot:stage_heatmap::input::tabular_bio_data,catalog_format:tsv,{}
ALLOW_FORMAT,io_slot:stage_heatmap::input::tabular_bio_data,catalog_format:csv,{}
ALLOW_FORMAT,io_slot:stage_heatmap::input::tabular_bio_data,catalog_format:txt,{}
HAS_INPUT_SLOT,tool_id:stage_heatmap,io_slot:stage_heatmap::input::clinical_table,{}
REQUIRES,io_slot:stage_heatmap::input::clinical_table,artifact_type:clinical_table,{}
ALLOW_FORMAT,io_slot:stage_heatmap::input::clinical_table,catalog_format:xlsx,{}
ALLOW_FORMAT,io_slot:stage_heatmap::input::clinical_table,catalog_format:xls,{}
HAS_INPUT_SLOT,tool_id:stage_heatmap,io_slot:stage_heatmap::input::sample_metainfo,{}
REQUIRES,io_slot:stage_heatmap::input::sample_metainfo,artifact_type:sample_metainfo,{}
ALLOW_FORMAT,io_slot:stage_heatmap::input::sample_metainfo,catalog_format:xlsx,{}
ALLOW_FORMAT,io_slot:stage_heatmap::input::sample_metainfo,catalog_format:xls,{}
ALLOW_FORMAT,io_slot:stage_heatmap::input::sample_metainfo,catalog_format:tsv,{}
HAS_OUTPUT_SLOT,tool_id:stage_heatmap,io_slot:stage_heatmap::output::visualization_result,{}
PRODUCES,io_slot:stage_heatmap::output::visualization_result,artifact_type:analysis_figure,{}
ALLOW_FORMAT,io_slot:stage_heatmap::output::visualization_result,catalog_format:pdf,{}
ALLOW_FORMAT,io_slot:stage_heatmap::output::visualization_result,catalog_format:png,{}
HAS_OUTPUT_SLOT,tool_id:stage_heatmap,io_slot:stage_heatmap::output::quality_control_report,{}
PRODUCES,io_slot:stage_heatmap::output::quality_control_report,artifact_type:quality_control_report,{}
ALLOW_FORMAT,io_slot:stage_heatmap::output::quality_control_report,catalog_format:html,{}
ALLOW_FORMAT,io_slot:stage_heatmap::output::quality_control_report,catalog_format:json,{}
ALLOW_FORMAT,io_slot:stage_heatmap::output::quality_control_report,catalog_format:txt,{}
HAS_OUTPUT_SLOT,tool_id:stage_heatmap,io_slot:stage_heatmap::output::tabular_bio_data,{}
PRODUCES,io_slot:stage_heatmap::output::tabular_bio_data,artifact_type:analysis_summary,{}
ALLOW_FORMAT,io_slot:stage_heatmap::output::tabular_bio_data,catalog_format:tsv,{}
ALLOW_FORMAT,io_slot:stage_heatmap::output::tabular_bio_data,catalog_format:csv,{}
ALLOW_FORMAT,io_slot:stage_heatmap::output::tabular_bio_data,catalog_format:txt,{}
HAS_FUNCTION,tool_id:tcell_intervention,catalog_function:该流程用于对单细胞RNA-seq数据进行T细胞干预前后的比较分析。输入为Seurat RDS文件，通过指定细胞类型、时间点和患者信息等元数据列，进行差异表达分析，输出包括压缩的结果文件、运行摘要、质控报告和分析清单等。,{}
HAS_INPUT_SLOT,tool_id:tcell_intervention,io_slot:tcell_intervention::input::scrna_object_rds,{}
REQUIRES,io_slot:tcell_intervention::input::scrna_object_rds,artifact_type:scrna_object,{}
ALLOW_FORMAT,io_slot:tcell_intervention::input::scrna_object_rds,catalog_format:rds,{}
HAS_INPUT_SLOT,tool_id:tcell_intervention,io_slot:tcell_intervention::input::tabular_bio_data,{}
REQUIRES,io_slot:tcell_intervention::input::tabular_bio_data,artifact_type:analysis_summary,{}
ALLOW_FORMAT,io_slot:tcell_intervention::input::tabular_bio_data,catalog_format:tsv,{}
ALLOW_FORMAT,io_slot:tcell_intervention::input::tabular_bio_data,catalog_format:csv,{}
ALLOW_FORMAT,io_slot:tcell_intervention::input::tabular_bio_data,catalog_format:txt,{}
HAS_INPUT_SLOT,tool_id:tcell_intervention,io_slot:tcell_intervention::input::sample_metainfo,{}
REQUIRES,io_slot:tcell_intervention::input::sample_metainfo,artifact_type:sample_metainfo,{}
ALLOW_FORMAT,io_slot:tcell_intervention::input::sample_metainfo,catalog_format:xlsx,{}
ALLOW_FORMAT,io_slot:tcell_intervention::input::sample_metainfo,catalog_format:xls,{}
ALLOW_FORMAT,io_slot:tcell_intervention::input::sample_metainfo,catalog_format:tsv,{}
HAS_INPUT_SLOT,tool_id:tcell_intervention,io_slot:tcell_intervention::input::genome_annotation,{}
REQUIRES,io_slot:tcell_intervention::input::genome_annotation,artifact_type:genome_annotation,{}
ALLOW_FORMAT,io_slot:tcell_intervention::input::genome_annotation,catalog_format:fasta,{}
HAS_OUTPUT_SLOT,tool_id:tcell_intervention,io_slot:tcell_intervention::output::quality_control_report,{}
PRODUCES,io_slot:tcell_intervention::output::quality_control_report,artifact_type:quality_control_report,{}
ALLOW_FORMAT,io_slot:tcell_intervention::output::quality_control_report,catalog_format:html,{}
ALLOW_FORMAT,io_slot:tcell_intervention::output::quality_control_report,catalog_format:json,{}
ALLOW_FORMAT,io_slot:tcell_intervention::output::quality_control_report,catalog_format:txt,{}
HAS_FUNCTION,tool_id:umap,catalog_function:基于基因表达矩阵进行 UMAP 降维可视化分析，整合 CNCB 元数据和临床信息。 支持自动样本分组、生存分析数据提取，输出降维结果及样本信息报告。,{}
HAS_INPUT_SLOT,tool_id:umap,io_slot:umap::input::tabular_bio_data,{}
REQUIRES,io_slot:umap::input::tabular_bio_data,artifact_type:analysis_summary,{}
ALLOW_FORMAT,io_slot:umap::input::tabular_bio_data,catalog_format:tsv,{}
ALLOW_FORMAT,io_slot:umap::input::tabular_bio_data,catalog_format:csv,{}
ALLOW_FORMAT,io_slot:umap::input::tabular_bio_data,catalog_format:txt,{}
HAS_INPUT_SLOT,tool_id:umap,io_slot:umap::input::clinical_table,{}
REQUIRES,io_slot:umap::input::clinical_table,artifact_type:clinical_table,{}
ALLOW_FORMAT,io_slot:umap::input::clinical_table,catalog_format:xlsx,{}
ALLOW_FORMAT,io_slot:umap::input::clinical_table,catalog_format:xls,{}
HAS_INPUT_SLOT,tool_id:umap,io_slot:umap::input::sample_metainfo,{}
REQUIRES,io_slot:umap::input::sample_metainfo,artifact_type:sample_metainfo,{}
ALLOW_FORMAT,io_slot:umap::input::sample_metainfo,catalog_format:xlsx,{}
ALLOW_FORMAT,io_slot:umap::input::sample_metainfo,catalog_format:xls,{}
ALLOW_FORMAT,io_slot:umap::input::sample_metainfo,catalog_format:tsv,{}
HAS_OUTPUT_SLOT,tool_id:umap,io_slot:umap::output::visualization_result,{}
PRODUCES,io_slot:umap::output::visualization_result,artifact_type:analysis_figure,{}
ALLOW_FORMAT,io_slot:umap::output::visualization_result,catalog_format:pdf,{}
ALLOW_FORMAT,io_slot:umap::output::visualization_result,catalog_format:png,{}
HAS_OUTPUT_SLOT,tool_id:umap,io_slot:umap::output::quality_control_report,{}
PRODUCES,io_slot:umap::output::quality_control_report,artifact_type:quality_control_report,{}
ALLOW_FORMAT,io_slot:umap::output::quality_control_report,catalog_format:html,{}
ALLOW_FORMAT,io_slot:umap::output::quality_control_report,catalog_format:json,{}
ALLOW_FORMAT,io_slot:umap::output::quality_control_report,catalog_format:txt,{}
HAS_OUTPUT_SLOT,tool_id:umap,io_slot:umap::output::tabular_bio_data,{}
PRODUCES,io_slot:umap::output::tabular_bio_data,artifact_type:analysis_summary,{}
ALLOW_FORMAT,io_slot:umap::output::tabular_bio_data,catalog_format:tsv,{}
ALLOW_FORMAT,io_slot:umap::output::tabular_bio_data,catalog_format:csv,{}
ALLOW_FORMAT,io_slot:umap::output::tabular_bio_data,catalog_format:txt,{}
HAS_FUNCTION,tool_id:wes_somatic_pair,catalog_function:用于单个病人配对 tumor-normal WES 数据的体细胞变异分析流程。包含 FASTQ 质控、BWA 比对、Mutect2 变异检测、SnpEff 注释及 MultiQC 汇总报告。 输出包括过滤后的 VCF 文件、BAM 文件及完整的质控报告。,{}
HAS_INPUT_SLOT,tool_id:wes_somatic_pair,io_slot:wes_somatic_pair::input::raw_fastq_read_r1,{}
REQUIRES,io_slot:wes_somatic_pair::input::raw_fastq_read_r1,artifact_type:raw_fastq_read,{}
ALLOW_FORMAT,io_slot:wes_somatic_pair::input::raw_fastq_read_r1,catalog_format:fq.gz,{}
HAS_INPUT_SLOT,tool_id:wes_somatic_pair,io_slot:wes_somatic_pair::input::raw_fastq_read_r2,{}
REQUIRES,io_slot:wes_somatic_pair::input::raw_fastq_read_r2,artifact_type:raw_fastq_read,{}
ALLOW_FORMAT,io_slot:wes_somatic_pair::input::raw_fastq_read_r2,catalog_format:fq.gz,{}
HAS_INPUT_SLOT,tool_id:wes_somatic_pair,io_slot:wes_somatic_pair::input::interval_list,{}
REQUIRES,io_slot:wes_somatic_pair::input::interval_list,artifact_type:interval_list,{}
ALLOW_FORMAT,io_slot:wes_somatic_pair::input::interval_list,catalog_format:interval_list,{}
HAS_INPUT_SLOT,tool_id:wes_somatic_pair,io_slot:wes_somatic_pair::input::genome_annotation,{}
REQUIRES,io_slot:wes_somatic_pair::input::genome_annotation,artifact_type:genome_annotation,{}
ALLOW_FORMAT,io_slot:wes_somatic_pair::input::genome_annotation,catalog_format:fasta,{}
HAS_INPUT_SLOT,tool_id:wes_somatic_pair,io_slot:wes_somatic_pair::input::unfiltered_vcf,{}
REQUIRES,io_slot:wes_somatic_pair::input::unfiltered_vcf,artifact_type:unfiltered_vcf,{}
ALLOW_FORMAT,io_slot:wes_somatic_pair::input::unfiltered_vcf,catalog_format:vcf,{}
HAS_OUTPUT_SLOT,tool_id:wes_somatic_pair,io_slot:wes_somatic_pair::output::aligned_bam,{}
PRODUCES,io_slot:wes_somatic_pair::output::aligned_bam,artifact_type:aligned_bam,{}
ALLOW_FORMAT,io_slot:wes_somatic_pair::output::aligned_bam,catalog_format:bam,{}
HAS_OUTPUT_SLOT,tool_id:wes_somatic_pair,io_slot:wes_somatic_pair::output::unfiltered_vcf,{}
PRODUCES,io_slot:wes_somatic_pair::output::unfiltered_vcf,artifact_type:unfiltered_vcf,{}
ALLOW_FORMAT,io_slot:wes_somatic_pair::output::unfiltered_vcf,catalog_format:vcf,{}
HAS_OUTPUT_SLOT,tool_id:wes_somatic_pair,io_slot:wes_somatic_pair::output::variant_index_tbi,{}
PRODUCES,io_slot:wes_somatic_pair::output::variant_index_tbi,artifact_type:vcf_index,{}
ALLOW_FORMAT,io_slot:wes_somatic_pair::output::variant_index_tbi,catalog_format:tbi,{}
MANIFEST_AS,artifact_type:vcf_index,catalog_format:tbi,{}
HAS_OUTPUT_SLOT,tool_id:wes_somatic_pair,io_slot:wes_somatic_pair::output::quality_control_report,{}
PRODUCES,io_slot:wes_somatic_pair::output::quality_control_report,artifact_type:quality_control_report,{}
ALLOW_FORMAT,io_slot:wes_somatic_pair::output::quality_control_report,catalog_format:html,{}
ALLOW_FORMAT,io_slot:wes_somatic_pair::output::quality_control_report,catalog_format:json,{}
ALLOW_FORMAT,io_slot:wes_somatic_pair::output::quality_control_report,catalog_format:txt,{}
HAS_FUNCTION,tool_id:wgcna_hub,catalog_function:基于 WGCNA 算法构建基因共表达网络，识别与表型性状相关的关键模块和 Hub 基因。 支持从 CNCB 等平台的原始元数据自动解析样本分组和临床信息，输出模块 - 性状关联、候选 Hub 基因列表及功能富集结果。,{}
HAS_INPUT_SLOT,tool_id:wgcna_hub,io_slot:wgcna_hub::input::tabular_bio_data,{}
REQUIRES,io_slot:wgcna_hub::input::tabular_bio_data,artifact_type:analysis_summary,{}
ALLOW_FORMAT,io_slot:wgcna_hub::input::tabular_bio_data,catalog_format:tsv,{}
ALLOW_FORMAT,io_slot:wgcna_hub::input::tabular_bio_data,catalog_format:csv,{}
ALLOW_FORMAT,io_slot:wgcna_hub::input::tabular_bio_data,catalog_format:txt,{}
HAS_INPUT_SLOT,tool_id:wgcna_hub,io_slot:wgcna_hub::input::clinical_table,{}
REQUIRES,io_slot:wgcna_hub::input::clinical_table,artifact_type:clinical_table,{}
ALLOW_FORMAT,io_slot:wgcna_hub::input::clinical_table,catalog_format:xlsx,{}
ALLOW_FORMAT,io_slot:wgcna_hub::input::clinical_table,catalog_format:xls,{}
HAS_INPUT_SLOT,tool_id:wgcna_hub,io_slot:wgcna_hub::input::sample_metainfo,{}
REQUIRES,io_slot:wgcna_hub::input::sample_metainfo,artifact_type:sample_metainfo,{}
ALLOW_FORMAT,io_slot:wgcna_hub::input::sample_metainfo,catalog_format:xlsx,{}
ALLOW_FORMAT,io_slot:wgcna_hub::input::sample_metainfo,catalog_format:xls,{}
ALLOW_FORMAT,io_slot:wgcna_hub::input::sample_metainfo,catalog_format:tsv,{}
HAS_OUTPUT_SLOT,tool_id:wgcna_hub,io_slot:wgcna_hub::output::quality_control_report,{}
PRODUCES,io_slot:wgcna_hub::output::quality_control_report,artifact_type:quality_control_report,{}
ALLOW_FORMAT,io_slot:wgcna_hub::output::quality_control_report,catalog_format:html,{}
ALLOW_FORMAT,io_slot:wgcna_hub::output::quality_control_report,catalog_format:json,{}
ALLOW_FORMAT,io_slot:wgcna_hub::output::quality_control_report,catalog_format:txt,{}
HAS_OUTPUT_SLOT,tool_id:wgcna_hub,io_slot:wgcna_hub::output::tabular_bio_data,{}
PRODUCES,io_slot:wgcna_hub::output::tabular_bio_data,artifact_type:analysis_summary,{}
ALLOW_FORMAT,io_slot:wgcna_hub::output::tabular_bio_data,catalog_format:tsv,{}
ALLOW_FORMAT,io_slot:wgcna_hub::output::tabular_bio_data,catalog_format:csv,{}
ALLOW_FORMAT,io_slot:wgcna_hub::output::tabular_bio_data,catalog_format:txt,{}
HAS_FUNCTION,tool_id:wgcna_module_trait,catalog_function:基于 WGCNA 算法构建基因共表达网络，识别功能模块并分析与临床性状的关联关系。 支持 GO/KEGG/Hallmark 富集分析、生存分析和 hub 基因筛选，适用于批量 RNA-seq 数据的系统生物学研究。,{}
HAS_INPUT_SLOT,tool_id:wgcna_module_trait,io_slot:wgcna_module_trait::input::tabular_bio_data,{}
REQUIRES,io_slot:wgcna_module_trait::input::tabular_bio_data,artifact_type:analysis_summary,{}
ALLOW_FORMAT,io_slot:wgcna_module_trait::input::tabular_bio_data,catalog_format:tsv,{}
ALLOW_FORMAT,io_slot:wgcna_module_trait::input::tabular_bio_data,catalog_format:csv,{}
ALLOW_FORMAT,io_slot:wgcna_module_trait::input::tabular_bio_data,catalog_format:txt,{}
HAS_INPUT_SLOT,tool_id:wgcna_module_trait,io_slot:wgcna_module_trait::input::clinical_table,{}
REQUIRES,io_slot:wgcna_module_trait::input::clinical_table,artifact_type:clinical_table,{}
ALLOW_FORMAT,io_slot:wgcna_module_trait::input::clinical_table,catalog_format:xlsx,{}
ALLOW_FORMAT,io_slot:wgcna_module_trait::input::clinical_table,catalog_format:xls,{}
HAS_INPUT_SLOT,tool_id:wgcna_module_trait,io_slot:wgcna_module_trait::input::sample_metainfo,{}
REQUIRES,io_slot:wgcna_module_trait::input::sample_metainfo,artifact_type:sample_metainfo,{}
ALLOW_FORMAT,io_slot:wgcna_module_trait::input::sample_metainfo,catalog_format:xlsx,{}
ALLOW_FORMAT,io_slot:wgcna_module_trait::input::sample_metainfo,catalog_format:xls,{}
ALLOW_FORMAT,io_slot:wgcna_module_trait::input::sample_metainfo,catalog_format:tsv,{}
HAS_OUTPUT_SLOT,tool_id:wgcna_module_trait,io_slot:wgcna_module_trait::output::quality_control_report,{}
PRODUCES,io_slot:wgcna_module_trait::output::quality_control_report,artifact_type:quality_control_report,{}
ALLOW_FORMAT,io_slot:wgcna_module_trait::output::quality_control_report,catalog_format:html,{}
ALLOW_FORMAT,io_slot:wgcna_module_trait::output::quality_control_report,catalog_format:json,{}
ALLOW_FORMAT,io_slot:wgcna_module_trait::output::quality_control_report,catalog_format:txt,{}
HAS_OUTPUT_SLOT,tool_id:wgcna_module_trait,io_slot:wgcna_module_trait::output::tabular_bio_data,{}
PRODUCES,io_slot:wgcna_module_trait::output::tabular_bio_data,artifact_type:analysis_summary,{}
ALLOW_FORMAT,io_slot:wgcna_module_trait::output::tabular_bio_data,catalog_format:tsv,{}
ALLOW_FORMAT,io_slot:wgcna_module_trait::output::tabular_bio_data,catalog_format:csv,{}
ALLOW_FORMAT,io_slot:wgcna_module_trait::output::tabular_bio_data,catalog_format:txt,{}
