sample_accession,individual_accession
HRS039792,HRI035286
HRS039793,HRI035286
HRS039794,HRI035287
HRS039795,HRI035287
HRS039796,HRI035288
HRS039797,HRI035288
HRS039798,HRI035289
HRS039799,HRI035289
HRS039800,HRI035290
HRS039801,HRI035290
HRS039802,HRI035291
HRS039803,HRI035291
HRS039804,HRI035292
HRS039805,HRI035292
HRS039806,HRI035293
HRS039807,HRI035293
HRS039808,HRI035294
HRS039809,HRI035294
HRS039810,HRI035295
HRS039811,HRI035295
HRS039812,HRI035296
HRS039813,HRI035296
HRS039814,HRI035297
HRS039815,HRI035297
HRS039816,HRI035298
HRS039817,HRI035298
HRS039818,HRI035299
HRS039819,HRI035299
HRS039820,HRI035300
HRS039821,HRI035300
HRS039822,HRI035301
HRS039823,HRI035301
HRS039824,HRI035302
HRS039825,HRI035302
HRS039826,HRI035303
HRS039827,HRI035303
HRS039828,HRI035304
HRS039829,HRI035304
HRS039830,HRI035305
HRS039831,HRI035305
HRS039832,HRI035306
HRS039833,HRI035306
HRS039834,HRI035307
HRS039835,HRI035307
HRS039836,HRI035308
HRS039837,HRI035308
HRS039838,HRI035309
HRS039839,HRI035309
HRS039840,HRI035310
HRS039841,HRI035310
HRS039842,HRI035311
HRS039843,HRI035311
HRS039844,HRI035312
HRS039845,HRI035312
HRS039846,HRI035313
HRS039847,HRI035313
HRS039848,HRI035314
HRS039849,HRI035314
HRS039850,HRI035315
HRS039851,HRI035315
HRS039852,HRI035316
HRS039853,HRI035316
HRS039854,HRI035317
HRS039855,HRI035317
HRS039856,HRI035318
HRS039857,HRI035318
HRS039858,HRI035319
HRS039859,HRI035319
HRS039860,HRI035320
HRS039861,HRI035320
HRS039862,HRI035321
HRS039863,HRI035321
HRS039864,HRI035322
HRS039865,HRI035322
HRS039866,HRI035323
HRS039867,HRI035323
HRS039868,HRI035324
HRS039869,HRI035324
HRS039870,HRI035325
HRS039871,HRI035325
HRS039872,HRI035326
HRS039873,HRI035326
HRS039874,HRI035327
HRS039875,HRI035327
HRS039876,HRI035328
HRS039877,HRI035328
HRS039878,HRI035329
HRS039879,HRI035329
HRS039880,HRI035330
HRS039881,HRI035330
HRS039882,HRI035331
HRS039883,HRI035331
HRS039884,HRI035332
HRS039885,HRI035332
HRS039886,HRI035333
HRS039887,HRI035333
HRS039888,HRI035334
HRS039889,HRI035334
HRS039890,HRI035335
HRS039891,HRI035335
HRS039892,HRI035336
HRS039893,HRI035336
HRS039894,HRI035337
HRS039895,HRI035337
HRS039896,HRI035338
HRS039897,HRI035338
HRS039898,HRI035339
HRS039899,HRI035339
HRS039900,HRI035340
HRS039901,HRI035340
HRS039902,HRI035341
HRS039903,HRI035341
HRS039904,HRI035342
HRS039905,HRI035342
HRS039906,HRI035343
HRS039907,HRI035343
HRS039908,HRI035344
HRS039909,HRI035344
HRS039910,HRI035345
HRS039911,HRI035345
HRS039912,HRI035346
HRS039913,HRI035346
HRS039914,HRI035347
HRS039915,HRI035347
HRS039916,HRI035348
HRS039917,HRI035348
HRS039918,HRI035349
HRS039919,HRI035349
HRS039920,HRI035350
HRS039921,HRI035350
HRS039922,HRI035351
HRS039923,HRI035351
HRS039924,HRI035352
HRS039925,HRI035352
HRS039926,HRI035353
HRS039927,HRI035353
HRS039928,HRI035354
HRS039929,HRI035354
HRS039930,HRI035355
HRS039931,HRI035355
HRS039932,HRI035356
HRS039933,HRI035356
HRS039934,HRI035357
HRS039935,HRI035357
HRS039936,HRI035358
HRS039937,HRI035358
HRS039938,HRI035359
HRS039939,HRI035359
HRS039940,HRI035360
HRS039941,HRI035360
HRS039942,HRI035361
HRS039943,HRI035361
HRS039944,HRI035362
HRS039945,HRI035362
HRS039946,HRI035363
HRS039947,HRI035363
HRS039948,HRI035364
HRS039949,HRI035364
HRS039950,HRI035365
HRS039951,HRI035365
HRS039952,HRI035366
HRS039953,HRI035366
HRS039954,HRI035367
HRS039955,HRI035367
HRS039956,HRI035368
HRS039957,HRI035368
HRS039958,HRI035369
HRS039959,HRI035369
HRS039960,HRI035370
HRS039961,HRI035370
HRS039962,HRI035371
HRS039963,HRI035371
HRS039964,HRI035372
HRS039965,HRI035372
HRS039966,HRI035373
HRS039967,HRI035373
HRS039968,HRI035374
HRS039969,HRI035374
HRS039970,HRI035375
HRS039971,HRI035375
HRS039972,HRI035376
HRS039973,HRI035376
HRS039974,HRI035377
HRS039975,HRI035377
HRS039976,HRI035378
HRS039977,HRI035378
HRS039978,HRI035379
HRS039979,HRI035379
HRS039980,HRI035380
HRS039981,HRI035380
HRS039982,HRI035381
HRS039983,HRI035381
HRS039984,HRI035382
HRS039985,HRI035382
HRS039986,HRI035383
HRS039987,HRI035383
HRS039988,HRI035384
HRS039989,HRI035384
HRS039990,HRI035385
HRS039991,HRI035385
HRS039992,HRI035386
HRS039993,HRI035386
HRS039994,HRI035387
HRS039995,HRI035387
HRS039996,HRI035388
HRS039997,HRI035388
HRS039998,HRI035389
HRS039999,HRI035389
HRS040000,HRI035390
HRS040001,HRI035390
HRS040002,HRI035391
HRS040003,HRI035391
HRS040004,HRI035392
HRS040005,HRI035392
HRS040006,HRI035393
HRS040007,HRI035393
HRS040008,HRI035394
HRS040009,HRI035394
HRS040010,HRI035395
HRS040011,HRI035395
HRS040012,HRI035396
HRS040013,HRI035396
HRS040014,HRI035397
HRS040015,HRI035397
HRS040016,HRI035398
HRS040017,HRI035398
HRS040018,HRI035399
HRS040019,HRI035399
HRS040020,HRI035400
HRS040021,HRI035400
HRS040022,HRI035401
HRS040023,HRI035401
HRS040024,HRI035402
HRS040025,HRI035402
HRS040026,HRI035403
HRS040027,HRI035403
HRS040028,HRI035404
HRS040029,HRI035404
HRS040030,HRI035405
HRS040031,HRI035405
HRS040032,HRI035406
HRS040033,HRI035406
HRS040034,HRI035407
HRS040035,HRI035407
HRS040036,HRI035408
HRS040037,HRI035408
HRS040038,HRI035409
HRS040039,HRI035409
HRS040040,HRI035410
HRS040041,HRI035410
HRS040042,HRI035411
HRS040043,HRI035411
HRS040044,HRI035412
HRS040045,HRI035412
HRS040046,HRI035413
HRS040047,HRI035413
HRS040048,HRI035414
HRS040049,HRI035414
HRS040050,HRI035415
HRS040051,HRI035415
HRS040052,HRI035416
HRS040053,HRI035416
HRS040054,HRI035417
HRS040055,HRI035417
HRS040056,HRI035418
HRS040057,HRI035418
HRS040058,HRI035419
HRS040059,HRI035419
HRS040060,HRI035420
HRS040061,HRI035420
HRS040062,HRI035421
HRS040063,HRI035421
HRS040064,HRI035422
HRS040065,HRI035422
HRS040066,HRI035423
HRS040067,HRI035423
HRS040068,HRI035424
HRS040069,HRI035424
HRS040070,HRI035425
HRS040071,HRI035425
HRS040072,HRI035426
HRS040073,HRI035426
HRS040074,HRI035427
HRS040075,HRI035427
HRS040076,HRI035428
HRS040077,HRI035428
HRS040078,HRI035429
HRS040079,HRI035429
HRS040080,HRI035430
HRS040081,HRI035430
HRS040082,HRI035431
HRS040083,HRI035431
HRS040084,HRI035432
HRS040085,HRI035432
HRS040086,HRI035433
HRS040087,HRI035433
HRS040088,HRI035434
HRS040089,HRI035434
HRS040090,HRI035435
HRS040091,HRI035435
HRS040092,HRI035436
HRS040093,HRI035436
HRS040094,HRI035437
HRS040095,HRI035437
HRS040096,HRI035438
HRS040097,HRI035438
HRS040098,HRI035439
HRS040099,HRI035439
HRS040100,HRI035440
HRS040101,HRI035440
HRS040102,HRI035441
HRS040103,HRI035441
HRS040104,HRI035442
HRS040105,HRI035442
HRS040106,HRI035443
HRS040107,HRI035443
HRS040108,HRI035444
HRS040109,HRI035444
HRS040110,HRI035445
HRS040111,HRI035445
HRS040112,HRI035446
HRS040113,HRI035446
HRS040114,HRI035447
HRS040115,HRI035447
HRS040116,HRI035448
HRS040117,HRI035448
HRS040118,HRI035449
HRS040119,HRI035449
HRS040120,HRI035450
HRS040121,HRI035450
HRS040122,HRI035451
HRS040123,HRI035451
HRS040124,HRI035452
HRS040125,HRI035452
HRS040126,HRI035453
HRS040127,HRI035453
HRS040128,HRI035454
HRS040129,HRI035454
HRS040130,HRI035455
HRS040131,HRI035455
HRS040132,HRI035456
HRS040133,HRI035456
HRS040134,HRI035457
HRS040135,HRI035457
HRS040136,HRI035458
HRS040137,HRI035458
HRS040138,HRI035459
HRS040139,HRI035459
HRS040140,HRI035460
HRS040141,HRI035460
HRS040142,HRI035461
HRS040143,HRI035461
HRS040144,HRI035462
HRS040145,HRI035462
HRS040146,HRI035463
HRS040147,HRI035463
HRS040148,HRI035464
HRS040149,HRI035464
HRS040150,HRI035465
HRS040151,HRI035465
HRS040152,HRI035466
HRS040153,HRI035466
HRS040154,HRI035467
HRS040155,HRI035467
HRS040156,HRI035468
HRS040157,HRI035468
HRS040158,HRI035469
HRS040159,HRI035469
HRS040160,HRI035470
HRS040161,HRI035470
HRS040162,HRI035471
HRS040163,HRI035471
HRS040164,HRI035472
HRS040165,HRI035472
HRS040166,HRI035473
HRS040167,HRI035473
HRS040168,HRI035474
HRS040169,HRI035474
HRS040170,HRI035475
HRS040171,HRI035475
HRS040172,HRI035476
HRS040173,HRI035476
HRS040174,HRI035477
HRS040175,HRI035477
HRS040176,HRI035478
HRS040177,HRI035478
HRS040178,HRI035479
HRS040179,HRI035479
HRS040180,HRI035480
HRS040181,HRI035480
HRS040182,HRI035481
HRS040183,HRI035481
HRS040184,HRI035482
HRS040185,HRI035482
HRS040186,HRI035483
HRS040187,HRI035483
HRS040188,HRI035484
HRS040189,HRI035484
HRS040190,HRI035485
HRS040191,HRI035485
HRS040192,HRI035486
HRS040193,HRI035486
HRS040194,HRI035487
HRS040195,HRI035487
HRS040196,HRI035488
HRS040197,HRI035488
HRS040198,HRI035489
HRS040199,HRI035489
HRS040200,HRI035490
HRS040201,HRI035490
HRS040202,HRI035491
HRS040203,HRI035491
HRS040204,HRI035492
HRS040205,HRI035492
HRS040206,HRI035493
HRS040207,HRI035493
HRS040208,HRI035494
HRS040209,HRI035494
HRS040210,HRI035495
HRS040211,HRI035495
HRS040212,HRI035496
HRS040213,HRI035496
HRS040214,HRI035497
HRS040215,HRI035497
HRS040216,HRI035498
HRS040217,HRI035498
HRS040218,HRI035499
HRS040219,HRI035499
HRS040220,HRI035500
HRS040221,HRI035500
HRS040222,HRI035501
HRS040223,HRI035501
HRS040224,HRI035502
HRS040225,HRI035502
HRS040226,HRI035503
HRS040227,HRI035503
HRS040228,HRI035504
HRS040229,HRI035504
HRS040230,HRI035505
HRS040231,HRI035505
HRS040232,HRI035506
HRS040233,HRI035506
HRS040234,HRI035507
HRS040235,HRI035507
HRS040236,HRI035508
HRS040237,HRI035508
HRS040238,HRI035509
HRS040239,HRI035509
HRS040240,HRI035510
HRS040241,HRI035510
HRS040242,HRI035511
HRS040243,HRI035511
HRS040244,HRI035512
HRS040245,HRI035512
HRS040246,HRI035513
HRS040247,HRI035513
HRS040248,HRI035514
HRS040249,HRI035514
HRS040250,HRI035515
HRS040251,HRI035515
HRS040252,HRI035516
HRS040253,HRI035516
HRS040254,HRI035517
HRS040255,HRI035517
HRS040256,HRI035518
HRS040257,HRI035518
HRS040258,HRI035519
HRS040259,HRI035519
HRS040260,HRI035520
HRS040261,HRI035520
HRS040262,HRI035521
HRS040263,HRI035521
HRS040264,HRI035522
HRS040265,HRI035522
HRS040266,HRI035523
HRS040267,HRI035523
HRS040268,HRI035524
HRS040269,HRI035524
HRS040270,HRI035525
HRS040271,HRI035525
HRS040272,HRI035526
HRS040273,HRI035526
HRS040274,HRI035527
HRS040275,HRI035527
HRS040276,HRI035528
HRS040277,HRI035528
HRS040278,HRI035529
HRS040279,HRI035529
HRS040280,HRI035530
HRS040281,HRI035530
HRS040282,HRI035531
HRS040283,HRI035531
HRS040284,HRI035532
HRS040285,HRI035532
HRS040286,HRI035533
HRS040287,HRI035533
HRS040288,HRI035534
HRS040289,HRI035534
HRS040290,HRI035535
HRS040291,HRI035535
HRS040292,HRI035536
HRS040293,HRI035536
HRS040294,HRI035537
HRS040295,HRI035537
HRS040296,HRI035538
HRS040297,HRI035538
HRS040298,HRI035539
HRS040299,HRI035539
HRS040300,HRI035540
HRS040301,HRI035540
HRS040302,HRI035541
HRS040303,HRI035541
HRS040304,HRI035542
HRS040305,HRI035542
HRS040306,HRI035543
HRS040307,HRI035543
HRS040308,HRI035544
HRS040309,HRI035544
HRS040310,HRI035545
HRS040311,HRI035545
HRS040312,HRI035546
HRS040313,HRI035546
HRS040314,HRI035547
HRS040315,HRI035547
HRS040316,HRI035548
HRS040317,HRI035548
HRS040318,HRI035549
HRS040319,HRI035549
HRS040320,HRI035550
HRS040321,HRI035550
HRS040322,HRI035551
HRS040323,HRI035551
HRS040324,HRI035552
HRS040325,HRI035552
HRS040326,HRI035553
HRS040327,HRI035553
HRS040328,HRI035554
HRS040329,HRI035554
HRS040330,HRI035555
HRS040331,HRI035555
HRS040332,HRI035556
HRS040333,HRI035556
HRS040334,HRI035557
HRS040335,HRI035557
HRS040336,HRI035558
HRS040337,HRI035558
HRS040338,HRI035559
HRS040339,HRI035559
HRS040340,HRI035560
HRS040341,HRI035560
HRS040342,HRI035561
HRS040343,HRI035561
HRS040344,HRI035562
HRS040345,HRI035562
HRS040346,HRI035563
HRS040347,HRI035563
HRS040348,HRI035564
HRS040349,HRI035564
HRS040350,HRI035565
HRS040351,HRI035565
HRS040352,HRI035566
HRS040353,HRI035566
HRS040354,HRI035567
HRS040355,HRI035567
HRS040356,HRI035568
HRS040357,HRI035568
HRS040358,HRI035569
HRS040359,HRI035569
HRS040360,HRI035570
HRS040361,HRI035570
HRS040362,HRI035571
HRS040363,HRI035571
HRS040364,HRI035572
HRS040365,HRI035572
HRS040366,HRI035573
HRS040367,HRI035573
HRS040368,HRI035574
HRS040369,HRI035574
HRS040370,HRI035575
HRS040371,HRI035575
HRS040372,HRI035576
HRS040373,HRI035576
HRS040374,HRI035577
HRS040375,HRI035577
HRS040376,HRI035578
HRS040377,HRI035578
HRS040378,HRI035579
HRS040379,HRI035579
HRS040380,HRI035580
HRS040381,HRI035580
HRS040382,HRI035581
HRS040383,HRI035581
HRS040384,HRI035582
HRS040385,HRI035582
HRS040386,HRI035583
HRS040387,HRI035583
HRS040388,HRI035584
HRS040389,HRI035584
HRS040390,HRI035585
HRS040391,HRI035585
HRS040392,HRI035586
HRS040393,HRI035586
HRS040394,HRI035587
HRS040395,HRI035587
HRS040396,HRI035588
HRS040397,HRI035588
HRS040398,HRI035589
HRS040399,HRI035589
HRS040400,HRI035590
HRS040401,HRI035590
HRS040402,HRI035591
HRS040403,HRI035591
HRS040404,HRI035592
HRS040405,HRI035592
HRS040406,HRI035593
HRS040407,HRI035593
HRS040408,HRI035594
HRS040409,HRI035594
HRS040410,HRI035595
HRS040411,HRI035595
HRS040412,HRI035596
HRS040413,HRI035596
HRS040414,HRI035597
HRS040415,HRI035597
HRS040416,HRI035598
HRS040417,HRI035598
HRS040418,HRI035599
HRS040419,HRI035599
HRS040420,HRI035600
HRS040421,HRI035600
HRS040422,HRI035601
HRS040423,HRI035601
HRS040424,HRI035602
HRS040425,HRI035602
HRS040426,HRI035603
HRS040427,HRI035603
HRS040428,HRI035604
HRS040429,HRI035604
HRS040430,HRI035605
HRS040431,HRI035605
HRS040432,HRI035606
HRS040433,HRI035606
HRS040434,HRI035607
HRS040435,HRI035607
HRS040436,HRI035608
HRS040437,HRI035608
HRS040438,HRI035609
HRS040439,HRI035609
HRS040440,HRI035610
HRS040441,HRI035610
HRS040442,HRI035611
HRS040443,HRI035611
HRS040444,HRI035612
HRS040445,HRI035612
HRS040446,HRI035613
HRS040447,HRI035613
HRS040448,HRI035614
HRS040449,HRI035614
HRS040450,HRI035615
HRS040451,HRI035615
HRS040452,HRI035616
HRS040453,HRI035616
HRS040454,HRI035617
HRS040455,HRI035617
HRS040456,HRI035618
HRS040457,HRI035618
HRS040458,HRI035619
HRS040459,HRI035619
HRS040460,HRI035620
HRS040461,HRI035620
HRS040462,HRI035621
HRS040463,HRI035621
HRS040464,HRI035622
HRS040465,HRI035622
HRS040466,HRI035623
HRS040467,HRI035623
HRS040468,HRI035624
HRS040469,HRI035624
HRS040470,HRI035625
HRS040471,HRI035625
HRS040472,HRI035626
HRS040473,HRI035626
HRS040474,HRI035627
HRS040475,HRI035627
HRS040476,HRI035628
HRS040477,HRI035628
HRS040478,HRI035629
HRS040479,HRI035629
HRS040480,HRI035630
HRS040481,HRI035630
HRS040482,HRI035631
HRS040483,HRI035631
HRS040484,HRI035632
HRS040485,HRI035632
HRS040486,HRI035633
HRS040487,HRI035633
HRS040488,HRI035634
HRS040489,HRI035634
HRS040490,HRI035635
HRS040491,HRI035635
HRS040492,HRI035636
HRS040493,HRI035636
HRS040494,HRI035637
HRS040495,HRI035637
HRS040496,HRI035638
HRS040497,HRI035638
HRS040498,HRI035639
HRS040499,HRI035639
HRS040500,HRI035640
HRS040501,HRI035640
HRS040502,HRI035641
HRS040503,HRI035641
HRS040504,HRI035642
HRS040505,HRI035642
HRS040506,HRI035643
HRS040507,HRI035643
HRS040508,HRI035644
HRS040509,HRI035644
HRS040510,HRI035645
HRS040511,HRI035645
HRS040512,HRI035646
HRS040513,HRI035646
HRS040514,HRI035647
HRS040515,HRI035647
HRS040516,HRI035648
HRS040517,HRI035648
HRS040518,HRI035649
HRS040519,HRI035649
HRS040520,HRI035650
HRS040521,HRI035650
HRS040522,HRI035651
HRS040523,HRI035651
HRS040524,HRI035652
HRS040525,HRI035652
HRS040526,HRI035653
HRS040527,HRI035653
HRS040528,HRI035654
HRS040529,HRI035654
HRS040530,HRI035655
HRS040531,HRI035655
HRS040532,HRI035656
HRS040533,HRI035656
HRS040534,HRI035657
HRS040535,HRI035657
HRS040536,HRI035658
HRS040537,HRI035658
HRS040538,HRI035659
HRS040539,HRI035659
HRS040540,HRI035660
HRS040541,HRI035660
HRS040542,HRI035661
HRS040543,HRI035661
HRS040544,HRI035662
HRS040545,HRI035662
HRS040546,HRI035663
HRS040547,HRI035663
HRS040548,HRI035664
HRS040549,HRI035664
HRS040550,HRI035665
HRS040551,HRI035665
HRS040552,HRI035666
HRS040553,HRI035666
HRS040554,HRI035667
HRS040555,HRI035667
HRS040556,HRI035668
HRS040557,HRI035668
HRS040558,HRI035669
HRS040559,HRI035669
HRS040560,HRI035670
HRS040561,HRI035670
HRS040562,HRI035671
HRS040563,HRI035671
HRS040564,HRI035672
HRS040565,HRI035672
HRS040566,HRI035673
HRS040567,HRI035673
HRS040568,HRI035674
HRS040569,HRI035674
HRS040570,HRI035675
HRS040571,HRI035675
HRS040572,HRI035676
HRS040573,HRI035676
HRS040574,HRI035677
HRS040575,HRI035677
HRS040576,HRI035678
HRS040577,HRI035678
HRS040578,HRI035679
HRS040579,HRI035679
HRS040580,HRI035680
HRS040581,HRI035680
HRS040582,HRI035681
HRS040583,HRI035681
HRS040584,HRI035682
HRS040585,HRI035682
HRS040586,HRI035683
HRS040587,HRI035683
HRS040588,HRI035684
HRS040589,HRI035684
HRS040590,HRI035685
HRS040591,HRI035685
HRS040592,HRI035686
HRS040593,HRI035686
HRS040594,HRI035687
HRS040595,HRI035687
HRS040596,HRI035688
HRS040597,HRI035688
HRS040598,HRI035689
HRS040599,HRI035689
HRS040600,HRI035690
HRS040601,HRI035690
HRS040602,HRI035691
HRS040603,HRI035691
HRS040604,HRI035692
HRS040605,HRI035692
HRS040606,HRI035693
HRS040607,HRI035693
HRS040608,HRI035694
HRS040609,HRI035694
HRS040610,HRI035695
HRS040611,HRI035695
HRS040612,HRI035696
HRS040613,HRI035696
HRS040614,HRI035697
HRS040615,HRI035697
HRS040616,HRI035698
HRS040617,HRI035698
HRS040618,HRI035699
HRS040619,HRI035699
HRS040620,HRI035700
HRS040621,HRI035700
HRS040622,HRI035701
HRS040623,HRI035701
HRS040624,HRI035702
HRS040625,HRI035702
HRS040626,HRI035703
HRS040627,HRI035703
HRS040628,HRI035704
HRS040629,HRI035704
HRS040630,HRI035705
HRS040631,HRI035705
HRS040632,HRI035706
HRS040633,HRI035706
HRS040634,HRI035707
HRS040635,HRI035707
HRS040636,HRI035708
HRS040637,HRI035708
HRS040638,HRI035709
HRS040639,HRI035709
HRS040640,HRI035710
HRS040641,HRI035710
HRS040642,HRI035711
HRS040643,HRI035711
HRS040644,HRI035712
HRS040645,HRI035712
HRS040646,HRI035713
HRS040647,HRI035713
HRS040648,HRI035714
HRS040649,HRI035714
HRS040650,HRI035715
HRS040651,HRI035715
HRS040652,HRI035716
HRS040653,HRI035716
HRS040654,HRI035717
HRS040655,HRI035717
HRS040656,HRI035718
HRS040657,HRI035718
HRS040658,HRI035719
HRS040659,HRI035719
HRS040660,HRI035720
HRS040661,HRI035720
HRS040662,HRI035721
HRS040663,HRI035721
HRS040664,HRI035722
HRS040665,HRI035722
HRS040666,HRI035723
HRS040667,HRI035723
HRS040668,HRI035724
HRS040669,HRI035724
HRS040670,HRI035725
HRS040671,HRI035725
HRS040672,HRI035726
HRS040673,HRI035726
HRS040674,HRI035727
HRS040675,HRI035727
HRS040676,HRI035728
HRS040677,HRI035728
HRS040678,HRI035729
HRS040679,HRI035729
HRS040680,HRI035730
HRS040681,HRI035730
HRS040682,HRI035731
HRS040683,HRI035731
HRS040684,HRI035732
HRS040685,HRI035732
HRS040686,HRI035733
HRS040687,HRI035733
HRS040688,HRI035734
HRS040689,HRI035734
HRS040690,HRI035735
HRS040691,HRI035735
HRS040692,HRI035736
HRS040693,HRI035736
HRS040694,HRI035737
HRS040695,HRI035737
HRS040696,HRI035738
HRS040697,HRI035738
HRS040698,HRI035739
HRS040699,HRI035739
HRS040700,HRI035740
HRS040701,HRI035740
HRS040702,HRI035741
HRS040703,HRI035741
HRS040704,HRI035742
HRS040705,HRI035742
HRS040706,HRI035743
HRS040707,HRI035743
HRS040708,HRI035744
HRS040709,HRI035744
HRS040710,HRI035745
HRS040711,HRI035745
HRS040712,HRI035746
HRS040713,HRI035746
HRS040714,HRI035747
HRS040715,HRI035747
HRS040716,HRI035748
HRS040717,HRI035748
HRS040718,HRI035749
HRS040719,HRI035749
HRS040720,HRI035750
HRS040721,HRI035750
HRS040722,HRI035751
HRS040723,HRI035751
HRS040724,HRI035752
HRS040725,HRI035752
HRS040726,HRI035753
HRS040727,HRI035753
HRS040728,HRI035754
HRS040729,HRI035754
HRS040730,HRI035755
HRS040731,HRI035755
HRS040732,HRI035756
HRS040733,HRI035756
HRS040734,HRI035757
HRS040735,HRI035757
HRS040736,HRI035758
HRS040737,HRI035758
HRS040738,HRI035759
HRS040739,HRI035759
HRS040740,HRI035760
HRS040741,HRI035760
HRS040742,HRI035761
HRS040743,HRI035761
HRS040744,HRI035762
HRS040745,HRI035762
HRS040746,HRI035763
HRS040747,HRI035763
HRS040748,HRI035764
HRS040749,HRI035764
HRS040750,HRI035765
HRS040751,HRI035765
HRS040752,HRI035766
HRS040753,HRI035766
HRS040754,HRI035767
HRS040755,HRI035767
HRS040756,HRI035768
HRS040757,HRI035768
HRS040758,HRI035769
HRS040759,HRI035769
HRS040760,HRI035770
HRS040761,HRI035770
HRS040762,HRI035771
HRS040763,HRI035771
HRS040764,HRI035772
HRS040765,HRI035772
HRS040766,HRI035773
HRS040767,HRI035773
HRS040768,HRI035774
HRS040769,HRI035774
HRS040770,HRI035775
HRS040771,HRI035775
HRS040772,HRI035776
HRS040773,HRI035776
HRS040774,HRI035777
HRS040775,HRI035777
HRS040776,HRI035778
HRS040777,HRI035778
HRS040778,HRI035779
HRS040779,HRI035779
HRS040780,HRI035780
HRS040781,HRI035780
HRS040782,HRI035781
HRS040783,HRI035781
HRS040784,HRI035782
HRS040785,HRI035782
HRS040786,HRI035783
HRS040787,HRI035783
HRS040788,HRI035784
HRS040789,HRI035784
HRS040790,HRI035785
HRS040791,HRI035785
HRS040792,HRI035786
HRS040793,HRI035786
HRS040794,HRI035787
HRS040795,HRI035787
HRS040796,HRI035788
HRS040797,HRI035788
HRS040798,HRI035789
HRS040799,HRI035789
HRS040800,HRI035790
HRS040801,HRI035790
HRS040802,HRI035791
HRS040803,HRI035791
HRS040804,HRI035792
HRS040805,HRI035792
HRS040806,HRI035793
HRS040807,HRI035793
HRS023383,HRI023383
HRS023384,HRI023384
HRS023385,HRI023385
HRS023386,HRI023386
HRS023387,HRI023387
HRS023388,HRI023388
HRS023389,HRI023389
HRS023390,HRI023390
HRS023391,HRI023391
HRS023392,HRI023392
HRS023393,HRI023393
HRS023394,HRI023394
HRS023395,HRI023395
HRS023396,HRI023396
HRS023397,HRI023397
HRS023398,HRI023398
HRS023399,HRI023399
HRS023400,HRI023400
HRS023401,HRI023401
HRS023402,HRI023402
HRS023403,HRI023403
HRS023404,HRI023404
HRS023405,HRI023405
HRS023406,HRI023406
HRS023407,HRI023407
HRS023408,HRI023408
HRS023409,HRI023409
HRS023410,HRI023410
HRS023411,HRI023411
HRS023412,HRI023412
HRS023413,HRI023413
HRS023414,HRI023414
HRS023415,HRI023415
HRS023416,HRI023416
HRS023417,HRI023417
HRS023418,HRI023418
HRS023419,HRI023419
HRS023420,HRI023420
HRS023421,HRI023421
HRS023422,HRI023422
HRS023423,HRI023423
HRS023424,HRI023424
HRS023425,HRI023425
HRS023426,HRI023426
HRS023427,HRI023427
HRS023428,HRI023428
HRS023429,HRI023429
HRS023430,HRI023430
HRS023431,HRI023431
HRS023432,HRI023432
HRS023433,HRI023433
HRS023434,HRI023434
HRS023435,HRI023435
HRS023436,HRI023436
HRS023437,HRI023437
HRS023438,HRI023438
HRS023439,HRI023439
HRS023440,HRI023440
HRS023441,HRI023441
HRS023442,HRI023442
HRS023443,HRI023443
HRS023444,HRI023444
HRS023445,HRI023445
HRS023446,HRI023446
HRS023447,HRI023447
HRS023448,HRI023448
HRS023449,HRI023449
HRS023450,HRI023450
HRS023451,HRI023451
HRS023452,HRI023452
HRS023453,HRI023453
HRS023454,HRI023454
HRS023455,HRI023455
HRS023456,HRI023456
HRS023457,HRI023457
HRS023458,HRI023458
HRS023459,HRI023459
HRS023460,HRI023460
HRS023461,HRI023461
HRS023462,HRI023462
HRS023463,HRI023463
HRS023464,HRI023464
HRS023465,HRI023465
HRS023466,HRI023466
HRS023467,HRI023467
HRS023468,HRI023468
HRS023469,HRI023469
HRS023470,HRI023470
HRS023471,HRI023471
HRS023472,HRI023472
HRS023473,HRI023473
HRS023474,HRI023474
HRS023475,HRI023475
HRS023476,HRI023476
HRS023477,HRI023477
HRS023478,HRI023478
HRS023479,HRI023479
HRS023480,HRI023480
HRS023481,HRI023481
HRS023482,HRI023482
HRS023483,HRI023483
HRS023484,HRI023484
HRS023485,HRI023485
HRS023486,HRI023486
HRS023487,HRI023487
HRS023488,HRI023488
HRS023489,HRI023489
HRS023490,HRI023490
HRS023491,HRI023491
HRS023492,HRI023492
HRS023493,HRI023493
HRS023494,HRI023494
HRS023495,HRI023495
HRS023496,HRI023496
HRS023497,HRI023497
HRS023498,HRI023498
HRS023499,HRI023499
HRS023500,HRI023500
HRS023501,HRI023501
HRS023502,HRI023502
HRS023503,HRI023503
HRS023504,HRI023504
HRS023505,HRI023505
HRS023506,HRI023506
HRS023507,HRI023507
HRS023508,HRI023508
HRS023509,HRI023509
HRS023510,HRI023510
HRS023511,HRI023511
HRS023512,HRI023512
HRS023513,HRI023513
HRS023514,HRI023514
HRS023515,HRI023515
HRS023516,HRI023516
HRS023517,HRI023517
HRS023518,HRI023518
HRS023519,HRI023519
HRS023520,HRI023520
HRS023521,HRI023521
HRS023522,HRI023522
HRS023523,HRI023523
HRS023524,HRI023524
HRS023525,HRI023525
HRS023526,HRI023526
HRS023527,HRI023527
HRS023528,HRI023528
HRS023529,HRI023529
HRS023530,HRI023530
HRS023531,HRI023531
HRS023532,HRI023532
HRS023533,HRI023533
HRS023534,HRI023534
HRS023535,HRI023535
HRS023536,HRI023536
HRS023537,HRI023537
HRS023538,HRI023538
HRS023539,HRI023539
HRS023540,HRI023540
HRS023541,HRI023541
HRS023542,HRI023542
HRS023543,HRI023543
HRS023544,HRI023544
HRS023545,HRI023545
HRS023546,HRI023546
HRS023547,HRI023547
HRS023548,HRI023548
HRS023549,HRI023549
HRS023550,HRI023550
HRS023551,HRI023551
HRS023552,HRI023552
HRS023553,HRI023553
HRS023554,HRI023554
HRS023555,HRI023555
HRS023556,HRI023556
HRS023557,HRI023557
HRS023558,HRI023558
HRS023559,HRI023559
HRS023560,HRI023560
HRS023561,HRI023561
HRS023562,HRI023562
HRS023563,HRI023563
HRS023564,HRI023564
HRS023565,HRI023565
HRS023566,HRI023566
HRS023567,HRI023567
HRS023568,HRI023568
HRS023569,HRI023569
HRS023570,HRI023570
HRS023571,HRI023571
HRS023572,HRI023572
HRS023573,HRI023573
HRS023574,HRI023574
HRS023575,HRI023575
HRS023576,HRI023576
HRS023577,HRI023577
HRS023578,HRI023578
HRS023579,HRI023579
HRS023580,HRI023580
HRS023581,HRI023581
HRS023582,HRI023582
HRS023583,HRI023583
HRS023584,HRI023584
HRS023585,HRI023585
HRS023586,HRI023586
HRS023587,HRI023587
HRS023588,HRI023588
HRS023589,HRI023589
HRS023590,HRI023590
HRS023591,HRI023591
HRS023592,HRI023592
HRS023593,HRI023593
HRS023594,HRI023594
HRS023595,HRI023595
HRS023596,HRI023596
HRS023597,HRI023597
HRS023598,HRI023598
HRS023599,HRI023599
HRS023600,HRI023600
HRS023601,HRI023601
HRS023602,HRI023602
HRS023603,HRI023603
HRS023604,HRI023604
HRS023605,HRI023605
HRS023606,HRI023606
HRS023607,HRI023607
HRS023608,HRI023608
HRS023609,HRI023609
HRS023610,HRI023610
HRS023611,HRI023611
HRS023612,HRI023612
HRS023613,HRI023613
HRS023614,HRI023614
HRS023615,HRI023615
HRS023616,HRI023616
HRS023617,HRI023617
HRS023618,HRI023618
HRS023619,HRI023619
HRS023620,HRI023620
HRS023621,HRI023621
HRS023622,HRI023622
HRS023623,HRI023623
HRS023624,HRI023624
HRS023625,HRI023625
HRS023626,HRI023626
HRS023627,HRI023627
HRS023628,HRI023628
HRS023629,HRI023629
HRS023630,HRI023630
HRS023631,HRI023631
HRS023632,HRI023632
HRS023633,HRI023633
HRS023634,HRI023634
HRS023635,HRI023635
HRS023636,HRI023636
HRS023637,HRI023637
HRS023638,HRI023638
HRS023639,HRI023639
HRS023640,HRI023640
HRS023641,HRI023641
HRS023642,HRI023642
HRS023643,HRI023643
HRS023644,HRI023644
HRS023645,HRI023645
HRS023646,HRI023646
HRS023647,HRI023647
HRS023648,HRI023648
HRS023649,HRI023649
HRS023650,HRI023650
HRS023651,HRI023651
HRS023652,HRI023652
HRS023653,HRI023653
HRS023654,HRI023654
HRS023655,HRI023655
HRS023656,HRI023656
HRS023657,HRI023657
HRS023658,HRI023658
HRS023659,HRI023659
HRS023660,HRI023660
HRS023661,HRI023661
HRS023662,HRI023662
HRS023663,HRI023663
HRS023664,HRI023664
HRS023665,HRI023665
HRS023666,HRI023666
HRS023667,HRI023667
HRS023668,HRI023668
HRS023669,HRI023669
HRS023670,HRI023670
HRS023671,HRI023671
HRS023672,HRI023672
HRS023673,HRI023673
HRS023674,HRI023674
HRS023675,HRI023675
HRS023676,HRI023676
HRS023677,HRI023677
HRS023678,HRI023678
HRS023679,HRI023679
HRS023680,HRI023680
HRS023681,HRI023681
HRS023682,HRI023682
HRS023683,HRI023683
HRS023684,HRI023684
HRS023685,HRI023685
HRS023686,HRI023686
HRS023687,HRI023687
HRS023688,HRI023688
HRS023689,HRI023689
HRS023690,HRI023690
HRS023691,HRI023691
HRS023692,HRI023692
HRS023693,HRI023693
HRS023694,HRI023694
HRS023695,HRI023695
HRS023696,HRI023696
HRS023697,HRI023697
HRS023698,HRI023698
HRS023699,HRI023699
HRS023700,HRI023700
HRS023701,HRI023701
HRS023702,HRI023702
HRS023703,HRI023703
HRS023704,HRI023704
HRS023705,HRI023705
HRS023706,HRI023706
HRS023707,HRI023707
HRS023708,HRI023708
HRS023709,HRI023709
HRS023710,HRI023710
HRS023711,HRI023711
HRS023712,HRI023712
HRS023713,HRI023713
HRS023714,HRI023714
HRS023715,HRI023715
HRS023716,HRI023716
HRS023717,HRI023717
HRS023718,HRI023718
HRS023719,HRI023719
HRS023720,HRI023720
HRS023721,HRI023721
HRS023722,HRI023722
HRS023723,HRI023723
HRS023724,HRI023724
HRS023725,HRI023725
HRS023726,HRI023726
HRS023727,HRI023727
HRS023728,HRI023728
HRS023729,HRI023729
HRS023730,HRI023730
HRS023731,HRI023731
HRS023732,HRI023732
HRS023733,HRI023733
HRS023734,HRI023734
HRS023735,HRI023735
HRS023736,HRI023736
HRS023737,HRI023737
HRS023738,HRI023738
HRS023739,HRI023739
HRS023740,HRI023740
HRS023741,HRI023741
HRS023742,HRI023742
HRS023743,HRI023743
HRS023744,HRI023744
HRS023745,HRI023745
HRS023746,HRI023746
HRS023747,HRI023747
HRS023748,HRI023748
HRS023749,HRI023749
HRS023750,HRI023750
HRS023751,HRI023751
HRS023752,HRI023752
HRS023753,HRI023753
HRS023754,HRI023754
HRS023755,HRI023755
HRS023756,HRI023756
HRS023757,HRI023757
HRS023758,HRI023758
HRS023759,HRI023759
HRS023760,HRI023760
HRS023761,HRI023761
HRS023762,HRI023762
HRS023763,HRI023763
HRS023764,HRI023764
HRS023765,HRI023765
HRS023766,HRI023766
HRS023767,HRI023767
HRS023768,HRI023768
HRS023769,HRI023769
HRS023770,HRI023770
HRS023771,HRI023771
HRS023772,HRI023772
HRS023773,HRI023773
HRS023774,HRI023774
HRS023775,HRI023775
HRS023776,HRI023776
HRS023777,HRI023777
HRS023778,HRI023778
HRS023779,HRI023779
HRS023780,HRI023780
HRS023781,HRI023781
HRS023782,HRI023782
HRS023783,HRI023783
HRS023784,HRI023784
HRS023785,HRI023785
HRS023786,HRI023786
HRS023787,HRI023787
HRS023788,HRI023788
HRS023789,HRI023789
HRS023790,HRI023790
HRS023791,HRI023791
HRS023792,HRI023792
HRS023793,HRI023793
HRS023794,HRI023794
HRS023795,HRI023795
HRS023796,HRI023796
HRS023797,HRI023797
HRS023798,HRI023798
HRS023799,HRI023799
HRS023800,HRI023800
HRS023801,HRI023801
HRS023802,HRI023802
HRS023803,HRI023803
HRS023804,HRI023804
HRS023805,HRI023805
HRS023806,HRI023806
HRS023807,HRI023807
HRS023808,HRI023808
HRS023809,HRI023809
HRS023810,HRI023810
HRS023811,HRI023811
HRS023812,HRI023812
HRS023813,HRI023813
HRS023814,HRI023814
HRS023815,HRI023815
HRS023816,HRI023816
HRS023817,HRI023817
HRS023818,HRI023818
HRS023819,HRI023819
HRS023820,HRI023820
HRS023821,HRI023821
HRS023822,HRI023822
HRS023823,HRI023823
HRS023824,HRI023824
HRS023825,HRI023825
HRS023826,HRI023826
HRS023827,HRI023827
HRS023828,HRI023828
HRS023829,HRI023829
HRS023830,HRI023830
HRS023831,HRI023831
HRS023832,HRI023832
HRS023833,HRI023833
HRS023834,HRI023834
HRS023835,HRI023835
HRS023836,HRI023836
HRS023837,HRI023837
HRS023838,HRI023838
HRS023839,HRI023839
HRS023840,HRI023840
HRS023841,HRI023841
HRS023842,HRI023842
HRS023843,HRI023843
HRS023844,HRI023844
HRS023845,HRI023845
HRS023846,HRI023846
HRS023847,HRI023847
HRS023848,HRI023848
HRS023849,HRI023849
HRS023850,HRI023850
HRS023851,HRI023851
HRS023852,HRI023852
HRS023853,HRI023853
HRS023854,HRI023854
HRS023855,HRI023855
HRS023856,HRI023856
HRS023857,HRI023857
HRS023858,HRI023858
HRS023859,HRI023859
HRS023860,HRI023860
HRS023861,HRI023861
HRS023862,HRI023862
HRS023863,HRI023863
HRS023864,HRI023864
HRS023865,HRI023865
HRS023866,HRI023866
HRS023867,HRI023867
HRS023868,HRI023868
HRS023869,HRI023869
HRS023870,HRI023870
HRS023871,HRI023871
HRS023872,HRI023872
HRS023873,HRI023873
HRS023874,HRI023874
HRS023875,HRI023875
HRS023876,HRI023876
HRS023877,HRI023877
HRS023878,HRI023878
HRS023879,HRI023879
HRS023880,HRI023880
HRS023881,HRI023881
HRS023882,HRI023882
HRS023883,HRI023883
HRS023884,HRI023884
HRS023885,HRI023885
HRS023886,HRI023886
HRS023887,HRI023887
HRS023888,HRI023888
HRS023889,HRI023889
HRS023890,HRI023890
HRS023891,HRI023891
HRS023892,HRI023892
HRS023893,HRI023893
HRS023894,HRI023894
HRS023895,HRI023895
HRS023896,HRI023896
HRS023897,HRI023897
HRS023898,HRI023898
HRS023899,HRI023899
HRS023900,HRI023900
HRS023901,HRI023901
HRS023902,HRI023902
HRS023903,HRI023903
HRS023904,HRI023904
HRS023905,HRI023905
HRS023906,HRI023906
HRS023907,HRI023907
HRS023908,HRI023908
HRS023909,HRI023909
HRS023910,HRI023910
HRS023911,HRI023911
HRS023912,HRI023912
HRS023913,HRI023913
HRS023914,HRI023914
HRS023915,HRI023915
HRS023916,HRI023916
HRS023917,HRI023917
HRS023918,HRI023918
HRS023919,HRI023919
HRS023920,HRI023920
HRS023921,HRI023921
HRS023922,HRI023922
HRS023923,HRI023923
HRS023924,HRI023924
HRS023925,HRI023925
HRS023926,HRI023926
HRS023927,HRI023927
HRS023928,HRI023928
HRS023929,HRI023929
HRS023930,HRI023930
HRS023931,HRI023931
HRS023932,HRI023932
HRS023933,HRI023933
HRS023934,HRI023934
HRS023935,HRI023935
HRS023936,HRI023936
HRS023937,HRI023937
HRS023938,HRI023938
HRS023939,HRI023939
HRS023940,HRI023940
HRS023941,HRI023941
HRS023942,HRI023942
HRS023943,HRI023943
HRS023944,HRI023944
HRS023945,HRI023945
HRS023946,HRI023946
HRS023947,HRI023947
HRS023948,HRI023948
HRS023949,HRI023949
HRS023950,HRI023950
HRS023951,HRI023951
HRS023952,HRI023952
HRS023953,HRI023953
HRS023954,HRI023954
HRS023972,HRI023972
HRS023973,HRI023973
HRS023974,HRI023974
HRS023975,HRI023975
HRS023976,HRI023976
HRS023977,HRI023977
HRS023978,HRI023978
HRS023979,HRI023979
HRS023980,HRI023980
HRS023981,HRI023981
HRS023982,HRI023982
HRS023983,HRI023983
HRS023984,HRI023984
HRS023985,HRI023985
HRS023986,HRI023986
HRS023987,HRI023987
HRS023988,HRI023988
HRS023989,HRI023989
HRS023990,HRI023990
HRS023991,HRI023991
HRS023992,HRI023992
HRS023993,HRI023993
HRS023994,HRI023994
HRS023995,HRI023995
HRS023996,HRI023996
HRS023997,HRI023997
HRS023998,HRI023998
HRS023999,HRI023999
HRS024000,HRI024000
HRS024001,HRI024001
HRS024002,HRI024002
HRS024003,HRI024003
HRS024004,HRI024004
HRS024005,HRI024005
HRS024006,HRI024006
HRS024007,HRI024007
HRS024008,HRI024008
HRS024009,HRI024009
HRS024010,HRI024010
HRS024011,HRI024011
HRS024012,HRI024012
HRS024013,HRI024013
HRS024014,HRI024014
HRS024015,HRI024015
HRS024016,HRI024016
HRS024017,HRI024017
HRS024018,HRI024018
HRS024019,HRI024019
HRS024020,HRI024020
HRS024021,HRI024021
HRS024022,HRI024022
HRS024023,HRI024023
HRS024024,HRI024024
HRS024025,HRI024025
HRS024026,HRI024026
HRS024027,HRI024027
HRS024028,HRI024028
HRS024029,HRI024029
HRS024030,HRI024030
HRS024031,HRI024031
HRS024032,HRI024032
HRS024033,HRI024033
HRS024034,HRI024034
HRS024035,HRI024035
HRS024036,HRI024036
HRS024037,HRI024037
HRS024038,HRI024038
HRS024039,HRI024039
HRS024040,HRI024040
HRS024041,HRI024041
HRS024042,HRI024042
HRS024043,HRI024043
HRS024044,HRI024044
HRS024045,HRI024045
HRS024046,HRI024046
HRS024047,HRI024047
HRS024048,HRI024048
HRS024049,HRI024049
HRS024050,HRI024050
HRS024051,HRI024051
HRS024052,HRI024052
HRS024053,HRI024053
HRS024054,HRI024054
HRS024055,HRI024055
HRS024056,HRI024056
HRS024057,HRI024057
HRS024058,HRI024058
HRS024059,HRI024059
HRS024060,HRI024060
HRS024061,HRI024061
HRS024062,HRI024062
HRS024063,HRI024063
HRS024064,HRI024064
HRS024065,HRI024065
HRS024066,HRI024066
HRS024067,HRI024067
HRS024068,HRI024068
HRS024069,HRI024069
HRS024070,HRI024070
HRS024071,HRI024071
HRS024072,HRI024072
HRS024073,HRI024073
HRS024074,HRI024074
HRS024075,HRI024075
HRS024076,HRI024076
HRS024077,HRI024077
HRS024078,HRI024078
HRS024079,HRI024079
HRS024080,HRI024080
HRS024081,HRI024081
HRS024082,HRI024082
HRS024083,HRI024083
HRS024084,HRI024084
HRS024085,HRI024085
HRS024086,HRI024086
HRS024087,HRI024087
HRS024088,HRI024088
HRS024089,HRI024089
HRS024090,HRI024090
HRS024091,HRI024091
HRS024092,HRI024092
HRS024093,HRI024093
HRS024094,HRI024094
HRS024095,HRI024095
HRS024096,HRI024096
HRS024097,HRI024097
HRS024098,HRI024098
HRS024099,HRI024099
HRS024100,HRI024100
HRS024101,HRI024101
HRS024102,HRI024102
HRS024103,HRI024103
HRS024104,HRI024104
HRS024105,HRI024105
HRS024106,HRI024106
HRS024107,HRI024107
HRS024108,HRI024108
HRS024109,HRI024109
HRS024110,HRI024110
HRS024111,HRI024111
HRS024112,HRI024112
HRS024113,HRI024113
HRS024114,HRI024114
HRS024115,HRI024115
HRS024116,HRI024116
HRS024117,HRI024117
HRS024118,HRI024118
HRS024119,HRI024119
HRS024120,HRI024120
HRS024121,HRI024121
HRS024122,HRI024122
HRS024123,HRI024123
HRS024124,HRI024124
HRS024125,HRI024125
HRS024126,HRI024126
HRS024127,HRI024127
HRS024128,HRI024128
HRS024129,HRI024129
HRS024130,HRI024130
HRS024131,HRI024131
HRS024132,HRI024132
HRS024133,HRI024133
HRS024134,HRI024134
HRS024135,HRI024135
HRS024136,HRI024136
HRS024137,HRI024137
HRS024138,HRI024138
HRS024139,HRI024139
HRS024140,HRI024140
HRS024141,HRI024141
HRS024142,HRI024142
HRS024143,HRI024143
HRS024144,HRI024144
HRS024145,HRI024145
HRS024146,HRI024146
HRS024147,HRI024147
HRS024148,HRI024148
HRS024149,HRI024149
HRS024150,HRI024150
HRS024151,HRI024151
HRS024152,HRI024152
HRS024153,HRI024153
HRS024154,HRI024154
HRS024155,HRI024155
HRS024156,HRI024156
HRS024157,HRI024157
HRS024158,HRI024158
HRS024159,HRI024159
HRS024160,HRI024160
HRS024161,HRI024161
HRS024162,HRI024162
HRS024163,HRI024163
HRS024164,HRI024164
HRS024165,HRI024165
HRS024166,HRI024166
HRS024167,HRI024167
HRS024168,HRI024168
HRS024169,HRI024169
HRS024170,HRI024170
HRS024171,HRI024171
HRS024172,HRI024172
HRS024173,HRI024173
HRS024174,HRI024174
HRS024175,HRI024175
HRS024176,HRI024176
HRS024177,HRI024177
HRS024178,HRI024178
HRS024179,HRI024179
HRS024180,HRI024180
HRS024181,HRI024181
HRS024182,HRI024182
HRS024183,HRI024183
HRS024184,HRI024184
HRS024185,HRI024185
HRS024186,HRI024186
HRS024187,HRI024187
HRS024188,HRI024188
HRS024189,HRI024189
HRS024190,HRI024190
HRS024191,HRI024191
HRS024192,HRI024192
HRS024193,HRI024193
HRS024194,HRI024194
HRS024195,HRI024195
HRS024196,HRI024196
HRS024197,HRI024197
HRS024198,HRI024198
HRS024199,HRI024199
HRS024200,HRI024200
HRS024201,HRI024201
HRS024202,HRI024202
HRS024203,HRI024203
HRS024204,HRI024204
HRS024205,HRI024205
HRS024206,HRI024206
HRS024207,HRI024207
HRS024208,HRI024208
HRS024209,HRI024209
HRS024210,HRI024210
HRS024211,HRI024211
HRS024212,HRI024212
HRS024213,HRI024213
HRS024214,HRI024214
HRS024215,HRI024215
HRS024216,HRI024216
HRS024217,HRI024217
HRS024218,HRI024218
HRS024219,HRI024219
HRS024220,HRI024220
HRS024221,HRI024221
HRS024222,HRI024222
HRS024223,HRI024223
HRS024224,HRI024224
HRS024225,HRI024225
HRS024226,HRI024226
HRS024227,HRI024227
HRS024228,HRI024228
HRS024229,HRI024229
HRS024230,HRI024230
HRS024231,HRI024231
HRS024232,HRI024232
HRS024233,HRI024233
HRS024234,HRI024234
HRS024235,HRI024235
HRS024236,HRI024236
HRS024237,HRI024237
HRS024238,HRI024238
HRS024239,HRI024239
HRS024240,HRI024240
HRS024241,HRI024241
HRS024242,HRI024242
HRS024243,HRI024243
HRS024244,HRI024244
HRS024245,HRI024245
HRS024246,HRI024246
HRS024247,HRI024247
HRS024248,HRI024248
HRS024249,HRI024249
HRS024250,HRI024250
HRS024251,HRI024251
HRS024252,HRI024252
HRS024253,HRI024253
HRS024254,HRI024254
HRS024255,HRI024255
HRS024256,HRI024256
HRS024257,HRI024257
HRS024258,HRI024258
HRS024259,HRI024259
HRS024260,HRI024260
HRS024261,HRI024261
HRS024262,HRI024262
HRS024263,HRI024263
HRS024264,HRI024264
HRS024265,HRI024265
HRS024266,HRI024266
HRS024267,HRI024267
HRS024268,HRI024268
HRS024269,HRI024269
HRS024270,HRI024270
HRS024271,HRI024271
HRS024272,HRI024272
HRS024273,HRI024273
HRS024274,HRI024274
HRS024275,HRI024275
HRS024276,HRI024276
HRS024277,HRI024277
HRS024278,HRI024278
HRS024279,HRI024279
HRS024280,HRI024280
HRS024281,HRI024281
HRS024282,HRI024282
HRS024283,HRI024283
HRS024284,HRI024284
HRS024285,HRI024285
HRS024286,HRI024286
HRS024287,HRI024287
HRS024288,HRI024288
HRS024289,HRI024289
HRS024290,HRI024290
HRS024291,HRI024291
HRS024292,HRI024292
HRS024293,HRI024293
HRS024294,HRI024294
HRS024295,HRI024295
HRS024296,HRI024296
HRS024297,HRI024297
HRS024298,HRI024298
HRS024299,HRI024299
HRS024300,HRI024300
HRS024301,HRI024301
HRS024302,HRI024302
HRS024303,HRI024303
HRS024304,HRI024304
HRS024305,HRI024305
HRS024306,HRI024306
HRS024307,HRI024307
HRS024308,HRI024308
HRS024309,HRI024309
HRS024310,HRI024310
HRS024311,HRI024311
HRS024312,HRI024312
HRS024313,HRI024313
HRS024314,HRI024314
HRS024315,HRI024315
HRS024316,HRI024316
HRS024317,HRI024317
HRS024318,HRI024318
HRS024319,HRI024319
HRS024320,HRI024320
HRS024321,HRI024321
HRS024322,HRI024322
HRS024323,HRI024323
HRS024324,HRI024324
HRS024325,HRI024325
HRS024326,HRI024326
HRS024327,HRI024327
HRS024328,HRI024328
HRS024329,HRI024329
HRS024330,HRI024330
HRS024331,HRI024331
HRS024332,HRI024332
HRS024333,HRI024333
HRS024334,HRI024334
HRS024335,HRI024335
HRS024336,HRI024336
HRS024337,HRI024337
HRS024338,HRI024338
HRS024339,HRI024339
HRS024340,HRI024340
HRS024341,HRI024341
HRS024342,HRI024342
HRS024343,HRI024343
HRS024344,HRI024344
HRS024345,HRI024345
HRS024346,HRI024346
HRS024347,HRI024347
HRS024348,HRI024348
HRS024349,HRI024349
HRS024350,HRI024350
HRS024351,HRI024351
HRS024352,HRI024352
HRS024353,HRI024353
HRS024354,HRI024354
HRS024355,HRI024355
HRS024356,HRI024356
HRS024357,HRI024357
HRS024358,HRI024358
HRS024359,HRI024359
HRS024360,HRI024360
HRS024361,HRI024361
HRS024362,HRI024362
HRS024363,HRI024363
HRS024364,HRI024364
HRS024365,HRI024365
HRS024366,HRI024366
HRS024367,HRI024367
HRS024368,HRI024368
HRS024369,HRI024369
HRS024370,HRI024370
HRS024371,HRI024371
HRS024372,HRI024372
HRS024373,HRI024373
HRS024374,HRI024374
HRS024375,HRI024375
HRS024376,HRI024376
HRS024377,HRI024377
HRS024378,HRI024378
HRS024379,HRI024379
HRS024380,HRI024380
HRS024381,HRI024381
HRS024382,HRI024382
HRS024383,HRI024383
HRS024384,HRI024384
HRS024385,HRI024385
HRS024386,HRI024386
HRS024387,HRI024387
HRS024388,HRI024388
HRS024389,HRI024389
HRS024390,HRI024390
HRS024391,HRI024391
HRS024392,HRI024392
HRS024393,HRI024393
HRS024394,HRI024394
HRS024395,HRI024395
HRS024396,HRI024396
HRS024397,HRI024397
HRS024398,HRI024398
HRS024399,HRI024399
HRS024400,HRI024400
HRS024401,HRI024401
HRS024402,HRI024402
HRS024403,HRI024403
HRS024404,HRI024404
HRS024405,HRI024405
HRS024406,HRI024406
HRS024407,HRI024407
HRS024408,HRI024408
HRS024409,HRI024409
HRS024410,HRI024410
HRS024411,HRI024411
HRS024412,HRI024412
HRS024413,HRI024413
HRS024414,HRI024414
HRS024415,HRI024415
HRS024416,HRI024416
HRS024417,HRI024417
HRS024418,HRI024418
HRS024419,HRI024419
HRS024420,HRI024420
HRS024421,HRI024421
HRS024422,HRI024422
HRS024423,HRI024423
HRS024424,HRI024424
HRS024425,HRI024425
HRS024426,HRI024426
HRS024427,HRI024427
HRS024428,HRI024428
HRS024429,HRI024429
HRS024430,HRI024430
HRS024431,HRI024431
HRS024432,HRI024432
HRS024433,HRI024433
HRS024434,HRI024434
HRS024435,HRI024435
HRS024436,HRI024436
HRS024437,HRI024437
HRS024438,HRI024438
HRS024439,HRI024439
HRS024440,HRI024440
HRS024441,HRI024441
HRS024442,HRI024442
HRS024443,HRI024443
HRS024444,HRI024444
HRS024445,HRI024445
HRS024446,HRI024446
HRS024447,HRI024447
HRS024448,HRI024448
HRS024449,HRI024449
HRS024450,HRI024450
HRS024451,HRI024451
HRS024452,HRI024452
HRS024453,HRI024453
HRS024454,HRI024454
HRS024455,HRI024455
HRS024456,HRI024456
HRS024457,HRI024457
HRS024458,HRI024458
HRS024459,HRI024459
HRS024460,HRI024460
HRS024461,HRI024461
HRS024462,HRI024462
HRS024463,HRI024463
HRS024464,HRI024464
HRS024465,HRI024465
HRS024466,HRI024466
HRS024467,HRI024467
HRS024468,HRI024468
HRS024469,HRI024469
HRS024470,HRI024470
HRS024471,HRI024471
HRS024472,HRI024472
HRS024473,HRI024473
HRS024474,HRI024474
HRS024475,HRI024475
HRS024476,HRI024476
HRS024477,HRI024477
HRS024478,HRI024478
HRS024479,HRI024479
HRS024480,HRI024480
HRS024481,HRI024481
HRS024482,HRI024482
HRS024483,HRI024483
HRS024484,HRI024484
HRS024485,HRI024485
HRS024486,HRI024486
HRS024487,HRI024487
HRS024488,HRI024488
HRS024489,HRI024489
HRS024490,HRI024490
HRS024491,HRI024491
HRS024492,HRI024492
HRS024493,HRI024493
HRS024494,HRI024494
HRS024495,HRI024495
HRS024496,HRI024496
HRS024497,HRI024497
HRS024498,HRI024498
HRS024499,HRI024499
HRS024500,HRI024500
HRS024501,HRI024501
HRS024502,HRI024502
HRS024503,HRI024503
HRS024504,HRI024504
HRS024505,HRI024505
HRS024506,HRI024506
HRS024507,HRI024507
HRS024508,HRI024508
HRS024509,HRI024509
HRS024510,HRI024510
HRS024511,HRI024511
HRS024512,HRI024512
HRS024513,HRI024513
HRS024514,HRI024514
HRS024515,HRI024515
HRS024516,HRI024516
HRS024517,HRI024517
HRS024518,HRI024518
HRS024519,HRI024519
HRS024520,HRI024520
HRS024521,HRI024521
HRS024522,HRI024522
HRS024523,HRI024523
HRS024524,HRI024524
HRS024525,HRI024525
HRS024526,HRI024526
HRS024527,HRI024527
HRS024528,HRI024528
HRS024529,HRI024529
HRS024530,HRI024530
HRS024531,HRI024531
HRS024532,HRI024532
HRS024533,HRI024533
HRS024534,HRI024534
HRS024535,HRI024535
HRS024536,HRI024536
HRS024537,HRI024537
HRS024538,HRI024538
HRS024539,HRI024539
HRS024540,HRI024540
HRS024541,HRI024541
HRS024542,HRI024542
HRS024543,HRI024543
HRS024544,HRI024544
HRS024545,HRI024545
HRS024546,HRI024546
HRS024547,HRI024547
HRS024548,HRI024548
HRS024549,HRI024549
HRS024550,HRI024550
HRS024551,HRI024551
HRS024552,HRI024552
HRS024553,HRI024553
HRS024554,HRI024554
HRS024555,HRI024555
HRS024556,HRI024556
HRS024557,HRI024557
HRS024558,HRI024558
HRS024559,HRI024559
HRS024560,HRI024560
HRS024561,HRI024561
HRS024562,HRI024562
HRS024563,HRI024563
HRS024564,HRI024564
HRS024565,HRI024565
HRS024566,HRI024566
HRS024567,HRI024567
HRS024568,HRI024568
HRS024569,HRI024569
HRS024570,HRI024570
HRS024571,HRI024571
HRS024572,HRI024572
HRS024573,HRI024573
HRS024574,HRI024574
HRS024575,HRI024575
HRS024576,HRI024576
HRS024577,HRI024577
HRS024578,HRI024578
HRS024579,HRI024579
HRS024580,HRI024580
HRS024581,HRI024581
HRS024582,HRI024582
HRS024583,HRI024583
HRS024584,HRI024584
HRS024585,HRI024585
HRS024586,HRI024586
HRS024587,HRI024587
HRS024588,HRI024588
HRS024589,HRI024589
HRS024590,HRI024590
HRS024591,HRI024591
HRS024592,HRI024592
HRS024593,HRI024593
HRS024594,HRI024594
HRS024595,HRI024595
HRS024596,HRI024596
HRS024597,HRI024597
HRS024598,HRI024598
HRS024599,HRI024599
HRS024600,HRI024600
HRS024601,HRI024601
HRS024602,HRI024602
HRS024603,HRI024603
HRS024604,HRI024604
HRS024605,HRI024605
HRS024606,HRI024606
HRS024607,HRI024607
HRS024608,HRI024608
HRS024609,HRI024609
HRS024610,HRI024610
HRS024611,HRI024611
HRS024612,HRI024612
HRS024613,HRI024613
HRS024614,HRI024614
HRS024615,HRI024615
HRS024616,HRI024616
HRS024617,HRI024617
HRS024618,HRI024618
HRS024619,HRI024619
HRS024620,HRI024620
HRS024621,HRI024621
HRS024622,HRI024622
HRS024623,HRI024623
HRS024624,HRI024624
HRS024625,HRI024625
HRS024626,HRI024626
HRS024627,HRI024627
HRS024628,HRI024628
HRS024629,HRI024629
HRS024630,HRI024630
HRS024631,HRI024631
HRS024632,HRI024632
HRS024633,HRI024633
HRS024634,HRI024634
HRS024635,HRI024635
HRS024636,HRI024636
HRS024637,HRI024637
HRS024638,HRI024638
HRS024639,HRI024639
HRS024640,HRI024640
HRS024641,HRI024641
HRS024642,HRI024642
HRS024643,HRI024643
HRS024644,HRI024644
HRS024645,HRI024645
HRS024646,HRI024646
HRS024647,HRI024647
HRS024648,HRI024648
HRS024649,HRI024649
HRS024650,HRI024650
HRS024651,HRI024651
HRS024652,HRI024652
HRS024653,HRI024653
HRS024654,HRI024654
HRS024655,HRI024655
HRS024656,HRI024656
HRS024657,HRI024657
HRS024658,HRI024658
HRS024659,HRI024659
HRS024660,HRI024660
HRS024661,HRI024661
HRS024662,HRI024662
HRS024663,HRI024663
HRS024664,HRI024664
HRS024665,HRI024665
HRS024666,HRI024666
HRS024667,HRI024667
HRS024668,HRI024668
HRS024669,HRI024669
HRS024670,HRI024670
HRS024671,HRI024671
HRS024672,HRI024672
HRS024673,HRI024673
HRS024674,HRI024674
HRS024675,HRI024675
HRS024676,HRI024676
HRS024677,HRI024677
HRS024678,HRI024678
HRS024679,HRI024679
HRS024680,HRI024680
HRS024681,HRI024681
HRS024682,HRI024682
HRS024683,HRI024683
HRS024684,HRI024684
HRS024685,HRI024685
HRS024686,HRI024686
HRS024687,HRI024687
HRS024688,HRI024688
HRS024689,HRI024689
HRS024690,HRI024690
HRS024691,HRI024691
HRS024692,HRI024692
HRS024693,HRI024693
HRS024694,HRI024694
HRS024695,HRI024695
HRS024696,HRI024696
HRS024697,HRI024697
HRS024698,HRI024698
HRS024699,HRI024699
HRS024700,HRI024700
HRS024701,HRI024701
HRS024702,HRI024702
HRS024703,HRI024703
HRS024704,HRI024704
HRS024705,HRI024705
HRS024706,HRI024706
HRS024707,HRI024707
HRS024708,HRI024708
HRS024709,HRI024709
HRS024710,HRI024710
HRS024711,HRI024711
HRS024712,HRI024712
HRS024713,HRI024713
HRS024714,HRI024714
HRS024715,HRI024715
HRS024716,HRI024716
HRS024717,HRI024717
HRS024718,HRI024718
HRS024719,HRI024719
HRS024720,HRI024720
HRS024721,HRI024721
HRS024722,HRI024722
HRS024723,HRI024723
HRS024724,HRI024724
HRS024725,HRI024725
HRS024726,HRI024726
HRS024727,HRI024727
HRS024728,HRI024728
HRS024729,HRI024729
HRS024730,HRI024730
HRS024731,HRI024731
HRS024732,HRI024732
HRS024733,HRI024733
HRS024734,HRI024734
HRS024735,HRI024735
HRS024736,HRI024736
HRS024737,HRI024737
HRS024738,HRI024738
HRS024739,HRI024739
HRS024740,HRI024740
HRS024741,HRI024741
HRS024742,HRI024742
HRS024743,HRI024743
HRS024744,HRI024744
HRS024745,HRI024745
HRS024746,HRI024746
HRS024747,HRI024747
HRS024748,HRI024748
HRS024749,HRI024749
HRS024750,HRI024750
HRS024751,HRI024751
HRS024752,HRI024752
HRS024753,HRI024753
HRS024754,HRI024754
HRS024755,HRI024755
HRS024756,HRI024756
HRS024757,HRI024757
HRS024758,HRI024758
HRS024759,HRI024759
HRS024760,HRI024760
HRS024761,HRI024761
HRS024762,HRI024762
HRS024763,HRI024763
HRS024764,HRI024764
HRS024765,HRI024765
HRS024766,HRI024766
HRS024767,HRI024767
HRS024768,HRI024768
HRS024769,HRI024769
HRS024770,HRI024770
HRS024771,HRI024771
HRS024772,HRI024772
HRS024773,HRI024773
HRS024774,HRI024774
HRS024775,HRI024775
HRS024776,HRI024776
HRS024777,HRI024777
HRS024778,HRI024778
HRS024779,HRI024779
HRS024780,HRI024780
HRS024781,HRI024781
HRS024782,HRI024782
HRS024783,HRI024783
HRS024784,HRI024784
HRS024785,HRI024785
HRS024786,HRI024786
HRS024787,HRI024787
HRS024788,HRI024788
HRS024789,HRI024789
HRS024790,HRI024790
HRS024791,HRI024791
HRS024792,HRI024792
HRS024793,HRI024793
HRS024794,HRI024794
HRS024795,HRI024795
HRS024796,HRI024796
HRS024797,HRI024797
HRS024798,HRI024798
HRS024799,HRI024799
HRS024800,HRI024800
HRS024801,HRI024801
HRS024802,HRI024802
HRS024803,HRI024803
HRS024804,HRI024804
HRS024805,HRI024805
HRS024806,HRI024806
HRS024807,HRI024807
HRS024808,HRI024808
HRS024809,HRI024809
HRS024810,HRI024810
HRS024811,HRI024811
HRS024812,HRI024812
HRS024813,HRI024813
HRS024814,HRI024814
HRS024815,HRI024815
HRS024816,HRI024816
HRS024817,HRI024817
HRS024818,HRI024818
HRS024819,HRI024819
HRS024820,HRI024820
HRS024821,HRI024821
HRS024822,HRI024822
HRS024823,HRI024823
HRS024824,HRI024824
HRS024825,HRI024825
HRS024826,HRI024826
HRS024827,HRI024827
HRS024828,HRI024828
HRS024829,HRI024829
HRS024830,HRI024830
HRS024831,HRI024831
HRS024832,HRI024832
HRS024833,HRI024833
HRS024834,HRI024834
HRS024835,HRI024835
HRS024836,HRI024836
HRS024837,HRI024837
HRS024838,HRI024838
HRS024839,HRI024839
HRS024840,HRI024840
HRS024841,HRI024841
HRS024842,HRI024842
HRS024843,HRI024843
HRS024844,HRI024844
HRS024845,HRI024845
HRS024846,HRI024846
HRS024847,HRI024847
HRS024848,HRI024848
HRS024849,HRI024849
HRS024850,HRI024850
HRS024851,HRI024851
HRS024852,HRI024852
HRS024853,HRI024853
HRS024854,HRI024854
HRS024855,HRI024855
HRS024856,HRI024856
HRS024857,HRI024857
HRS024858,HRI024858
HRS024859,HRI024859
HRS024860,HRI024860
HRS024861,HRI024861
HRS024862,HRI024862
HRS024863,HRI024863
HRS024864,HRI024864
HRS024865,HRI024865
HRS024866,HRI024866
HRS024867,HRI024867
HRS024868,HRI024868
HRS024869,HRI024869
HRS024870,HRI024870
HRS024871,HRI024871
HRS024872,HRI024872
HRS024873,HRI024873
HRS024874,HRI024874
HRS024875,HRI024875
HRS024876,HRI024876
HRS024877,HRI024877
HRS024878,HRI024878
HRS024879,HRI024879
HRS024880,HRI024880
HRS024881,HRI024881
HRS024882,HRI024882
HRS024883,HRI024883
HRS024884,HRI024884
HRS024885,HRI024885
HRS024886,HRI024886
HRS024887,HRI024887
HRS024888,HRI024888
HRS024889,HRI024889
HRS024890,HRI024890
HRS024891,HRI024891
HRS024892,HRI024892
HRS024893,HRI024893
HRS024894,HRI024894
HRS024895,HRI024895
HRS024896,HRI024896
HRS024897,HRI024897
HRS024898,HRI024898
HRS024899,HRI024899
HRS024900,HRI024900
HRS024901,HRI024901
HRS024902,HRI024902
HRS024903,HRI024903
HRS024904,HRI024904
HRS024905,HRI024905
HRS024906,HRI024906
HRS024907,HRI024907
HRS024908,HRI024908
HRS024909,HRI024909
HRS024910,HRI024910
HRS024911,HRI024911
HRS024912,HRI024912
HRS024913,HRI024913
HRS024914,HRI024914
HRS024915,HRI024915
HRS024916,HRI024916
HRS024917,HRI024917
HRS024918,HRI024918
HRS024919,HRI024919
HRS024920,HRI024920
HRS024921,HRI024921
HRS024922,HRI024922
HRS024923,HRI024923
HRS024924,HRI024924
HRS024925,HRI024925
HRS024926,HRI024926
HRS024927,HRI024927
HRS024928,HRI024928
HRS024929,HRI024929
HRS024930,HRI024930
HRS024931,HRI024931
HRS024932,HRI024932
HRS024933,HRI024933
HRS024934,HRI024934
HRS024935,HRI024935
HRS024936,HRI024936
HRS024937,HRI024937
HRS024938,HRI024938
HRS024939,HRI024939
HRS024940,HRI024940
HRS024941,HRI024941
HRS024942,HRI024942
HRS024943,HRI024943
HRS024944,HRI024944
HRS024945,HRI024945
HRS024946,HRI024946
HRS024947,HRI024947
HRS024948,HRI024948
HRS024949,HRI024949
HRS024950,HRI024950
HRS024951,HRI024951
HRS024952,HRI024952
HRS024953,HRI024953
HRS024954,HRI024954
HRS024955,HRI024955
HRS024956,HRI024956
HRS024957,HRI024957
HRS024958,HRI024958
HRS024959,HRI024959
HRS024960,HRI024960
HRS024961,HRI024961
HRS024962,HRI024962
HRS024963,HRI024963
HRS024964,HRI024964
HRS024965,HRI024965
HRS024966,HRI024966
HRS024967,HRI024967
HRS024968,HRI024968
HRS024969,HRI024969
HRS024970,HRI024970
HRS024971,HRI024971
HRS024972,HRI024972
HRS024973,HRI024973
HRS024974,HRI024974
HRS024975,HRI024975
HRS024976,HRI024976
HRS024977,HRI024977
HRS024978,HRI024978
HRS024979,HRI024979
HRS024980,HRI024980
HRS024981,HRI024981
HRS024982,HRI024982
HRS024983,HRI024983
HRS024984,HRI024984
HRS024985,HRI024985
HRS024986,HRI024986
HRS024987,HRI024987
HRS024988,HRI024988
HRS024989,HRI024989
HRS025251,HRI025251
HRS025252,HRI025252
HRS025253,HRI025253
HRS025254,HRI025254
HRS025255,HRI025255
HRS025256,HRI025256
HRS025257,HRI025257
HRS025258,HRI025258
HRS025259,HRI025259
HRS025260,HRI025260
HRS025261,HRI025261
HRS025262,HRI025262
HRS025263,HRI025263
HRS025264,HRI025264
HRS025265,HRI025265
HRS025266,HRI025266
HRS025267,HRI025267
HRS025268,HRI025268
HRS025269,HRI025269
HRS025270,HRI025270
HRS025271,HRI025271
HRS025272,HRI025272
HRS025273,HRI025273
HRS025274,HRI025274
HRS025275,HRI025275
HRS025276,HRI025276
HRS025277,HRI025277
HRS025278,HRI025278
HRS025279,HRI025279
HRS025280,HRI025280
HRS025281,HRI025281
HRS025282,HRI025282
HRS025283,HRI025283
HRS025284,HRI025284
HRS025285,HRI025285
HRS025286,HRI025286
HRS025287,HRI025287
HRS025288,HRI025288
HRS025289,HRI025289
HRS025290,HRI025290
HRS025291,HRI025291
HRS025292,HRI025292
HRS025293,HRI025293
HRS025294,HRI025294
HRS025295,HRI025295
HRS025296,HRI025296
HRS025297,HRI025297
HRS025298,HRI025298
HRS025299,HRI025299
HRS025300,HRI025300
HRS025301,HRI025301
HRS025302,HRI025302
HRS025303,HRI025303
HRS025304,HRI025304
HRS025305,HRI025305
HRS025306,HRI025306
HRS025307,HRI025307
HRS025308,HRI025308
HRS025309,HRI025309
HRS025310,HRI025310
HRS381911,HRI228356
HRS169394,HRI104775
HRS169395,HRI104775
HRS169396,HRI104776
HRS169397,HRI104776
HRS169398,HRI104777
HRS169399,HRI104777
HRS169400,HRI104778
HRS169401,HRI104778
HRS169402,HRI104779
HRS169403,HRI104779
HRS169404,HRI104780
HRS169405,HRI104780
HRS169406,HRI104781
HRS169407,HRI104781
HRS169408,HRI104782
HRS169409,HRI104782
HRS169410,HRI104783
HRS169411,HRI104783
HRS169412,HRI104784
HRS169413,HRI104784
HRS169414,HRI104785
HRS169415,HRI104785
HRS169416,HRI104786
HRS169417,HRI104786
HRS169418,HRI104787
HRS169419,HRI104787
HRS169420,HRI104788
HRS169421,HRI104788
HRS169422,HRI104789
HRS169423,HRI104789
HRS169424,HRI104790
HRS169425,HRI104790
HRS169426,HRI104791
HRS169427,HRI104791
HRS169428,HRI104792
HRS169429,HRI104792
HRS169430,HRI104793
HRS169431,HRI104793
HRS169432,HRI104794
HRS169433,HRI104794
HRS169434,HRI104795
HRS169435,HRI104795
HRS169436,HRI104796
HRS169437,HRI104796
HRS169438,HRI104797
HRS169439,HRI104797
HRS169440,HRI104798
HRS169441,HRI104798
HRS169442,HRI104799
HRS169443,HRI104799
HRS169444,HRI104800
HRS169445,HRI104800
HRS169446,HRI104801
HRS169447,HRI104801
HRS169448,HRI104802
HRS169449,HRI104802
HRS169450,HRI104803
HRS169451,HRI104803
HRS169452,HRI104804
HRS169453,HRI104804
HRS169454,HRI104805
HRS169455,HRI104805
HRS169456,HRI104806
HRS169457,HRI104806
HRS169458,HRI104807
HRS169459,HRI104807
HRS169460,HRI104808
HRS169461,HRI104808
HRS169462,HRI104809
HRS169463,HRI104809
HRS169464,HRI104810
HRS169465,HRI104810
HRS169466,HRI104811
HRS169467,HRI104811
HRS169468,HRI104812
HRS169469,HRI104812
HRS169470,HRI104813
HRS169471,HRI104813
HRS169472,HRI104814
HRS169473,HRI104814
HRS169474,HRI104815
HRS169475,HRI104815
HRS169476,HRI104816
HRS169477,HRI104816
HRS169478,HRI104817
HRS169479,HRI104817
HRS169480,HRI104818
HRS169481,HRI104818
HRS169482,HRI104819
HRS169483,HRI104819
HRS169484,HRI104820
HRS169485,HRI104820
HRS169486,HRI104821
HRS169487,HRI104821
HRS169488,HRI104822
HRS169489,HRI104822
HRS169490,HRI104823
HRS169491,HRI104823
HRS169492,HRI104824
HRS169493,HRI104824
HRS169494,HRI104825
HRS169495,HRI104825
HRS169496,HRI104826
HRS169497,HRI104826
HRS169498,HRI104827
HRS169499,HRI104827
HRS169500,HRI104828
HRS169501,HRI104828
HRS169502,HRI104829
HRS169503,HRI104829
HRS169504,HRI104830
HRS169505,HRI104830
HRS169506,HRI104831
HRS169507,HRI104831
HRS169508,HRI104832
HRS169509,HRI104832
HRS169510,HRI104833
HRS169511,HRI104833
HRS169512,HRI104834
HRS169513,HRI104834
HRS169514,HRI104835
HRS169515,HRI104835
HRS169516,HRI104836
HRS169517,HRI104836
HRS169518,HRI104837
HRS169519,HRI104837
HRS169520,HRI104838
HRS169521,HRI104838
HRS169522,HRI104839
HRS169523,HRI104839
HRS169524,HRI104840
HRS169525,HRI104840
HRS169526,HRI104841
HRS169527,HRI104841
HRS169528,HRI104842
HRS169529,HRI104842
HRS169530,HRI104843
HRS169531,HRI104843
HRS169532,HRI104844
HRS169533,HRI104844
HRS169534,HRI104845
HRS169535,HRI104845
HRS169536,HRI104846
HRS169537,HRI104846
HRS169538,HRI104847
HRS169539,HRI104847
HRS169540,HRI104848
HRS169541,HRI104848
HRS169542,HRI104849
HRS169543,HRI104849
HRS169544,HRI104850
HRS169545,HRI104850
HRS169546,HRI104851
HRS169547,HRI104851
HRS169548,HRI104852
HRS169549,HRI104852
HRS169550,HRI104853
HRS169551,HRI104853
HRS169552,HRI104854
HRS169553,HRI104854
HRS169554,HRI104855
HRS169555,HRI104855
HRS169556,HRI104856
HRS169557,HRI104856
HRS169558,HRI104857
HRS169559,HRI104857
HRS169560,HRI104858
HRS169561,HRI104858
HRS169562,HRI104859
HRS169563,HRI104859
HRS169564,HRI104860
HRS169565,HRI104860
HRS169566,HRI104861
HRS169567,HRI104861
HRS169568,HRI104862
HRS169569,HRI104862
HRS169570,HRI104863
HRS169571,HRI104863
HRS169572,HRI104864
HRS169573,HRI104864
HRS169574,HRI104865
HRS169575,HRI104865
HRS169576,HRI104866
HRS169577,HRI104866
HRS169578,HRI104867
HRS169579,HRI104867
HRS169580,HRI104868
HRS169581,HRI104868
HRS169582,HRI104869
HRS169583,HRI104869
HRS169584,HRI104870
HRS169585,HRI104870
HRS169586,HRI104871
HRS169587,HRI104871
HRS169588,HRI104872
HRS169589,HRI104872
HRS169590,HRI104873
HRS169591,HRI104873
HRS169592,HRI104874
HRS169593,HRI104874
HRS169594,HRI104875
HRS169595,HRI104875
HRS169596,HRI104876
HRS169597,HRI104876
HRS169598,HRI104877
HRS169599,HRI104877
HRS169600,HRI104878
HRS169601,HRI104878
HRS169602,HRI104879
HRS169603,HRI104879
HRS169604,HRI104880
HRS169605,HRI104880
HRS169606,HRI104881
HRS169607,HRI104881
HRS169608,HRI104882
HRS169609,HRI104882
HRS169610,HRI104883
HRS169611,HRI104883
HRS169612,HRI104884
HRS169613,HRI104884
HRS169614,HRI104885
HRS169615,HRI104885
HRS169616,HRI104886
HRS169617,HRI104886
HRS169618,HRI104887
HRS169619,HRI104887
HRS169620,HRI104888
HRS169621,HRI104888
HRS169622,HRI104889
HRS169623,HRI104889
HRS169624,HRI104890
HRS169625,HRI104890
HRS169626,HRI104891
HRS169627,HRI104891
HRS169628,HRI104892
HRS169629,HRI104892
HRS169630,HRI104893
HRS169631,HRI104893
HRS169632,HRI104894
HRS169633,HRI104894
HRS169634,HRI104895
HRS169635,HRI104895
HRS169636,HRI104896
HRS169637,HRI104896
HRS169638,HRI104897
HRS169639,HRI104897
HRS169640,HRI104898
HRS169641,HRI104898
HRS169642,HRI104899
HRS169643,HRI104899
HRS169644,HRI104900
HRS169645,HRI104900
HRS169646,HRI104901
HRS169647,HRI104901
HRS169648,HRI104902
HRS169649,HRI104902
HRS169650,HRI104903
HRS169651,HRI104903
HRS169652,HRI104904
HRS169653,HRI104904
HRS169654,HRI104905
HRS169655,HRI104905
HRS169656,HRI104906
HRS169657,HRI104906
HRS169658,HRI104907
HRS169659,HRI104907
HRS169660,HRI104908
HRS169661,HRI104908
HRS169662,HRI104909
HRS169663,HRI104909
HRS169664,HRI104910
HRS169665,HRI104910
HRS169666,HRI104911
HRS169667,HRI104911
HRS169668,HRI104912
HRS169669,HRI104912
HRS169670,HRI104913
HRS169671,HRI104913
HRS169672,HRI104914
HRS169673,HRI104914
HRS169674,HRI104915
HRS169675,HRI104915
HRS169676,HRI104916
HRS169677,HRI104916
HRS169678,HRI104917
HRS169679,HRI104917
HRS169680,HRI104918
HRS169681,HRI104918
HRS169682,HRI104919
HRS169683,HRI104919
HRS169684,HRI104920
HRS169685,HRI104920
HRS169686,HRI104921
HRS169687,HRI104921
HRS169688,HRI104922
HRS169689,HRI104922
HRS169690,HRI104923
HRS169691,HRI104923
HRS169692,HRI104924
HRS169693,HRI104924
HRS169694,HRI104925
HRS169695,HRI104925
HRS169696,HRI104926
HRS169697,HRI104926
HRS169698,HRI104927
HRS169699,HRI104927
HRS169700,HRI104928
HRS169701,HRI104928
HRS169702,HRI104929
HRS169703,HRI104929
HRS169704,HRI104930
HRS169705,HRI104930
HRS169706,HRI104931
HRS169707,HRI104931
HRS169708,HRI104932
HRS169709,HRI104932
HRS169710,HRI104933
HRS169711,HRI104933
HRS169712,HRI104934
HRS169713,HRI104934
HRS169714,HRI104935
HRS169715,HRI104935
HRS169716,HRI104936
HRS169717,HRI104936
HRS169718,HRI104937
HRS169719,HRI104937
HRS169720,HRI104938
HRS169721,HRI104938
HRS169722,HRI104939
HRS169723,HRI104939
HRS169724,HRI104940
HRS169725,HRI104940
HRS169726,HRI104941
HRS169727,HRI104941
HRS169728,HRI104942
HRS169729,HRI104942
HRS169730,HRI104943
HRS169731,HRI104943
HRS169732,HRI104944
HRS169733,HRI104944
HRS169734,HRI104945
HRS169735,HRI104945
HRS169736,HRI104946
HRS169737,HRI104946
HRS169738,HRI104947
HRS169739,HRI104947
HRS169740,HRI104948
HRS169741,HRI104948
HRS169742,HRI104949
HRS169743,HRI104949
HRS169744,HRI104950
HRS169745,HRI104950
HRS169746,HRI104951
HRS169747,HRI104951
HRS169748,HRI104952
HRS169749,HRI104952
HRS169750,HRI104953
HRS169751,HRI104953
HRS169752,HRI104954
HRS169753,HRI104954
HRS169754,HRI104955
HRS169755,HRI104955
HRS169756,HRI104956
HRS169757,HRI104956
HRS169758,HRI104957
HRS169759,HRI104957
HRS169760,HRI104958
HRS169761,HRI104958
HRS169762,HRI104959
HRS169763,HRI104959
HRS169764,HRI104960
HRS169765,HRI104960
HRS169766,HRI104961
HRS169767,HRI104961
HRS169768,HRI104962
HRS169769,HRI104962
HRS169770,HRI104963
HRS169771,HRI104963
HRS169772,HRI104964
HRS169773,HRI104964
HRS169774,HRI104965
HRS169775,HRI104965
HRS169776,HRI104966
HRS169777,HRI104966
HRS169778,HRI104967
HRS169779,HRI104967
HRS169780,HRI104968
HRS169781,HRI104968
HRS169782,HRI104969
HRS169783,HRI104969
HRS169784,HRI104970
HRS169785,HRI104970
HRS169786,HRI104971
HRS169787,HRI104971
HRS169788,HRI104972
HRS169789,HRI104972
HRS169790,HRI104973
HRS169791,HRI104973
HRS169792,HRI104974
HRS169793,HRI104974
HRS169794,HRI104975
HRS169795,HRI104975
HRS169796,HRI104976
HRS169797,HRI104976
HRS169798,HRI104977
HRS169799,HRI104977
HRS169800,HRI104978
HRS169801,HRI104978
HRS169802,HRI104979
HRS169803,HRI104979
HRS169804,HRI104980
HRS169805,HRI104980
HRS169806,HRI104981
HRS169807,HRI104981
HRS169808,HRI104982
HRS169809,HRI104982
HRS169810,HRI104983
HRS169811,HRI104983
HRS169812,HRI104984
HRS169813,HRI104984
HRS169814,HRI104985
HRS169815,HRI104985
HRS169816,HRI104986
HRS169817,HRI104986
HRS169818,HRI104987
HRS169819,HRI104987
HRS169820,HRI104988
HRS169821,HRI104988
HRS169822,HRI104989
HRS169823,HRI104989
HRS169824,HRI104990
HRS169825,HRI104990
HRS169826,HRI104991
HRS169827,HRI104991
HRS169828,HRI104992
HRS169829,HRI104992
HRS169830,HRI104993
HRS169831,HRI104993
HRS169832,HRI104994
HRS169833,HRI104994
HRS169834,HRI104995
HRS169835,HRI104995
HRS169836,HRI104996
HRS169837,HRI104996
HRS169838,HRI104997
HRS169839,HRI104997
HRS169840,HRI104998
HRS169841,HRI104998
HRS169842,HRI104999
HRS169843,HRI104999
HRS169844,HRI105000
HRS169845,HRI105000
HRS169846,HRI105001
HRS169847,HRI105001
HRS169848,HRI105002
HRS169849,HRI105002
HRS169850,HRI105003
HRS169851,HRI105003
HRS169852,HRI105004
HRS169853,HRI105004
HRS169854,HRI105005
HRS169855,HRI105005
HRS169856,HRI105006
HRS169857,HRI105006
HRS169858,HRI105007
HRS169859,HRI105007
HRS169860,HRI105008
HRS169861,HRI105008
HRS169862,HRI105009
HRS169863,HRI105009
HRS169864,HRI105010
HRS169865,HRI105010
HRS169866,HRI105011
HRS169867,HRI105011
HRS169868,HRI105012
HRS169869,HRI105012
HRS169870,HRI105013
HRS169871,HRI105013
HRS169872,HRI105014
HRS169873,HRI105014
HRS169874,HRI105015
HRS169875,HRI105015
HRS169876,HRI105016
HRS169877,HRI105016
HRS169878,HRI105017
HRS169879,HRI105017
HRS169880,HRI105018
HRS169881,HRI105018
HRS169882,HRI105019
HRS169883,HRI105019
HRS169884,HRI105020
HRS169885,HRI105020
HRS169886,HRI105021
HRS169887,HRI105021
HRS169888,HRI105022
HRS169889,HRI105022
HRS169890,HRI105023
HRS169891,HRI105023
HRS169892,HRI105024
HRS169893,HRI105024
HRS169894,HRI105025
HRS169895,HRI105025
HRS169896,HRI105026
HRS169897,HRI105026
HRS169898,HRI105027
HRS169899,HRI105027
HRS169900,HRI105028
HRS169901,HRI105028
HRS169902,HRI105029
HRS169903,HRI105029
HRS169904,HRI105030
HRS169905,HRI105030
HRS169906,HRI105031
HRS169907,HRI105031
HRS169908,HRI105032
HRS169909,HRI105032
HRS169910,HRI105033
HRS169911,HRI105033
HRS169912,HRI105034
HRS169913,HRI105034
HRS169914,HRI105035
HRS169915,HRI105035
HRS169916,HRI105036
HRS169917,HRI105036
HRS169918,HRI105037
HRS169919,HRI105037
HRS169920,HRI105038
HRS169921,HRI105038
HRS169922,HRI105039
HRS169923,HRI105039
HRS169924,HRI105040
HRS169925,HRI105040
HRS169926,HRI105041
HRS169927,HRI105041
HRS169928,HRI105042
HRS169929,HRI105042
HRS169930,HRI105043
HRS169931,HRI105043
HRS169932,HRI105044
HRS169933,HRI105044
HRS169934,HRI105045
HRS169935,HRI105045
HRS169936,HRI105046
HRS169937,HRI105046
HRS169938,HRI105047
HRS169939,HRI105047
HRS169940,HRI105048
HRS169941,HRI105048
HRS169942,HRI105049
HRS169943,HRI105049
HRS169944,HRI105050
HRS169945,HRI105050
HRS169946,HRI105051
HRS169947,HRI105051
HRS169948,HRI105052
HRS169949,HRI105052
HRS169950,HRI105053
HRS169951,HRI105053
HRS169952,HRI105054
HRS169953,HRI105054
HRS169954,HRI105055
HRS169955,HRI105055
HRS169956,HRI105056
HRS169957,HRI105056
HRS169958,HRI105057
HRS169959,HRI105057
HRS169960,HRI105058
HRS169961,HRI105058
HRS169962,HRI105059
HRS169963,HRI105059
HRS169964,HRI105060
HRS169965,HRI105060
HRS169966,HRI105061
HRS169967,HRI105061
HRS169968,HRI105062
HRS169969,HRI105062
HRS169970,HRI105063
HRS169971,HRI105063
HRS169972,HRI105064
HRS169973,HRI105064
HRS169974,HRI105065
HRS169975,HRI105065
HRS169976,HRI105066
HRS169977,HRI105066
HRS169978,HRI105067
HRS169979,HRI105067
HRS169980,HRI105068
HRS169981,HRI105068
HRS169982,HRI105069
HRS169983,HRI105069
HRS169984,HRI105070
HRS169985,HRI105070
HRS169986,HRI105071
HRS169987,HRI105071
HRS169988,HRI105072
HRS169989,HRI105072
HRS169990,HRI105073
HRS169991,HRI105073
HRS169992,HRI105074
HRS169993,HRI105074
HRS169994,HRI105075
HRS169995,HRI105075
HRS169996,HRI105076
HRS169997,HRI105076
HRS169998,HRI105077
HRS169999,HRI105077
HRS170000,HRI105078
HRS170001,HRI105078
HRS170002,HRI105079
HRS170003,HRI105079
HRS170004,HRI105080
HRS170005,HRI105080
HRS170006,HRI105081
HRS170007,HRI105081
HRS170008,HRI105082
HRS170009,HRI105082
HRS170010,HRI105083
HRS170011,HRI105083
HRS170012,HRI105084
HRS170013,HRI105084
HRS170014,HRI105085
HRS170015,HRI105085
HRS170016,HRI105086
HRS170017,HRI105086
HRS170018,HRI105087
HRS170019,HRI105087
HRS170020,HRI105088
HRS170021,HRI105088
HRS170022,HRI105089
HRS170023,HRI105089
HRS170024,HRI105090
HRS170025,HRI105090
HRS170026,HRI105091
HRS170027,HRI105091
HRS170028,HRI105092
HRS170029,HRI105092
HRS170030,HRI105093
HRS170031,HRI105093
HRS170032,HRI105094
HRS170033,HRI105094
HRS170034,HRI105095
HRS170035,HRI105095
HRS170036,HRI105096
HRS170037,HRI105096
HRS170038,HRI105097
HRS170039,HRI105097
HRS170040,HRI105098
HRS170041,HRI105098
HRS170042,HRI105099
HRS170043,HRI105099
HRS170044,HRI105100
HRS170045,HRI105100
HRS170046,HRI105101
HRS170047,HRI105101
HRS170048,HRI105102
HRS170049,HRI105102
HRS170050,HRI105103
HRS170051,HRI105103
HRS170052,HRI105104
HRS170053,HRI105104
HRS170054,HRI105105
HRS170055,HRI105105
HRS170056,HRI105106
HRS170057,HRI105106
HRS170058,HRI105107
HRS170059,HRI105107
HRS170060,HRI105108
HRS170061,HRI105108
HRS170062,HRI105109
HRS170063,HRI105109
HRS170064,HRI105110
HRS170065,HRI105110
HRS170066,HRI105111
HRS170067,HRI105111
HRS170068,HRI105112
HRS170069,HRI105112
HRS170070,HRI105113
HRS170071,HRI105113
HRS170072,HRI105114
HRS170073,HRI105114
HRS170074,HRI105115
HRS170075,HRI105115
HRS170076,HRI105116
HRS170077,HRI105116
HRS170078,HRI105117
HRS170079,HRI105117
HRS170080,HRI105118
HRS170081,HRI105118
HRS170082,HRI105119
HRS170083,HRI105119
HRS170084,HRI105120
HRS170085,HRI105120
HRS170086,HRI105121
HRS170087,HRI105121
HRS170088,HRI105122
HRS170089,HRI105122
HRS170090,HRI105123
HRS170091,HRI105123
HRS170092,HRI105124
HRS170093,HRI105124
HRS170094,HRI105125
HRS170095,HRI105125
HRS170096,HRI105126
HRS170097,HRI105126
HRS170098,HRI105127
HRS170099,HRI105127
HRS170100,HRI105128
HRS170101,HRI105128
HRS170102,HRI105129
HRS170103,HRI105129
HRS170104,HRI105130
HRS170105,HRI105130
HRS170106,HRI105131
HRS170107,HRI105131
HRS170108,HRI105132
HRS170109,HRI105132
HRS170110,HRI105133
HRS170111,HRI105133
HRS170112,HRI105134
HRS170113,HRI105134
HRS170114,HRI105135
HRS170115,HRI105135
HRS170116,HRI105136
HRS170117,HRI105136
HRS170118,HRI105137
HRS170119,HRI105137
HRS170120,HRI105138
HRS170121,HRI105138
HRS170122,HRI105139
HRS170123,HRI105139
HRS170124,HRI105140
HRS170125,HRI105140
HRS170126,HRI105141
HRS170127,HRI105141
HRS170128,HRI105142
HRS170129,HRI105142
HRS170130,HRI105143
HRS170131,HRI105143
HRS170132,HRI105144
HRS170133,HRI105144
HRS170134,HRI105145
HRS170135,HRI105145
HRS170136,HRI105146
HRS170137,HRI105146
HRS170138,HRI105147
HRS170139,HRI105147
HRS170140,HRI105148
HRS170141,HRI105148
HRS170142,HRI105149
HRS170143,HRI105149
HRS170144,HRI105150
HRS170145,HRI105150
HRS170146,HRI105151
HRS170147,HRI105151
HRS170148,HRI105152
HRS170149,HRI105152
HRS170150,HRI105153
HRS170151,HRI105153
HRS170152,HRI105154
HRS170153,HRI105154
HRS170154,HRI105155
HRS170155,HRI105155
HRS170156,HRI105156
HRS170157,HRI105156
HRS170158,HRI105157
HRS170159,HRI105157
HRS170160,HRI105158
HRS170161,HRI105158
HRS170162,HRI105159
HRS170163,HRI105159
HRS170164,HRI105160
HRS170165,HRI105160
HRS170166,HRI105161
HRS170167,HRI105161
HRS170168,HRI105162
HRS170169,HRI105162
HRS170170,HRI105163
HRS170171,HRI105163
HRS170172,HRI105164
HRS170173,HRI105164
HRS170174,HRI105165
HRS170175,HRI105165
HRS170176,HRI105166
HRS170177,HRI105166
HRS170178,HRI105167
HRS170179,HRI105167
HRS170180,HRI105168
HRS170181,HRI105168
HRS170182,HRI105169
HRS170183,HRI105169
HRS170184,HRI105170
HRS170185,HRI105170
HRS170186,HRI105171
HRS170187,HRI105171
HRS170188,HRI105172
HRS170189,HRI105172
HRS170190,HRI105173
HRS170191,HRI105173
HRS170192,HRI105174
HRS170193,HRI105174
HRS170194,HRI105175
HRS170195,HRI105175
HRS170196,HRI105176
HRS170197,HRI105176
HRS170198,HRI105177
HRS170199,HRI105177
HRS170200,HRI105178
HRS170201,HRI105178
HRS170202,HRI105179
HRS170203,HRI105179
HRS170204,HRI105180
HRS170205,HRI105180
HRS170206,HRI105181
HRS170207,HRI105181
HRS170208,HRI105182
HRS170209,HRI105182
HRS170210,HRI105183
HRS170211,HRI105183
HRS170212,HRI105184
HRS170213,HRI105184
HRS170214,HRI105185
HRS170215,HRI105185
HRS170216,HRI105186
HRS170217,HRI105186
HRS170218,HRI105187
HRS170219,HRI105187
HRS170220,HRI105188
HRS170221,HRI105188
HRS170222,HRI105189
HRS170223,HRI105189
HRS170224,HRI105190
HRS170225,HRI105190
HRS170226,HRI105191
HRS170227,HRI105191
HRS170228,HRI105192
HRS170229,HRI105192
HRS170230,HRI105193
HRS170231,HRI105193
HRS170232,HRI105194
HRS170233,HRI105194
HRS170234,HRI105195
HRS170235,HRI105195
HRS170236,HRI105196
HRS170237,HRI105196
HRS170238,HRI105197
HRS170239,HRI105197
HRS170240,HRI105198
HRS170241,HRI105198
HRS170242,HRI105199
HRS170243,HRI105199
HRS170244,HRI105200
HRS170245,HRI105200
HRS170246,HRI105201
HRS170247,HRI105201
HRS170248,HRI105202
HRS170249,HRI105202
HRS170250,HRI105203
HRS170251,HRI105203
HRS170252,HRI105204
HRS170253,HRI105204
HRS170254,HRI105205
HRS170255,HRI105205
HRS170256,HRI105206
HRS170257,HRI105206
HRS170258,HRI105207
HRS170259,HRI105207
HRS170260,HRI105208
HRS170261,HRI105208
HRS170262,HRI105209
HRS170263,HRI105209
HRS170264,HRI105210
HRS170265,HRI105210
HRS170266,HRI105211
HRS170267,HRI105211
HRS170268,HRI105212
HRS170269,HRI105212
HRS170270,HRI105213
HRS170271,HRI105213
HRS170272,HRI105214
HRS170273,HRI105214
HRS170274,HRI105215
HRS170275,HRI105215
HRS170276,HRI105216
HRS170277,HRI105216
HRS170278,HRI105217
HRS170279,HRI105217
HRS170280,HRI105218
HRS170281,HRI105218
HRS170282,HRI105219
HRS170283,HRI105219
HRS170284,HRI105220
HRS170285,HRI105220
HRS170286,HRI105221
HRS170287,HRI105221
HRS170288,HRI105222
HRS170289,HRI105222
HRS170290,HRI105223
HRS170291,HRI105223
HRS170292,HRI105224
HRS170293,HRI105224
HRS170294,HRI105225
HRS170295,HRI105225
HRS170296,HRI105226
HRS170297,HRI105226
HRS170298,HRI105227
HRS170299,HRI105227
HRS170300,HRI105228
HRS170301,HRI105228
HRS170302,HRI105229
HRS170303,HRI105229
HRS170304,HRI105230
HRS170305,HRI105230
HRS170306,HRI105231
HRS170307,HRI105231
HRS170308,HRI105232
HRS170309,HRI105232
HRS170310,HRI105233
HRS170311,HRI105233
HRS170312,HRI105234
HRS170313,HRI105234
HRS170314,HRI105235
HRS170315,HRI105235
HRS170316,HRI105236
HRS170317,HRI105236
HRS170318,HRI105237
HRS170319,HRI105237
HRS170320,HRI105238
HRS170321,HRI105238
HRS170322,HRI105239
HRS170323,HRI105239
HRS170324,HRI105240
HRS170325,HRI105240
HRS170326,HRI105241
HRS170327,HRI105241
HRS170328,HRI105242
HRS170329,HRI105242
HRS170330,HRI105243
HRS170331,HRI105243
HRS170332,HRI105244
HRS170333,HRI105244
HRS170334,HRI105245
HRS170335,HRI105245
HRS170336,HRI105246
HRS170337,HRI105246
HRS170338,HRI105247
HRS170339,HRI105247
HRS170340,HRI105248
HRS170341,HRI105248
HRS170342,HRI105249
HRS170343,HRI105249
HRS170344,HRI105250
HRS170345,HRI105250
HRS170346,HRI105251
HRS170347,HRI105251
HRS170348,HRI105252
HRS170349,HRI105252
HRS170350,HRI105253
HRS170351,HRI105253
HRS170352,HRI105254
HRS170353,HRI105254
HRS170354,HRI105255
HRS170355,HRI105255
HRS170356,HRI105256
HRS170357,HRI105256
HRS170358,HRI105257
HRS170359,HRI105257
HRS170360,HRI105258
HRS170361,HRI105258
HRS170362,HRI105259
HRS170363,HRI105259
HRS170364,HRI105260
HRS170365,HRI105260
HRS170366,HRI105261
HRS170367,HRI105261
HRS170368,HRI105262
HRS170369,HRI105262
HRS170370,HRI105263
HRS170371,HRI105263
HRS170372,HRI105264
HRS170373,HRI105264
HRS170374,HRI105265
HRS170375,HRI105265
HRS170376,HRI105266
HRS170377,HRI105266
HRS170378,HRI105267
HRS170379,HRI105267
HRS170380,HRI105268
HRS170381,HRI105268
HRS170382,HRI105269
HRS170383,HRI105269
HRS170384,HRI105270
HRS170385,HRI105270
HRS170386,HRI105271
HRS170387,HRI105271
HRS170388,HRI105272
HRS170389,HRI105272
HRS170390,HRI105273
HRS170391,HRI105273
HRS170392,HRI105274
HRS170393,HRI105274
HRS170394,HRI105275
HRS170395,HRI105275
HRS170396,HRI105276
HRS170397,HRI105276
HRS170398,HRI105277
HRS170399,HRI105277
HRS170400,HRI105278
HRS170401,HRI105278
HRS170402,HRI105279
HRS170403,HRI105279
HRS170404,HRI105280
HRS170405,HRI105280
HRS170406,HRI105281
HRS170407,HRI105281
HRS170408,HRI105282
HRS170409,HRI105282
HRS170410,HRI105283
HRS170411,HRI105283
HRS170412,HRI105284
HRS170413,HRI105284
HRS170414,HRI105285
HRS170415,HRI105285
HRS170416,HRI105286
HRS170417,HRI105286
HRS170418,HRI105287
HRS170419,HRI105287
HRS170420,HRI105288
HRS170421,HRI105288
HRS170422,HRI105289
HRS170423,HRI105289
HRS170424,HRI105290
HRS170425,HRI105290
HRS170426,HRI105291
HRS170427,HRI105291
HRS170428,HRI105292
HRS170429,HRI105292
HRS170430,HRI105293
HRS170431,HRI105293
HRS170432,HRI105294
HRS170433,HRI105294
HRS170434,HRI105295
HRS170435,HRI105295
HRS170436,HRI105296
HRS170437,HRI105296
HRS170438,HRI105297
HRS170439,HRI105297
HRS170440,HRI105298
HRS170441,HRI105298
HRS170442,HRI105299
HRS170443,HRI105299
HRS170444,HRI105300
HRS170445,HRI105300
HRS170446,HRI105301
HRS170447,HRI105301
HRS170448,HRI105302
HRS170449,HRI105302
HRS170450,HRI105303
HRS170451,HRI105303
HRS170452,HRI105304
HRS170453,HRI105304
HRS170454,HRI105305
HRS170455,HRI105305
HRS170456,HRI105306
HRS170457,HRI105306
HRS170458,HRI105307
HRS170459,HRI105307
HRS170460,HRI105308
HRS170461,HRI105308
HRS170462,HRI105309
HRS170463,HRI105309
HRS170464,HRI105310
HRS170465,HRI105310
HRS170466,HRI105311
HRS170467,HRI105311
HRS170468,HRI105312
HRS170469,HRI105312
HRS170470,HRI105313
HRS170471,HRI105313
HRS170472,HRI105314
HRS170473,HRI105314
HRS170474,HRI105315
HRS170475,HRI105315
HRS170476,HRI105316
HRS170477,HRI105316
HRS170478,HRI105317
HRS170479,HRI105317
HRS170480,HRI105318
HRS170481,HRI105318
HRS170482,HRI105319
HRS170483,HRI105319
HRS170484,HRI105320
HRS170485,HRI105320
HRS170486,HRI105321
HRS170487,HRI105321
HRS170488,HRI105322
HRS170489,HRI105322
HRS170490,HRI105323
HRS170491,HRI105323
HRS170492,HRI105324
HRS170493,HRI105324
HRS170494,HRI105325
HRS170495,HRI105325
HRS170496,HRI105326
HRS170497,HRI105326
HRS170498,HRI105327
HRS170499,HRI105327
HRS170500,HRI105328
HRS170501,HRI105328
HRS170502,HRI105329
HRS170503,HRI105329
HRS170504,HRI105330
HRS170505,HRI105330
HRS170506,HRI105331
HRS170507,HRI105331
HRS170508,HRI105332
HRS170509,HRI105332
HRS170510,HRI105333
HRS170511,HRI105333
HRS170512,HRI105334
HRS170513,HRI105334
HRS170514,HRI105335
HRS170515,HRI105335
HRS170516,HRI105336
HRS170517,HRI105336
HRS170518,HRI105337
HRS170519,HRI105337
HRS170520,HRI105338
HRS170521,HRI105338
HRS170522,HRI105339
HRS170523,HRI105339
HRS170524,HRI105340
HRS170525,HRI105340
HRS170526,HRI105341
HRS170527,HRI105341
HRS170528,HRI105342
HRS170529,HRI105342
HRS170530,HRI105343
HRS170531,HRI105343
HRS170532,HRI105344
HRS170533,HRI105344
HRS170534,HRI105345
HRS170535,HRI105345
HRS170536,HRI105346
HRS170537,HRI105346
HRS170538,HRI105347
HRS170539,HRI105347
HRS170540,HRI105348
HRS170541,HRI105348
HRS170542,HRI105349
HRS170543,HRI105349
HRS170544,HRI105350
HRS170545,HRI105350
HRS170546,HRI105351
HRS170547,HRI105351
HRS170548,HRI105352
HRS170549,HRI105352
HRS170550,HRI105353
HRS170551,HRI105353
HRS170552,HRI105354
HRS170553,HRI105354
HRS170554,HRI105355
HRS170555,HRI105355
HRS170556,HRI105356
HRS170557,HRI105356
HRS170558,HRI105357
HRS170559,HRI105357
HRS170560,HRI105358
HRS170561,HRI105358
HRS170562,HRI105359
HRS170563,HRI105359
HRS170564,HRI105360
HRS170565,HRI105360
HRS170566,HRI105361
HRS170567,HRI105361
HRS170568,HRI105362
HRS170569,HRI105362
HRS170570,HRI105363
HRS170571,HRI105363
HRS170572,HRI105364
HRS170573,HRI105364
HRS170574,HRI105365
HRS170575,HRI105365
HRS170576,HRI105366
HRS170577,HRI105366
HRS170578,HRI105367
HRS170579,HRI105367
HRS170580,HRI105368
HRS170581,HRI105368
HRS170582,HRI105369
HRS170583,HRI105369
HRS170584,HRI105370
HRS170585,HRI105370
HRS170586,HRI105371
HRS170587,HRI105371
HRS170588,HRI105372
HRS170589,HRI105372
HRS170590,HRI105373
HRS170591,HRI105373
HRS170592,HRI105374
HRS170593,HRI105374
HRS170594,HRI105375
HRS170595,HRI105375
HRS170596,HRI105376
HRS170597,HRI105376
HRS170598,HRI105377
HRS170599,HRI105377
HRS170600,HRI105378
HRS170601,HRI105378
HRS170602,HRI105379
HRS170603,HRI105379
HRS170604,HRI105380
HRS170605,HRI105380
HRS170606,HRI105381
HRS170607,HRI105381
HRS170608,HRI105382
HRS170609,HRI105382
HRS170610,HRI105383
HRS170611,HRI105383
HRS170612,HRI105384
HRS170613,HRI105384
HRS170614,HRI105385
HRS170615,HRI105385
HRS170616,HRI105386
HRS170617,HRI105386
HRS170618,HRI105387
HRS170619,HRI105387
HRS170620,HRI105388
HRS170621,HRI105388
HRS170622,HRI105389
HRS170623,HRI105389
HRS170624,HRI105390
HRS170625,HRI105390
HRS170626,HRI105391
HRS170627,HRI105391
HRS170628,HRI105392
HRS170629,HRI105392
HRS170630,HRI105393
HRS170631,HRI105393
HRS170632,HRI105394
HRS170633,HRI105394
HRS170634,HRI105395
HRS170635,HRI105395
HRS170636,HRI105396
HRS170637,HRI105396
HRS170638,HRI105397
HRS170639,HRI105397
HRS170640,HRI105398
HRS170641,HRI105398
HRS170642,HRI105399
HRS170643,HRI105399
HRS170644,HRI105400
HRS170645,HRI105400
HRS170646,HRI105401
HRS170647,HRI105401
HRS170648,HRI105402
HRS170649,HRI105402
HRS170650,HRI105403
HRS170651,HRI105403
HRS170652,HRI105404
HRS170653,HRI105404
HRS170654,HRI105405
HRS170655,HRI105405
HRS170656,HRI105406
HRS170657,HRI105406
HRS170658,HRI105407
HRS170659,HRI105407
HRS170660,HRI105408
HRS170661,HRI105408
HRS170662,HRI105409
HRS170663,HRI105409
HRS170664,HRI105410
HRS170665,HRI105410
HRS170666,HRI105411
HRS170667,HRI105411
HRS170668,HRI105412
HRS170669,HRI105412
HRS170670,HRI105413
HRS170671,HRI105413
HRS170672,HRI105414
HRS170673,HRI105414
HRS170674,HRI105415
HRS170675,HRI105415
HRS170676,HRI105416
HRS170677,HRI105416
HRS170678,HRI105417
HRS170679,HRI105417
HRS170680,HRI105418
HRS170681,HRI105418
HRS170682,HRI105419
HRS170683,HRI105419
HRS170684,HRI105420
HRS170685,HRI105420
HRS170686,HRI105421
HRS170687,HRI105421
HRS170688,HRI105422
HRS170689,HRI105422
HRS170690,HRI105423
HRS170691,HRI105423
HRS170692,HRI105424
HRS170693,HRI105424
HRS170694,HRI105425
HRS170695,HRI105425
HRS170696,HRI105426
HRS170697,HRI105426
HRS170698,HRI105427
HRS170699,HRI105427
HRS170700,HRI105428
HRS170701,HRI105428
HRS170702,HRI105429
HRS170703,HRI105429
HRS170704,HRI105430
HRS170705,HRI105430
HRS170706,HRI105431
HRS170707,HRI105431
HRS170708,HRI105432
HRS170709,HRI105432
HRS170710,HRI105433
HRS170711,HRI105433
HRS170712,HRI105434
HRS170713,HRI105434
HRS170714,HRI105435
HRS170715,HRI105435
HRS170716,HRI105436
HRS170717,HRI105436
HRS170718,HRI105437
HRS170719,HRI105437
HRS170720,HRI105438
HRS170721,HRI105438
HRS170722,HRI105439
HRS170723,HRI105439
HRS170724,HRI105440
HRS170725,HRI105440
HRS170726,HRI105441
HRS170727,HRI105441
HRS170728,HRI105442
HRS170729,HRI105442
HRS170730,HRI105443
HRS170731,HRI105443
HRS170732,HRI105444
HRS170733,HRI105444
HRS170734,HRI105445
HRS170735,HRI105445
HRS170736,HRI105446
HRS170737,HRI105446
HRS170738,HRI105447
HRS170739,HRI105447
HRS170740,HRI105448
HRS170741,HRI105448
HRS170742,HRI105449
HRS170743,HRI105449
HRS170744,HRI105450
HRS170745,HRI105450
HRS170746,HRI105451
HRS170747,HRI105451
HRS170748,HRI105452
HRS170749,HRI105452
HRS170750,HRI105453
HRS170751,HRI105453
HRS170752,HRI105454
HRS170753,HRI105454
HRS170754,HRI105455
HRS170755,HRI105455
HRS170756,HRI105456
HRS170757,HRI105456
HRS170758,HRI105457
HRS170759,HRI105457
HRS170760,HRI105458
HRS170761,HRI105458
HRS170762,HRI105459
HRS170763,HRI105459
HRS170764,HRI105460
HRS170765,HRI105460
HRS170766,HRI105461
HRS170767,HRI105461
HRS170768,HRI105462
HRS170769,HRI105462
HRS170770,HRI105463
HRS170771,HRI105463
HRS170772,HRI105464
HRS170773,HRI105464
HRS170774,HRI105465
HRS170775,HRI105465
HRS170776,HRI105466
HRS170777,HRI105466
HRS170778,HRI105467
HRS170779,HRI105467
HRS170780,HRI105468
HRS170781,HRI105468
HRS170782,HRI105469
HRS170783,HRI105469
HRS170784,HRI105470
HRS170785,HRI105470
HRS170786,HRI105471
HRS170787,HRI105471
HRS170788,HRI105472
HRS170789,HRI105472
HRS170790,HRI105473
HRS170791,HRI105473
HRS170792,HRI105474
HRS170793,HRI105474
HRS170794,HRI105475
HRS170795,HRI105475
HRS170796,HRI105476
HRS170797,HRI105476
HRS170798,HRI105477
HRS170799,HRI105477
HRS170800,HRI105478
HRS170801,HRI105478
HRS170802,HRI105479
HRS170803,HRI105479
HRS170804,HRI105480
HRS170805,HRI105480
HRS170806,HRI105481
HRS170807,HRI105481
HRS170808,HRI105482
HRS170809,HRI105482
HRS170810,HRI105483
HRS170811,HRI105483
HRS170812,HRI105484
HRS170813,HRI105484
HRS170814,HRI105485
HRS170815,HRI105485
HRS170816,HRI105486
HRS170817,HRI105486
HRS170818,HRI105487
HRS170819,HRI105487
HRS170820,HRI105488
HRS170821,HRI105488
HRS170822,HRI105489
HRS170823,HRI105489
HRS170824,HRI105490
HRS170825,HRI105490
HRS170826,HRI105491
HRS170827,HRI105491
HRS170828,HRI105492
HRS170829,HRI105492
HRS170830,HRI105493
HRS170831,HRI105493
HRS170832,HRI105494
HRS170833,HRI105494
HRS170834,HRI105495
HRS170835,HRI105495
HRS170836,HRI105496
HRS170837,HRI105496
HRS170838,HRI105497
HRS170839,HRI105497
HRS170840,HRI105498
HRS170841,HRI105498
HRS170842,HRI105499
HRS170843,HRI105499
HRS170844,HRI105500
HRS170845,HRI105500
HRS170846,HRI105501
HRS170847,HRI105501
HRS170848,HRI105502
HRS170849,HRI105502
HRS170850,HRI105503
HRS170851,HRI105503
HRS170852,HRI105504
HRS170853,HRI105504
HRS170854,HRI105505
HRS170855,HRI105505
HRS170856,HRI105506
HRS170857,HRI105506
HRS170858,HRI105507
HRS170859,HRI105507
HRS170860,HRI105508
HRS170861,HRI105508
HRS170862,HRI105509
HRS170863,HRI105509
HRS170864,HRI105510
HRS170865,HRI105510
HRS170866,HRI105511
HRS170867,HRI105511
HRS170868,HRI105512
HRS170869,HRI105512
HRS170870,HRI105513
HRS170871,HRI105513
HRS170872,HRI105514
HRS170873,HRI105514
HRS170874,HRI105515
HRS170875,HRI105515
HRS170876,HRI105516
HRS170877,HRI105516
HRS170878,HRI105517
HRS170879,HRI105517
HRS170880,HRI105518
HRS170881,HRI105518
HRS170882,HRI105519
HRS170883,HRI105519
HRS170884,HRI105520
HRS170885,HRI105520
HRS170886,HRI105521
HRS170887,HRI105521
HRS170888,HRI105522
HRS170889,HRI105522
HRS170890,HRI105523
HRS170891,HRI105523
HRS170892,HRI105524
HRS170893,HRI105524
HRS170894,HRI105525
HRS170895,HRI105525
HRS170896,HRI105526
HRS170897,HRI105526
HRS170898,HRI105527
HRS170899,HRI105527
HRS170900,HRI105528
HRS170901,HRI105528
HRS170902,HRI105529
HRS170903,HRI105529
HRS170904,HRI105530
HRS170905,HRI105530
HRS170906,HRI105531
HRS170907,HRI105531
HRS170908,HRI105532
HRS170909,HRI105532
HRS170910,HRI105533
HRS170911,HRI105533
HRS170912,HRI105534
HRS170913,HRI105534
HRS170914,HRI105535
HRS170915,HRI105535
HRS170916,HRI105536
HRS170917,HRI105536
HRS170918,HRI105537
HRS170919,HRI105537
HRS170920,HRI105538
HRS170921,HRI105538
HRS170922,HRI105539
HRS170923,HRI105539
HRS170924,HRI105540
HRS170925,HRI105540
HRS170926,HRI105541
HRS170927,HRI105541
HRS170928,HRI105542
HRS170929,HRI105542
HRS170930,HRI105543
HRS170931,HRI105543
HRS170932,HRI105544
HRS170933,HRI105544
HRS170934,HRI105545
HRS170935,HRI105545
HRS170936,HRI105546
HRS170937,HRI105546
HRS170938,HRI105547
HRS170939,HRI105547
HRS170940,HRI105548
HRS170941,HRI105548
HRS170942,HRI105549
HRS170943,HRI105549
HRS170944,HRI105550
HRS170945,HRI105550
HRS170946,HRI105551
HRS170947,HRI105551
HRS170948,HRI105552
HRS170949,HRI105552
HRS170950,HRI105553
HRS170951,HRI105553
HRS170952,HRI105554
HRS170953,HRI105554
HRS170954,HRI105555
HRS170955,HRI105555
HRS170956,HRI105556
HRS170957,HRI105556
HRS170958,HRI105557
HRS170959,HRI105557
HRS170960,HRI105558
HRS170961,HRI105558
HRS170962,HRI105559
HRS170963,HRI105559
HRS170964,HRI105560
HRS170965,HRI105560
HRS170966,HRI105561
HRS170967,HRI105561
HRS170968,HRI105562
HRS170969,HRI105562
HRS170970,HRI105563
HRS170971,HRI105563
HRS170972,HRI105564
HRS170973,HRI105564
HRS170974,HRI105565
HRS170975,HRI105565
HRS170976,HRI105566
HRS170977,HRI105566
HRS170978,HRI105567
HRS170979,HRI105567
HRS170980,HRI105568
HRS170981,HRI105568
HRS170982,HRI105569
HRS170983,HRI105569
HRS170984,HRI105570
HRS170985,HRI105570
HRS170986,HRI105571
HRS170987,HRI105571
HRS170988,HRI105572
HRS170989,HRI105572
HRS170990,HRI105573
HRS170991,HRI105573
HRS170992,HRI105574
HRS170993,HRI105574
HRS170994,HRI105575
HRS170995,HRI105575
HRS170996,HRI105576
HRS170997,HRI105576
HRS170998,HRI105577
HRS170999,HRI105577
HRS171000,HRI105578
HRS171001,HRI105578
HRS171002,HRI105579
HRS171003,HRI105579
HRS171004,HRI105580
HRS171005,HRI105580
HRS171006,HRI105581
HRS171007,HRI105581
HRS171008,HRI105582
HRS171009,HRI105582
HRS171010,HRI105583
HRS171011,HRI105583
HRS171012,HRI105584
HRS171013,HRI105584
HRS171014,HRI105585
HRS171015,HRI105585
HRS171016,HRI105586
HRS171017,HRI105586
HRS171018,HRI105587
HRS171019,HRI105587
HRS171020,HRI105588
HRS171021,HRI105588
HRS171022,HRI105589
HRS171023,HRI105589
HRS171024,HRI105590
HRS171025,HRI105590
HRS171026,HRI105591
HRS171027,HRI105591
HRS171028,HRI105592
HRS171029,HRI105592
HRS171030,HRI105593
HRS171031,HRI105593
HRS171032,HRI105594
HRS171033,HRI105594
HRS171034,HRI105595
HRS171035,HRI105595
HRS171036,HRI105596
HRS171037,HRI105596
HRS171038,HRI105597
HRS171039,HRI105597
HRS171040,HRI105598
HRS171041,HRI105598
HRS171042,HRI105599
HRS171043,HRI105599
HRS171044,HRI105600
HRS171045,HRI105600
HRS171046,HRI105601
HRS171047,HRI105601
HRS171048,HRI105602
HRS171049,HRI105602
HRS171050,HRI105603
HRS171051,HRI105603
HRS171052,HRI105604
HRS171053,HRI105604
HRS171054,HRI105605
HRS171055,HRI105605
HRS171056,HRI105606
HRS171057,HRI105606
HRS171058,HRI105607
HRS171059,HRI105607
HRS171060,HRI105608
HRS171061,HRI105608
HRS171062,HRI105609
HRS171063,HRI105609
HRS171064,HRI105610
HRS171065,HRI105610
HRS171066,HRI105611
HRS171067,HRI105611
HRS171068,HRI105612
HRS171069,HRI105612
HRS171070,HRI105613
HRS171071,HRI105613
HRS171072,HRI105614
HRS171073,HRI105614
HRS171074,HRI105615
HRS171075,HRI105615
HRS171076,HRI105616
HRS171077,HRI105616
HRS171078,HRI105617
HRS171079,HRI105617
HRS171080,HRI105618
HRS171081,HRI105618
HRS171082,HRI105619
HRS171083,HRI105619
HRS171084,HRI105620
HRS171085,HRI105620
HRS171086,HRI105621
HRS171087,HRI105621
HRS171088,HRI105622
HRS171089,HRI105622
HRS171090,HRI105623
HRS171091,HRI105623
HRS171092,HRI105624
HRS171093,HRI105624
HRS171094,HRI105625
HRS171095,HRI105625
HRS171096,HRI105626
HRS171097,HRI105626
HRS171098,HRI105627
HRS171099,HRI105627
HRS171100,HRI105628
HRS171101,HRI105628
HRS171102,HRI105629
HRS171103,HRI105629
HRS171104,HRI105630
HRS171105,HRI105630
HRS171106,HRI105631
HRS171107,HRI105631
HRS171108,HRI105632
HRS171109,HRI105632
HRS171110,HRI105633
HRS171111,HRI105633
HRS171112,HRI105634
HRS171113,HRI105634
HRS171114,HRI105635
HRS171115,HRI105635
HRS171116,HRI105636
HRS171117,HRI105636
HRS171118,HRI105637
HRS171119,HRI105637
HRS171120,HRI105638
HRS171121,HRI105638
HRS171122,HRI105639
HRS171123,HRI105639
HRS171124,HRI105640
HRS171125,HRI105640
HRS171126,HRI105641
HRS171127,HRI105641
HRS171128,HRI105642
HRS171129,HRI105642
HRS171130,HRI105643
HRS171131,HRI105643
HRS171132,HRI105644
HRS171133,HRI105644
HRS171134,HRI105645
HRS171135,HRI105645
HRS171136,HRI105646
HRS171137,HRI105646
HRS171138,HRI105647
HRS171139,HRI105647
HRS171140,HRI105648
HRS171141,HRI105648
HRS171142,HRI105649
HRS171143,HRI105649
HRS171144,HRI105650
HRS171145,HRI105650
HRS171146,HRI105651
HRS171147,HRI105651
HRS171148,HRI105652
HRS171149,HRI105652
HRS171150,HRI105653
HRS171151,HRI105653
HRS171152,HRI105654
HRS171153,HRI105654
HRS171154,HRI105655
HRS171155,HRI105655
HRS171156,HRI105656
HRS171157,HRI105656
HRS171158,HRI105657
HRS171159,HRI105657
HRS171160,HRI105658
HRS171161,HRI105658
HRS171162,HRI105659
HRS171163,HRI105659
HRS171164,HRI105660
HRS171165,HRI105660
HRS171166,HRI105661
HRS171167,HRI105661
HRS171168,HRI105662
HRS171169,HRI105662
HRS171170,HRI105663
HRS171171,HRI105663
HRS171172,HRI105664
HRS171173,HRI105664
HRS171174,HRI105665
HRS171175,HRI105665
HRS171176,HRI105666
HRS171177,HRI105666
HRS171178,HRI105667
HRS171179,HRI105667
HRS171180,HRI105668
HRS171181,HRI105668
HRS171182,HRI105669
HRS171183,HRI105669
HRS171184,HRI105670
HRS171185,HRI105670
HRS171186,HRI105671
HRS171187,HRI105671
HRS171188,HRI105672
HRS171189,HRI105672
HRS171190,HRI105673
HRS171191,HRI105673
HRS171192,HRI105674
HRS171193,HRI105674
HRS171194,HRI105675
HRS171195,HRI105675
HRS171196,HRI105676
HRS171197,HRI105676
HRS171198,HRI105677
HRS171199,HRI105677
HRS171200,HRI105678
HRS171201,HRI105678
HRS171202,HRI105679
HRS171203,HRI105679
HRS171204,HRI105680
HRS171205,HRI105680
HRS171206,HRI105681
HRS171207,HRI105681
HRS171208,HRI105682
HRS171209,HRI105682
HRS171210,HRI105683
HRS171211,HRI105683
HRS171212,HRI105684
HRS171213,HRI105684
HRS171214,HRI105685
HRS171215,HRI105685
HRS171216,HRI105686
HRS171217,HRI105686
HRS171218,HRI105687
HRS171219,HRI105687
HRS171220,HRI105688
HRS171221,HRI105688
HRS171222,HRI105689
HRS171223,HRI105689
HRS171224,HRI105690
HRS171225,HRI105690
HRS171226,HRI105691
HRS171227,HRI105691
HRS171228,HRI105692
HRS171229,HRI105692
HRS171230,HRI105693
HRS171231,HRI105693
HRS171232,HRI105694
HRS171233,HRI105694
HRS171234,HRI105695
HRS171235,HRI105695
HRS171236,HRI105696
HRS171237,HRI105696
HRS171238,HRI105697
HRS171239,HRI105697
HRS171240,HRI105698
HRS171241,HRI105698
HRS171242,HRI105699
HRS171243,HRI105699
HRS171244,HRI105700
HRS171245,HRI105700
HRS171246,HRI105701
HRS171247,HRI105701
HRS171248,HRI105702
HRS171249,HRI105702
HRS171250,HRI105703
HRS171251,HRI105703
HRS171252,HRI105704
HRS171253,HRI105704
HRS171254,HRI105705
HRS171255,HRI105705
HRS171256,HRI105706
HRS171257,HRI105706
HRS171258,HRI105707
HRS171259,HRI105707
HRS171260,HRI105708
HRS171261,HRI105708
HRS171262,HRI105709
HRS171263,HRI105709
HRS171264,HRI105710
HRS171265,HRI105710
HRS171266,HRI105711
HRS171267,HRI105711
HRS171268,HRI105712
HRS171269,HRI105712
HRS171270,HRI105713
HRS171271,HRI105713
HRS171272,HRI105714
HRS171273,HRI105714
HRS171274,HRI105715
HRS171275,HRI105715
HRS171276,HRI105716
HRS171277,HRI105716
HRS171278,HRI105717
HRS171279,HRI105717
HRS171280,HRI105718
HRS171281,HRI105718
HRS171282,HRI105719
HRS171283,HRI105719
HRS171284,HRI105720
HRS171285,HRI105720
HRS171286,HRI105721
HRS171287,HRI105721
HRS171288,HRI105722
HRS171289,HRI105722
HRS171290,HRI105723
HRS171291,HRI105723
HRS171292,HRI105724
HRS171293,HRI105724
HRS171294,HRI105725
HRS171295,HRI105725
HRS171296,HRI105726
HRS171297,HRI105726
HRS171298,HRI105727
HRS171299,HRI105727
HRS171300,HRI105728
HRS171301,HRI105728
HRS171302,HRI105729
HRS171303,HRI105729
HRS171304,HRI105730
HRS171305,HRI105730
HRS171306,HRI105731
HRS171307,HRI105731
HRS171308,HRI105732
HRS171309,HRI105732
HRS171310,HRI105733
HRS171311,HRI105733
HRS171312,HRI105734
HRS171313,HRI105734
HRS171314,HRI105735
HRS171315,HRI105735
HRS171316,HRI105736
HRS171317,HRI105736
HRS171318,HRI105737
HRS171319,HRI105737
HRS171320,HRI105738
HRS171321,HRI105738
HRS171322,HRI105739
HRS171323,HRI105739
HRS171324,HRI105740
HRS171325,HRI105740
HRS171326,HRI105741
HRS171327,HRI105741
HRS171328,HRI105742
HRS171329,HRI105742
HRS171330,HRI105743
HRS171331,HRI105743
HRS171332,HRI105744
HRS171333,HRI105744
HRS171334,HRI105745
HRS171335,HRI105745
HRS171336,HRI105746
HRS171337,HRI105746
HRS171338,HRI105747
HRS171339,HRI105747
HRS171340,HRI105748
HRS171341,HRI105748
HRS171342,HRI105749
HRS171343,HRI105749
HRS171344,HRI105750
HRS171345,HRI105750
HRS171346,HRI105751
HRS171347,HRI105751
HRS171348,HRI105752
HRS171349,HRI105752
HRS171350,HRI105753
HRS171351,HRI105753
HRS171352,HRI105754
HRS171353,HRI105754
HRS171354,HRI105755
HRS171355,HRI105755
HRS171356,HRI105756
HRS171357,HRI105756
HRS171358,HRI105757
HRS171359,HRI105757
HRS171360,HRI105758
HRS171361,HRI105758
HRS171362,HRI105759
HRS171363,HRI105759
HRS171364,HRI105760
HRS171365,HRI105760
HRS171366,HRI105761
HRS171367,HRI105761
HRS171368,HRI105762
HRS171369,HRI105762
HRS171370,HRI105763
HRS171371,HRI105763
HRS171372,HRI105764
HRS171373,HRI105764
HRS171374,HRI105765
HRS171375,HRI105765
HRS171376,HRI105766
HRS171377,HRI105766
HRS171378,HRI105767
HRS171379,HRI105767
HRS171380,HRI105768
HRS171381,HRI105768
HRS171382,HRI105769
HRS171383,HRI105769
HRS171384,HRI105770
HRS171385,HRI105770
HRS171386,HRI105771
HRS171387,HRI105771
HRS171388,HRI105772
HRS171389,HRI105772
HRS171390,HRI105773
HRS171391,HRI105773
HRS171392,HRI105774
HRS171393,HRI105774
HRS171394,HRI105775
HRS171395,HRI105775
HRS171396,HRI105776
HRS171397,HRI105776
HRS171398,HRI105777
HRS171399,HRI105777
HRS171400,HRI105778
HRS171401,HRI105778
HRS171402,HRI105779
HRS171403,HRI105779
HRS171404,HRI105780
HRS171405,HRI105780
HRS171406,HRI105781
HRS171407,HRI105781
HRS171408,HRI105782
HRS171409,HRI105782
HRS171410,HRI105783
HRS171411,HRI105783
HRS171412,HRI105784
HRS171413,HRI105784
HRS171414,HRI105785
HRS171415,HRI105785
HRS171416,HRI105786
HRS171417,HRI105786
HRS171418,HRI105787
HRS171419,HRI105787
HRS171420,HRI105788
HRS171421,HRI105788
HRS171422,HRI105789
HRS171423,HRI105789
HRS280605,HRI147472
HRS280606,HRI147472
HRS280607,HRI147472
HRS280608,HRI147472
HRS280609,HRI147472
HRS280610,HRI147472
HRS280611,HRI147472
HRS280612,HRI147473
HRS280613,HRI147473
HRS280614,HRI147473
HRS280615,HRI147473
HRS280616,HRI147473
HRS280617,HRI147473
HRS280618,HRI147473
HRS280619,HRI147473
HRS280620,HRI147474
HRS280621,HRI147474
HRS280622,HRI147474
HRS280623,HRI147474
HRS280624,HRI147474
HRS280625,HRI147474
HRS280626,HRI147474
HRS280627,HRI147474
HRS280628,HRI147474
HRS280629,HRI147474
HRS280630,HRI147474
HRS280631,HRI147474
HRS280632,HRI147474
HRS280633,HRI147474
HRS280634,HRI147475
HRS280635,HRI147475
HRS280636,HRI147475
HRS280637,HRI147476
HRS280638,HRI147476
HRS280639,HRI147476
HRS280640,HRI147476
HRS280641,HRI147476
HRS280642,HRI147476
HRS280643,HRI147477
HRS280644,HRI147477
HRS280645,HRI147477
HRS280646,HRI147477
HRS280647,HRI147477
HRS280648,HRI147477
HRS280649,HRI147477
HRS280650,HRI147478
HRS280651,HRI147478
HRS280652,HRI147478
HRS280653,HRI147478
HRS280654,HRI147478
HRS280655,HRI147478
HRS280656,HRI147478
HRS280657,HRI147479
HRS280658,HRI147479
HRS280659,HRI147479
HRS280660,HRI147479
HRS280661,HRI147479
HRS280662,HRI147480
HRS280663,HRI147480
HRS280664,HRI147480
HRS280665,HRI147480
HRS280666,HRI147480
HRS280667,HRI147480
HRS280668,HRI147480
HRS280669,HRI147481
HRS280670,HRI147481
HRS280671,HRI147481
HRS280672,HRI147482
HRS280673,HRI147482
HRS280674,HRI147482
HRS280675,HRI147482
HRS280676,HRI147482
HRS280677,HRI147482
HRS280678,HRI147482
HRS280679,HRI147482
HRS280680,HRI147483
HRS280681,HRI147483
HRS280682,HRI147484
HRS280683,HRI147484
HRS280684,HRI147484
HRS280685,HRI147484
HRS280686,HRI147484
HRS280687,HRI147484
HRS280688,HRI147484
HRS280689,HRI147484
HRS280690,HRI147485
HRS280691,HRI147485
HRS280692,HRI147485
HRS280693,HRI147485
HRS280694,HRI147485
HRS280695,HRI147485
HRS280696,HRI147486
HRS280697,HRI147486
HRS280698,HRI147486
HRS280699,HRI147486
HRS280700,HRI147486
HRS280701,HRI147486
HRS280702,HRI147486
HRS280703,HRI147486
HRS280704,HRI147487
HRS280705,HRI147487
HRS280706,HRI147487
HRS280707,HRI147488
HRS280708,HRI147488
HRS280709,HRI147488
HRS280710,HRI147488
HRS280711,HRI147488
HRS280712,HRI147488
HRS280713,HRI147488
HRS280714,HRI147489
HRS280715,HRI147489
HRS280716,HRI147489
HRS280717,HRI147489
HRS280718,HRI147489
HRS280719,HRI147490
HRS280720,HRI147490
HRS280721,HRI147490
HRS280722,HRI147490
HRS280723,HRI147490
HRS280724,HRI147491
HRS280725,HRI147491
HRS280726,HRI147491
HRS280727,HRI147491
HRS280728,HRI147491
HRS280729,HRI147492
HRS280730,HRI147492
HRS280731,HRI147492
HRS280732,HRI147492
HRS280733,HRI147492
HRS280734,HRI147493
HRS280735,HRI147493
HRS280736,HRI147493
HRS280737,HRI147494
HRS280738,HRI147494
HRS280739,HRI147494
HRS280740,HRI147494
HRS280741,HRI147494
HRS280742,HRI147495
HRS280743,HRI147495
HRS280744,HRI147495
HRS280745,HRI147495
HRS280746,HRI147496
HRS280747,HRI147496
HRS280748,HRI147497
HRS280749,HRI147497
HRS280750,HRI147497
HRS280751,HRI147498
HRS280752,HRI147498
HRS280753,HRI147498
HRS280754,HRI147498
HRS280755,HRI147498
HRS280756,HRI147498
HRS280757,HRI147498
HRS280758,HRI147498
HRS280759,HRI147498
HRS280760,HRI147499
HRS280761,HRI147499
HRS280762,HRI147499
HRS280763,HRI147499
HRS280764,HRI147500
HRS280765,HRI147500
HRS280766,HRI147500
HRS280767,HRI147501
HRS280768,HRI147501
HRS280769,HRI147501
HRS280770,HRI147501
HRS280771,HRI147501
HRS280772,HRI147501
HRS280773,HRI147501
HRS280774,HRI147501
HRS280775,HRI147501
HRS280776,HRI147502
HRS280777,HRI147502
HRS280778,HRI147502
HRS280779,HRI147502
HRS280780,HRI147502
HRS280781,HRI147503
HRS280782,HRI147503
HRS280783,HRI147503
HRS280784,HRI147504
HRS280785,HRI147504
HRS280786,HRI147504
HRS280787,HRI147504
HRS280788,HRI147505
HRS280789,HRI147505
HRS280790,HRI147506
HRS280791,HRI147506
HRS280792,HRI147506
HRS280793,HRI147506
HRS280794,HRI147506
HRS280795,HRI147507
HRS280796,HRI147507
HRS280797,HRI147507
HRS280798,HRI147508
HRS280799,HRI147508
HRS280800,HRI147508
HRS280801,HRI147509
HRS280802,HRI147509
HRS280803,HRI147509
HRS280804,HRI147509
HRS280805,HRI147509
HRS280806,HRI147509
HRS280807,HRI147510
HRS280808,HRI147510
HRS280809,HRI147510
HRS280810,HRI147510
HRS280811,HRI147510
HRS280812,HRI147511
HRS280813,HRI147511
HRS280814,HRI147511
HRS280815,HRI147511
HRS280816,HRI147512
HRS280817,HRI147512
HRS280818,HRI147512
HRS280819,HRI147513
HRS280820,HRI147513
HRS280821,HRI147513
HRS280822,HRI147513
HRS280823,HRI147514
HRS280824,HRI147514
HRS280825,HRI147514
HRS280826,HRI147514
HRS280827,HRI147514
HRS280828,HRI147514
HRS280829,HRI147515
HRS280830,HRI147515
HRS280831,HRI147515
HRS280832,HRI147516
HRS280833,HRI147516
HRS280834,HRI147516
HRS280835,HRI147516
HRS280836,HRI147516
HRS280837,HRI147517
HRS280838,HRI147517
HRS280839,HRI147517
HRS280840,HRI147517
HRS280841,HRI147518
HRS280842,HRI147518
HRS280843,HRI147518
HRS280844,HRI147518
HRS280845,HRI147518
HRS280846,HRI147518
HRS280847,HRI147518
HRS280848,HRI147519
HRS280849,HRI147519
HRS280850,HRI147519
HRS280851,HRI147519
HRS280852,HRI147520
HRS280853,HRI147520
HRS280854,HRI147520
HRS280855,HRI147520
HRS280856,HRI147521
HRS280857,HRI147521
HRS280858,HRI147521
HRS280859,HRI147521
HRS280860,HRI147522
HRS280861,HRI147522
HRS280862,HRI147522
HRS280863,HRI147523
HRS280864,HRI147523
HRS280865,HRI147523
HRS280866,HRI147523
HRS280867,HRI147524
HRS280868,HRI147524
HRS280869,HRI147525
HRS280870,HRI147525
HRS280871,HRI147525
HRS280872,HRI147525
HRS280873,HRI147525
HRS280874,HRI147525
HRS280875,HRI147526
HRS280876,HRI147526
HRS280877,HRI147527
HRS280878,HRI147527
HRS280879,HRI147528
HRS280880,HRI147528
HRS280881,HRI147529
HRS280882,HRI147529
HRS280883,HRI147530
HRS280884,HRI147530
HRS280885,HRI147531
HRS280886,HRI147531
HRS280887,HRI147532
HRS280888,HRI147532
HRS280889,HRI147533
HRS280890,HRI147533
HRS280891,HRI147534
HRS280892,HRI147534
HRS280893,HRI147535
HRS280894,HRI147535
HRS280895,HRI147536
HRS280896,HRI147536
HRS280897,HRI147537
HRS280898,HRI147537
HRS280899,HRI147538
HRS280900,HRI147538
HRS280901,HRI147539
HRS280902,HRI147539
HRS280903,HRI147540
HRS280904,HRI147540
HRS280905,HRI147541
HRS280906,HRI147541
HRS280907,HRI147542
HRS280908,HRI147542
HRS280909,HRI147543
HRS280910,HRI147543
HRS280911,HRI147544
HRS280912,HRI147544
HRS280913,HRI147545
HRS280914,HRI147545
HRS280915,HRI147546
HRS280916,HRI147546
HRS280917,HRI147547
HRS280918,HRI147547
HRS280919,HRI147548
HRS280920,HRI147548
HRS280921,HRI147549
HRS280922,HRI147549
HRS280923,HRI147550
HRS280924,HRI147550
HRS280925,HRI147551
HRS280926,HRI147551
HRS280927,HRI147552
HRS280928,HRI147552
HRS280929,HRI147553
HRS280930,HRI147553
HRS280931,HRI147554
HRS280932,HRI147554
HRS280933,HRI147555
HRS280934,HRI147555
HRS280935,HRI147556
HRS280936,HRI147556
HRS280937,HRI147557
HRS280938,HRI147557
HRS281123,HRI147558
HRS281124,HRI147558
HRS281125,HRI147559
HRS281126,HRI147559
HRS281127,HRI147560
HRS281128,HRI147560
HRS281129,HRI147561
HRS281130,HRI147561
HRS281131,HRI147562
HRS281132,HRI147562
HRS281133,HRI147563
HRS281134,HRI147563
HRS281135,HRI147564
HRS281136,HRI147564
HRS281137,HRI147565
HRS281138,HRI147565
HRS281139,HRI147566
HRS281140,HRI147566
HRS281141,HRI147567
HRS281142,HRI147567
HRS281143,HRI147568
HRS281144,HRI147568
HRS281145,HRI147569
HRS281146,HRI147569
HRS281147,HRI147570
HRS281148,HRI147570
HRS281149,HRI147571
HRS281150,HRI147571
HRS281151,HRI147572
HRS281152,HRI147572
HRS281153,HRI147573
HRS281154,HRI147573
HRS281155,HRI147574
HRS281156,HRI147574
HRS281157,HRI147575
HRS281158,HRI147575
HRS281159,HRI147576
HRS281160,HRI147576
HRS281161,HRI147577
HRS281162,HRI147577
HRS281163,HRI147578
HRS281164,HRI147578
HRS281165,HRI147579
HRS281166,HRI147579
HRS281167,HRI147580
HRS281168,HRI147580
HRS281169,HRI147581
HRS281170,HRI147581
HRS281171,HRI147582
HRS281172,HRI147582
HRS281173,HRI147583
HRS281174,HRI147583
HRS281175,HRI147584
HRS281176,HRI147584
HRS281177,HRI147585
HRS281178,HRI147585
HRS281179,HRI147586
HRS281180,HRI147586
HRS281181,HRI147587
HRS281182,HRI147587
HRS281183,HRI147588
HRS281184,HRI147588
HRS281185,HRI147589
HRS281186,HRI147589
HRS281187,HRI147590
HRS281188,HRI147590
HRS281189,HRI147591
HRS281190,HRI147591
HRS281191,HRI147592
HRS281192,HRI147592
HRS281193,HRI147593
HRS281194,HRI147593
HRS281195,HRI147594
HRS281196,HRI147594
HRS281197,HRI147595
HRS281198,HRI147595
HRS281199,HRI147596
HRS281200,HRI147596
HRS281201,HRI147597
HRS281202,HRI147597
HRS281203,HRI147598
HRS281204,HRI147598
HRS281205,HRI147599
HRS281206,HRI147599
HRS281207,HRI147600
HRS281208,HRI147600
HRS281209,HRI147601
HRS281210,HRI147601
HRS281211,HRI147602
HRS281212,HRI147602
HRS281213,HRI147603
HRS281214,HRI147603
HRS281215,HRI147604
HRS281216,HRI147604
HRS281217,HRI147605
HRS281218,HRI147605
HRS281219,HRI147606
HRS281220,HRI147606
HRS281221,HRI147607
HRS281222,HRI147607
HRS281223,HRI147608
HRS281224,HRI147608
HRS281225,HRI147609
HRS281226,HRI147609
HRS281227,HRI147610
HRS281228,HRI147610
HRS281229,HRI147611
HRS281230,HRI147611
HRS281231,HRI147612
HRS281232,HRI147612
HRS281233,HRI147613
HRS281234,HRI147613
HRS281235,HRI147614
HRS281236,HRI147614
HRS281237,HRI147615
HRS281238,HRI147615
HRS281239,HRI147616
HRS281240,HRI147616
HRS281241,HRI147617
HRS281242,HRI147617
HRS281243,HRI147618
HRS281244,HRI147618
HRS281245,HRI147619
HRS281246,HRI147619
HRS281247,HRI147620
HRS281248,HRI147620
HRS281249,HRI147621
HRS281250,HRI147621
HRS281251,HRI147622
HRS281252,HRI147622
HRS281253,HRI147623
HRS281254,HRI147623
HRS281255,HRI147624
HRS281256,HRI147624
HRS281257,HRI147625
HRS281258,HRI147625
HRS281259,HRI147626
HRS281260,HRI147626
HRS281261,HRI147627
HRS281262,HRI147627
HRS281263,HRI147628
HRS281264,HRI147628
HRS281265,HRI147629
HRS281266,HRI147629
HRS281267,HRI147630
HRS281268,HRI147630
HRS281269,HRI147631
HRS281270,HRI147631
HRS281271,HRI147632
HRS281272,HRI147632
HRS281273,HRI147633
HRS281274,HRI147633
HRS281275,HRI147634
HRS281276,HRI147634
HRS281277,HRI147635
HRS281278,HRI147635
HRS281279,HRI147636
HRS281280,HRI147636
HRS281281,HRI147637
HRS281282,HRI147637
HRS281283,HRI147638
HRS281284,HRI147638
HRS281285,HRI147639
HRS281286,HRI147639
HRS281287,HRI147640
HRS281288,HRI147640
HRS281289,HRI147641
HRS281290,HRI147641
HRS281291,HRI147642
HRS281292,HRI147642
HRS281293,HRI147643
HRS281294,HRI147643
HRS281295,HRI147644
HRS281296,HRI147644
HRS281297,HRI147645
HRS281298,HRI147645
HRS280591,HRI147646
HRS280592,HRI147646
HRS280593,HRI147646
HRS280594,HRI147646
HRS280595,HRI147646
HRS280567,HRI147647
HRS280568,HRI147647
HRS280569,HRI147647
HRS280570,HRI147647
HRS280571,HRI147647
HRS280572,HRI147648
HRS280573,HRI147648
HRS280574,HRI147648
HRS280575,HRI147648
HRS280576,HRI147648
HRS280577,HRI147649
HRS280578,HRI147649
HRS280579,HRI147649
HRS280580,HRI147649
HRS280581,HRI147650
HRS280582,HRI147650
HRS280583,HRI147650
HRS280584,HRI147650
HRS280585,HRI147650
HRS280586,HRI147650
HRS280587,HRI147651
HRS280588,HRI147651
HRS280589,HRI147651
HRS280590,HRI147651
HRS280596,HRI147652
HRS280597,HRI147652
HRS280598,HRI147652
HRS280599,HRI147652
HRS280600,HRI147653
HRS280601,HRI147653
HRS280602,HRI147653
HRS280603,HRI147653
HRS280604,HRI147653
HRS959806,HRI728840
HRS959807,HRI728840
HRS959808,HRI728840
HRS959809,HRI728840
HRS959810,HRI728841
HRS959811,HRI728841
HRS959812,HRI728841
HRS959813,HRI728841
HRS959814,HRI728842
HRS959815,HRI728842
HRS959816,HRI728842
HRS959817,HRI728842
HRS959818,HRI728842
HRS959819,HRI728843
HRS959820,HRI728843
HRS959821,HRI728843
HRS959822,HRI728843
HRS959823,HRI728843
HRS959824,HRI728843
HRS959825,HRI728843
HRS959826,HRI728844
HRS959827,HRI728844
HRS959828,HRI728844
HRS959829,HRI728844
HRS959830,HRI728844
HRS959831,HRI728844
HRS959832,HRI728845
HRS959833,HRI728845
HRS959834,HRI728845
HRS959835,HRI728845
HRS959836,HRI728845
HRS959837,HRI728845
HRS959838,HRI728845
HRS959839,HRI728846
HRS959840,HRI728846
HRS959841,HRI728846
HRS959842,HRI728846
HRS959843,HRI728846
HRS959844,HRI728846
HRS959845,HRI728846
HRS959846,HRI728846
HRS959847,HRI728846
HRS959848,HRI728846
HRS959849,HRI728847
HRS959850,HRI728847
HRS959851,HRI728847
HRS959852,HRI728847
HRS959853,HRI728847
HRS959854,HRI728847
HRS959855,HRI728847
HRS959856,HRI728847
HRS959857,HRI728847
HRS959858,HRI728848
HRS959859,HRI728848
HRS959860,HRI728848
HRS959861,HRI728848
HRS959862,HRI728848
HRS959863,HRI728848
HRS959864,HRI728849
HRS959865,HRI728849
HRS959866,HRI728849
HRS959867,HRI728849
HRS959868,HRI728849
HRS959869,HRI728850
HRS959870,HRI728850
HRS959871,HRI728850
HRS959872,HRI728850
HRS959873,HRI728850
HRS959874,HRI728850
HRS959875,HRI728851
HRS959876,HRI728851
HRS959877,HRI728851
HRS959878,HRI728851
HRS959879,HRI728852
HRS959880,HRI728852
HRS959881,HRI728852
HRS959882,HRI728852
HRS959883,HRI728852
HRS959884,HRI728852
HRS959885,HRI728852
HRS959886,HRI728853
HRS959887,HRI728853
HRS959888,HRI728853
HRS959889,HRI728853
HRS959890,HRI728853
HRS959891,HRI728853
HRS959892,HRI728853
HRS959893,HRI728853
HRS959894,HRI728854
HRS959895,HRI728854
HRS959896,HRI728854
HRS959897,HRI728854
HRS959898,HRI728854
HRS959899,HRI728854
HRS959900,HRI728854
HRS959901,HRI728854
HRS959902,HRI728854
HRS959903,HRI728855
HRS959904,HRI728855
HRS959905,HRI728855
HRS959906,HRI728855
HRS959907,HRI728855
HRS959908,HRI728856
HRS959909,HRI728856
HRS959910,HRI728856
HRS959911,HRI728856
HRS959912,HRI728856
HRS959913,HRI728856
HRS959914,HRI728856
HRS959915,HRI728857
HRS959916,HRI728857
HRS959917,HRI728857
HRS959918,HRI728857
HRS959919,HRI728857
HRS959920,HRI728858
HRS959921,HRI728858
HRS959922,HRI728858
HRS959923,HRI728858
HRS959924,HRI728858
HRS959925,HRI728859
HRS959926,HRI728859
HRS959927,HRI728859
HRS959928,HRI728859
HRS959929,HRI728859
HRS959930,HRI728859
HRS959931,HRI728859
HRS959932,HRI728859
HRS959933,HRI728859
HRS959934,HRI728860
HRS959935,HRI728860
HRS959936,HRI728860
HRS959937,HRI728860
HRS959938,HRI728861
HRS959939,HRI728861
HRS959940,HRI728861
HRS959941,HRI728861
HRS959942,HRI728861
HRS959943,HRI728861
HRS959944,HRI728861
HRS959945,HRI728861
HRS959946,HRI728862
HRS959947,HRI728862
HRS959948,HRI728862
HRS959949,HRI728862
HRS959950,HRI728862
HRS959951,HRI728863
HRS959952,HRI728863
HRS959953,HRI728863
HRS959954,HRI728863
HRS959955,HRI728863
HRS321572,HRI179841
HRS321573,HRI179842
HRS321574,HRI179843
HRS321575,HRI179844
HRS321576,HRI179844
HRS321577,HRI179845
HRS321578,HRI179845
HRS321579,HRI179846
HRS321580,HRI179847
HRS321581,HRI179848
HRS321582,HRI179849
HRS321583,HRI179850
HRS321584,HRI179851
HRS321585,HRI179852
HRS321586,HRI179852
HRS321587,HRI179852
HRS321588,HRI179853
HRS321589,HRI179853
HRS321590,HRI179854
HRS321591,HRI179855
HRS321592,HRI179856
HRS321593,HRI179857
HRS321594,HRI179858
HRS321595,HRI179859
HRS321596,HRI179860
HRS321597,HRI179861
HRS321598,HRI179862
HRS321599,HRI179863
HRS321600,HRI179864
HRS321601,HRI179865
HRS321602,HRI179866
HRS321603,HRI179867
HRS321604,HRI179868
HRS321605,HRI179869
HRS321606,HRI179870
HRS321607,HRI179871
HRS321608,HRI179872
HRS321609,HRI179872
HRS321610,HRI179873
HRS321611,HRI179874
HRS321612,HRI179875
HRS321613,HRI179876
HRS321614,HRI179877
HRS321615,HRI179878
HRS321616,HRI179878
HRS321617,HRI179878
HRS321618,HRI179879
HRS321619,HRI179880
HRS321620,HRI179881
HRS321621,HRI179882
HRS321622,HRI179883
HRS321623,HRI179884
HRS321624,HRI179885
HRS321625,HRI179886
HRS321626,HRI179887
HRS321627,HRI179888
HRS321628,HRI179888
HRS321629,HRI179888
HRS321630,HRI179888
HRS321631,HRI179888
HRS321632,HRI179889
HRS321633,HRI179890
HRS321634,HRI179891
HRS321635,HRI179892
HRS321636,HRI179893
HRS321637,HRI179894
HRS321638,HRI179895
HRS321639,HRI179896
HRS321640,HRI179897
HRS321641,HRI179898
HRS321642,HRI179899
HRS321643,HRI179900
HRS321644,HRI179901
HRS321645,HRI179902
HRS321646,HRI179903
HRS321647,HRI179904
HRS321648,HRI179905
HRS321649,HRI179906
HRS321650,HRI179907
HRS321651,HRI179908
HRS321652,HRI179909
HRS321653,HRI179910
HRS321654,HRI179911
HRS321655,HRI179912
HRS321656,HRI179913
HRS321657,HRI179914
HRS321658,HRI179914
HRS321659,HRI179915
HRS321660,HRI179916
HRS321661,HRI179917
HRS321662,HRI179918
HRS321663,HRI179919
HRS321664,HRI179920
HRS321665,HRI179921
HRS321666,HRI179922
HRS321667,HRI179923
HRS321668,HRI179924
HRS321669,HRI179925
HRS321670,HRI179926
HRS321671,HRI179927
HRS321672,HRI179928
HRS321673,HRI179929
HRS321674,HRI179930
HRS321675,HRI179931
HRS321676,HRI179932
HRS321677,HRI179933
HRS321678,HRI179934
HRS321679,HRI179935
HRS321680,HRI179936
HRS321681,HRI179937
HRS321682,HRI179938
HRS321683,HRI179939
HRS321684,HRI179940
HRS321685,HRI179941
HRS321686,HRI179942
HRS321687,HRI179943
HRS321688,HRI179944
HRS321689,HRI179945
HRS321690,HRI179946
HRS321691,HRI179947
HRS321692,HRI179948
HRS321693,HRI179949
HRS321694,HRI179950
HRS321695,HRI179951
HRS321696,HRI179952
HRS321697,HRI179953
HRS321698,HRI179954
HRS321699,HRI179954
HRS321700,HRI179954
HRS321701,HRI179955
HRS321702,HRI179955
HRS321703,HRI179955
HRS321704,HRI179956
HRS321705,HRI179956
HRS321706,HRI179956
HRS321707,HRI179957
HRS321708,HRI179957
HRS321709,HRI179958
HRS321710,HRI179958
HRS321711,HRI179958
HRS321712,HRI179959
HRS321713,HRI179959
HRS321714,HRI179959
HRS321715,HRI179959
HRS321716,HRI179959
HRS321717,HRI179960
HRS321718,HRI179960
HRS321719,HRI179960
HRS321720,HRI179961
HRS321721,HRI179961
HRS321722,HRI179961
HRS321723,HRI179962
HRS321724,HRI179962
HRS321725,HRI179962
HRS321726,HRI179963
HRS321727,HRI179963
HRS321728,HRI179963
HRS321729,HRI179964
HRS321730,HRI179964
HRS321731,HRI179964
HRS321732,HRI179965
HRS321733,HRI179965
HRS321734,HRI179966
HRS321735,HRI179966
HRS321736,HRI179967
HRS321737,HRI179967
HRS321738,HRI179968
HRS321739,HRI179968
HRS321740,HRI179969
HRS321741,HRI179969
HRS321742,HRI179970
HRS321743,HRI179970
HRS321744,HRI179971
HRS321745,HRI179971
HRS321746,HRI179972
HRS321747,HRI179972
HRS321748,HRI179973
HRS321749,HRI179973
HRS321750,HRI179974
HRS321751,HRI179974
HRS321752,HRI179975
HRS321753,HRI179975
HRS321754,HRI179976
HRS321755,HRI179976
HRS321756,HRI179977
HRS321757,HRI179977
HRS321758,HRI179978
HRS321759,HRI179978
HRS321760,HRI179979
HRS321761,HRI179979
HRS321762,HRI179980
HRS321763,HRI179980
HRS321764,HRI179981
HRS321765,HRI179981
HRS321766,HRI179982
HRS321767,HRI179982
HRS321768,HRI179983
HRS321769,HRI179983
HRS321770,HRI179984
HRS321771,HRI179984
HRS321772,HRI179985
HRS321773,HRI179985
HRS321774,HRI179986
HRS321775,HRI179986
HRS321776,HRI179987
HRS321777,HRI179987
HRS321778,HRI179988
HRS321779,HRI179988
HRS321780,HRI179989
HRS321781,HRI179989
HRS321782,HRI179990
HRS321783,HRI179990
HRS321784,HRI179991
HRS321785,HRI179991
HRS321786,HRI179992
HRS321787,HRI179992
HRS321788,HRI179993
HRS321789,HRI179993
HRS321790,HRI179994
HRS321791,HRI179994
HRS321792,HRI179995
HRS321793,HRI179995
HRS321794,HRI179996
HRS321795,HRI179996
HRS321796,HRI179997
HRS321797,HRI179997
HRS321798,HRI179998
HRS321799,HRI179998
HRS321800,HRI179999
HRS321801,HRI179999
HRS321802,HRI180000
HRS321803,HRI180000
HRS321804,HRI180001
HRS321805,HRI180001
HRS321806,HRI180002
HRS321807,HRI180002
HRS321808,HRI180003
HRS321809,HRI180003
HRS321810,HRI180004
HRS321811,HRI180004
HRS321812,HRI180005
HRS321813,HRI180005
HRS321814,HRI180006
HRS321815,HRI180006
HRS321816,HRI180007
HRS321817,HRI180007
HRS321818,HRI180008
HRS321819,HRI180008
HRS321820,HRI180009
HRS321821,HRI180009
HRS321822,HRI180010
HRS321823,HRI180010
HRS321824,HRI180011
HRS321825,HRI180011
HRS321826,HRI180012
HRS321827,HRI180012
HRS321828,HRI180013
HRS321829,HRI180013
HRS321830,HRI180014
HRS321831,HRI180014
HRS321832,HRI180015
HRS321833,HRI180015
HRS321834,HRI180016
HRS321835,HRI180016
HRS321836,HRI180017
HRS321837,HRI180017
HRS321838,HRI180018
HRS321839,HRI180018
HRS321840,HRI180019
HRS321841,HRI180019
HRS321842,HRI180020
HRS321843,HRI180020
HRS321844,HRI180021
HRS321845,HRI180021
HRS321846,HRI180022
HRS321847,HRI180022
HRS321848,HRI180023
HRS321849,HRI180023
HRS321850,HRI180024
HRS321851,HRI180024
HRS321852,HRI180025
HRS321853,HRI180025
HRS321854,HRI180026
HRS321855,HRI180026
HRS321856,HRI180027
HRS321857,HRI180027
HRS321858,HRI180028
HRS321859,HRI180028
HRS321860,HRI180029
HRS321861,HRI180029
HRS321862,HRI180030
HRS321863,HRI180030
HRS321864,HRI180031
HRS321865,HRI180031
HRS321866,HRI180032
HRS321867,HRI180032
HRS321868,HRI180033
HRS321869,HRI180033
HRS321870,HRI180034
HRS321871,HRI180034
HRS321872,HRI180035
HRS321873,HRI180035
HRS321874,HRI180036
HRS321875,HRI180036
HRS321876,HRI180037
HRS321877,HRI180037
HRS321878,HRI180038
HRS321879,HRI180038
HRS321880,HRI180038
HRS321881,HRI180039
HRS321882,HRI180039
HRS321883,HRI180039
HRS321884,HRI180040
HRS321885,HRI180040
HRS321886,HRI180040
HRS321887,HRI180041
HRS321888,HRI180041
HRS321889,HRI180042
HRS321890,HRI180042
HRS321891,HRI180042
HRS321892,HRI180043
HRS321893,HRI180043
HRS321894,HRI180043
HRS321895,HRI180044
HRS321896,HRI180044
HRS321897,HRI180044
HRS321898,HRI180045
HRS321899,HRI180045
HRS321900,HRI180045
HRS321901,HRI180046
HRS321902,HRI180046
HRS321903,HRI180046
HRS321904,HRI180047
HRS321905,HRI180047
HRS321906,HRI180047
HRS321907,HRI180048
HRS321908,HRI180048
HRS321909,HRI180048
HRS420629,HRI264326
HRS420630,HRI264327
HRS420631,HRI264328
HRS420632,HRI264329
HRS420633,HRI264330
HRS420634,HRI264331
HRS420635,HRI264332
HRS420636,HRI264333
HRS420637,HRI264334
HRS420638,HRI264335
HRS420639,HRI264336
HRS420640,HRI264337
HRS420641,HRI264338
HRS420642,HRI264339
HRS420643,HRI264340
HRS420644,HRI264341
HRS420645,HRI264342
HRS420646,HRI264343
HRS420647,HRI264344
HRS420648,HRI264345
HRS420649,HRI264346
HRS420650,HRI264347
HRS420651,HRI264348
HRS420652,HRI264349
HRS420653,HRI264350
HRS420654,HRI264351
HRS420655,HRI264352
HRS420656,HRI264353
HRS420657,HRI264354
HRS420658,HRI264355
HRS420659,HRI264356
HRS420660,HRI264357
HRS420661,HRI264358
HRS420662,HRI264359
HRS420663,HRI264360
HRS420664,HRI264361
HRS420665,HRI264362
HRS420666,HRI264363
HRS420667,HRI264364
HRS420668,HRI264365
HRS420669,HRI264366
HRS420670,HRI264367
HRS420671,HRI264368
HRS420672,HRI264369
HRS420673,HRI264370
HRS420674,HRI264371
HRS420675,HRI264372
HRS420676,HRI264373
HRS420677,HRI264374
HRS420678,HRI264375
HRS420679,HRI264376
HRS420680,HRI264377
HRS420681,HRI264378
HRS420682,HRI264379
HRS420683,HRI264380
HRS420684,HRI264381
HRS420685,HRI264382
HRS420686,HRI264383
HRS420687,HRI264384
HRS420688,HRI264385
HRS420689,HRI264386
HRS420690,HRI264387
HRS420691,HRI264388
HRS420692,HRI264389
HRS420693,HRI264390
HRS420694,HRI264391
HRS420695,HRI264392
HRS420696,HRI264393
HRS420697,HRI264394
HRS420698,HRI264395
HRS420699,HRI264396
HRS420700,HRI264397
HRS420701,HRI264398
HRS420702,HRI264399
HRS420703,HRI264400
HRS420704,HRI264401
HRS420705,HRI264402
HRS420706,HRI264403
HRS420707,HRI264404
HRS420708,HRI264405
HRS420709,HRI264406
HRS420710,HRI264407
HRS420711,HRI264408
HRS420712,HRI264409
HRS420713,HRI264410
HRS420714,HRI264411
HRS420715,HRI264412
HRS420716,HRI264413
HRS420717,HRI264414
HRS420718,HRI264415
HRS420719,HRI264416
HRS420720,HRI264417
HRS420721,HRI264418
HRS420722,HRI264419
HRS420723,HRI264420
HRS420724,HRI264421
HRS420725,HRI264422
HRS420726,HRI264423
HRS420727,HRI264424
HRS420728,HRI264425
HRS420729,HRI264426
HRS420730,HRI264427
HRS420731,HRI264428
HRS420732,HRI264429
HRS420733,HRI264430
HRS420734,HRI264431
HRS420735,HRI264432
HRS420736,HRI264433
HRS420737,HRI264434
HRS420738,HRI264435
HRS420739,HRI264436
HRS420740,HRI264437
HRS420741,HRI264438
HRS420742,HRI264439
HRS420743,HRI264440
HRS420744,HRI264441
HRS420745,HRI264442
HRS420746,HRI264443
HRS420747,HRI264444
HRS420748,HRI264445
HRS420749,HRI264446
HRS420750,HRI264447
HRS420751,HRI264448
HRS420752,HRI264449
HRS420753,HRI264450
HRS420754,HRI264451
HRS420755,HRI264452
HRS420756,HRI264453
HRS420757,HRI264454
HRS420758,HRI264455
HRS420759,HRI264456
HRS420760,HRI264457
HRS420761,HRI264458
HRS420762,HRI264459
HRS420763,HRI264460
HRS420764,HRI264461
HRS420765,HRI264462
HRS420766,HRI264463
HRS420767,HRI264464
HRS420768,HRI264465
HRS420769,HRI264466
HRS420770,HRI264467
HRS420771,HRI264468
HRS420772,HRI264469
HRS420773,HRI264470
HRS420774,HRI264471
HRS420775,HRI264472
HRS420776,HRI264473
HRS420777,HRI264474
HRS420778,HRI264475
HRS420779,HRI264476
HRS420780,HRI264477
HRS420781,HRI264478
HRS420782,HRI264479
HRS420783,HRI264480
HRS420784,HRI264481
HRS420785,HRI264482
HRS420786,HRI264483
HRS420787,HRI264484
HRS420788,HRI264485
HRS420789,HRI264486
HRS420790,HRI264487
HRS420791,HRI264488
HRS420792,HRI264489
HRS420793,HRI264490
HRS420794,HRI264491
HRS420795,HRI264492
HRS420796,HRI264493
HRS420797,HRI264494
HRS420798,HRI264495
HRS420799,HRI264496
HRS420800,HRI264497
HRS420801,HRI264498
HRS420802,HRI264499
HRS420803,HRI264500
HRS420804,HRI264501
HRS420805,HRI264502
HRS420806,HRI264503
HRS420807,HRI264504
HRS420808,HRI264505
HRS420809,HRI264506
HRS420810,HRI264507
HRS420811,HRI264508
HRS420812,HRI264509
HRS420813,HRI264510
HRS420814,HRI264511
HRS420815,HRI264512
HRS420816,HRI264513
HRS420817,HRI264514
HRS420818,HRI264515
HRS420819,HRI264516
HRS420820,HRI264517
HRS420821,HRI264518
HRS420822,HRI264519
HRS420823,HRI264520
HRS420824,HRI264521
HRS420825,HRI264522
HRS420826,HRI264523
HRS420827,HRI264524
HRS420828,HRI264525
HRS420829,HRI264526
HRS420830,HRI264527
HRS420831,HRI264528
HRS420832,HRI264529
HRS420833,HRI264530
HRS420834,HRI264531
HRS420835,HRI264532
HRS420836,HRI264533
HRS420837,HRI264534
HRS420838,HRI264535
HRS420839,HRI264536
HRS420840,HRI264537
HRS420841,HRI264538
HRS420842,HRI264539
HRS420843,HRI264540
HRS420844,HRI264541
HRS420845,HRI264542
HRS420846,HRI264543
HRS420847,HRI264544
HRS420848,HRI264545
HRS420849,HRI264546
HRS420850,HRI264547
HRS420851,HRI264548
HRS420852,HRI264549
HRS420853,HRI264550
HRS420854,HRI264551
HRS420855,HRI264552
HRS420856,HRI264553
HRS420857,HRI264554
HRS420858,HRI264555
HRS420859,HRI264556
HRS420860,HRI264557
HRS420861,HRI264558
HRS420862,HRI264559
HRS420863,HRI264560
HRS420864,HRI264561
HRS420865,HRI264562
HRS420866,HRI264563
HRS420867,HRI264564
HRS420868,HRI264565
HRS420869,HRI264566
HRS420870,HRI264567
HRS420871,HRI264568
HRS420872,HRI264569
HRS420873,HRI264570
HRS420874,HRI264571
HRS420875,HRI264572
HRS420876,HRI264573
HRS420877,HRI264574
HRS420878,HRI264575
HRS420879,HRI264576
HRS420880,HRI264577
HRS420881,HRI264578
HRS420882,HRI264579
HRS420883,HRI264580
HRS420884,HRI264581
HRS420885,HRI264582
HRS420886,HRI264583
HRS420887,HRI264584
HRS420888,HRI264585
HRS420889,HRI264586
HRS420890,HRI264587
HRS420891,HRI264588
HRS420892,HRI264589
HRS420893,HRI264590
HRS420894,HRI264591
HRS420895,HRI264592
HRS420896,HRI264593
HRS420897,HRI264594
HRS420898,HRI264595
HRS420899,HRI264596
HRS420900,HRI264597
HRS420901,HRI264598
HRS420902,HRI264599
HRS420903,HRI264600
HRS420904,HRI264601
HRS420905,HRI264602
HRS420906,HRI264603
HRS420907,HRI264604
HRS420908,HRI264605
HRS420909,HRI264606
HRS420910,HRI264607
HRS420911,HRI264608
HRS420912,HRI264609
HRS420913,HRI264610
HRS420914,HRI264611
HRS420915,HRI264612
HRS420916,HRI264613
HRS420917,HRI264614
HRS420918,HRI264615
HRS420919,HRI264616
HRS420920,HRI264617
HRS420921,HRI264618
HRS420922,HRI264619
HRS420923,HRI264620
HRS420924,HRI264621
HRS420925,HRI264622
HRS420926,HRI264623
HRS420927,HRI264624
HRS420928,HRI264625
HRS420929,HRI264626
HRS420930,HRI264627
HRS420931,HRI264628
HRS420932,HRI264629
HRS420933,HRI264630
HRS420934,HRI264631
HRS420935,HRI264632
HRS420936,HRI264633
HRS420937,HRI264634
HRS420938,HRI264635
HRS420939,HRI264636
HRS420940,HRI264637
HRS420941,HRI264638
HRS420942,HRI264639
HRS420943,HRI264640
HRS420944,HRI264641
HRS420945,HRI264642
HRS420946,HRI264643
HRS420947,HRI264644
HRS420948,HRI264645
HRS420949,HRI264646
HRS420950,HRI264647
HRS420951,HRI264648
HRS420952,HRI264649
HRS420953,HRI264650
HRS420954,HRI264651
HRS420955,HRI264652
HRS420956,HRI264653
HRS420957,HRI264654
HRS420958,HRI264655
HRS420959,HRI264656
HRS420960,HRI264657
HRS420961,HRI264658
HRS420962,HRI264659
HRS420963,HRI264660
HRS420964,HRI264661
HRS420965,HRI264662
HRS420966,HRI264663
HRS420967,HRI264664
HRS420968,HRI264665
HRS420969,HRI264666
HRS420970,HRI264667
HRS420971,HRI264668
HRS420972,HRI264669
HRS420973,HRI264670
HRS420974,HRI264671
HRS420975,HRI264672
HRS420976,HRI264673
HRS420977,HRI264674
HRS420978,HRI264675
HRS420979,HRI264676
HRS420980,HRI264677
HRS420981,HRI264678
HRS420982,HRI264679
HRS420983,HRI264680
HRS420984,HRI264681
HRS420985,HRI264682
HRS420986,HRI264683
HRS420987,HRI264684
HRS420988,HRI264685
HRS420989,HRI264686
HRS420990,HRI264687
HRS420991,HRI264688
HRS420992,HRI264689
HRS420993,HRI264690
HRS420994,HRI264691
HRS420995,HRI264692
HRS420996,HRI264693
HRS420997,HRI264694
HRS420998,HRI264695
HRS420999,HRI264696
HRS421000,HRI264697
HRS421001,HRI264698
HRS421002,HRI264699
HRS421003,HRI264700
HRS421004,HRI264701
HRS421005,HRI264702
HRS421006,HRI264703
HRS421007,HRI264704
HRS421008,HRI264705
HRS421009,HRI264706
HRS421010,HRI264707
HRS421011,HRI264708
HRS421012,HRI264709
HRS421013,HRI264710
HRS421014,HRI264711
HRS421015,HRI264712
HRS421016,HRI264713
HRS421017,HRI264714
HRS421018,HRI264715
HRS421019,HRI264716
HRS421020,HRI264717
HRS421021,HRI264718
HRS421022,HRI264719
HRS421023,HRI264720
HRS421024,HRI264721
HRS421025,HRI264722
HRS421026,HRI264723
HRS421027,HRI264724
HRS421028,HRI264725
HRS421029,HRI264726
HRS421030,HRI264727
HRS421031,HRI264728
HRS421032,HRI264729
HRS421033,HRI264730
HRS421034,HRI264731
HRS421035,HRI264732
HRS421036,HRI264733
HRS421037,HRI264734
HRS421038,HRI264735
HRS421039,HRI264736
HRS421040,HRI264737
HRS421041,HRI264738
HRS421042,HRI264739
HRS421043,HRI264740
HRS421044,HRI264741
HRS421045,HRI264742
HRS421046,HRI264743
HRS421047,HRI264744
HRS421048,HRI264745
HRS421049,HRI264746
HRS421050,HRI264747
HRS421051,HRI264748
HRS421052,HRI264749
HRS421053,HRI264750
HRS421054,HRI264751
HRS421055,HRI264752
HRS421056,HRI264753
HRS421057,HRI264754
HRS421058,HRI264755
HRS421059,HRI264756
HRS421060,HRI264757
HRS421061,HRI264758
HRS421062,HRI264759
HRS421063,HRI264760
HRS421064,HRI264761
HRS421065,HRI264762
HRS421066,HRI264763
HRS421067,HRI264764
HRS421068,HRI264765
HRS421069,HRI264766
HRS421070,HRI264767
HRS421071,HRI264768
HRS421072,HRI264769
HRS421073,HRI264770
HRS421074,HRI264771
HRS421075,HRI264772
HRS421076,HRI264773
HRS421077,HRI264774
HRS421078,HRI264775
HRS421079,HRI264776
HRS421080,HRI264777
HRS421081,HRI264778
HRS421082,HRI264779
HRS421083,HRI264780
HRS421084,HRI264781
HRS421085,HRI264782
HRS421086,HRI264783
HRS421087,HRI264784
HRS421088,HRI264785
HRS421089,HRI264786
HRS421090,HRI264787
HRS421091,HRI264788
HRS421092,HRI264789
HRS421093,HRI264790
HRS421094,HRI264791
HRS421095,HRI264792
HRS421096,HRI264793
HRS421097,HRI264794
HRS421098,HRI264795
HRS421099,HRI264796
HRS421100,HRI264797
HRS421101,HRI264798
HRS421102,HRI264799
HRS421103,HRI264800
HRS421104,HRI264801
HRS421105,HRI264802
HRS421106,HRI264803
HRS421107,HRI264804
HRS421108,HRI264805
HRS421109,HRI264806
HRS421110,HRI264807
HRS421111,HRI264808
HRS421112,HRI264809
HRS421113,HRI264810
HRS421114,HRI264811
HRS421115,HRI264812
HRS421116,HRI264813
HRS421117,HRI264814
HRS421118,HRI264815
HRS421119,HRI264816
HRS421120,HRI264817
HRS421121,HRI264818
HRS421122,HRI264819
HRS421123,HRI264820
HRS421124,HRI264821
HRS421125,HRI264822
HRS421126,HRI264823
HRS421127,HRI264824
HRS421128,HRI264825
HRS421129,HRI264826
HRS421130,HRI264827
HRS421131,HRI264828
HRS421132,HRI264829
HRS421133,HRI264830
HRS421134,HRI264831
HRS421135,HRI264832
HRS421136,HRI264833
HRS421137,HRI264834
HRS421138,HRI264835
HRS421139,HRI264836
HRS421140,HRI264837
HRS421141,HRI264838
HRS421142,HRI264839
HRS421143,HRI264840
HRS421144,HRI264841
HRS421145,HRI264842
HRS421146,HRI264843
HRS421147,HRI264844
HRS421148,HRI264845
HRS421149,HRI264846
HRS421150,HRI264847
HRS421151,HRI264848
HRS421152,HRI264849
HRS421153,HRI264850
HRS421154,HRI264851
HRS421155,HRI264852
HRS421156,HRI264853
HRS421157,HRI264854
HRS421158,HRI264855
HRS421159,HRI264856
HRS421160,HRI264857
HRS421161,HRI264858
HRS421162,HRI264859
HRS421163,HRI264860
HRS421164,HRI264861
HRS421165,HRI264862
HRS421166,HRI264863
HRS421167,HRI264864
HRS421168,HRI264865
HRS421169,HRI264866
HRS421170,HRI264867
HRS421171,HRI264868
HRS421172,HRI264869
HRS421173,HRI264870
HRS421174,HRI264871
HRS421175,HRI264872
HRS421176,HRI264873
HRS421177,HRI264874
HRS421178,HRI264875
HRS421179,HRI264876
HRS421180,HRI264877
HRS421181,HRI264878
HRS421182,HRI264879
HRS421183,HRI264880
HRS421184,HRI264881
HRS421185,HRI264882
HRS421186,HRI264883
HRS421187,HRI264884
HRS421188,HRI264885
HRS421189,HRI264886
HRS421190,HRI264887
HRS421191,HRI264888
HRS421192,HRI264889
HRS421193,HRI264890
HRS421194,HRI264891
HRS421195,HRI264892
HRS421196,HRI264893
HRS421197,HRI264894
HRS421198,HRI264895
HRS421199,HRI264896
HRS421200,HRI264897
HRS421201,HRI264898
HRS421202,HRI264899
HRS421203,HRI264900
HRS421204,HRI264901
HRS421205,HRI264902
HRS421206,HRI264903
HRS421207,HRI264904
HRS421208,HRI264905
HRS421209,HRI264906
HRS421210,HRI264907
HRS421211,HRI264908
HRS421212,HRI264909
HRS421213,HRI264910
HRS421214,HRI264911
HRS421215,HRI264912
HRS421216,HRI264913
HRS421217,HRI264914
HRS421218,HRI264915
HRS421219,HRI264916
HRS421220,HRI264917
HRS421221,HRI264918
HRS421222,HRI264919
HRS421223,HRI264920
HRS421224,HRI264921
HRS421225,HRI264922
HRS421226,HRI264923
HRS421227,HRI264924
HRS421228,HRI264925
HRS421229,HRI264926
HRS421230,HRI264927
HRS421231,HRI264928
HRS421232,HRI264929
HRS421233,HRI264930
HRS421234,HRI264931
HRS421235,HRI264932
HRS421236,HRI264933
HRS421237,HRI264934
HRS421238,HRI264935
HRS421239,HRI264936
HRS421240,HRI264937
HRS421241,HRI264938
HRS421242,HRI264939
HRS421243,HRI264940
HRS421244,HRI264941
HRS421245,HRI264942
HRS421246,HRI264943
HRS421247,HRI264944
HRS421248,HRI264945
HRS421249,HRI264946
HRS421250,HRI264947
HRS421251,HRI264948
HRS421252,HRI264949
HRS421253,HRI264950
HRS421254,HRI264951
HRS421255,HRI264952
HRS421256,HRI264953
HRS421257,HRI264954
HRS421258,HRI264955
HRS421259,HRI264956
HRS421260,HRI264957
HRS421261,HRI264958
HRS421262,HRI264959
HRS421263,HRI264960
HRS421264,HRI264961
HRS421265,HRI264962
HRS421266,HRI264963
HRS421267,HRI264964
HRS421268,HRI264965
HRS421269,HRI264966
HRS421270,HRI264967
HRS421271,HRI264968
HRS421272,HRI264969
HRS421273,HRI264970
HRS421274,HRI264971
HRS421275,HRI264972
HRS421276,HRI264973
HRS421277,HRI264974
HRS421278,HRI264975
HRS421279,HRI264976
HRS421280,HRI264977
HRS421281,HRI264978
HRS421282,HRI264979
HRS421283,HRI264980
HRS449726,HRI281308
HRS449727,HRI281308
HRS449728,HRI281309
HRS449729,HRI281309
HRS449730,HRI281310
HRS449731,HRI281310
HRS449732,HRI281311
HRS449733,HRI281311
HRS449734,HRI281312
HRS449735,HRI281312
HRS449736,HRI281313
HRS449737,HRI281313
HRS449738,HRI281314
HRS449739,HRI281314
HRS449740,HRI281315
HRS449741,HRI281315
HRS449742,HRI281316
HRS449743,HRI281316
HRS449744,HRI281317
HRS449745,HRI281317
HRS449746,HRI281318
HRS449747,HRI281318
HRS449748,HRI281319
HRS449749,HRI281319
HRS449750,HRI281320
HRS449751,HRI281320
HRS449752,HRI281321
HRS449753,HRI281321
HRS449754,HRI281322
HRS449755,HRI281322
HRS449756,HRI281323
HRS449757,HRI281323
HRS449758,HRI281324
HRS449759,HRI281324
HRS449760,HRI281325
HRS449761,HRI281325
HRS449762,HRI281326
HRS449763,HRI281326
HRS449764,HRI281327
HRS449765,HRI281327
HRS449766,HRI281328
HRS449767,HRI281328
HRS449768,HRI281329
HRS449769,HRI281329
HRS449770,HRI281330
HRS449771,HRI281330
HRS449772,HRI281331
HRS449773,HRI281331
HRS449774,HRI281332
HRS449775,HRI281332
HRS449776,HRI281333
HRS449777,HRI281333
HRS449778,HRI281334
HRS449779,HRI281334
HRS449780,HRI281335
HRS449781,HRI281335
HRS449782,HRI281336
HRS449783,HRI281336
HRS449784,HRI281337
HRS449785,HRI281337
HRS449786,HRI281338
HRS449787,HRI281338
HRS449788,HRI281339
HRS449789,HRI281339
HRS449790,HRI281340
HRS449791,HRI281340
HRS449792,HRI281341
HRS449793,HRI281341
HRS449794,HRI281342
HRS449795,HRI281342
HRS449796,HRI281343
HRS449797,HRI281343
HRS449798,HRI281344
HRS449799,HRI281344
HRS449800,HRI281345
HRS449801,HRI281345
HRS449802,HRI281346
HRS449803,HRI281346
HRS449804,HRI281347
HRS449805,HRI281347
HRS449806,HRI281348
HRS449807,HRI281348
HRS449808,HRI281349
HRS449809,HRI281349
HRS449810,HRI281350
HRS449811,HRI281350
HRS449812,HRI281351
HRS449813,HRI281351
HRS449814,HRI281352
HRS449815,HRI281352
HRS449816,HRI281353
HRS449817,HRI281353
HRS449818,HRI281354
HRS449819,HRI281354
HRS449820,HRI281355
HRS449821,HRI281355
HRS449822,HRI281356
HRS449823,HRI281356
HRS449824,HRI281357
HRS449825,HRI281357
HRS449826,HRI281358
HRS449827,HRI281358
HRS449828,HRI281359
HRS449829,HRI281359
HRS449830,HRI281360
HRS449831,HRI281360
HRS449832,HRI281361
HRS449833,HRI281361
HRS449834,HRI281362
HRS449835,HRI281362
HRS449836,HRI281363
HRS449837,HRI281363
HRS449838,HRI281364
HRS449839,HRI281364
HRS449840,HRI281365
HRS449841,HRI281365
HRS449842,HRI281366
HRS449843,HRI281366
HRS449844,HRI281367
HRS449845,HRI281367
HRS449846,HRI281368
HRS449847,HRI281368
HRS449848,HRI281369
HRS449849,HRI281369
HRS449850,HRI281370
HRS449851,HRI281370
HRS449852,HRI281371
HRS449853,HRI281371
HRS449854,HRI281372
HRS449855,HRI281372
HRS449856,HRI281373
HRS449857,HRI281373
HRS449858,HRI281374
HRS449859,HRI281374
HRS449860,HRI281375
HRS449861,HRI281375
HRS449862,HRI281376
HRS449863,HRI281376
HRS449864,HRI281377
HRS449865,HRI281377
HRS449866,HRI281378
HRS449867,HRI281378
HRS449868,HRI281379
HRS449869,HRI281379
HRS449870,HRI281380
HRS449871,HRI281380
HRS449872,HRI281381
HRS449873,HRI281381
HRS449874,HRI281382
HRS449875,HRI281382
HRS449876,HRI281383
HRS449877,HRI281383
HRS449878,HRI281384
HRS449879,HRI281384
HRS449880,HRI281385
HRS449881,HRI281385
HRS449882,HRI281386
HRS449883,HRI281386
HRS449884,HRI281387
HRS449885,HRI281387
HRS449886,HRI281388
HRS449887,HRI281388
HRS449888,HRI281389
HRS449889,HRI281389
HRS449890,HRI281390
HRS449891,HRI281390
HRS449892,HRI281391
HRS449893,HRI281391
HRS449894,HRI281392
HRS449895,HRI281392
HRS449896,HRI281393
HRS449897,HRI281393
HRS449898,HRI281394
HRS449899,HRI281394
HRS449900,HRI281395
HRS449901,HRI281395
HRS449902,HRI281396
HRS449903,HRI281396
HRS449904,HRI281397
HRS449905,HRI281397
HRS449906,HRI281398
HRS449907,HRI281398
HRS449908,HRI281399
HRS449909,HRI281399
HRS449910,HRI281400
HRS449911,HRI281400
HRS449912,HRI281401
HRS449913,HRI281401
HRS449914,HRI281402
HRS449915,HRI281402
HRS449916,HRI281403
HRS449917,HRI281403
HRS449918,HRI281404
HRS449919,HRI281404
HRS449920,HRI281405
HRS449921,HRI281405
HRS449922,HRI281406
HRS449923,HRI281406
HRS449924,HRI281407
HRS449925,HRI281407
HRS449926,HRI281408
HRS449927,HRI281408
HRS449928,HRI281409
HRS449929,HRI281409
HRS449930,HRI281410
HRS449931,HRI281410
HRS449932,HRI281411
HRS449933,HRI281411
HRS449934,HRI281412
HRS449935,HRI281412
HRS449936,HRI281413
HRS449937,HRI281413
HRS449938,HRI281414
HRS449939,HRI281414
HRS449940,HRI281415
HRS449941,HRI281415
HRS449942,HRI281416
HRS449943,HRI281416
HRS449944,HRI281417
HRS449945,HRI281417
HRS449946,HRI281418
HRS449947,HRI281418
HRS449948,HRI281419
HRS449949,HRI281419
HRS449950,HRI281420
HRS449951,HRI281420
HRS449952,HRI281421
HRS449953,HRI281421
HRS449954,HRI281422
HRS449955,HRI281422
HRS449956,HRI281423
HRS449957,HRI281423
HRS449958,HRI281424
HRS449959,HRI281424
HRS449960,HRI281425
HRS449961,HRI281425
HRS449962,HRI281426
HRS449963,HRI281426
HRS449964,HRI281427
HRS449965,HRI281427
HRS449966,HRI281428
HRS449967,HRI281428
HRS449968,HRI281429
HRS449969,HRI281429
HRS449970,HRI281430
HRS449971,HRI281430
HRS449972,HRI281431
HRS449973,HRI281431
HRS449974,HRI281432
HRS449975,HRI281432
HRS449976,HRI281433
HRS449977,HRI281433
HRS449978,HRI281434
HRS449979,HRI281434
HRS449980,HRI281435
HRS449981,HRI281435
HRS449982,HRI281436
HRS449983,HRI281436
HRS449984,HRI281437
HRS449985,HRI281437
HRS449986,HRI281438
HRS449987,HRI281438
HRS449988,HRI281439
HRS449989,HRI281439
HRS449990,HRI281440
HRS449991,HRI281440
HRS449992,HRI281441
HRS449993,HRI281441
HRS449994,HRI281442
HRS449995,HRI281442
HRS449996,HRI281443
HRS449997,HRI281443
HRS449998,HRI281444
HRS449999,HRI281444
HRS450000,HRI281445
HRS450001,HRI281445
HRS450002,HRI281446
HRS450003,HRI281446
HRS450004,HRI281447
HRS450005,HRI281447
HRS450006,HRI281448
HRS450007,HRI281448
HRS450008,HRI281449
HRS450009,HRI281449
HRS450010,HRI281450
HRS450011,HRI281450
HRS450012,HRI281451
HRS450013,HRI281451
HRS450014,HRI281452
HRS450015,HRI281452
HRS450016,HRI281453
HRS450017,HRI281453
HRS450018,HRI281454
HRS450019,HRI281454
HRS450020,HRI281455
HRS450021,HRI281455
HRS450022,HRI281456
HRS450023,HRI281456
HRS450024,HRI281457
HRS450025,HRI281457
HRS450026,HRI281458
HRS450027,HRI281458
HRS450028,HRI281459
HRS450029,HRI281459
HRS450030,HRI281460
HRS450031,HRI281460
HRS450032,HRI281461
HRS450033,HRI281461
HRS450034,HRI281462
HRS450035,HRI281462
HRS905985,HRI689406
HRS905986,HRI689407
HRS905987,HRI689408
HRS905988,HRI689409
HRS905989,HRI689410
HRS905990,HRI689411
HRS905991,HRI689412
HRS905992,HRI689413
HRS905993,HRI689414
HRS905994,HRI689415
HRS905995,HRI689416
HRS905996,HRI689417
HRS905997,HRI689418
HRS905998,HRI689419
HRS905999,HRI689420
HRS906000,HRI689421
HRS906001,HRI689422
HRS906002,HRI689423
HRS906003,HRI689424
HRS906004,HRI689425
HRS906005,HRI689426
HRS906006,HRI689427
HRS906007,HRI689428
HRS906008,HRI689429
HRS906009,HRI689430
HRS906010,HRI689431
HRS906011,HRI689432
HRS906012,HRI689433
HRS906013,HRI689434
HRS906014,HRI689435
HRS906015,HRI689436
HRS906016,HRI689437
HRS906017,HRI689438
HRS906018,HRI689439
HRS906019,HRI689440
HRS906020,HRI689441
HRS906021,HRI689442
HRS906022,HRI689443
HRS906023,HRI689444
HRS906024,HRI689445
HRS906025,HRI689446
HRS906026,HRI689447
HRS906027,HRI689448
HRS906028,HRI689449
HRS906029,HRI689450
HRS906030,HRI689451
HRS906031,HRI689452
HRS906032,HRI689453
HRS906033,HRI689454
HRS906034,HRI689455
HRS906035,HRI689456
HRS906036,HRI689457
HRS906037,HRI689458
HRS906038,HRI689459
HRS906039,HRI689460
HRS906040,HRI689461
HRS906041,HRI689462
HRS906042,HRI689463
HRS906043,HRI689464
HRS906044,HRI689465
HRS906045,HRI689466
HRS906046,HRI689467
HRS906047,HRI689468
HRS906048,HRI689469
HRS906049,HRI689470
HRS906050,HRI689471
HRS906051,HRI689472
HRS906052,HRI689473
HRS906053,HRI689474
HRS906054,HRI689475
HRS906055,HRI689476
HRS906056,HRI689477
HRS906057,HRI689478
HRS906058,HRI689479
HRS906059,HRI689480
HRS906060,HRI689481
HRS906061,HRI689482
HRS906062,HRI689483
HRS906063,HRI689484
HRS906064,HRI689485
HRS906065,HRI689486
HRS906066,HRI689487
HRS906067,HRI689488
HRS906068,HRI689489
HRS906069,HRI689490
HRS906070,HRI689491
HRS906071,HRI689492
HRS906072,HRI689493
HRS906073,HRI689494
HRS906074,HRI689495
HRS906075,HRI689496
HRS906076,HRI689497
HRS906077,HRI689498
HRS906078,HRI689499
HRS906079,HRI689500
HRS906080,HRI689501
HRS906081,HRI689502
HRS906082,HRI689503
HRS906083,HRI689504
HRS906084,HRI689505
HRS906085,HRI689506
HRS906086,HRI689507
HRS906087,HRI689508
HRS906088,HRI689509
HRS906089,HRI689510
HRS906090,HRI689511
HRS906091,HRI689512
HRS906092,HRI689513
HRS906093,HRI689514
HRS906094,HRI689515
HRS906095,HRI689516
HRS906096,HRI689517
HRS906097,HRI689518
HRS906098,HRI689519
HRS906099,HRI689520
HRS906100,HRI689521
HRS906101,HRI689522
HRS906102,HRI689523
HRS906103,HRI689524
HRS906104,HRI689525
HRS906105,HRI689526
HRS906106,HRI689527
HRS906107,HRI689528
HRS906108,HRI689529
HRS906109,HRI689530
HRS906110,HRI689531
HRS906111,HRI689532
HRS906112,HRI689533
HRS906113,HRI689534
HRS906114,HRI689535
HRS906115,HRI689536
HRS906116,HRI689537
HRS906117,HRI689538
HRS906118,HRI689539
HRS906119,HRI689540
HRS906120,HRI689541
HRS906121,HRI689542
HRS906122,HRI689543
HRS906123,HRI689544
HRS906124,HRI689545
HRS906125,HRI689546
HRS906126,HRI689547
HRS906127,HRI689548
HRS906128,HRI689549
HRS906129,HRI689550
HRS906130,HRI689551
HRS906131,HRI689552
HRS906132,HRI689553
HRS906133,HRI689554
HRS906134,HRI689555
HRS906135,HRI689556
HRS906136,HRI689557
HRS906137,HRI689558
HRS906138,HRI689559
HRS906139,HRI689560
HRS906140,HRI689561
HRS906141,HRI689562
HRS906142,HRI689563
HRS906143,HRI689564
HRS906144,HRI689565
HRS906145,HRI689566
HRS906146,HRI689567
HRS906147,HRI689568
HRS906148,HRI689569
HRS906149,HRI689570
HRS906150,HRI689571
HRS906151,HRI689572
HRS906152,HRI689573
HRS906153,HRI689574
HRS906154,HRI689575
HRS906155,HRI689576
HRS906156,HRI689577
HRS906157,HRI689578
HRS906158,HRI689579
HRS906159,HRI689580
HRS906160,HRI689581
HRS906161,HRI689582
HRS906162,HRI689583
HRS906163,HRI689584
HRS906164,HRI689585
HRS906165,HRI689586
HRS906166,HRI689587
HRS906167,HRI689588
HRS906168,HRI689589
HRS906169,HRI689590
HRS906170,HRI689591
HRS906171,HRI689592
HRS906172,HRI689593
HRS906173,HRI689594
HRS906174,HRI689595
HRS906175,HRI689596
HRS906176,HRI689597
HRS906177,HRI689598
HRS906178,HRI689599
HRS906179,HRI689600
HRS906180,HRI689601
HRS906181,HRI689602
HRS906182,HRI689603
HRS906183,HRI689604
HRS906184,HRI689605
HRS906185,HRI689606
HRS906186,HRI689607
HRS906187,HRI689608
HRS906188,HRI689609
HRS906189,HRI689610
HRS906190,HRI689611
HRS906191,HRI689612
HRS906192,HRI689613
HRS906193,HRI689614
HRS906194,HRI689615
HRS906195,HRI689616
HRS906196,HRI689617
HRS906197,HRI689618
HRS906198,HRI689619
HRS906199,HRI689620
HRS906200,HRI689621
HRS906201,HRI689622
HRS906202,HRI689623
HRS906203,HRI689624
HRS906204,HRI689625
HRS906205,HRI689626
HRS906206,HRI689627
HRS906207,HRI689628
HRS906208,HRI689629
HRS906209,HRI689630
HRS906210,HRI689631
HRS906211,HRI689632
HRS906212,HRI689633
HRS906213,HRI689634
HRS906214,HRI689635
HRS906215,HRI689636
HRS906216,HRI689637
HRS906217,HRI689638
HRS906218,HRI689639
HRS906219,HRI689640
HRS906220,HRI689641
HRS906221,HRI689642
HRS906222,HRI689643
HRS906223,HRI689644
HRS906224,HRI689645
HRS906225,HRI689646
HRS906226,HRI689647
HRS906227,HRI689648
HRS1008013,HRI768691
HRS1008014,HRI768692
HRS1008015,HRI768693
HRS1008016,HRI768694
HRS1008017,HRI768695
HRS1008018,HRI768696
HRS1008019,HRI768697
HRS1008020,HRI768698
HRS1008021,HRI768699
HRS1008022,HRI768700
HRS1008023,HRI768701
HRS1008024,HRI768702
HRS1008025,HRI768703
HRS1008026,HRI768704
HRS1008027,HRI768705
HRS1008028,HRI768706
HRS1008029,HRI768707
HRS1008030,HRI768708
HRS1008031,HRI768709
HRS1008032,HRI768710
HRS1008033,HRI768711
HRS1008034,HRI768712
HRS1008035,HRI768713
HRS1008036,HRI768714
HRS1008037,HRI768715
HRS1008038,HRI768716
HRS1008039,HRI768717
HRS1008040,HRI768718
HRS1008041,HRI768719
HRS1008042,HRI768720
HRS1008043,HRI768721
HRS1008044,HRI768722
HRS1008045,HRI768723
HRS1008046,HRI768724
HRS1008047,HRI768725
HRS1008048,HRI768726
HRS1008049,HRI768727
HRS1008050,HRI768728
HRS1008051,HRI768729
HRS1008052,HRI768730
HRS1008053,HRI768731
HRS1008054,HRI768732
HRS1008055,HRI768733
HRS1008056,HRI768734
HRS1008057,HRI768735
HRS1008058,HRI768736
HRS1008059,HRI768737
HRS1008060,HRI768738
HRS1008061,HRI768739
HRS1008062,HRI768740
HRS1008063,HRI768741
HRS1008064,HRI768742
HRS1008065,HRI768743
HRS1008066,HRI768744
HRS1008067,HRI768745
HRS1008068,HRI768746
HRS1008069,HRI768747
HRS1008070,HRI768748
HRS1008071,HRI768749
HRS1008072,HRI768750
HRS1008073,HRI768751
HRS1008074,HRI768752
HRS1008075,HRI768753
HRS1008076,HRI768754
HRS1008077,HRI768755
HRS1008078,HRI768756
HRS1008079,HRI768757
HRS1008080,HRI768758
HRS1008081,HRI768759
HRS1008082,HRI768760
HRS1008083,HRI768761
HRS1008084,HRI768762
HRS1008085,HRI768763
HRS1008086,HRI768764
HRS1008087,HRI768765
HRS1008088,HRI768766
HRS1008089,HRI768767
HRS1008090,HRI768768
HRS1008091,HRI768769
HRS1008092,HRI768770
HRS1008093,HRI768771
HRS1008094,HRI768772
HRS1008095,HRI768773
HRS1008096,HRI768774
HRS1008097,HRI768775
HRS1008098,HRI768776
HRS1008099,HRI768777
HRS1008100,HRI768778
HRS1008101,HRI768779
HRS1008102,HRI768780
HRS1008103,HRI768781
HRS1008104,HRI768782
HRS1008105,HRI768783
HRS1008106,HRI768784
HRS1008107,HRI768785
HRS1008108,HRI768786
HRS1008109,HRI768787
HRS1008110,HRI768788
HRS1008111,HRI768789
HRS1008112,HRI768790
HRS1008113,HRI768791
HRS1008114,HRI768792
HRS1008115,HRI768793
HRS1008116,HRI768794
HRS1008117,HRI768795
HRS1008118,HRI768796
HRS1008119,HRI768797
HRS1008120,HRI768798
HRS1008121,HRI768799
HRS1008122,HRI768800
HRS1008123,HRI768801
HRS1008124,HRI768802
HRS1008125,HRI768803
HRS1008126,HRI768804
HRS1008127,HRI768805
HRS1008128,HRI768806
HRS1008129,HRI768807
HRS1008130,HRI768808
HRS1008131,HRI768809
HRS1008132,HRI768810
HRS1008133,HRI768811
HRS1008134,HRI768812
HRS1008135,HRI768813
HRS1008136,HRI768814
HRS1008137,HRI768815
HRS1008138,HRI768816
HRS1008139,HRI768817
HRS1008140,HRI768818
HRS1008141,HRI768819
HRS1008142,HRI768820
HRS1008143,HRI768821
HRS1008144,HRI768822
HRS1008145,HRI768823
HRS1008146,HRI768824
HRS1008147,HRI768825
HRS1008148,HRI768826
HRS1008149,HRI768827
HRS1008150,HRI768828
HRS1008151,HRI768829
HRS1008152,HRI768830
HRS1008153,HRI768831
HRS1008154,HRI768832
HRS1008155,HRI768833
HRS1008156,HRI768834
HRS1008157,HRI768835
HRS1008158,HRI768836
HRS1008159,HRI768837
HRS1008160,HRI768838
HRS1008161,HRI768839
HRS1008162,HRI768840
HRS1008163,HRI768841
HRS1008164,HRI768842
HRS1008165,HRI768843
HRS1008166,HRI768844
HRS1008167,HRI768845
HRS1008168,HRI768846
HRS1008169,HRI768847
HRS1008170,HRI768848
HRS1008171,HRI768849
HRS1008172,HRI768850
HRS1008173,HRI768851
HRS1008174,HRI768852
HRS1008175,HRI768853
HRS1008176,HRI768854
HRS1008177,HRI768855
HRS1008178,HRI768856
HRS1008179,HRI768857
HRS1008180,HRI768858
HRS1008181,HRI768859
HRS1008182,HRI768860
HRS1008183,HRI768861
HRS1008184,HRI768862
HRS1008185,HRI768863
HRS1008186,HRI768864
HRS1008187,HRI768865
HRS1008188,HRI768866
HRS1008189,HRI768867
HRS1008190,HRI768868
HRS1008191,HRI768869
HRS1008192,HRI768870
HRS1008193,HRI768871
HRS1008194,HRI768872
HRS1008195,HRI768873
HRS1008196,HRI768874
HRS1008197,HRI768875
HRS1008198,HRI768876
HRS1008199,HRI768877
HRS1008200,HRI768878
HRS1008201,HRI768879
HRS1008202,HRI768880
HRS1008203,HRI768881
HRS1008204,HRI768882
HRS1008205,HRI768883
HRS1008206,HRI768884
HRS1008207,HRI768885
HRS1008208,HRI768886
HRS1008209,HRI768887
HRS1008210,HRI768888
HRS1008211,HRI768889
HRS1008212,HRI768890
HRS1008213,HRI768891
HRS1008214,HRI768892
HRS1008215,HRI768893
HRS1008216,HRI768894
HRS1008217,HRI768895
HRS1008218,HRI768896
HRS1008219,HRI768897
HRS1008220,HRI768898
HRS1008221,HRI768899
HRS1008222,HRI768900
HRS1008223,HRI768901
HRS1008224,HRI768902
HRS1008225,HRI768903
HRS1008226,HRI768904
HRS1008227,HRI768905
HRS1008228,HRI768906
HRS1008229,HRI768907
HRS1008230,HRI768908
HRS1008231,HRI768909
HRS1008232,HRI768910
HRS1008233,HRI768911
HRS1008234,HRI768912
HRS1008235,HRI768913
HRS1008236,HRI768914
HRS1008237,HRI768915
HRS1008238,HRI768916
HRS1008239,HRI768917
HRS1008240,HRI768918
HRS1008241,HRI768919
HRS1008242,HRI768920
HRS1008243,HRI768921
HRS1008244,HRI768922
HRS1008245,HRI768923
HRS1008246,HRI768924
HRS1008247,HRI768925
HRS1008248,HRI768926
HRS1008249,HRI768927
HRS1008250,HRI768928
HRS1008251,HRI768929
HRS1008252,HRI768930
HRS1008253,HRI768931
HRS1008254,HRI768932
HRS1008255,HRI768933
HRS1008256,HRI768934
HRS1008257,HRI768935
HRS1008258,HRI768936
HRS1008259,HRI768937
HRS1008260,HRI768938
HRS1008261,HRI768939
HRS1008262,HRI768940
HRS1008263,HRI768941
HRS1008264,HRI768942
HRS1008265,HRI768943
HRS1008266,HRI768944
HRS1008267,HRI768945
HRS1008268,HRI768946
HRS1008269,HRI768947
HRS1008270,HRI768948
HRS1008271,HRI768949
HRS1008272,HRI768950
HRS1008273,HRI768951
HRS1008274,HRI768952
HRS1008275,HRI768953
HRS1008276,HRI768954
HRS1008277,HRI768955
HRS1008278,HRI768956
HRS1008279,HRI768957
HRS1008280,HRI768958
HRS1008281,HRI768959
HRS1008282,HRI768960
HRS1008283,HRI768961
HRS1008284,HRI768962
HRS1008285,HRI768963
HRS1008286,HRI768964
HRS1008287,HRI768965
HRS1008288,HRI768966
HRS1008289,HRI768967
HRS1008290,HRI768968
HRS1008291,HRI768969
HRS1008292,HRI768970
HRS1008293,HRI768971
HRS1008294,HRI768972
HRS1008295,HRI768973
HRS1008296,HRI768974
HRS1008297,HRI768975
HRS1008298,HRI768976
HRS1008299,HRI768977
HRS1008300,HRI768978
HRS1008301,HRI768979
HRS1008302,HRI768980
HRS1008303,HRI768981
HRS1008304,HRI768982
HRS1008305,HRI768983
HRS1008306,HRI768984
HRS1008307,HRI768985
HRS1008308,HRI768986
HRS1008309,HRI768987
HRS1008310,HRI768988
HRS1008311,HRI768989
HRS1008312,HRI768990
HRS1008313,HRI768991
HRS1008314,HRI768992
HRS1008315,HRI768993
HRS1008316,HRI768994
HRS1008317,HRI768995
HRS1008318,HRI768996
HRS1008319,HRI768997
HRS1008320,HRI768998
HRS1008321,HRI768999
HRS1008322,HRI769000
HRS1008323,HRI769001
HRS1008324,HRI769002
HRS1008325,HRI769003
HRS1008326,HRI769004
HRS1008327,HRI769005
HRS1008328,HRI769006
HRS1008329,HRI769007
HRS1008330,HRI769008
HRS1008331,HRI769009
HRS1008332,HRI769010
HRS1008333,HRI769011
HRS1008334,HRI769012
HRS1008335,HRI769013
HRS1008336,HRI769014
HRS1008337,HRI769015
HRS1008338,HRI769016
HRS1008339,HRI769017
HRS1008340,HRI769018
HRS1008341,HRI769019
HRS1008342,HRI769020
HRS1008343,HRI769021
HRS1008344,HRI769022
HRS1008345,HRI769023
HRS1008346,HRI769024
HRS1008347,HRI769025
HRS1008348,HRI769026
HRS1008349,HRI769027
HRS1008350,HRI769028
HRS1008351,HRI769029
HRS1008352,HRI769030
HRS1008353,HRI769031
HRS1008354,HRI769032
HRS1008355,HRI769033
HRS1008356,HRI769034
HRS1008357,HRI769035
HRS1008358,HRI769036
HRS1008359,HRI769037
HRS1008360,HRI769038
HRS1008361,HRI769039
HRS1008362,HRI769040
HRS1008363,HRI769041
HRS1008364,HRI769042
HRS1008365,HRI769043
HRS1008366,HRI769044
HRS1008367,HRI769045
HRS1008368,HRI769046
HRS1008369,HRI769047
HRS1008370,HRI769048
HRS1008371,HRI769049
HRS1008372,HRI769050
HRS1008373,HRI769051
HRS1008374,HRI769052
HRS1008375,HRI769053
HRS1008376,HRI769054
HRS1008377,HRI769055
HRS1008378,HRI769056
HRS1008379,HRI769057
HRS1008380,HRI769058
HRS1008381,HRI769059
HRS1008382,HRI769060
HRS1008383,HRI769061
HRS1008384,HRI769062
HRS1008385,HRI769063
HRS1008386,HRI769064
HRS1008387,HRI769065
HRS1008388,HRI769066
HRS1008389,HRI769067
HRS1008390,HRI769068
HRS1008391,HRI769069
HRS1008392,HRI769070
HRS1008393,HRI769071
HRS1008394,HRI769072
HRS1008395,HRI769073
HRS1008396,HRI769074
HRS1008397,HRI769075
HRS1008398,HRI769076
HRS1008399,HRI769077
HRS1008400,HRI769078
HRS1008401,HRI769079
HRS1008402,HRI769080
HRS1008403,HRI769081
HRS1008404,HRI769082
HRS1008405,HRI769083
HRS1008406,HRI769084
HRS1008407,HRI769085
HRS1008408,HRI769086
HRS1008409,HRI769087
HRS1008410,HRI769088
HRS1008411,HRI769089
HRS1008412,HRI769090
HRS1008413,HRI769091
HRS1008414,HRI769092
HRS1008415,HRI769093
HRS1008416,HRI769094
HRS1008417,HRI769095
HRS1008418,HRI769096
HRS1008419,HRI769097
HRS1008420,HRI769098
HRS1008421,HRI769099
HRS1008422,HRI769100
HRS1008423,HRI769101
HRS1008424,HRI769102
HRS1008425,HRI769103
HRS1008426,HRI769104
HRS1008427,HRI769105
HRS1008428,HRI769106
HRS1008429,HRI769107
HRS1008430,HRI769108
HRS1008431,HRI769109
HRS1008432,HRI769110
HRS1008433,HRI769111
HRS1008434,HRI769112
HRS1008435,HRI769113
HRS1008436,HRI769114
HRS1008437,HRI769115
HRS1008438,HRI769116
HRS1008439,HRI769117
HRS1008440,HRI769118
HRS1008441,HRI769119
HRS1008442,HRI769120
HRS1008443,HRI769121
HRS1008444,HRI769122
HRS1008445,HRI769123
HRS1008446,HRI769124
HRS1008447,HRI769125
HRS1008448,HRI769126
HRS1008449,HRI769127
HRS1008450,HRI769128
HRS1008451,HRI769129
HRS1008452,HRI769130
HRS1008453,HRI769131
HRS1008454,HRI769132
HRS1008455,HRI769133
HRS1008456,HRI769134
HRS1008457,HRI769135
HRS1008458,HRI769136
HRS1008459,HRI769137
HRS1008460,HRI769138
HRS1008461,HRI769139
HRS1008462,HRI769140
HRS1008463,HRI769141
HRS1008464,HRI769142
HRS1008465,HRI769143
HRS1008466,HRI769144
HRS1008467,HRI769145
HRS1008468,HRI769146
HRS1008469,HRI769147
HRS1008470,HRI769148
HRS1008471,HRI769149
HRS1008472,HRI769150
HRS1008473,HRI769151
HRS1008474,HRI769152
HRS1008475,HRI769153
HRS1008476,HRI769154
HRS1008477,HRI769155
HRS1008478,HRI769156
HRS1008479,HRI769157
HRS1008480,HRI769158
HRS1008481,HRI769159
HRS1008482,HRI769160
HRS1008483,HRI769161
HRS1008484,HRI769162
HRS1008485,HRI769163
HRS1008486,HRI769164
HRS1008487,HRI769165
HRS1008488,HRI769166
HRS1008489,HRI769167
HRS1008490,HRI769168
HRS1008491,HRI769169
HRS1008492,HRI769170
HRS1008493,HRI769171
HRS1008494,HRI769172
HRS1008495,HRI769173
HRS1008496,HRI769174
HRS1008497,HRI769175
HRS1008498,HRI769176
HRS1008499,HRI769177
HRS1008500,HRI769178
HRS1008501,HRI769179
HRS1008502,HRI769180
HRS1008503,HRI769181
HRS1008504,HRI769182
HRS1008505,HRI769183
HRS1008506,HRI769184
HRS1008507,HRI769185
HRS1008508,HRI769186
HRS1008509,HRI769187
HRS1008510,HRI769188
HRS1008511,HRI769189
HRS1008512,HRI769190
HRS1008513,HRI769191
HRS1008514,HRI769192
HRS1008515,HRI769193
HRS1008516,HRI769194
HRS1008517,HRI769195
HRS1008518,HRI769196
HRS1008519,HRI769197
HRS1008520,HRI769198
HRS1008521,HRI769199
HRS1008522,HRI769200
HRS1008523,HRI769201
HRS1008524,HRI769202
HRS1008525,HRI769203
HRS1008526,HRI769204
HRS1008527,HRI769205
HRS1008528,HRI769206
HRS1008529,HRI769207
HRS1008530,HRI769208
HRS1008531,HRI769209
HRS1008532,HRI769210
HRS1008533,HRI769211
HRS1008534,HRI769212
HRS1008535,HRI769213
HRS1008536,HRI769214
HRS1008537,HRI769215
HRS1008538,HRI769216
HRS1008539,HRI769217
HRS1008540,HRI769218
HRS1008541,HRI769219
HRS1008542,HRI769220
HRS1008543,HRI769221
HRS1008544,HRI769222
HRS1008545,HRI769223
HRS1008546,HRI769224
HRS1008547,HRI769225
HRS1008548,HRI769226
HRS1008549,HRI769227
HRS1008550,HRI769228
HRS1008551,HRI769229
HRS1008552,HRI769230
HRS1008553,HRI769231
HRS1008554,HRI769232
HRS1008555,HRI769233
HRS1008556,HRI769234
HRS1008557,HRI769235
HRS1008558,HRI769236
HRS1008559,HRI769237
HRS1008560,HRI769238
HRS1008561,HRI769239
HRS1008562,HRI769240
HRS1008563,HRI769241
HRS1008564,HRI769242
HRS1008565,HRI769243
HRS1008566,HRI769244
HRS1008567,HRI769245
HRS1008568,HRI769246
HRS1008569,HRI769247
HRS1008570,HRI769248
HRS1008571,HRI769249
HRS1008572,HRI769250
HRS1008573,HRI769251
HRS1008574,HRI769252
HRS1008575,HRI769253
HRS1008576,HRI769254
HRS1008577,HRI769255
HRS1008578,HRI769256
HRS1008579,HRI769257
HRS1008580,HRI769258
HRS1008581,HRI769259
HRS1008582,HRI769260
HRS1008583,HRI769261
HRS1008584,HRI769262
HRS1008585,HRI769263
HRS1008586,HRI769264
HRS1008587,HRI769265
HRS1008588,HRI769266
HRS1008589,HRI769267
HRS1008590,HRI769268
HRS1008591,HRI769269
HRS1008592,HRI769270
HRS1008593,HRI769271
HRS1008594,HRI769272
HRS1008595,HRI769273
HRS1008596,HRI769274
HRS1008597,HRI769275
HRS1008598,HRI769276
HRS1008599,HRI769277
HRS1008600,HRI769278
HRS1008601,HRI769279
HRS1008602,HRI769280
HRS1008603,HRI769281
HRS1008604,HRI769282
HRS1008605,HRI769283
HRS1008606,HRI769284
HRS1008607,HRI769285
HRS1008608,HRI769286
HRS1008609,HRI769287
HRS1008610,HRI769288
HRS1008611,HRI769289
HRS1008612,HRI769290
HRS1008613,HRI769291
HRS1008614,HRI769292
HRS1008615,HRI769293
HRS1008616,HRI769294
HRS1008617,HRI769295
HRS1008618,HRI769296
HRS1008619,HRI769297
HRS1008620,HRI769298
HRS1008621,HRI769299
HRS1008622,HRI769300
HRS1008623,HRI769301
HRS1008624,HRI769302
HRS1008625,HRI769303
HRS1008626,HRI769304
HRS1008627,HRI769305
HRS1008628,HRI769306
HRS1008629,HRI769307
HRS1008630,HRI769308
HRS1008631,HRI769309
HRS1008632,HRI769310
HRS1008633,HRI769311
HRS1008634,HRI769312
HRS1008635,HRI769313
HRS1008636,HRI769314
HRS1008637,HRI769315
HRS1008638,HRI769316
HRS1008639,HRI769317
HRS1008640,HRI769318
HRS1008641,HRI769319
HRS1008642,HRI769320
HRS1008643,HRI769321
HRS1008644,HRI769322
HRS1008645,HRI769323
HRS1008646,HRI769324
HRS1008647,HRI769325
HRS1008648,HRI769326
HRS1008649,HRI769327
HRS1008650,HRI769328
HRS1008651,HRI769329
HRS1008652,HRI769330
HRS1008653,HRI769331
HRS1008654,HRI769332
HRS1008655,HRI769333
HRS1008656,HRI769334
HRS1008657,HRI769335
HRS1008658,HRI769336
HRS1008659,HRI769337
HRS1008660,HRI769338
HRS1008661,HRI769339
HRS1008662,HRI769340
HRS1008663,HRI769341
HRS1008664,HRI769342
HRS1008665,HRI769343
HRS1008666,HRI769344
HRS1008667,HRI769345
HRS1008668,HRI769346
HRS1008669,HRI769347
HRS1008670,HRI769348
HRS1008671,HRI769349
HRS1008672,HRI769350
HRS1008673,HRI769351
HRS1008674,HRI769352
HRS1008675,HRI769353
HRS1008676,HRI769354
HRS1008677,HRI769355
HRS1008678,HRI769356
HRS1008679,HRI769357
HRS1008680,HRI769358
HRS1008681,HRI769359
HRS1008682,HRI769360
HRS1008683,HRI769361
HRS1008684,HRI769362
HRS1008685,HRI769363
HRS1008686,HRI769364
HRS1008687,HRI769365
HRS1008688,HRI769366
HRS1008689,HRI769367
HRS1008690,HRI769368
HRS1008691,HRI769369
HRS1008692,HRI769370
HRS1008693,HRI769371
HRS1008694,HRI769372
HRS1008695,HRI769373
HRS1008696,HRI769374
HRS1008697,HRI769375
HRS1008698,HRI769376
HRS1008699,HRI769377
HRS1008700,HRI769378
HRS1008701,HRI769379
HRS1008702,HRI769380
HRS1008703,HRI769381
HRS1008704,HRI769382
HRS1008705,HRI769383
HRS1008706,HRI769384
HRS1008707,HRI769385
HRS1008708,HRI769386
HRS1008709,HRI769387
HRS1008710,HRI769388
HRS1008711,HRI769389
HRS1008712,HRI769390
HRS1008713,HRI769391
HRS1008714,HRI769392
HRS1008715,HRI769393
HRS1008716,HRI769394
HRS1008717,HRI769395
HRS1008718,HRI769396
HRS1008719,HRI769397
HRS1013982,HRI773032
HRS1013983,HRI773033
HRS1013984,HRI773034
HRS1013985,HRI773035
HRS1013986,HRI773036
HRS1013987,HRI773037
HRS1013988,HRI773038
HRS1013989,HRI773039
HRS1013990,HRI773040
HRS1013991,HRI773041
HRS1013992,HRI773042
HRS1013993,HRI773043
HRS1013994,HRI773044
HRS1013995,HRI773045
HRS1013996,HRI773046
HRS1013997,HRI773047
HRS1013998,HRI773048
HRS1013999,HRI773049
HRS1014000,HRI773050
HRS1014001,HRI773051
HRS1014002,HRI773052
HRS1014003,HRI773053
HRS1014004,HRI773054
HRS1014005,HRI773055
HRS1014006,HRI773056
HRS1014007,HRI773057
HRS1014008,HRI773058
HRS1014009,HRI773059
HRS1014010,HRI773060
HRS1014011,HRI773061
HRS1014012,HRI773062
HRS1014013,HRI773063
HRS1014014,HRI773064
HRS1014015,HRI773065
HRS1014016,HRI773066
HRS1014017,HRI773067
HRS1014018,HRI773068
HRS1014019,HRI773069
HRS1014020,HRI773070
HRS1014021,HRI773071
HRS1014022,HRI773072
HRS1014023,HRI773073
HRS1014024,HRI773074
HRS1014025,HRI773075
HRS1014026,HRI773076
HRS1014027,HRI773077
HRS1014028,HRI773078
HRS1014029,HRI773079
HRS1014030,HRI773080
HRS1014031,HRI773081
HRS1014032,HRI773082
HRS1014033,HRI773083
HRS1014034,HRI773084
HRS1014035,HRI773085
HRS1014036,HRI773086
HRS1014037,HRI773087
HRS1014038,HRI773088
HRS1014039,HRI773089
HRS1014040,HRI773090
HRS1014041,HRI773091
HRS1014042,HRI773092
HRS1014043,HRI773093
HRS1014044,HRI773094
HRS1014045,HRI773095
HRS1014046,HRI773096
HRS1014047,HRI773097
HRS1014048,HRI773098
HRS1014049,HRI773099
HRS1014050,HRI773100
HRS1014051,HRI773101
HRS1014052,HRI773102
HRS1014053,HRI773103
HRS1014054,HRI773104
HRS1014055,HRI773105
HRS1014056,HRI773106
HRS1014057,HRI773107
HRS1014058,HRI773108
HRS1014059,HRI773109
HRS1014060,HRI773110
HRS1014061,HRI773111
HRS1014062,HRI773112
HRS1014063,HRI773113
HRS1014064,HRI773114
HRS1014065,HRI773115
HRS1014066,HRI773116
HRS1014067,HRI773117
HRS1014068,HRI773118
HRS1014069,HRI773119
HRS1014070,HRI773120
HRS1014071,HRI773121
HRS1014072,HRI773122
HRS1014073,HRI773123
HRS1014074,HRI773124
HRS1014075,HRI773125
HRS1014076,HRI773126
HRS1014077,HRI773127
HRS1014078,HRI773128
HRS1014079,HRI773129
HRS1014080,HRI773130
HRS1014081,HRI773131
HRS1014082,HRI773132
HRS1014083,HRI773133
HRS1014084,HRI773134
HRS1014085,HRI773135
HRS1014086,HRI773136
HRS1014087,HRI773137
HRS1014088,HRI773138
HRS1014089,HRI773139
HRS1014090,HRI773140
HRS1014091,HRI773141
HRS1014092,HRI773142
HRS1014093,HRI773143
HRS1014094,HRI773144
HRS1014095,HRI773145
HRS1014096,HRI773146
HRS1014097,HRI773147
HRS1014098,HRI773148
HRS1014099,HRI773149
HRS1014100,HRI773150
HRS1014101,HRI773151
HRS1014102,HRI773152
HRS1014103,HRI773153
HRS1014104,HRI773154
HRS1014105,HRI773155
HRS1014106,HRI773156
HRS1014107,HRI773157
HRS1014108,HRI773158
HRS1014109,HRI773159
HRS1029912,HRI783929
HRS1029913,HRI783929
HRS1029914,HRI783929
HRS1029915,HRI783929
HRS1029916,HRI783929
HRS1029917,HRI783929
HRS1029918,HRI783929
HRS1029919,HRI783929
HRS1029920,HRI783929
HRS1029921,HRI783930
HRS1029922,HRI783930
HRS1029923,HRI783930
HRS1029924,HRI783930
HRS1029925,HRI783930
HRS1029926,HRI783930
HRS1029927,HRI783931
HRS1029928,HRI783931
HRS1029929,HRI783931
HRS1029930,HRI783931
HRS1029931,HRI783931
HRS1029932,HRI783931
HRS1029933,HRI783931
HRS1029934,HRI783931
HRS1029935,HRI783931
HRS1029936,HRI783931
HRS1029937,HRI783932
HRS1029938,HRI783932
HRS1029939,HRI783932
HRS1029940,HRI783932
HRS1029941,HRI783932
HRS1029942,HRI783932
HRS1029943,HRI783932
HRS1029944,HRI783933
HRS1029945,HRI783933
HRS1029946,HRI783933
HRS1029947,HRI783933
HRS1029948,HRI783933
HRS1029949,HRI783933
HRS1029950,HRI783933
HRS1029951,HRI783934
HRS1029952,HRI783934
HRS1029953,HRI783934
HRS1029954,HRI783934
HRS1029955,HRI783934
HRS1029956,HRI783934
HRS1029957,HRI783934
HRS1029958,HRI783934
HRS1029959,HRI783934
HRS1029960,HRI783934
HRS1029961,HRI783934
HRS1029962,HRI783935
HRS1029963,HRI783935
HRS1029964,HRI783935
HRS1029965,HRI783936
HRS1029966,HRI783936
HRS1029967,HRI783936
HRS1029968,HRI783936
HRS1029969,HRI783936
HRS1029970,HRI783936
HRS1029971,HRI783936
HRS1029972,HRI783937
HRS1029973,HRI783937
HRS1029974,HRI783937
HRS1029975,HRI783937
HRS1029976,HRI783937
HRS1029977,HRI783938
HRS1029978,HRI783938
HRS1029979,HRI783938
HRS1029980,HRI783938
HRS1029981,HRI783938
HRS1029982,HRI783938
HRS1029983,HRI783938
HRS1029984,HRI783939
HRS1029985,HRI783939
HRS1029986,HRI783939
HRS1029987,HRI783939
HRS1029988,HRI783939
HRS1029989,HRI783939
HRS1029990,HRI783939
HRS1029991,HRI783940
HRS1029992,HRI783940
HRS1029993,HRI783940
HRS1029994,HRI783940
HRS1029995,HRI783940
HRS1029996,HRI783940
HRS1029997,HRI783940
HRS1029998,HRI783941
HRS1029999,HRI783941
HRS1030000,HRI783941
HRS1030001,HRI783941
HRS1030002,HRI783941
HRS1030003,HRI783941
HRS1030004,HRI783941
HRS1030005,HRI783941
HRS1030006,HRI783941
HRS1030007,HRI783941
HRS1030008,HRI783941
HRS1030009,HRI783942
HRS1030010,HRI783942
HRS1030011,HRI783942
HRS1030012,HRI783942
HRS1030013,HRI783942
HRS1030014,HRI783942
HRS1030015,HRI783942
HRS1030016,HRI783943
HRS1030017,HRI783943
HRS1030018,HRI783943
HRS1030019,HRI783943
HRS1030020,HRI783944
HRS1030021,HRI783944
HRS1030022,HRI783944
HRS1030023,HRI783944
HRS1030024,HRI783944
HRS1030025,HRI783944
HRS1030026,HRI783944
HRS1030027,HRI783945
HRS1030028,HRI783945
HRS1030029,HRI783945
HRS1030030,HRI783945
HRS1030031,HRI783945
HRS1030032,HRI783945
HRS1030033,HRI783945
HRS1030034,HRI783945
HRS1030035,HRI783945
HRS1030036,HRI783946
HRS1030037,HRI783946
HRS1030038,HRI783946
HRS1030039,HRI783946
HRS1030040,HRI783946
HRS1030041,HRI783946
HRS1030042,HRI783946
HRS1030043,HRI783947
HRS1030044,HRI783947
HRS1030045,HRI783947
HRS1030046,HRI783947
HRS1030047,HRI783947
HRS1030048,HRI783947
HRS1030049,HRI783947
HRS1030050,HRI783948
HRS1030051,HRI783948
HRS1030052,HRI783948
HRS1030053,HRI783948
HRS1030054,HRI783948
HRS1030055,HRI783948
HRS1030056,HRI783948
HRS1030057,HRI783948
HRS1030058,HRI783948
HRS1030059,HRI783949
HRS1030060,HRI783949
HRS1030061,HRI783949
HRS1030062,HRI783949
HRS1030063,HRI783949
HRS1030064,HRI783949
HRS1030065,HRI783949
HRS1030066,HRI783949
HRS1030067,HRI783949
HRS1030068,HRI783950
HRS1030069,HRI783950
HRS1030070,HRI783950
HRS1030071,HRI783950
HRS1030072,HRI783950
HRS1030073,HRI783950
HRS1030074,HRI783950
HRS1030075,HRI783951
HRS1030076,HRI783951
HRS1030077,HRI783951
HRS1030078,HRI783951
HRS1030079,HRI783951
HRS1030080,HRI783951
HRS1030081,HRI783951
HRS1030082,HRI783952
HRS1030083,HRI783952
HRS1030084,HRI783952
HRS1030085,HRI783952
HRS1030086,HRI783952
HRS1030087,HRI783953
HRS1030088,HRI783953
HRS1030089,HRI783953
HRS1030090,HRI783953
HRS1030091,HRI783953
HRS1030092,HRI783953
HRS1030093,HRI783953
HRS1030094,HRI783953
HRS1030095,HRI783953
HRS1030096,HRI783953
HRS1030097,HRI783953
HRS1030098,HRI783953
HRS1030099,HRI783953
HRS1030100,HRI783954
HRS1030101,HRI783954
HRS1030102,HRI783954
HRS1030103,HRI783954
HRS1030104,HRI783954
HRS1030105,HRI783954
HRS1030106,HRI783954
HRS1030107,HRI783954
HRS1030108,HRI783954
HRS1030109,HRI783954
HRS1030110,HRI783954
HRS1030111,HRI783954
HRS1030112,HRI783954
HRS1030113,HRI783955
HRS1030114,HRI783955
HRS1030115,HRI783955
HRS1030116,HRI783955
HRS1030117,HRI783955
HRS1030118,HRI783955
HRS1030119,HRI783955
HRS1030120,HRI783955
HRS1030121,HRI783955
HRS1030122,HRI783956
HRS1030123,HRI783956
HRS1030124,HRI783956
HRS1030125,HRI783956
HRS1030126,HRI783956
HRS1030127,HRI783956
HRS1030128,HRI783956
HRS1030129,HRI783956
HRS1030130,HRI783956
HRS1030131,HRI783957
HRS1030132,HRI783957
HRS1030133,HRI783957
HRS1030134,HRI783957
HRS1030135,HRI783957
HRS1030136,HRI783957
HRS1030137,HRI783957
HRS1030138,HRI783957
HRS1030139,HRI783958
HRS1030140,HRI783958
HRS1030141,HRI783958
HRS1030142,HRI783958
HRS1030143,HRI783958
HRS1030144,HRI783958
HRS1030145,HRI783958
HRS1030146,HRI783958
HRS1030147,HRI783958
HRS1030148,HRI783959
HRS1030149,HRI783959
HRS1030150,HRI783959
HRS1030151,HRI783959
HRS1030152,HRI783959
HRS1030153,HRI783960
HRS1030154,HRI783960
HRS1030155,HRI783960
HRS1030156,HRI783960
HRS1030157,HRI783960
HRS1030158,HRI783960
HRS1030159,HRI783961
HRS1030160,HRI783961
HRS1030161,HRI783961
HRS1030162,HRI783961
HRS1030163,HRI783961
HRS1030164,HRI783961
HRS1030165,HRI783961
HRS1030166,HRI783962
HRS1030167,HRI783962
HRS1030168,HRI783962
HRS1030169,HRI783962
HRS1030170,HRI783962
HRS1030171,HRI783962
HRS1030172,HRI783962
HRS1030173,HRI783962
HRS1030174,HRI783962
HRS1030175,HRI783963
HRS1030176,HRI783963
HRS1030177,HRI783963
HRS1030178,HRI783964
HRS1030179,HRI783964
HRS1030180,HRI783964
HRS1030181,HRI783964
HRS1030182,HRI783964
HRS1030183,HRI783965
HRS1030184,HRI783965
HRS1030185,HRI783966
HRS1030186,HRI783967
HRS1030187,HRI783968
HRS1030188,HRI783968
HRS1030189,HRI783968
HRS1030190,HRI783969
HRS1030191,HRI783969
HRS1030192,HRI783969
HRS1030193,HRI783970
HRS1030194,HRI783970
HRS1030195,HRI783970
HRS1030196,HRI783970
HRS1030197,HRI783970
HRS1030198,HRI783971
HRS1030199,HRI783971
HRS1030200,HRI783972
HRS1030201,HRI783973
HRS1030202,HRI783973
HRS1030203,HRI783974
HRS1030204,HRI783974
HRS1030205,HRI783975
HRS1030206,HRI783975
HRS1030207,HRI783976
HRS1030208,HRI783976
HRS1030209,HRI783976
HRS1030210,HRI783976
HRS1030211,HRI783977
HRS1030212,HRI783977
HRS1030213,HRI783977
HRS1030214,HRI783977
HRS1030215,HRI783977
HRS1030216,HRI783978
HRS1030217,HRI783978
HRS1030218,HRI783979
HRS1030219,HRI783979
HRS1030220,HRI783979
HRS1030221,HRI783979
HRS1030222,HRI783979
HRS1030223,HRI783979
HRS1030224,HRI783979
HRS1030225,HRI783979
HRS1030226,HRI783979
HRS1030227,HRI783979
HRS1030228,HRI783980
HRS1030229,HRI783980
HRS1030230,HRI783980
HRS1030231,HRI783980
HRS1030232,HRI783980
HRS1030233,HRI783980
HRS1030234,HRI783980
HRS1030235,HRI783981
HRS1030236,HRI783981
HRS1030237,HRI783981
HRS1030238,HRI783982
HRS1030239,HRI783982
HRS1030240,HRI783982
HRS1030241,HRI783983
HRS1030242,HRI783983
HRS1030243,HRI783983
HRS1030244,HRI783984
HRS1030245,HRI783984
HRS1030246,HRI783984
HRS1030247,HRI783984
HRS1030248,HRI783984
HRS1030249,HRI783984
HRS1030250,HRI783984
HRS1030251,HRI783985
HRS1030252,HRI783985
HRS1030253,HRI783985
HRS1030254,HRI783985
HRS1030255,HRI783985
HRS1030256,HRI783985
HRS1030257,HRI783985
HRS1030258,HRI783985
HRS1030259,HRI783985
HRS1030260,HRI783985
HRS1030261,HRI783985
HRS1030262,HRI783985
HRS1030263,HRI783985
HRS1030264,HRI783986
HRS1030265,HRI783986
HRS1030266,HRI783986
HRS1030267,HRI783987
HRS1030268,HRI783987
HRS1030269,HRI783987
HRS1030270,HRI783988
HRS1030271,HRI783988
HRS1030272,HRI783988
HRS1030273,HRI783989
HRS1030274,HRI783989
HRS1030275,HRI783989
HRS1030276,HRI783990
HRS1030277,HRI783990
HRS1030278,HRI783990
HRS1030279,HRI783991
HRS1030280,HRI783991
HRS1030281,HRI783991
HRS1030282,HRI783992
HRS1030283,HRI783992
HRS1030284,HRI783992
HRS1030285,HRI783993
HRS1030286,HRI783993
HRS1030287,HRI783993
HRS1030288,HRI783993
HRS1030289,HRI783993
HRS1030290,HRI783993
HRS1030291,HRI783993
HRS1030292,HRI783994
HRS1030293,HRI783994
HRS1030294,HRI783994
HRS1030295,HRI783994
HRS1030296,HRI783994
HRS1030297,HRI783994
HRS1030298,HRI783994
HRS1030299,HRI783995
HRS1030300,HRI783995
HRS1030301,HRI783995
HRS1030302,HRI783995
HRS1030303,HRI783995
HRS1030304,HRI783995
HRS1030305,HRI783995
HRS1030306,HRI783996
HRS1030307,HRI783996
HRS1030308,HRI783997
HRS1030309,HRI783997
HRS1030310,HRI783997
HRS1030311,HRI783997
HRS1030312,HRI783997
HRS1030313,HRI783998
HRS1030314,HRI783999
HRS1030315,HRI784000
HRS1030316,HRI784000
HRS1030317,HRI784000
HRS1030318,HRI784000
HRS1030319,HRI784001
HRS1030320,HRI784001
HRS1030321,HRI784001
HRS1030322,HRI784001
HRS1030323,HRI784001
HRS1030324,HRI784002
HRS1030325,HRI784003
HRS1030326,HRI784003
HRS1030327,HRI784003
HRS1030328,HRI784003
HRS1030329,HRI784004
HRS1030330,HRI784005
HRS1030331,HRI784005
HRS1030332,HRI784005
HRS1030333,HRI784005
HRS1030334,HRI784006
HRS1030335,HRI784007
HRS1030336,HRI784007
HRS1030337,HRI784008
HRS1030338,HRI784008
HRS1030339,HRI784009
HRS1030340,HRI784009
HRS1030341,HRI784010
HRS1030342,HRI784010
HRS1030343,HRI784011
HRS1030344,HRI784011
HRS1030345,HRI784012
HRS1030346,HRI784012
HRS1030347,HRI784013
HRS1030348,HRI784013
HRS1030349,HRI784014
HRS1030350,HRI784014
HRS1030351,HRI784015
HRS1030352,HRI784015
HRS1030353,HRI784016
HRS1030354,HRI784016
HRS1030355,HRI784017
HRS1030356,HRI784017
HRS1030357,HRI784018
HRS1030358,HRI784018
HRS1030359,HRI784019
HRS1030360,HRI784019
HRS1030361,HRI784020
HRS1030362,HRI784020
HRS1030363,HRI784020
HRS1030364,HRI784020
HRS1030365,HRI784021
HRS1030366,HRI784021
HRS1030367,HRI784021
HRS1030368,HRI784021
HRS1030369,HRI784022
HRS1030370,HRI784022
HRS1030371,HRI784022
HRS1030372,HRI784023
HRS1030373,HRI784023
HRS1030374,HRI784023
HRS1030375,HRI784023
HRS1030376,HRI784024
HRS1030377,HRI784024
HRS1030378,HRI784024
HRS1030379,HRI784024
HRS1030380,HRI784025
HRS1030381,HRI784025
HRS1030382,HRI784026
HRS1030383,HRI784026
HRS1030384,HRI784027
HRS1030385,HRI784027
HRS1030386,HRI784028
HRS1030387,HRI784028
HRS1030388,HRI784029
HRS1030389,HRI784030
HRS1030390,HRI784031
HRS1030391,HRI784032
HRS1030392,HRI784032
HRS1030393,HRI784033
HRS1030394,HRI784034
HRS1030395,HRI784035
HRS1030396,HRI784036
HRS1030397,HRI784036
HRS1030398,HRI784037
HRS1030399,HRI784037
HRS1030400,HRI784038
HRS1030401,HRI784038
HRS1030402,HRI784039
HRS1030403,HRI784039
HRS1030404,HRI784040
HRS1030405,HRI784040
HRS1030406,HRI784041
HRS1030407,HRI784041
HRS1030408,HRI784042
HRS1030409,HRI784042
HRS1030410,HRI784043
HRS1030411,HRI784043
HRS1030412,HRI784044
HRS1030413,HRI784044
HRS1030414,HRI784045
HRS1030415,HRI784045
HRS1030416,HRI784046
HRS1030417,HRI784046
HRS1030418,HRI784047
HRS1030419,HRI784047
HRS1030420,HRI784048
HRS1030421,HRI784048
HRS1030422,HRI784048
HRS1030423,HRI784048
HRS1030424,HRI784049
HRS1030425,HRI784049
HRS1030426,HRI784049
HRS1030427,HRI784049
HRS1030428,HRI784050
HRS1030429,HRI784050
HRS1030430,HRI784050
HRS1030431,HRI784050
HRS1030432,HRI784051
HRS1030433,HRI784051
HRS1030434,HRI784051
HRS1217823,HRI956419
HRS1217824,HRI956420
HRS1217825,HRI956421
HRS1217826,HRI956422
HRS1217827,HRI956423
HRS1217828,HRI956424
HRS1217829,HRI956425
HRS1217830,HRI956426
HRS1217831,HRI956427
HRS1217832,HRI956428
HRS1217833,HRI956429
HRS1217834,HRI956430
HRS1217835,HRI956431
HRS1217836,HRI956432
HRS1217837,HRI956433
HRS1217838,HRI956434
HRS1217839,HRI956435
HRS1217840,HRI956436
HRS1217841,HRI956437
HRS1217842,HRI956438
HRS1217843,HRI956439
HRS1217844,HRI956440
HRS1217845,HRI956441
HRS1217846,HRI956442
HRS1217847,HRI956443
HRS1217848,HRI956444
HRS1217849,HRI956445
HRS1217850,HRI956446
HRS1217851,HRI956447
HRS1217852,HRI956448
HRS1217853,HRI956449
HRS1217854,HRI956450
HRS1217855,HRI956451
HRS1217856,HRI956452
HRS1217857,HRI956453
HRS1217858,HRI956454
HRS1217859,HRI956455
HRS1217860,HRI956456
HRS1217861,HRI956457
HRS1217862,HRI956458
HRS1217863,HRI956459
HRS1217864,HRI956460
HRS1217865,HRI956461
HRS1217866,HRI956462
HRS1217867,HRI956463
HRS1217868,HRI956464
HRS1217869,HRI956465
HRS1217870,HRI956466
HRS1217871,HRI956467
HRS1217872,HRI956468
HRS1217873,HRI956469
HRS1217874,HRI956470
HRS1217875,HRI956471
HRS1217876,HRI956472
HRS1217877,HRI956473
HRS1217878,HRI956474
HRS1217879,HRI956475
HRS1217880,HRI956476
HRS1217881,HRI956477
HRS1217882,HRI956478
HRS1217883,HRI956479
HRS1217884,HRI956480
HRS1217885,HRI956481
HRS1217886,HRI956482
HRS1217887,HRI956483
HRS1217888,HRI956484
HRS1217889,HRI956485
HRS1217890,HRI956486
HRS1217810,HRI956487
HRS1217811,HRI956488
HRS1217812,HRI956489
HRS1217813,HRI956490
HRS1217814,HRI956491
HRS1217815,HRI956492
HRS1217816,HRI956493
HRS1217817,HRI956494
HRS1217818,HRI956495
HRS1217819,HRI956496
HRS1217820,HRI956497
HRS1217821,HRI956498
HRS1217822,HRI956499
HRS1217921,HRI956503
HRS1217922,HRI956503
HRS1217923,HRI956504
HRS1217924,HRI956504
HRS1217925,HRI956505
HRS1217926,HRI956505
HRS1217927,HRI956506
HRS1217928,HRI956506
HRS1217929,HRI956507
HRS1217930,HRI956507
HRS1217931,HRI956508
HRS1217932,HRI956508
HRS1217933,HRI956509
HRS1217934,HRI956509
HRS1217935,HRI956510
HRS1217936,HRI956510
HRS1217937,HRI956511
HRS1217938,HRI956511
HRS1217939,HRI956512
HRS1217940,HRI956512
HRS1217941,HRI956513
HRS1217942,HRI956513
HRS1217943,HRI956514
HRS1217944,HRI956514
HRS1217945,HRI956515
HRS1217946,HRI956515
HRS1217947,HRI956516
HRS1217948,HRI956516
HRS1217949,HRI956517
HRS1217950,HRI956517
HRS1217951,HRI956518
HRS1217952,HRI956518
HRS1217953,HRI956519
HRS1217954,HRI956519
HRS1217955,HRI956520
HRS1217956,HRI956520
HRS1217957,HRI956521
HRS1217958,HRI956521
HRS1217959,HRI956522
HRS1217960,HRI956522
HRS1217961,HRI956523
HRS1217962,HRI956523
HRS1217963,HRI956523
HRS1217964,HRI956524
HRS1217965,HRI956524
HRS1217966,HRI956525
HRS1217967,HRI956525
HRS1217968,HRI956526
HRS1217969,HRI956526
HRS1217970,HRI956527
HRS1217971,HRI956527
HRS1217972,HRI956528
HRS1217973,HRI956528
HRS1217974,HRI956529
HRS1217975,HRI956529
HRS1217976,HRI956530
HRS1217977,HRI956530
HRS1217978,HRI956531
HRS1217979,HRI956531
HRS1217980,HRI956532
HRS1217981,HRI956533
HRS1217982,HRI956533
HRS1217983,HRI956534
HRS1217984,HRI956534
HRS1217985,HRI956535
HRS1217986,HRI956536
HRS1217987,HRI956536
HRS1217988,HRI956537
HRS1217989,HRI956538
HRS1217990,HRI956538
HRS1217991,HRI956539
HRS1217992,HRI956539
HRS1217993,HRI956540
HRS1217994,HRI956540
HRS1217995,HRI956541
HRS1217996,HRI956541
HRS1217997,HRI956542
HRS1217998,HRI956543
HRS1217999,HRI956543
HRS1218000,HRI956544
HRS1218001,HRI956545
HRS1218002,HRI956545
HRS1218003,HRI956546
HRS1218004,HRI956546
HRS1218005,HRI956546
HRS1218006,HRI956547
HRS1218007,HRI956547
HRS1218008,HRI956548
HRS1218009,HRI956548
HRS1218010,HRI956549
HRS1218011,HRI956549
HRS1218012,HRI956550
HRS1218013,HRI956550
HRS1218014,HRI956551
HRS1218015,HRI956551
HRS1218016,HRI956552
HRS1218017,HRI956552
HRS1218018,HRI956553
HRS1218019,HRI956553
HRS1218020,HRI956554
HRS1218021,HRI956555
HRS1218022,HRI956555
HRS1218023,HRI956556
HRS1218024,HRI956556
HRS1218025,HRI956557
HRS1218026,HRI956557
HRS1218027,HRI956558
HRS1218028,HRI956558
HRS1218029,HRI956559
HRS1218030,HRI956559
HRS1218031,HRI956560
HRS1218032,HRI956560
HRS1218033,HRI956561
HRS1218034,HRI956562
HRS1218035,HRI956562
HRS1218036,HRI956563
HRS1218037,HRI956563
HRS1218038,HRI956564
HRS1218039,HRI956565
HRS1218040,HRI956566
HRS1218041,HRI956566
HRS1218042,HRI956567
HRS1218043,HRI956567
HRS1218044,HRI956568
HRS1218045,HRI956569
HRS1218046,HRI956569
HRS1218047,HRI956570
HRS1218048,HRI956570
HRS1218049,HRI956571
HRS1218050,HRI956571
HRS1218051,HRI956572
HRS1218052,HRI956572
HRS1218053,HRI956573
HRS1218054,HRI956573
HRS1218055,HRI956574
HRS1218056,HRI956574
HRS1218057,HRI956575
HRS1218058,HRI956576
HRS1218059,HRI956576
HRS1218060,HRI956577
HRS1218061,HRI956577
HRS1217894,HRI956578
HRS1217895,HRI956579
HRS1217896,HRI956579
HRS1217897,HRI956580
HRS1217898,HRI956580
HRS1217899,HRI956581
HRS1217900,HRI956581
HRS1217901,HRI956582
HRS1217902,HRI956582
HRS1217903,HRI956583
HRS1217904,HRI956583
HRS1217905,HRI956584
HRS1217906,HRI956584
HRS1217907,HRI956585
HRS1217908,HRI956585
HRS1217909,HRI956586
HRS1217910,HRI956586
HRS1217911,HRI956587
HRS1217912,HRI956587
HRS1217913,HRI956588
HRS1217914,HRI956589
HRS1217915,HRI956589
HRS1217916,HRI956590
HRS1217917,HRI956590
HRS1217918,HRI956591
HRS1217919,HRI956591
HRS1217920,HRI956592
HRS1236073,HRI968127
HRS1236074,HRI968128
HRS1236075,HRI968129
HRS1236076,HRI968130
HRS1236077,HRI968131
HRS1236078,HRI968132
HRS1236079,HRI968133
HRS1236080,HRI968134
HRS1236081,HRI968135
HRS1236082,HRI968136
HRS1236083,HRI968137
HRS1236084,HRI968138
HRS1236085,HRI968139
HRS1236086,HRI968140
HRS1236087,HRI968141
HRS1236088,HRI968142
HRS1236089,HRI968143
HRS1236090,HRI968144
HRS1236091,HRI968145
HRS1236092,HRI968146
HRS1236093,HRI968147
HRS1236094,HRI968148
HRS1236095,HRI968149
HRS1236096,HRI968150
HRS1236097,HRI968151
HRS1236098,HRI968152
HRS1236099,HRI968153
HRS1236100,HRI968154
HRS1236101,HRI968155
HRS1236102,HRI968156
HRS1236103,HRI968157
HRS1236104,HRI968158
HRS1236105,HRI968159
HRS1236106,HRI968160
HRS1236107,HRI968161
HRS1236108,HRI968162
HRS1236109,HRI968163
HRS1236110,HRI968164
HRS1236111,HRI968165
HRS1236112,HRI968166
HRS1236113,HRI968167
HRS1236114,HRI968168
HRS1236115,HRI968169
HRS1236116,HRI968170
HRS1236117,HRI968171
HRS1236118,HRI968172
HRS1236119,HRI968173
HRS1236120,HRI968174
HRS1236121,HRI968175
HRS1236122,HRI968176
HRS1236123,HRI968177
HRS1236124,HRI968178
HRS1236125,HRI968179
HRS1236126,HRI968180
HRS1236127,HRI968181
HRS1236128,HRI968182
HRS1236129,HRI968183
HRS1236130,HRI968184
HRS1236131,HRI968185
HRS1236132,HRI968186
HRS1236133,HRI968187
HRS1236134,HRI968188
HRS1236135,HRI968189
HRS1236136,HRI968190
HRS1236137,HRI968191
HRS1236138,HRI968192
HRS1236139,HRI968193
HRS1236140,HRI968194
HRS1236141,HRI968195
HRS1236142,HRI968196
HRS1236143,HRI968197
HRS1236144,HRI968198
HRS1236145,HRI968199
HRS1236146,HRI968200
HRS1236147,HRI968201
HRS1236148,HRI968202
HRS1236149,HRI968203
HRS1236150,HRI968204
HRS1236151,HRI968205
HRS1236152,HRI968206
HRS1236153,HRI968207
HRS1236154,HRI968208
HRS1236155,HRI968209
HRS1236156,HRI968210
HRS1236157,HRI968211
HRS1236158,HRI968212
HRS1236159,HRI968213
HRS1236160,HRI968214
HRS1236161,HRI968215
HRS1236162,HRI968216
HRS1236163,HRI968217
HRS1236164,HRI968218
HRS1236165,HRI968219
HRS1236166,HRI968220
HRS1236167,HRI968221
HRS1236168,HRI968222
HRS1236169,HRI968223
HRS1236170,HRI968224
HRS1236171,HRI968225
HRS1236172,HRI968226
HRS1236173,HRI968227
HRS1236174,HRI968228
HRS1236175,HRI968229
HRS1236176,HRI968230
HRS1236177,HRI968231
HRS1236178,HRI968232
HRS1236179,HRI968233
HRS1236180,HRI968234
HRS1236181,HRI968235
HRS1236182,HRI968236
HRS1236183,HRI968237
HRS1236184,HRI968238
HRS1236185,HRI968239
HRS1236186,HRI968240
HRS1236187,HRI968241
HRS1236188,HRI968242
HRS1236189,HRI968243
HRS1236190,HRI968244
HRS1236191,HRI968245
HRS1236192,HRI968246
HRS1236193,HRI968247
HRS1236194,HRI968248
HRS1236195,HRI968249
HRS1236196,HRI968250
HRS1236197,HRI968251
HRS1236198,HRI968252
HRS1236199,HRI968253
HRS1236200,HRI968254
HRS1236201,HRI968255
HRS1236202,HRI968256
HRS1236203,HRI968257
HRS1236204,HRI968258
HRS1236205,HRI968259
HRS1236206,HRI968260
HRS1236207,HRI968261
HRS1236208,HRI968262
HRS1236209,HRI968263
HRS1236210,HRI968264
HRS1236211,HRI968265
HRS1236212,HRI968266
HRS1236213,HRI968267
HRS1236214,HRI968268
HRS1236215,HRI968269
HRS1236216,HRI968270
HRS1236217,HRI968271
HRS1236218,HRI968272
HRS1236219,HRI968273
HRS1236220,HRI968274
HRS1236221,HRI968275
HRS1236222,HRI968276
HRS1236223,HRI968277
HRS1236224,HRI968278
HRS1236225,HRI968279
HRS1236226,HRI968280
HRS1236227,HRI968281
HRS1236228,HRI968282
HRS1236229,HRI968283
HRS1236230,HRI968284
HRS1236231,HRI968285
HRS1236232,HRI968286
HRS1236233,HRI968287
HRS1236234,HRI968288
HRS1236235,HRI968289
HRS1236236,HRI968290
HRS1236237,HRI968291
HRS1236238,HRI968292
HRS1236239,HRI968293
HRS1236240,HRI968294
HRS1236241,HRI968295
HRS1236242,HRI968296
HRS1236243,HRI968297
HRS1236244,HRI968298
HRS1236245,HRI968299
HRS1236246,HRI968300
HRS1236247,HRI968301
HRS1236248,HRI968302
HRS1236249,HRI968303
HRS1236250,HRI968304
HRS1236251,HRI968305
HRS1236252,HRI968306
HRS1236253,HRI968307
HRS1236254,HRI968308
HRS1236255,HRI968309
HRS1236256,HRI968310
HRS1236257,HRI968311
HRS1236258,HRI968312
HRS1236259,HRI968313
HRS1236260,HRI968314
HRS1236261,HRI968315
HRS1236262,HRI968316
HRS1236263,HRI968317
HRS1236264,HRI968318
HRS1236265,HRI968319
HRS1236266,HRI968320
HRS1236267,HRI968321
HRS1236268,HRI968322
HRS1236269,HRI968323
HRS1236270,HRI968324
HRS1236271,HRI968325
HRS1236272,HRI968326
HRS1236273,HRI968327
HRS1236274,HRI968328
HRS1236275,HRI968329
HRS1236276,HRI968330
HRS1236277,HRI968331
HRS1236278,HRI968332
HRS1236279,HRI968333
HRS1236280,HRI968334
HRS1236281,HRI968335
HRS1236282,HRI968336
HRS1236283,HRI968337
HRS1236284,HRI968338
HRS1236285,HRI968339
HRS1236286,HRI968340
HRS1236287,HRI968341
HRS1236288,HRI968342
HRS1236289,HRI968343
HRS1236290,HRI968344
HRS1236291,HRI968345
HRS1236292,HRI968346
HRS1236293,HRI968347
HRS1236294,HRI968348
HRS1236295,HRI968349
HRS1236296,HRI968350
HRS1236297,HRI968351
HRS1236298,HRI968352
HRS1236299,HRI968353
HRS1236300,HRI968354
HRS1236301,HRI968355
HRS1236302,HRI968356
HRS1236303,HRI968357
HRS1236304,HRI968358
HRS1236305,HRI968359
HRS1236306,HRI968360
HRS1236307,HRI968361
HRS1236308,HRI968362
HRS1236309,HRI968363
HRS1236310,HRI968364
HRS1236311,HRI968365
HRS1236312,HRI968366
HRS1236313,HRI968367
HRS1236314,HRI968368
HRS1236315,HRI968369
HRS1236316,HRI968370
HRS1236317,HRI968371
HRS1236318,HRI968372
HRS1236319,HRI968373
HRS1236320,HRI968374
HRS1236321,HRI968375
HRS1236322,HRI968376
HRS1236323,HRI968377
HRS1236324,HRI968378
HRS1236325,HRI968379
HRS1236326,HRI968380
HRS1236327,HRI968381
HRS1236328,HRI968382
HRS1236329,HRI968383
HRS1236330,HRI968384
HRS1236331,HRI968385
HRS1236332,HRI968386
HRS1236333,HRI968387
HRS1236334,HRI968388
HRS1236335,HRI968389
HRS1236336,HRI968390
HRS1236337,HRI968391
HRS1236338,HRI968392
HRS1236339,HRI968393
HRS1236340,HRI968394
HRS1236341,HRI968395
HRS1236342,HRI968396
HRS1236343,HRI968397
HRS1236344,HRI968398
HRS1236345,HRI968399
HRS1236346,HRI968400
HRS1236347,HRI968401
HRS1236348,HRI968402
HRS1236349,HRI968403
HRS1236350,HRI968404
HRS1236351,HRI968405
HRS1236352,HRI968406
HRS1236353,HRI968407
HRS1236354,HRI968408
HRS1236355,HRI968409
HRS1236356,HRI968410
HRS1236357,HRI968411
HRS1236358,HRI968412
HRS1236359,HRI968413
HRS1236360,HRI968414
HRS1236361,HRI968415
HRS1236362,HRI968416
HRS1236363,HRI968417
HRS1236364,HRI968418
HRS1236365,HRI968419
HRS1236366,HRI968420
HRS1236367,HRI968421
HRS1236368,HRI968422
HRS1236369,HRI968423
HRS1236370,HRI968424
HRS1236371,HRI968425
HRS1236372,HRI968426
HRS1236373,HRI968427
HRS1236374,HRI968428
HRS1236375,HRI968429
HRS1236376,HRI968430
HRS1236377,HRI968431
HRS1236378,HRI968432
HRS1236379,HRI968433
HRS1236380,HRI968434
HRS1236381,HRI968435
HRS1236382,HRI968436
HRS1236383,HRI968437
HRS1236384,HRI968438
HRS1236385,HRI968439
HRS1236386,HRI968440
HRS1236387,HRI968441
HRS1236388,HRI968442
HRS1236389,HRI968443
HRS1236390,HRI968444
HRS1236391,HRI968445
HRS1236392,HRI968446
HRS1236393,HRI968447
HRS1236394,HRI968448
HRS1236395,HRI968449
HRS1236396,HRI968450
HRS1236397,HRI968451
HRS1236398,HRI968452
HRS1236399,HRI968453
HRS1236400,HRI968454
HRS1236401,HRI968455
HRS1236402,HRI968456
HRS1236403,HRI968457
HRS1236404,HRI968458
HRS1236405,HRI968459
HRS1236406,HRI968460
HRS1236407,HRI968461
HRS1236408,HRI968462
HRS1236409,HRI968463
HRS1236410,HRI968464
HRS1236411,HRI968465
HRS1236412,HRI968466
HRS1236413,HRI968467
HRS1236414,HRI968468
HRS1236415,HRI968469
HRS1236416,HRI968470
HRS1236417,HRI968471
HRS1236418,HRI968472
HRS1236419,HRI968473
HRS1236420,HRI968474
HRS1236421,HRI968475
HRS1236422,HRI968476
HRS1236423,HRI968477
HRS1236424,HRI968478
HRS1236425,HRI968479
HRS1236426,HRI968480
HRS1236427,HRI968481
HRS1236428,HRI968482
HRS1236429,HRI968483
HRS1236430,HRI968484
HRS1236431,HRI968485
HRS1236432,HRI968486
HRS1236433,HRI968487
HRS1236434,HRI968488
HRS1236435,HRI968489
HRS1236436,HRI968490
HRS1236437,HRI968491
HRS1236438,HRI968492
HRS1236439,HRI968493
HRS1236440,HRI968494
HRS1236441,HRI968495
HRS1236442,HRI968496
HRS1236443,HRI968497
HRS1236444,HRI968498
HRS1236445,HRI968499
HRS2218010,HRI1703186
HRS2218011,HRI1703186
HRS2218012,HRI1703187
HRS2218013,HRI1703187
HRS2218014,HRI1703188
HRS2218015,HRI1703188
HRS2218016,HRI1703189
HRS2218017,HRI1703189
HRS2218018,HRI1703190
HRS2218019,HRI1703190
HRS2218020,HRI1703191
HRS2218021,HRI1703191
HRS2218022,HRI1703192
HRS2218023,HRI1703192
HRS2218024,HRI1703193
HRS2218025,HRI1703193
HRS2218026,HRI1703194
HRS2218027,HRI1703194
HRS2218028,HRI1703195
HRS2218029,HRI1703195
HRS2218030,HRI1703196
HRS2218031,HRI1703196
HRS2218032,HRI1703197
HRS2218033,HRI1703197
HRS2218034,HRI1703198
HRS2218035,HRI1703198
HRS2218036,HRI1703199
HRS2218037,HRI1703199
HRS2218038,HRI1703200
HRS2218039,HRI1703200
HRS2218040,HRI1703201
HRS2218041,HRI1703201
HRS2218042,HRI1703202
HRS2218043,HRI1703202
HRS2218044,HRI1703203
HRS2218045,HRI1703203
HRS2218046,HRI1703204
HRS2218047,HRI1703204
HRS2218048,HRI1703205
HRS2218049,HRI1703205
HRS2218050,HRI1703206
HRS2218051,HRI1703206
HRS2218052,HRI1703207
HRS2218053,HRI1703207
HRS2218054,HRI1703208
HRS2218055,HRI1703208
HRS2218056,HRI1703209
HRS2218057,HRI1703209
HRS2218058,HRI1703210
HRS2218059,HRI1703210
HRS2218060,HRI1703211
HRS2218061,HRI1703211
HRS2218062,HRI1703212
HRS2218063,HRI1703212
HRS2218064,HRI1703213
HRS2218065,HRI1703213
HRS2218066,HRI1703214
HRS2218067,HRI1703214
HRS2218068,HRI1703215
HRS2218069,HRI1703215
HRS2218070,HRI1703216
HRS2218071,HRI1703216
HRS2218072,HRI1703217
HRS2218073,HRI1703217
HRS2218074,HRI1703218
HRS2218075,HRI1703218
HRS2218076,HRI1703219
HRS2218077,HRI1703219
HRS2218078,HRI1703220
HRS2218079,HRI1703220
HRS2218080,HRI1703221
HRS2218081,HRI1703221
HRS2218082,HRI1703222
HRS2218083,HRI1703222
HRS2218084,HRI1703223
HRS2218085,HRI1703223
HRS2218086,HRI1703224
HRS2218087,HRI1703224
HRS2218088,HRI1703225
HRS2218089,HRI1703225
HRS2218090,HRI1703226
HRS2218091,HRI1703226
HRS2218092,HRI1703227
HRS2218093,HRI1703227
HRS2218094,HRI1703228
HRS2218095,HRI1703228
HRS2218096,HRI1703229
HRS2218097,HRI1703229
HRS2218098,HRI1703230
HRS2218099,HRI1703230
HRS2218100,HRI1703231
HRS2218101,HRI1703231
HRS2218102,HRI1703232
HRS2218103,HRI1703232
HRS2218104,HRI1703233
HRS2218105,HRI1703233
HRS2218106,HRI1703234
HRS2218107,HRI1703234
HRS2218108,HRI1703235
HRS2218109,HRI1703235
HRS2218110,HRI1703236
HRS2218111,HRI1703236
HRS2218112,HRI1703237
HRS2218113,HRI1703237
HRS2218114,HRI1703238
HRS2218115,HRI1703238
HRS2218116,HRI1703239
HRS2218117,HRI1703239
HRS2218118,HRI1703240
HRS2218119,HRI1703240
HRS2218120,HRI1703241
HRS2218121,HRI1703241
HRS2218122,HRI1703242
HRS2218123,HRI1703242
HRS2218124,HRI1703243
HRS2218125,HRI1703243
HRS2218126,HRI1703244
HRS2218127,HRI1703244
HRS2218128,HRI1703245
HRS2218129,HRI1703245
HRS2218130,HRI1703246
HRS2218131,HRI1703246
HRS2218132,HRI1703247
HRS2218133,HRI1703247
HRS2218134,HRI1703248
HRS2218135,HRI1703248
HRS2218136,HRI1703249
HRS2218137,HRI1703249
HRS2218138,HRI1703250
HRS2218139,HRI1703250
HRS2218140,HRI1703251
HRS2218141,HRI1703251
HRS2218142,HRI1703252
HRS2218143,HRI1703252
HRS2218144,HRI1703253
HRS2218145,HRI1703253
HRS2218146,HRI1703254
HRS2218147,HRI1703254
HRS2218148,HRI1703255
HRS2218149,HRI1703255
HRS2218150,HRI1703256
HRS2218151,HRI1703256
HRS2218152,HRI1703257
HRS2218153,HRI1703257
HRS2218154,HRI1703258
HRS2218155,HRI1703258
HRS2218156,HRI1703259
HRS2218157,HRI1703259
HRS2218158,HRI1703260
HRS2218159,HRI1703260
HRS2218160,HRI1703261
HRS2218161,HRI1703261
HRS2218162,HRI1703262
HRS2218163,HRI1703262
HRS2218164,HRI1703263
HRS2218165,HRI1703263
HRS2218166,HRI1703264
HRS2218167,HRI1703264
HRS2218168,HRI1703265
HRS2218169,HRI1703265
HRS2218170,HRI1703266
HRS2218171,HRI1703266
HRS2218172,HRI1703267
HRS2218173,HRI1703267
HRS2218174,HRI1703268
HRS2218175,HRI1703268
HRS2218176,HRI1703269
HRS2218177,HRI1703269
HRS2218178,HRI1703270
HRS2218179,HRI1703270
HRS2218180,HRI1703271
HRS2218181,HRI1703271
HRS2218182,HRI1703272
HRS2218183,HRI1703272
HRS2218184,HRI1703273
HRS2218185,HRI1703273
HRS2218186,HRI1703274
HRS2218187,HRI1703274
HRS2218188,HRI1703275
HRS2218189,HRI1703275
HRS2218190,HRI1703276
HRS2218191,HRI1703276
HRS2218192,HRI1703277
HRS2218193,HRI1703277
HRS2218194,HRI1703278
HRS2218195,HRI1703278
HRS2218196,HRI1703279
HRS2218197,HRI1703279
HRS2218198,HRI1703280
HRS2218199,HRI1703280
HRS2218200,HRI1703281
HRS2218201,HRI1703281
HRS2218202,HRI1703282
HRS2218203,HRI1703282
HRS2218204,HRI1703283
HRS2218205,HRI1703283
HRS2218206,HRI1703284
HRS2218207,HRI1703284
HRS2218208,HRI1703285
HRS2218209,HRI1703285
HRS2218210,HRI1703286
HRS2218211,HRI1703286
HRS2218212,HRI1703287
HRS2218213,HRI1703287
HRS2218214,HRI1703288
HRS2218215,HRI1703288
HRS2218216,HRI1703289
HRS2218217,HRI1703289
HRS2218218,HRI1703290
HRS2218219,HRI1703290
HRS2218220,HRI1703291
HRS2218221,HRI1703291
HRS2218222,HRI1703292
HRS2218223,HRI1703292
HRS2218224,HRI1703293
HRS2218225,HRI1703293
HRS2218226,HRI1703294
HRS2218227,HRI1703294
HRS2218228,HRI1703295
HRS2218229,HRI1703295
HRS2218230,HRI1703296
HRS2218231,HRI1703296
HRS2218232,HRI1703297
HRS2218233,HRI1703297
HRS2218234,HRI1703298
HRS2218235,HRI1703298
HRS2218236,HRI1703299
HRS2218237,HRI1703299
HRS2218238,HRI1703300
HRS2218239,HRI1703300
HRS2218240,HRI1703301
HRS2218241,HRI1703301
HRS2218242,HRI1703302
HRS2218243,HRI1703302
HRS2218244,HRI1703303
HRS2218245,HRI1703303
HRS2218246,HRI1703304
HRS2218247,HRI1703304
HRS2218248,HRI1703305
HRS2218249,HRI1703305
HRS2218250,HRI1703306
HRS2218251,HRI1703306
HRS2218252,HRI1703307
HRS2218253,HRI1703307
HRS2218254,HRI1703308
HRS2218255,HRI1703308
HRS2218256,HRI1703309
HRS2218257,HRI1703309
HRS2218258,HRI1703310
HRS2218259,HRI1703310
HRS2218260,HRI1703311
HRS2218261,HRI1703311
HRS2218262,HRI1703312
HRS2218263,HRI1703312
HRS2218264,HRI1703313
HRS2218265,HRI1703313
HRS2218266,HRI1703314
HRS2218267,HRI1703314
HRS2218268,HRI1703315
HRS2218269,HRI1703315
HRS2218270,HRI1703316
HRS2218271,HRI1703316
HRS2218272,HRI1703317
HRS2218273,HRI1703317
HRS2218274,HRI1703318
HRS2218275,HRI1703318
HRS2218276,HRI1703319
HRS2218277,HRI1703319
HRS2218278,HRI1703320
HRS2218279,HRI1703320
HRS2218280,HRI1703321
HRS2218281,HRI1703321
HRS2218282,HRI1703322
HRS2218283,HRI1703322
HRS2218284,HRI1703323
HRS2218285,HRI1703323
HRS2218286,HRI1703324
HRS2218287,HRI1703324
HRS2218288,HRI1703325
HRS2218289,HRI1703325
HRS2218290,HRI1703326
HRS2218291,HRI1703326
HRS2218292,HRI1703327
HRS2218293,HRI1703327
HRS2218294,HRI1703328
HRS2218295,HRI1703328
HRS2218296,HRI1703329
HRS2218297,HRI1703329
HRS2218298,HRI1703330
HRS2218299,HRI1703330
HRS2218300,HRI1703331
HRS2218301,HRI1703331
HRS2218302,HRI1703332
HRS2218303,HRI1703332
HRS2218304,HRI1703333
HRS2218305,HRI1703333
HRS2218306,HRI1703334
HRS2218307,HRI1703334
HRS2218308,HRI1703335
HRS2218309,HRI1703335
HRS2218310,HRI1703336
HRS2218311,HRI1703336
HRS2218312,HRI1703337
HRS2218313,HRI1703337
HRS2218314,HRI1703338
HRS2218315,HRI1703338
HRS2218316,HRI1703339
HRS2218317,HRI1703339
HRS2218318,HRI1703340
HRS2218319,HRI1703340
HRS2218320,HRI1703341
HRS2218321,HRI1703341
HRS2218322,HRI1703342
HRS2218323,HRI1703342
HRS2218324,HRI1703343
HRS2218325,HRI1703343
HRS2218326,HRI1703344
HRS2218327,HRI1703344
HRS2218328,HRI1703345
HRS2218329,HRI1703345
HRS2218330,HRI1703346
HRS2218331,HRI1703346
HRS2218332,HRI1703347
HRS2218333,HRI1703347
HRS2218334,HRI1703348
HRS2218335,HRI1703348
HRS2218336,HRI1703349
HRS2218337,HRI1703349
HRS2218338,HRI1703350
HRS2218339,HRI1703350
HRS2218340,HRI1703351
HRS2218341,HRI1703351
HRS2218342,HRI1703352
HRS2218343,HRI1703352
HRS2218344,HRI1703353
HRS2218345,HRI1703353
HRS2218346,HRI1703354
HRS2218347,HRI1703354
HRS2218348,HRI1703355
HRS2218349,HRI1703355
HRS2218350,HRI1703356
HRS2218351,HRI1703356
HRS2218352,HRI1703357
HRS2218353,HRI1703357
HRS2218354,HRI1703358
HRS2218355,HRI1703358
HRS2218356,HRI1703359
HRS2218357,HRI1703359
HRS2218358,HRI1703360
HRS2218359,HRI1703360
HRS2218360,HRI1703361
HRS2218361,HRI1703361
HRS2218362,HRI1703362
HRS2218363,HRI1703362
HRS2218364,HRI1703363
HRS2218365,HRI1703363
HRS2218366,HRI1703364
HRS2218367,HRI1703364
HRS2218368,HRI1703365
HRS2218369,HRI1703365
HRS2218370,HRI1703366
HRS2218371,HRI1703366
HRS2218372,HRI1703367
HRS2218373,HRI1703367
HRS2218374,HRI1703368
HRS2218375,HRI1703368
HRS2218376,HRI1703369
HRS2218377,HRI1703369
HRS2218378,HRI1703370
HRS2218379,HRI1703370
HRS2218380,HRI1703371
HRS2218381,HRI1703371
HRS2218382,HRI1703372
HRS2218383,HRI1703372
HRS2218384,HRI1703373
HRS2218385,HRI1703373
HRS2218386,HRI1703374
HRS2218387,HRI1703374
HRS2218388,HRI1703375
HRS2218389,HRI1703375
HRS2218390,HRI1703376
HRS2218391,HRI1703376
HRS2218392,HRI1703377
HRS2218393,HRI1703377
HRS2218394,HRI1703378
HRS2218395,HRI1703378
HRS2218396,HRI1703379
HRS2218397,HRI1703379
HRS2218398,HRI1703380
HRS2218399,HRI1703380
HRS2218400,HRI1703381
HRS2218401,HRI1703381
HRS2218402,HRI1703382
HRS2218403,HRI1703382
HRS2218404,HRI1703383
HRS2218405,HRI1703383
HRS2218406,HRI1703384
HRS2218407,HRI1703384
HRS2218408,HRI1703385
HRS2218409,HRI1703385
HRS2218410,HRI1703386
HRS2218411,HRI1703386
HRS2218412,HRI1703387
HRS2218413,HRI1703387
HRS2218414,HRI1703388
HRS2218415,HRI1703388
HRS2218416,HRI1703389
HRS2218417,HRI1703389
HRS2218418,HRI1703390
HRS2218419,HRI1703390
HRS2218420,HRI1703391
HRS2218421,HRI1703391
HRS2218422,HRI1703392
HRS2218423,HRI1703392
HRS2218424,HRI1703393
HRS2218425,HRI1703393
HRS2218426,HRI1703394
HRS2218427,HRI1703394
HRS2218428,HRI1703395
HRS2218429,HRI1703395
HRS2218430,HRI1703396
HRS2218431,HRI1703396
HRS2218432,HRI1703397
HRS2218433,HRI1703397
HRS2218434,HRI1703398
HRS2218435,HRI1703398
HRS2218436,HRI1703399
HRS2218437,HRI1703399
HRS2218438,HRI1703400
HRS2218439,HRI1703400
HRS2218440,HRI1703401
HRS2218441,HRI1703401
HRS2218442,HRI1703402
HRS2218443,HRI1703402
HRS2218444,HRI1703403
HRS2218445,HRI1703403
HRS2218446,HRI1703404
HRS2218447,HRI1703404
HRS2218448,HRI1703405
HRS2218449,HRI1703405
HRS2218450,HRI1703406
HRS2218451,HRI1703406
HRS2218452,HRI1703407
HRS2218453,HRI1703407
HRS2218454,HRI1703408
HRS2218455,HRI1703408
HRS2218456,HRI1703409
HRS2218457,HRI1703409
HRS2218458,HRI1703410
HRS2218459,HRI1703410
HRS2218460,HRI1703411
HRS2218461,HRI1703411
HRS2218462,HRI1703412
HRS2218463,HRI1703412
HRS2218464,HRI1703413
HRS2218465,HRI1703413
HRS2218466,HRI1703414
HRS2218467,HRI1703414
HRS2218468,HRI1703415
HRS2218469,HRI1703415
HRS2218470,HRI1703416
HRS2218471,HRI1703416
HRS2218472,HRI1703417
HRS2218473,HRI1703417
HRS2218474,HRI1703418
HRS2218475,HRI1703418
HRS2218476,HRI1703419
HRS2218477,HRI1703419
HRS2218478,HRI1703420
HRS2218479,HRI1703420
HRS2218480,HRI1703421
HRS2218481,HRI1703421
HRS2218482,HRI1703422
HRS2218483,HRI1703422
HRS2218484,HRI1703423
HRS2218485,HRI1703423
HRS2218486,HRI1703424
HRS2218487,HRI1703424
HRS2218488,HRI1703425
HRS2218489,HRI1703425
HRS2218490,HRI1703426
HRS2218491,HRI1703426
HRS2218492,HRI1703427
HRS2218493,HRI1703427
HRS2218494,HRI1703428
HRS2218495,HRI1703428
HRS2218496,HRI1703429
HRS2218497,HRI1703429
HRS2218498,HRI1703430
HRS2218499,HRI1703430
HRS2218500,HRI1703431
HRS2218501,HRI1703431
HRS2218502,HRI1703432
HRS2218503,HRI1703432
HRS2218504,HRI1703433
HRS2218505,HRI1703433
HRS2218506,HRI1703434
HRS2218507,HRI1703434
HRS2218508,HRI1703435
HRS2218509,HRI1703435
HRS2218510,HRI1703436
HRS2218511,HRI1703436
HRS2218512,HRI1703437
HRS2218513,HRI1703437
HRS2218514,HRI1703438
HRS2218515,HRI1703438
HRS2218516,HRI1703439
HRS2218517,HRI1703439
HRS2218518,HRI1703440
HRS2218519,HRI1703440
HRS2218520,HRI1703441
HRS2218521,HRI1703441
HRS2218522,HRI1703442
HRS2218523,HRI1703442
HRS2218524,HRI1703443
HRS2218525,HRI1703443
HRS2218526,HRI1703444
HRS2218527,HRI1703444
HRS2218528,HRI1703445
HRS2218529,HRI1703445
HRS2218530,HRI1703446
HRS2218531,HRI1703446
HRS2218532,HRI1703447
HRS2218533,HRI1703447
HRS2218534,HRI1703448
HRS2218535,HRI1703448
HRS2218536,HRI1703449
HRS2218537,HRI1703449
HRS2218538,HRI1703450
HRS2218539,HRI1703450
HRS2218540,HRI1703451
HRS2218541,HRI1703451
HRS2218542,HRI1703452
HRS2218543,HRI1703452
HRS2218544,HRI1703453
HRS2218545,HRI1703453
HRS2218546,HRI1703454
HRS2218547,HRI1703454
HRS2218548,HRI1703455
HRS2218549,HRI1703455
HRS2218550,HRI1703456
HRS2218551,HRI1703456
HRS2218552,HRI1703457
HRS2218553,HRI1703457
HRS2218554,HRI1703458
HRS2218555,HRI1703458
HRS2218556,HRI1703459
HRS2218557,HRI1703459
HRS2218558,HRI1703460
HRS2218559,HRI1703460
HRS2218560,HRI1703461
HRS2218561,HRI1703461
HRS2218562,HRI1703462
HRS2218563,HRI1703462
HRS2218564,HRI1703463
HRS2218565,HRI1703463
HRS2218566,HRI1703464
HRS2218567,HRI1703464
HRS2218568,HRI1703465
HRS2218569,HRI1703465
HRS2218570,HRI1703466
HRS2218571,HRI1703466
HRS2218572,HRI1703467
HRS2218573,HRI1703467
HRS2218574,HRI1703468
HRS2218575,HRI1703468
HRS2218576,HRI1703469
HRS2218577,HRI1703469
HRS2218578,HRI1703470
HRS2218579,HRI1703470
HRS2218580,HRI1703471
HRS2218581,HRI1703471
HRS2218582,HRI1703472
HRS2218583,HRI1703472
HRS2218584,HRI1703473
HRS2218585,HRI1703473
HRS2218586,HRI1703474
HRS2218587,HRI1703474
HRS2218588,HRI1703475
HRS2218589,HRI1703475
HRS2218590,HRI1703476
HRS2218591,HRI1703476
HRS2218592,HRI1703477
HRS2218593,HRI1703477
HRS2218594,HRI1703478
HRS2218595,HRI1703478
HRS2218596,HRI1703479
HRS2218597,HRI1703479
HRS2218598,HRI1703480
HRS2218599,HRI1703480
HRS2218600,HRI1703481
HRS2218601,HRI1703481
HRS2218602,HRI1703482
HRS2218603,HRI1703482
HRS2218604,HRI1703483
HRS2218605,HRI1703483
HRS2218606,HRI1703484
HRS2218607,HRI1703484
HRS2218608,HRI1703485
HRS2218609,HRI1703485
HRS2218610,HRI1703486
HRS2218611,HRI1703486
HRS2218612,HRI1703487
HRS2218613,HRI1703487
HRS2218614,HRI1703488
HRS2218615,HRI1703488
HRS2218616,HRI1703489
HRS2218617,HRI1703489
HRS2218618,HRI1703490
HRS2218619,HRI1703490
HRS2218620,HRI1703491
HRS2218621,HRI1703491
HRS2218622,HRI1703492
HRS2218623,HRI1703492
HRS2218624,HRI1703493
HRS2218625,HRI1703493
HRS2218626,HRI1703494
HRS2218627,HRI1703494
HRS2218628,HRI1703495
HRS2218629,HRI1703495
HRS2218630,HRI1703496
HRS2218631,HRI1703496
HRS2218632,HRI1703497
HRS2218633,HRI1703497
HRS2218634,HRI1703498
HRS2218635,HRI1703498
HRS2218636,HRI1703499
HRS2218637,HRI1703499
HRS2218638,HRI1703500
HRS2218639,HRI1703500
HRS2218640,HRI1703501
HRS2218641,HRI1703501
HRS2218642,HRI1703502
HRS2218643,HRI1703502
HRS2218644,HRI1703503
HRS2218645,HRI1703503
HRS2218646,HRI1703504
HRS2218647,HRI1703504
HRS2218648,HRI1703505
HRS2218649,HRI1703505
HRS2218650,HRI1703506
HRS2218651,HRI1703506
HRS2218652,HRI1703507
HRS2218653,HRI1703507
HRS2218654,HRI1703508
HRS2218655,HRI1703508
HRS2218656,HRI1703509
HRS2218657,HRI1703509
HRS2218658,HRI1703510
HRS2218659,HRI1703510
HRS2218660,HRI1703511
HRS2218661,HRI1703511
HRS2218662,HRI1703512
HRS2218663,HRI1703512
HRS2218664,HRI1703513
HRS2218665,HRI1703513
HRS2218666,HRI1703514
HRS2218667,HRI1703514
HRS2218668,HRI1703515
HRS2218669,HRI1703515
HRS2218670,HRI1703516
HRS2218671,HRI1703516
HRS2218672,HRI1703517
HRS2218673,HRI1703517
HRS2218674,HRI1703518
HRS2218675,HRI1703518
HRS2218676,HRI1703519
HRS2218677,HRI1703519
HRS2218678,HRI1703520
HRS2218679,HRI1703520
HRS2218680,HRI1703521
HRS2218681,HRI1703521
HRS2218682,HRI1703522
HRS2218683,HRI1703522
HRS2218684,HRI1703523
HRS2218685,HRI1703523
HRS2218686,HRI1703524
HRS2218687,HRI1703524
HRS2218688,HRI1703525
HRS2218689,HRI1703525
HRS2218690,HRI1703526
HRS2218691,HRI1703526
HRS2218692,HRI1703527
HRS2218693,HRI1703527
HRS2218694,HRI1703528
HRS2218695,HRI1703528
HRS2218696,HRI1703529
HRS2218697,HRI1703529
HRS2218698,HRI1703530
HRS2218699,HRI1703530
HRS2218700,HRI1703531
HRS2218701,HRI1703531
HRS2218702,HRI1703532
HRS2218703,HRI1703532
HRS2218704,HRI1703533
HRS2218705,HRI1703533
HRS2218706,HRI1703534
HRS2218707,HRI1703534
HRS2218708,HRI1703535
HRS2218709,HRI1703535
HRS000455,HRI000455
HRS000108,HRI000108
HRS000546,HRI000546
HRS000454,HRI000454
HRS000267,HRI000267
HRS000001,HRI000001
HRS000193,HRI000193
HRS000002,HRI000002
HRS000268,HRI000268
HRS000269,HRI000269
HRS000270,HRI000270
HRS000453,HRI000453
HRS000003,HRI000003
HRS000183,HRI000183
HRS000257,HRI000257
HRS000128,HRI000128
HRS000545,HRI000545
HRS000256,HRI000256
HRS000452,HRI000452
HRS000544,HRI000544
HRS000004,HRI000004
HRS000271,HRI000271
HRS000451,HRI000451
HRS000543,HRI000543
HRS000072,HRI000072
HRS000450,HRI000450
HRS000078,HRI000078
HRS000226,HRI000226
HRS000122,HRI000122
HRS000449,HRI000449
HRS000202,HRI000202
HRS000141,HRI000141
HRS000161,HRI000161
HRS000542,HRI000542
HRS000448,HRI000448
HRS000140,HRI000140
HRS000447,HRI000447
HRS000166,HRI000166
HRS000203,HRI000203
HRS000446,HRI000446
HRS000272,HRI000272
HRS000255,HRI000255
HRS000541,HRI000541
HRS000273,HRI000273
HRS000174,HRI000174
HRS000274,HRI000274
HRS000172,HRI000172
HRS000445,HRI000445
HRS000259,HRI000259
HRS000005,HRI000005
HRS000170,HRI000170
HRS000006,HRI000006
HRS000169,HRI000169
HRS000275,HRI000275
HRS000444,HRI000444
HRS000211,HRI000211
HRS000540,HRI000540
HRS000204,HRI000204
HRS000539,HRI000539
HRS000538,HRI000538
HRS000231,HRI000231
HRS000220,HRI000220
HRS000007,HRI000007
HRS000076,HRI000076
HRS000139,HRI000139
HRS000219,HRI000219
HRS000443,HRI000443
HRS000537,HRI000537
HRS000442,HRI000442
HRS000008,HRI000008
HRS000441,HRI000441
HRS000071,HRI000071
HRS000009,HRI000009
HRS000228,HRI000228
HRS000440,HRI000440
HRS000010,HRI000010
HRS000011,HRI000011
HRS000222,HRI000222
HRS000536,HRI000536
HRS000134,HRI000134
HRS000535,HRI000535
HRS000276,HRI000276
HRS000012,HRI000012
HRS000253,HRI000253
HRS000234,HRI000234
HRS000266,HRI000266
HRS000439,HRI000439
HRS000438,HRI000438
HRS000534,HRI000534
HRS000096,HRI000096
HRS000437,HRI000437
HRS000533,HRI000533
HRS000532,HRI000532
HRS000277,HRI000277
HRS000531,HRI000531
HRS000069,HRI000069
HRS000530,HRI000530
HRS000278,HRI000278
HRS000279,HRI000279
HRS000013,HRI000013
HRS000201,HRI000201
HRS000254,HRI000254
HRS000436,HRI000436
HRS000529,HRI000529
HRS000014,HRI000014
HRS000015,HRI000015
HRS000016,HRI000016
HRS000095,HRI000095
HRS000435,HRI000435
HRS000265,HRI000265
HRS000221,HRI000221
HRS000017,HRI000017
HRS000528,HRI000528
HRS000280,HRI000280
HRS000434,HRI000434
HRS000073,HRI000073
HRS000433,HRI000433
HRS000432,HRI000432
HRS000080,HRI000080
HRS000101,HRI000101
HRS000281,HRI000281
HRS000018,HRI000018
HRS000527,HRI000527
HRS000177,HRI000177
HRS000167,HRI000167
HRS000189,HRI000189
HRS000224,HRI000224
HRS000112,HRI000112
HRS000282,HRI000282
HRS000431,HRI000431
HRS000019,HRI000019
HRS000430,HRI000430
HRS000283,HRI000283
HRS000020,HRI000020
HRS000526,HRI000526
HRS000429,HRI000429
HRS000060,HRI000060
HRS000428,HRI000428
HRS000427,HRI000427
HRS000426,HRI000426
HRS000173,HRI000173
HRS000162,HRI000162
HRS000092,HRI000092
HRS000062,HRI000062
HRS000021,HRI000021
HRS000425,HRI000425
HRS000022,HRI000022
HRS000023,HRI000023
HRS000525,HRI000525
HRS000524,HRI000524
HRS000199,HRI000199
HRS000284,HRI000284
HRS000093,HRI000093
HRS000523,HRI000523
HRS000424,HRI000424
HRS000285,HRI000285
HRS000286,HRI000286
HRS000120,HRI000120
HRS000287,HRI000287
HRS000288,HRI000288
HRS000289,HRI000289
HRS000522,HRI000522
HRS000423,HRI000423
HRS000521,HRI000521
HRS000232,HRI000232
HRS000520,HRI000520
HRS000290,HRI000290
HRS000519,HRI000519
HRS000291,HRI000291
HRS000246,HRI000246
HRS000292,HRI000292
HRS000176,HRI000176
HRS000074,HRI000074
HRS000518,HRI000518
HRS000422,HRI000422
HRS000066,HRI000066
HRS000213,HRI000213
HRS000421,HRI000421
HRS000517,HRI000517
HRS000595,HRI000595
HRS000516,HRI000516
HRS000127,HRI000127
HRS000515,HRI000515
HRS000024,HRI000024
HRS000420,HRI000420
HRS000206,HRI000206
HRS000179,HRI000179
HRS000293,HRI000293
HRS000216,HRI000216
HRS000294,HRI000294
HRS000295,HRI000295
HRS000025,HRI000025
HRS000205,HRI000205
HRS000142,HRI000142
HRS000147,HRI000147
HRS000597,HRI000597
HRS000419,HRI000419
HRS000077,HRI000077
HRS000178,HRI000178
HRS000514,HRI000514
HRS000418,HRI000418
HRS000296,HRI000296
HRS000121,HRI000121
HRS000251,HRI000251
HRS000218,HRI000218
HRS000026,HRI000026
HRS000163,HRI000163
HRS000297,HRI000297
HRS000417,HRI000417
HRS000298,HRI000298
HRS000416,HRI000416
HRS000415,HRI000415
HRS000230,HRI000230
HRS000513,HRI000513
HRS000414,HRI000414
HRS000299,HRI000299
HRS000064,HRI000064
HRS000260,HRI000260
HRS000413,HRI000413
HRS000065,HRI000065
HRS000159,HRI000159
HRS000300,HRI000300
HRS000412,HRI000412
HRS000512,HRI000512
HRS000067,HRI000067
HRS000059,HRI000059
HRS000027,HRI000027
HRS000126,HRI000126
HRS000511,HRI000511
HRS000411,HRI000411
HRS000510,HRI000510
HRS000509,HRI000509
HRS000146,HRI000146
HRS000301,HRI000301
HRS000160,HRI000160
HRS000154,HRI000154
HRS000410,HRI000410
HRS000508,HRI000508
HRS000409,HRI000409
HRS000408,HRI000408
HRS000190,HRI000190
HRS000089,HRI000089
HRS000188,HRI000188
HRS000028,HRI000028
HRS000302,HRI000302
HRS000407,HRI000407
HRS000303,HRI000303
HRS000507,HRI000507
HRS000304,HRI000304
HRS000130,HRI000130
HRS000305,HRI000305
HRS000506,HRI000506
HRS000111,HRI000111
HRS000306,HRI000306
HRS000307,HRI000307
HRS000406,HRI000406
HRS000208,HRI000208
HRS000227,HRI000227
HRS000308,HRI000308
HRS000309,HRI000309
HRS000165,HRI000165
HRS000263,HRI000263
HRS000405,HRI000405
HRS000310,HRI000310
HRS000106,HRI000106
HRS000235,HRI000235
HRS000505,HRI000505
HRS000404,HRI000404
HRS000311,HRI000311
HRS000312,HRI000312
HRS000239,HRI000239
HRS000185,HRI000185
HRS000403,HRI000403
HRS000402,HRI000402
HRS000401,HRI000401
HRS000400,HRI000400
HRS000233,HRI000233
HRS000200,HRI000200
HRS000029,HRI000029
HRS000399,HRI000399
HRS000097,HRI000097
HRS000117,HRI000117
HRS000313,HRI000313
HRS000504,HRI000504
HRS000503,HRI000503
HRS000502,HRI000502
HRS000090,HRI000090
HRS000145,HRI000145
HRS000068,HRI000068
HRS000501,HRI000501
HRS000030,HRI000030
HRS000314,HRI000314
HRS000398,HRI000398
HRS000315,HRI000315
HRS000500,HRI000500
HRS000114,HRI000114
HRS000499,HRI000499
HRS000316,HRI000316
HRS000397,HRI000397
HRS000317,HRI000317
HRS000082,HRI000082
HRS000151,HRI000151
HRS000582,HRI000582
HRS000396,HRI000396
HRS000318,HRI000318
HRS000158,HRI000158
HRS000581,HRI000581
HRS000395,HRI000395
HRS000319,HRI000319
HRS000580,HRI000580
HRS000137,HRI000137
HRS000320,HRI000320
HRS000394,HRI000394
HRS000084,HRI000084
HRS000579,HRI000579
HRS000031,HRI000031
HRS000321,HRI000321
HRS000155,HRI000155
HRS000393,HRI000393
HRS000392,HRI000392
HRS000081,HRI000081
HRS000214,HRI000214
HRS000322,HRI000322
HRS000032,HRI000032
HRS000107,HRI000107
HRS000323,HRI000323
HRS000391,HRI000391
HRS000324,HRI000324
HRS000390,HRI000390
HRS000136,HRI000136
HRS000033,HRI000033
HRS000325,HRI000325
HRS000217,HRI000217
HRS000389,HRI000389
HRS000388,HRI000388
HRS000578,HRI000578
HRS000326,HRI000326
HRS000387,HRI000387
HRS000327,HRI000327
HRS000577,HRI000577
HRS000328,HRI000328
HRS000070,HRI000070
HRS000061,HRI000061
HRS000386,HRI000386
HRS000258,HRI000258
HRS000385,HRI000385
HRS000245,HRI000245
HRS000088,HRI000088
HRS000329,HRI000329
HRS000576,HRI000576
HRS000138,HRI000138
HRS000330,HRI000330
HRS000575,HRI000575
HRS000102,HRI000102
HRS000209,HRI000209
HRS000384,HRI000384
HRS000331,HRI000331
HRS000383,HRI000383
HRS000223,HRI000223
HRS000243,HRI000243
HRS000382,HRI000382
HRS000332,HRI000332
HRS000333,HRI000333
HRS000212,HRI000212
HRS000063,HRI000063
HRS000248,HRI000248
HRS000034,HRI000034
HRS000381,HRI000381
HRS000035,HRI000035
HRS000131,HRI000131
HRS000380,HRI000380
HRS000164,HRI000164
HRS000334,HRI000334
HRS000236,HRI000236
HRS000156,HRI000156
HRS000247,HRI000247
HRS000335,HRI000335
HRS000229,HRI000229
HRS000036,HRI000036
HRS000336,HRI000336
HRS000252,HRI000252
HRS000379,HRI000379
HRS000337,HRI000337
HRS000338,HRI000338
HRS000197,HRI000197
HRS000339,HRI000339
HRS000103,HRI000103
HRS000037,HRI000037
HRS000250,HRI000250
HRS000340,HRI000340
HRS000498,HRI000498
HRS000109,HRI000109
HRS000182,HRI000182
HRS000100,HRI000100
HRS000497,HRI000497
HRS000195,HRI000195
HRS000238,HRI000238
HRS000341,HRI000341
HRS000342,HRI000342
HRS000343,HRI000343
HRS000496,HRI000496
HRS000495,HRI000495
HRS000038,HRI000038
HRS000494,HRI000494
HRS000191,HRI000191
HRS000493,HRI000493
HRS000091,HRI000091
HRS000492,HRI000492
HRS000344,HRI000344
HRS000491,HRI000491
HRS000345,HRI000345
HRS000346,HRI000346
HRS000104,HRI000104
HRS000347,HRI000347
HRS000262,HRI000262
HRS000083,HRI000083
HRS000110,HRI000110
HRS000490,HRI000490
HRS000489,HRI000489
HRS000180,HRI000180
HRS000039,HRI000039
HRS000488,HRI000488
HRS000348,HRI000348
HRS000132,HRI000132
HRS000040,HRI000040
HRS000349,HRI000349
HRS000192,HRI000192
HRS000350,HRI000350
HRS000041,HRI000041
HRS000596,HRI000596
HRS000194,HRI000194
HRS000123,HRI000123
HRS000042,HRI000042
HRS000351,HRI000351
HRS000352,HRI000352
HRS000058,HRI000058
HRS000043,HRI000043
HRS000113,HRI000113
HRS000148,HRI000148
HRS000353,HRI000353
HRS000354,HRI000354
HRS000487,HRI000487
HRS000355,HRI000355
HRS000356,HRI000356
HRS000094,HRI000094
HRS000125,HRI000125
HRS000044,HRI000044
HRS000486,HRI000486
HRS000118,HRI000118
HRS000215,HRI000215
HRS000129,HRI000129
HRS000045,HRI000045
HRS000357,HRI000357
HRS000046,HRI000046
HRS000085,HRI000085
HRS000116,HRI000116
HRS000485,HRI000485
HRS000358,HRI000358
HRS000241,HRI000241
HRS000484,HRI000484
HRS000483,HRI000483
HRS000482,HRI000482
HRS000075,HRI000075
HRS000237,HRI000237
HRS000261,HRI000261
HRS000359,HRI000359
HRS000047,HRI000047
HRS000360,HRI000360
HRS000198,HRI000198
HRS000210,HRI000210
HRS000481,HRI000481
HRS000361,HRI000361
HRS000362,HRI000362
HRS000175,HRI000175
HRS000480,HRI000480
HRS000479,HRI000479
HRS000244,HRI000244
HRS000048,HRI000048
HRS000478,HRI000478
HRS000242,HRI000242
HRS000363,HRI000363
HRS000477,HRI000477
HRS000364,HRI000364
HRS000049,HRI000049
HRS000225,HRI000225
HRS000149,HRI000149
HRS000476,HRI000476
HRS000475,HRI000475
HRS000240,HRI000240
HRS000050,HRI000050
HRS000196,HRI000196
HRS000365,HRI000365
HRS000366,HRI000366
HRS000099,HRI000099
HRS000264,HRI000264
HRS000051,HRI000051
HRS000168,HRI000168
HRS000367,HRI000367
HRS000184,HRI000184
HRS000368,HRI000368
HRS000474,HRI000474
HRS000369,HRI000369
HRS000052,HRI000052
HRS000207,HRI000207
HRS000473,HRI000473
HRS000153,HRI000153
HRS000472,HRI000472
HRS000370,HRI000370
HRS000371,HRI000371
HRS000471,HRI000471
HRS000470,HRI000470
HRS000372,HRI000372
HRS000053,HRI000053
HRS000171,HRI000171
HRS000373,HRI000373
HRS000143,HRI000143
HRS000152,HRI000152
HRS000469,HRI000469
HRS000468,HRI000468
HRS000467,HRI000467
HRS000374,HRI000374
HRS000144,HRI000144
HRS000466,HRI000466
HRS000133,HRI000133
HRS000465,HRI000465
HRS000375,HRI000375
HRS000124,HRI000124
HRS000054,HRI000054
HRS000055,HRI000055
HRS000464,HRI000464
HRS000181,HRI000181
HRS000079,HRI000079
HRS000463,HRI000463
HRS000376,HRI000376
HRS000135,HRI000135
HRS000462,HRI000462
HRS000119,HRI000119
HRS000087,HRI000087
HRS000105,HRI000105
HRS000249,HRI000249
HRS000461,HRI000461
HRS000186,HRI000186
HRS000056,HRI000056
HRS000460,HRI000460
HRS000150,HRI000150
HRS000187,HRI000187
HRS000377,HRI000377
HRS000115,HRI000115
HRS000378,HRI000378
HRS000459,HRI000459
HRS000057,HRI000057
HRS000157,HRI000157
HRS000458,HRI000458
HRS000086,HRI000086
HRS000457,HRI000457
HRS000456,HRI000456
HRS000098,HRI000098
