sample_accession,individual_accession
HRS023383,HRI023383
HRS023384,HRI023384
HRS023385,HRI023385
HRS023386,HRI023386
HRS023387,HRI023387
HRS023388,HRI023388
HRS023389,HRI023389
HRS023390,HRI023390
HRS023391,HRI023391
HRS023392,HRI023392
HRS023393,HRI023393
HRS023394,HRI023394
HRS023395,HRI023395
HRS023396,HRI023396
HRS023397,HRI023397
HRS023398,HRI023398
HRS023399,HRI023399
HRS023400,HRI023400
HRS023401,HRI023401
HRS023402,HRI023402
HRS023403,HRI023403
HRS023404,HRI023404
HRS023405,HRI023405
HRS023406,HRI023406
HRS023407,HRI023407
HRS023408,HRI023408
HRS023409,HRI023409
HRS023410,HRI023410
HRS023411,HRI023411
HRS023412,HRI023412
HRS023413,HRI023413
HRS023414,HRI023414
HRS023415,HRI023415
HRS023416,HRI023416
HRS023417,HRI023417
HRS023418,HRI023418
HRS023419,HRI023419
HRS023420,HRI023420
HRS023421,HRI023421
HRS023422,HRI023422
HRS023423,HRI023423
HRS023424,HRI023424
HRS023425,HRI023425
HRS023426,HRI023426
HRS023427,HRI023427
HRS023428,HRI023428
HRS023429,HRI023429
HRS023430,HRI023430
HRS023431,HRI023431
HRS023432,HRI023432
HRS023433,HRI023433
HRS023434,HRI023434
HRS023435,HRI023435
HRS023436,HRI023436
HRS023437,HRI023437
HRS023438,HRI023438
HRS023439,HRI023439
HRS023440,HRI023440
HRS023441,HRI023441
HRS023442,HRI023442
HRS023443,HRI023443
HRS023444,HRI023444
HRS023445,HRI023445
HRS023446,HRI023446
HRS023447,HRI023447
HRS023448,HRI023448
HRS023449,HRI023449
HRS023450,HRI023450
HRS023451,HRI023451
HRS023452,HRI023452
HRS023453,HRI023453
HRS023454,HRI023454
HRS023455,HRI023455
HRS023456,HRI023456
HRS023457,HRI023457
HRS023458,HRI023458
HRS023459,HRI023459
HRS023460,HRI023460
HRS023461,HRI023461
HRS023462,HRI023462
HRS023463,HRI023463
HRS023464,HRI023464
HRS023465,HRI023465
HRS023466,HRI023466
HRS023467,HRI023467
HRS023468,HRI023468
HRS023469,HRI023469
HRS023470,HRI023470
HRS023471,HRI023471
HRS023472,HRI023472
HRS023473,HRI023473
HRS023474,HRI023474
HRS023475,HRI023475
HRS023476,HRI023476
HRS023477,HRI023477
HRS023478,HRI023478
HRS023479,HRI023479
HRS023480,HRI023480
HRS023481,HRI023481
HRS023482,HRI023482
HRS023483,HRI023483
HRS023484,HRI023484
HRS023485,HRI023485
HRS023486,HRI023486
HRS023487,HRI023487
HRS023488,HRI023488
HRS023489,HRI023489
HRS023490,HRI023490
HRS023491,HRI023491
HRS023492,HRI023492
HRS023493,HRI023493
HRS023494,HRI023494
HRS023495,HRI023495
HRS023496,HRI023496
HRS023497,HRI023497
HRS023498,HRI023498
HRS023499,HRI023499
HRS023500,HRI023500
HRS023501,HRI023501
HRS023502,HRI023502
HRS023503,HRI023503
HRS023504,HRI023504
HRS023505,HRI023505
HRS023506,HRI023506
HRS023507,HRI023507
HRS023508,HRI023508
HRS023509,HRI023509
HRS023510,HRI023510
HRS023511,HRI023511
HRS023512,HRI023512
HRS023513,HRI023513
HRS023514,HRI023514
HRS023515,HRI023515
HRS023516,HRI023516
HRS023517,HRI023517
HRS023518,HRI023518
HRS023519,HRI023519
HRS023520,HRI023520
HRS023521,HRI023521
HRS023522,HRI023522
HRS023523,HRI023523
HRS023524,HRI023524
HRS023525,HRI023525
HRS023526,HRI023526
HRS023527,HRI023527
HRS023528,HRI023528
HRS023529,HRI023529
HRS023530,HRI023530
HRS023531,HRI023531
HRS023532,HRI023532
HRS023533,HRI023533
HRS023534,HRI023534
HRS023535,HRI023535
HRS023536,HRI023536
HRS023537,HRI023537
HRS023538,HRI023538
HRS023539,HRI023539
HRS023540,HRI023540
HRS023541,HRI023541
HRS023542,HRI023542
HRS023543,HRI023543
HRS023544,HRI023544
HRS023545,HRI023545
HRS023546,HRI023546
HRS023547,HRI023547
HRS023548,HRI023548
HRS023549,HRI023549
HRS023550,HRI023550
HRS023551,HRI023551
HRS023552,HRI023552
HRS023553,HRI023553
HRS023554,HRI023554
HRS023555,HRI023555
HRS023556,HRI023556
HRS023557,HRI023557
HRS023558,HRI023558
HRS023559,HRI023559
HRS023560,HRI023560
HRS023561,HRI023561
HRS023562,HRI023562
HRS023563,HRI023563
HRS023564,HRI023564
HRS023565,HRI023565
HRS023566,HRI023566
HRS023567,HRI023567
HRS023568,HRI023568
HRS023569,HRI023569
HRS023570,HRI023570
HRS023571,HRI023571
HRS023572,HRI023572
HRS023573,HRI023573
HRS023574,HRI023574
HRS023575,HRI023575
HRS023576,HRI023576
HRS023577,HRI023577
HRS023578,HRI023578
HRS023579,HRI023579
HRS023580,HRI023580
HRS023581,HRI023581
HRS023582,HRI023582
HRS023583,HRI023583
HRS023584,HRI023584
HRS023585,HRI023585
HRS023586,HRI023586
HRS023587,HRI023587
HRS023588,HRI023588
HRS023589,HRI023589
HRS023590,HRI023590
HRS023591,HRI023591
HRS023592,HRI023592
HRS023593,HRI023593
HRS023594,HRI023594
HRS023595,HRI023595
HRS023596,HRI023596
HRS023597,HRI023597
HRS023598,HRI023598
HRS023599,HRI023599
HRS023600,HRI023600
HRS023601,HRI023601
HRS023602,HRI023602
HRS023603,HRI023603
HRS023604,HRI023604
HRS023605,HRI023605
HRS023606,HRI023606
HRS023607,HRI023607
HRS023608,HRI023608
HRS023609,HRI023609
HRS023610,HRI023610
HRS023611,HRI023611
HRS023612,HRI023612
HRS023613,HRI023613
HRS023614,HRI023614
HRS023615,HRI023615
HRS023616,HRI023616
HRS023617,HRI023617
HRS023618,HRI023618
HRS023619,HRI023619
HRS023620,HRI023620
HRS023621,HRI023621
HRS023622,HRI023622
HRS023623,HRI023623
HRS023624,HRI023624
HRS023625,HRI023625
HRS023626,HRI023626
HRS023627,HRI023627
HRS023628,HRI023628
HRS023629,HRI023629
HRS023630,HRI023630
HRS023631,HRI023631
HRS023632,HRI023632
HRS023633,HRI023633
HRS023634,HRI023634
HRS023635,HRI023635
HRS023636,HRI023636
HRS023637,HRI023637
HRS023638,HRI023638
HRS023639,HRI023639
HRS023640,HRI023640
HRS023641,HRI023641
HRS023642,HRI023642
HRS023643,HRI023643
HRS023644,HRI023644
HRS023645,HRI023645
HRS023646,HRI023646
HRS023647,HRI023647
HRS023648,HRI023648
HRS023649,HRI023649
HRS023650,HRI023650
HRS023651,HRI023651
HRS023652,HRI023652
HRS023653,HRI023653
HRS023654,HRI023654
HRS023655,HRI023655
HRS023656,HRI023656
HRS023657,HRI023657
HRS023658,HRI023658
HRS023659,HRI023659
HRS023660,HRI023660
HRS023661,HRI023661
HRS023662,HRI023662
HRS023663,HRI023663
HRS023664,HRI023664
HRS023665,HRI023665
HRS023666,HRI023666
HRS023667,HRI023667
HRS023668,HRI023668
HRS023669,HRI023669
HRS023670,HRI023670
HRS023671,HRI023671
HRS023672,HRI023672
HRS023673,HRI023673
HRS023674,HRI023674
HRS023675,HRI023675
HRS023676,HRI023676
HRS023677,HRI023677
HRS023678,HRI023678
HRS023679,HRI023679
HRS023680,HRI023680
HRS023681,HRI023681
HRS023682,HRI023682
HRS023683,HRI023683
HRS023684,HRI023684
HRS023685,HRI023685
HRS023686,HRI023686
HRS023687,HRI023687
HRS023688,HRI023688
HRS023689,HRI023689
HRS023690,HRI023690
HRS023691,HRI023691
HRS023692,HRI023692
HRS023693,HRI023693
HRS023694,HRI023694
HRS023695,HRI023695
HRS023696,HRI023696
HRS023697,HRI023697
HRS023698,HRI023698
HRS023699,HRI023699
HRS023700,HRI023700
HRS023701,HRI023701
HRS023702,HRI023702
HRS023703,HRI023703
HRS023704,HRI023704
HRS023705,HRI023705
HRS023706,HRI023706
HRS023707,HRI023707
HRS023708,HRI023708
HRS023709,HRI023709
HRS023710,HRI023710
HRS023711,HRI023711
HRS023712,HRI023712
HRS023713,HRI023713
HRS023714,HRI023714
HRS023715,HRI023715
HRS023716,HRI023716
HRS023717,HRI023717
HRS023718,HRI023718
HRS023719,HRI023719
HRS023720,HRI023720
HRS023721,HRI023721
HRS023722,HRI023722
HRS023723,HRI023723
HRS023724,HRI023724
HRS023725,HRI023725
HRS023726,HRI023726
HRS023727,HRI023727
HRS023728,HRI023728
HRS023729,HRI023729
HRS023730,HRI023730
HRS023731,HRI023731
HRS023732,HRI023732
HRS023733,HRI023733
HRS023734,HRI023734
HRS023735,HRI023735
HRS023736,HRI023736
HRS023737,HRI023737
HRS023738,HRI023738
HRS023739,HRI023739
HRS023740,HRI023740
HRS023741,HRI023741
HRS023742,HRI023742
HRS023743,HRI023743
HRS023744,HRI023744
HRS023745,HRI023745
HRS023746,HRI023746
HRS023747,HRI023747
HRS023748,HRI023748
HRS023749,HRI023749
HRS023750,HRI023750
HRS023751,HRI023751
HRS023752,HRI023752
HRS023753,HRI023753
HRS023754,HRI023754
HRS023755,HRI023755
HRS023756,HRI023756
HRS023757,HRI023757
HRS023758,HRI023758
HRS023759,HRI023759
HRS023760,HRI023760
HRS023761,HRI023761
HRS023762,HRI023762
HRS023763,HRI023763
HRS023764,HRI023764
HRS023765,HRI023765
HRS023766,HRI023766
HRS023767,HRI023767
HRS023768,HRI023768
HRS023769,HRI023769
HRS023770,HRI023770
HRS023771,HRI023771
HRS023772,HRI023772
HRS023773,HRI023773
HRS023774,HRI023774
HRS023775,HRI023775
HRS023776,HRI023776
HRS023777,HRI023777
HRS023778,HRI023778
HRS023779,HRI023779
HRS023780,HRI023780
HRS023781,HRI023781
HRS023782,HRI023782
HRS023783,HRI023783
HRS023784,HRI023784
HRS023785,HRI023785
HRS023786,HRI023786
HRS023787,HRI023787
HRS023788,HRI023788
HRS023789,HRI023789
HRS023790,HRI023790
HRS023791,HRI023791
HRS023792,HRI023792
HRS023793,HRI023793
HRS023794,HRI023794
HRS023795,HRI023795
HRS023796,HRI023796
HRS023797,HRI023797
HRS023798,HRI023798
HRS023799,HRI023799
HRS023800,HRI023800
HRS023801,HRI023801
HRS023802,HRI023802
HRS023803,HRI023803
HRS023804,HRI023804
HRS023805,HRI023805
HRS023806,HRI023806
HRS023807,HRI023807
HRS023808,HRI023808
HRS023809,HRI023809
HRS023810,HRI023810
HRS023811,HRI023811
HRS023812,HRI023812
HRS023813,HRI023813
HRS023814,HRI023814
HRS023815,HRI023815
HRS023816,HRI023816
HRS023817,HRI023817
HRS023818,HRI023818
HRS023819,HRI023819
HRS023820,HRI023820
HRS023821,HRI023821
HRS023822,HRI023822
HRS023823,HRI023823
HRS023824,HRI023824
HRS023825,HRI023825
HRS023826,HRI023826
HRS023827,HRI023827
HRS023828,HRI023828
HRS023829,HRI023829
HRS023830,HRI023830
HRS023831,HRI023831
HRS023832,HRI023832
HRS023833,HRI023833
HRS023834,HRI023834
HRS023835,HRI023835
HRS023836,HRI023836
HRS023837,HRI023837
HRS023838,HRI023838
HRS023839,HRI023839
HRS023840,HRI023840
HRS023841,HRI023841
HRS023842,HRI023842
HRS023843,HRI023843
HRS023844,HRI023844
HRS023845,HRI023845
HRS023846,HRI023846
HRS023847,HRI023847
HRS023848,HRI023848
HRS023849,HRI023849
HRS023850,HRI023850
HRS023851,HRI023851
HRS023852,HRI023852
HRS023853,HRI023853
HRS023854,HRI023854
HRS023855,HRI023855
HRS023856,HRI023856
HRS023857,HRI023857
HRS023858,HRI023858
HRS023859,HRI023859
HRS023860,HRI023860
HRS023861,HRI023861
HRS023862,HRI023862
HRS023863,HRI023863
HRS023864,HRI023864
HRS023865,HRI023865
HRS023866,HRI023866
HRS023867,HRI023867
HRS023868,HRI023868
HRS023869,HRI023869
HRS023870,HRI023870
HRS023871,HRI023871
HRS023872,HRI023872
HRS023873,HRI023873
HRS023874,HRI023874
HRS023875,HRI023875
HRS023876,HRI023876
HRS023877,HRI023877
HRS023878,HRI023878
HRS023879,HRI023879
HRS023880,HRI023880
HRS023881,HRI023881
HRS023882,HRI023882
HRS023883,HRI023883
HRS023884,HRI023884
HRS023885,HRI023885
HRS023886,HRI023886
HRS023887,HRI023887
HRS023888,HRI023888
HRS023889,HRI023889
HRS023890,HRI023890
HRS023891,HRI023891
HRS023892,HRI023892
HRS023893,HRI023893
HRS023894,HRI023894
HRS023895,HRI023895
HRS023896,HRI023896
HRS023897,HRI023897
HRS023898,HRI023898
HRS023899,HRI023899
HRS023900,HRI023900
HRS023901,HRI023901
HRS023902,HRI023902
HRS023903,HRI023903
HRS023904,HRI023904
HRS023905,HRI023905
HRS023906,HRI023906
HRS023907,HRI023907
HRS023908,HRI023908
HRS023909,HRI023909
HRS023910,HRI023910
HRS023911,HRI023911
HRS023912,HRI023912
HRS023913,HRI023913
HRS023914,HRI023914
HRS023915,HRI023915
HRS023916,HRI023916
HRS023917,HRI023917
HRS023918,HRI023918
HRS023919,HRI023919
HRS023920,HRI023920
HRS023921,HRI023921
HRS023922,HRI023922
HRS023923,HRI023923
HRS023924,HRI023924
HRS023925,HRI023925
HRS023926,HRI023926
HRS023927,HRI023927
HRS023928,HRI023928
HRS023929,HRI023929
HRS023930,HRI023930
HRS023931,HRI023931
HRS023932,HRI023932
HRS023933,HRI023933
HRS023934,HRI023934
HRS023935,HRI023935
HRS023936,HRI023936
HRS023937,HRI023937
HRS023938,HRI023938
HRS023939,HRI023939
HRS023940,HRI023940
HRS023941,HRI023941
HRS023942,HRI023942
HRS023943,HRI023943
HRS023944,HRI023944
HRS023945,HRI023945
HRS023946,HRI023946
HRS023947,HRI023947
HRS023948,HRI023948
HRS023949,HRI023949
HRS023950,HRI023950
HRS023951,HRI023951
HRS023952,HRI023952
HRS023953,HRI023953
HRS023954,HRI023954
HRS024297,HRI024297
HRS024298,HRI024298
HRS024299,HRI024299
HRS024300,HRI024300
HRS024301,HRI024301
HRS024302,HRI024302
HRS024303,HRI024303
HRS024304,HRI024304
HRS024305,HRI024305
HRS024306,HRI024306
HRS024307,HRI024307
HRS024308,HRI024308
HRS024309,HRI024309
HRS024310,HRI024310
HRS024311,HRI024311
HRS024312,HRI024312
HRS024313,HRI024313
HRS024314,HRI024314
HRS024315,HRI024315
HRS024316,HRI024316
HRS024317,HRI024317
HRS024318,HRI024318
HRS024319,HRI024319
HRS024320,HRI024320
HRS024321,HRI024321
HRS024322,HRI024322
HRS024323,HRI024323
HRS024324,HRI024324
HRS024325,HRI024325
HRS024326,HRI024326
HRS024327,HRI024327
HRS024328,HRI024328
HRS024329,HRI024329
HRS024330,HRI024330
HRS024331,HRI024331
HRS024332,HRI024332
HRS024333,HRI024333
HRS024334,HRI024334
HRS024335,HRI024335
HRS024336,HRI024336
HRS024337,HRI024337
HRS024338,HRI024338
HRS024339,HRI024339
HRS024340,HRI024340
HRS024341,HRI024341
HRS024342,HRI024342
HRS024343,HRI024343
HRS024344,HRI024344
HRS024345,HRI024345
HRS024346,HRI024346
HRS024347,HRI024347
HRS024348,HRI024348
HRS024349,HRI024349
HRS024350,HRI024350
HRS024351,HRI024351
HRS024352,HRI024352
HRS024353,HRI024353
HRS024354,HRI024354
HRS024355,HRI024355
HRS024356,HRI024356
HRS024357,HRI024357
HRS024358,HRI024358
HRS024359,HRI024359
HRS024360,HRI024360
HRS024361,HRI024361
HRS024362,HRI024362
HRS024363,HRI024363
HRS024364,HRI024364
HRS024365,HRI024365
HRS024366,HRI024366
HRS024367,HRI024367
HRS024368,HRI024368
HRS024369,HRI024369
HRS024370,HRI024370
HRS024371,HRI024371
HRS024372,HRI024372
HRS024373,HRI024373
HRS024374,HRI024374
HRS024375,HRI024375
HRS024376,HRI024376
HRS024377,HRI024377
HRS024378,HRI024378
HRS024379,HRI024379
HRS024380,HRI024380
HRS024381,HRI024381
HRS024382,HRI024382
HRS024383,HRI024383
HRS024384,HRI024384
HRS024385,HRI024385
HRS024386,HRI024386
HRS024387,HRI024387
HRS024388,HRI024388
HRS024389,HRI024389
HRS024390,HRI024390
HRS024391,HRI024391
HRS024392,HRI024392
HRS024393,HRI024393
HRS024394,HRI024394
HRS024395,HRI024395
HRS024396,HRI024396
HRS024397,HRI024397
HRS024398,HRI024398
HRS024399,HRI024399
HRS024400,HRI024400
HRS024401,HRI024401
HRS024402,HRI024402
HRS024403,HRI024403
HRS024404,HRI024404
HRS024405,HRI024405
HRS024406,HRI024406
HRS024407,HRI024407
HRS024408,HRI024408
HRS024409,HRI024409
HRS024410,HRI024410
HRS024411,HRI024411
HRS024412,HRI024412
HRS024413,HRI024413
HRS024414,HRI024414
HRS024415,HRI024415
HRS024416,HRI024416
HRS024417,HRI024417
HRS024418,HRI024418
HRS024419,HRI024419
HRS024420,HRI024420
HRS024421,HRI024421
HRS024422,HRI024422
HRS024423,HRI024423
HRS024424,HRI024424
HRS024425,HRI024425
HRS024426,HRI024426
HRS024427,HRI024427
HRS024428,HRI024428
HRS024429,HRI024429
HRS024430,HRI024430
HRS024431,HRI024431
HRS024432,HRI024432
HRS024433,HRI024433
HRS024434,HRI024434
HRS024435,HRI024435
HRS024436,HRI024436
HRS024437,HRI024437
HRS024438,HRI024438
HRS024439,HRI024439
HRS024440,HRI024440
HRS024441,HRI024441
HRS024442,HRI024442
HRS024443,HRI024443
HRS024444,HRI024444
HRS024445,HRI024445
HRS024446,HRI024446
HRS024447,HRI024447
HRS024448,HRI024448
HRS024449,HRI024449
HRS024450,HRI024450
HRS024451,HRI024451
HRS024452,HRI024452
HRS024453,HRI024453
HRS024454,HRI024454
HRS024455,HRI024455
HRS024456,HRI024456
HRS024457,HRI024457
HRS024458,HRI024458
HRS024459,HRI024459
HRS024460,HRI024460
HRS024461,HRI024461
HRS024462,HRI024462
HRS024463,HRI024463
HRS024464,HRI024464
HRS024465,HRI024465
HRS024466,HRI024466
HRS024467,HRI024467
HRS024468,HRI024468
HRS024469,HRI024469
HRS024470,HRI024470
HRS024471,HRI024471
HRS024472,HRI024472
HRS024473,HRI024473
HRS024474,HRI024474
HRS024475,HRI024475
HRS024476,HRI024476
HRS024477,HRI024477
HRS024478,HRI024478
HRS024479,HRI024479
HRS024480,HRI024480
HRS024481,HRI024481
HRS024482,HRI024482
HRS024483,HRI024483
HRS024484,HRI024484
HRS024485,HRI024485
HRS024486,HRI024486
HRS024487,HRI024487
HRS024488,HRI024488
HRS024489,HRI024489
HRS024490,HRI024490
HRS024491,HRI024491
HRS024492,HRI024492
HRS024493,HRI024493
HRS024494,HRI024494
HRS024495,HRI024495
HRS024496,HRI024496
HRS024497,HRI024497
HRS024498,HRI024498
HRS024499,HRI024499
HRS024500,HRI024500
HRS024501,HRI024501
HRS024502,HRI024502
HRS024503,HRI024503
HRS024504,HRI024504
HRS024505,HRI024505
HRS024506,HRI024506
HRS024507,HRI024507
HRS024508,HRI024508
HRS024509,HRI024509
HRS024510,HRI024510
HRS024511,HRI024511
HRS024512,HRI024512
HRS024513,HRI024513
HRS024514,HRI024514
HRS024515,HRI024515
HRS024516,HRI024516
HRS024517,HRI024517
HRS024518,HRI024518
HRS024519,HRI024519
HRS024520,HRI024520
HRS024521,HRI024521
HRS024522,HRI024522
HRS024523,HRI024523
HRS024524,HRI024524
HRS024525,HRI024525
HRS024526,HRI024526
HRS024527,HRI024527
HRS024528,HRI024528
HRS024529,HRI024529
HRS024530,HRI024530
HRS024531,HRI024531
HRS024532,HRI024532
HRS024533,HRI024533
HRS024534,HRI024534
HRS024535,HRI024535
HRS024536,HRI024536
HRS024537,HRI024537
HRS024538,HRI024538
HRS024539,HRI024539
HRS024540,HRI024540
HRS024541,HRI024541
HRS024542,HRI024542
HRS024543,HRI024543
HRS024544,HRI024544
HRS024545,HRI024545
HRS024546,HRI024546
HRS024547,HRI024547
HRS024548,HRI024548
HRS024549,HRI024549
HRS024550,HRI024550
HRS024551,HRI024551
HRS024552,HRI024552
HRS024553,HRI024553
HRS024554,HRI024554
HRS024555,HRI024555
HRS024556,HRI024556
HRS024557,HRI024557
HRS024558,HRI024558
HRS024559,HRI024559
HRS024560,HRI024560
HRS024561,HRI024561
HRS024562,HRI024562
HRS024563,HRI024563
HRS024564,HRI024564
HRS024565,HRI024565
HRS024566,HRI024566
HRS024567,HRI024567
HRS024568,HRI024568
HRS024569,HRI024569
HRS024570,HRI024570
HRS024571,HRI024571
HRS024572,HRI024572
HRS024573,HRI024573
HRS024574,HRI024574
HRS024575,HRI024575
HRS024576,HRI024576
HRS024577,HRI024577
HRS024578,HRI024578
HRS024579,HRI024579
HRS024580,HRI024580
HRS024581,HRI024581
HRS024582,HRI024582
HRS024583,HRI024583
HRS024584,HRI024584
HRS024585,HRI024585
HRS024586,HRI024586
HRS024587,HRI024587
HRS024588,HRI024588
HRS024589,HRI024589
HRS024590,HRI024590
HRS024591,HRI024591
HRS024592,HRI024592
HRS024593,HRI024593
HRS024594,HRI024594
HRS024595,HRI024595
HRS024596,HRI024596
HRS024597,HRI024597
HRS024598,HRI024598
HRS024599,HRI024599
HRS024600,HRI024600
HRS024601,HRI024601
HRS024602,HRI024602
HRS024603,HRI024603
HRS024604,HRI024604
HRS024605,HRI024605
HRS024606,HRI024606
HRS024607,HRI024607
HRS024608,HRI024608
HRS024609,HRI024609
HRS024610,HRI024610
HRS024611,HRI024611
HRS024612,HRI024612
HRS024613,HRI024613
HRS024614,HRI024614
HRS024615,HRI024615
HRS024616,HRI024616
HRS024617,HRI024617
HRS024618,HRI024618
HRS024619,HRI024619
HRS024620,HRI024620
HRS024621,HRI024621
HRS024622,HRI024622
HRS024623,HRI024623
HRS024624,HRI024624
HRS024625,HRI024625
HRS024626,HRI024626
HRS024627,HRI024627
HRS024628,HRI024628
HRS024629,HRI024629
HRS024630,HRI024630
HRS024631,HRI024631
HRS024632,HRI024632
HRS024633,HRI024633
HRS024634,HRI024634
HRS024635,HRI024635
HRS024636,HRI024636
HRS024637,HRI024637
HRS024638,HRI024638
HRS024639,HRI024639
HRS024640,HRI024640
HRS024641,HRI024641
HRS024642,HRI024642
HRS024643,HRI024643
HRS024644,HRI024644
HRS024645,HRI024645
HRS024646,HRI024646
HRS024647,HRI024647
HRS024648,HRI024648
HRS024649,HRI024649
HRS024650,HRI024650
HRS024651,HRI024651
HRS024652,HRI024652
HRS024653,HRI024653
HRS024654,HRI024654
HRS024655,HRI024655
HRS024656,HRI024656
HRS024657,HRI024657
HRS024658,HRI024658
HRS024659,HRI024659
HRS024660,HRI024660
HRS024661,HRI024661
HRS024662,HRI024662
HRS024663,HRI024663
HRS024664,HRI024664
HRS024665,HRI024665
HRS024666,HRI024666
HRS024667,HRI024667
HRS024668,HRI024668
HRS024669,HRI024669
HRS024670,HRI024670
HRS024671,HRI024671
HRS024672,HRI024672
HRS024673,HRI024673
HRS024674,HRI024674
HRS024675,HRI024675
HRS024676,HRI024676
HRS024677,HRI024677
HRS024678,HRI024678
HRS024679,HRI024679
HRS024680,HRI024680
HRS024681,HRI024681
HRS024682,HRI024682
HRS024683,HRI024683
HRS024684,HRI024684
HRS024685,HRI024685
HRS024686,HRI024686
HRS024687,HRI024687
HRS024688,HRI024688
HRS024689,HRI024689
HRS024690,HRI024690
HRS024691,HRI024691
HRS024692,HRI024692
HRS024693,HRI024693
HRS024694,HRI024694
HRS024695,HRI024695
HRS024696,HRI024696
HRS024697,HRI024697
HRS024698,HRI024698
HRS024699,HRI024699
HRS024700,HRI024700
HRS024701,HRI024701
HRS024702,HRI024702
HRS024703,HRI024703
HRS024704,HRI024704
HRS024705,HRI024705
HRS024706,HRI024706
HRS024707,HRI024707
HRS024708,HRI024708
HRS024709,HRI024709
HRS024710,HRI024710
HRS024711,HRI024711
HRS024712,HRI024712
HRS024713,HRI024713
HRS024714,HRI024714
HRS024715,HRI024715
HRS024716,HRI024716
HRS024717,HRI024717
HRS024718,HRI024718
HRS024719,HRI024719
HRS024720,HRI024720
HRS024721,HRI024721
HRS024722,HRI024722
HRS024723,HRI024723
HRS024724,HRI024724
HRS024725,HRI024725
HRS024726,HRI024726
HRS024727,HRI024727
HRS024728,HRI024728
HRS024729,HRI024729
HRS024730,HRI024730
HRS024731,HRI024731
HRS024732,HRI024732
HRS024733,HRI024733
HRS024734,HRI024734
HRS024735,HRI024735
HRS024736,HRI024736
HRS024737,HRI024737
HRS024738,HRI024738
HRS024739,HRI024739
HRS024740,HRI024740
HRS024741,HRI024741
HRS024742,HRI024742
HRS024743,HRI024743
HRS024744,HRI024744
HRS024745,HRI024745
HRS024746,HRI024746
HRS024747,HRI024747
HRS024748,HRI024748
HRS024749,HRI024749
HRS024750,HRI024750
HRS024751,HRI024751
HRS024752,HRI024752
HRS024753,HRI024753
HRS024754,HRI024754
HRS024755,HRI024755
HRS024756,HRI024756
HRS024757,HRI024757
HRS024758,HRI024758
HRS024759,HRI024759
HRS024760,HRI024760
HRS024761,HRI024761
HRS024762,HRI024762
HRS024763,HRI024763
HRS024764,HRI024764
HRS024765,HRI024765
HRS024766,HRI024766
HRS024767,HRI024767
HRS024768,HRI024768
HRS024769,HRI024769
HRS024770,HRI024770
HRS024771,HRI024771
HRS024772,HRI024772
HRS024773,HRI024773
HRS024774,HRI024774
HRS024775,HRI024775
HRS024776,HRI024776
HRS024777,HRI024777
HRS024778,HRI024778
HRS024779,HRI024779
HRS024780,HRI024780
HRS024781,HRI024781
HRS024782,HRI024782
HRS024783,HRI024783
HRS024784,HRI024784
HRS024785,HRI024785
HRS024786,HRI024786
HRS024787,HRI024787
HRS024788,HRI024788
HRS024789,HRI024789
HRS024790,HRI024790
HRS024791,HRI024791
HRS024792,HRI024792
HRS024793,HRI024793
HRS024794,HRI024794
HRS024795,HRI024795
HRS024796,HRI024796
HRS024797,HRI024797
HRS024798,HRI024798
HRS024799,HRI024799
HRS024800,HRI024800
HRS024801,HRI024801
HRS024802,HRI024802
HRS024803,HRI024803
HRS024804,HRI024804
HRS024805,HRI024805
HRS024806,HRI024806
HRS024807,HRI024807
HRS024808,HRI024808
HRS024809,HRI024809
HRS024810,HRI024810
HRS024811,HRI024811
HRS024812,HRI024812
HRS024813,HRI024813
HRS024814,HRI024814
HRS024815,HRI024815
HRS024816,HRI024816
HRS024817,HRI024817
HRS024818,HRI024818
HRS024819,HRI024819
HRS024820,HRI024820
HRS024821,HRI024821
HRS024822,HRI024822
HRS024823,HRI024823
HRS024824,HRI024824
HRS024825,HRI024825
HRS024826,HRI024826
HRS024827,HRI024827
HRS024828,HRI024828
HRS024829,HRI024829
HRS024830,HRI024830
HRS024831,HRI024831
HRS024832,HRI024832
HRS024833,HRI024833
HRS024834,HRI024834
HRS024835,HRI024835
HRS024836,HRI024836
HRS024837,HRI024837
HRS024838,HRI024838
HRS024839,HRI024839
HRS024840,HRI024840
HRS024841,HRI024841
HRS024842,HRI024842
HRS024843,HRI024843
HRS024844,HRI024844
HRS024845,HRI024845
HRS024846,HRI024846
HRS024847,HRI024847
HRS024848,HRI024848
HRS024849,HRI024849
HRS024850,HRI024850
HRS024851,HRI024851
HRS024852,HRI024852
HRS024853,HRI024853
HRS024854,HRI024854
HRS024855,HRI024855
HRS024856,HRI024856
HRS024857,HRI024857
HRS024858,HRI024858
HRS024859,HRI024859
HRS024860,HRI024860
HRS024861,HRI024861
HRS024862,HRI024862
HRS024863,HRI024863
HRS024864,HRI024864
HRS024865,HRI024865
HRS024866,HRI024866
HRS024867,HRI024867
HRS024868,HRI024868
HRS024869,HRI024869
HRS024870,HRI024870
HRS024871,HRI024871
HRS024872,HRI024872
HRS024873,HRI024873
HRS024874,HRI024874
HRS024875,HRI024875
HRS024876,HRI024876
HRS024877,HRI024877
HRS024878,HRI024878
HRS024879,HRI024879
HRS024880,HRI024880
HRS024881,HRI024881
HRS024882,HRI024882
HRS024883,HRI024883
HRS024884,HRI024884
HRS024885,HRI024885
HRS024886,HRI024886
HRS024887,HRI024887
HRS024888,HRI024888
HRS024889,HRI024889
HRS024890,HRI024890
HRS024891,HRI024891
HRS024892,HRI024892
HRS024893,HRI024893
HRS024894,HRI024894
HRS024895,HRI024895
HRS024896,HRI024896
HRS024897,HRI024897
HRS024898,HRI024898
HRS024899,HRI024899
HRS024900,HRI024900
HRS024901,HRI024901
HRS024902,HRI024902
HRS024903,HRI024903
HRS024904,HRI024904
HRS024905,HRI024905
HRS024906,HRI024906
HRS024907,HRI024907
HRS024908,HRI024908
HRS024909,HRI024909
HRS024910,HRI024910
HRS024911,HRI024911
HRS024912,HRI024912
HRS024913,HRI024913
HRS024914,HRI024914
HRS024915,HRI024915
HRS024916,HRI024916
HRS024917,HRI024917
HRS024918,HRI024918
HRS024919,HRI024919
HRS024920,HRI024920
HRS024921,HRI024921
HRS024922,HRI024922
HRS024923,HRI024923
HRS024924,HRI024924
HRS024925,HRI024925
HRS024926,HRI024926
HRS024927,HRI024927
HRS024928,HRI024928
HRS024929,HRI024929
HRS024930,HRI024930
HRS024931,HRI024931
HRS024932,HRI024932
HRS024933,HRI024933
HRS024934,HRI024934
HRS024935,HRI024935
HRS024936,HRI024936
HRS024937,HRI024937
HRS024938,HRI024938
HRS024939,HRI024939
HRS024940,HRI024940
HRS024941,HRI024941
HRS024942,HRI024942
HRS024943,HRI024943
HRS024944,HRI024944
HRS024945,HRI024945
HRS024946,HRI024946
HRS024947,HRI024947
HRS024948,HRI024948
HRS024949,HRI024949
HRS024950,HRI024950
HRS024951,HRI024951
HRS024952,HRI024952
HRS024953,HRI024953
HRS024954,HRI024954
HRS024955,HRI024955
HRS024956,HRI024956
HRS024957,HRI024957
HRS024958,HRI024958
HRS024959,HRI024959
HRS024960,HRI024960
HRS024961,HRI024961
HRS024962,HRI024962
HRS024963,HRI024963
HRS024964,HRI024964
HRS024965,HRI024965
HRS024966,HRI024966
HRS024967,HRI024967
HRS024968,HRI024968
HRS024969,HRI024969
HRS024970,HRI024970
HRS024971,HRI024971
HRS024972,HRI024972
HRS024973,HRI024973
HRS024974,HRI024974
HRS024975,HRI024975
HRS024976,HRI024976
HRS024977,HRI024977
HRS024978,HRI024978
HRS024979,HRI024979
HRS024980,HRI024980
HRS024981,HRI024981
HRS024982,HRI024982
HRS024983,HRI024983
HRS024984,HRI024984
HRS024985,HRI024985
HRS024986,HRI024986
HRS024987,HRI024987
HRS024988,HRI024988
HRS024989,HRI024989
HRS169394,HRI104775
HRS169395,HRI104775
HRS169396,HRI104776
HRS169397,HRI104776
HRS169398,HRI104777
HRS169399,HRI104777
HRS169400,HRI104778
HRS169401,HRI104778
HRS169402,HRI104779
HRS169403,HRI104779
HRS169404,HRI104780
HRS169405,HRI104780
HRS169406,HRI104781
HRS169407,HRI104781
HRS169408,HRI104782
HRS169409,HRI104782
HRS169410,HRI104783
HRS169411,HRI104783
HRS169412,HRI104784
HRS169413,HRI104784
HRS169414,HRI104785
HRS169415,HRI104785
HRS169416,HRI104786
HRS169417,HRI104786
HRS169418,HRI104787
HRS169419,HRI104787
HRS169420,HRI104788
HRS169421,HRI104788
HRS169422,HRI104789
HRS169423,HRI104789
HRS169424,HRI104790
HRS169425,HRI104790
HRS169426,HRI104791
HRS169427,HRI104791
HRS169428,HRI104792
HRS169429,HRI104792
HRS169430,HRI104793
HRS169431,HRI104793
HRS169432,HRI104794
HRS169433,HRI104794
HRS169434,HRI104795
HRS169435,HRI104795
HRS169436,HRI104796
HRS169437,HRI104796
HRS169438,HRI104797
HRS169439,HRI104797
HRS169440,HRI104798
HRS169441,HRI104798
HRS169442,HRI104799
HRS169443,HRI104799
HRS169444,HRI104800
HRS169445,HRI104800
HRS169446,HRI104801
HRS169447,HRI104801
HRS169448,HRI104802
HRS169449,HRI104802
HRS169450,HRI104803
HRS169451,HRI104803
HRS169452,HRI104804
HRS169453,HRI104804
HRS169454,HRI104805
HRS169455,HRI104805
HRS169456,HRI104806
HRS169457,HRI104806
HRS169458,HRI104807
HRS169459,HRI104807
HRS169460,HRI104808
HRS169461,HRI104808
HRS169462,HRI104809
HRS169463,HRI104809
HRS169464,HRI104810
HRS169465,HRI104810
HRS169466,HRI104811
HRS169467,HRI104811
HRS169468,HRI104812
HRS169469,HRI104812
HRS169470,HRI104813
HRS169471,HRI104813
HRS169472,HRI104814
HRS169473,HRI104814
HRS169474,HRI104815
HRS169475,HRI104815
HRS169476,HRI104816
HRS169477,HRI104816
HRS169478,HRI104817
HRS169479,HRI104817
HRS169480,HRI104818
HRS169481,HRI104818
HRS169482,HRI104819
HRS169483,HRI104819
HRS169484,HRI104820
HRS169485,HRI104820
HRS169486,HRI104821
HRS169487,HRI104821
HRS169488,HRI104822
HRS169489,HRI104822
HRS169490,HRI104823
HRS169491,HRI104823
HRS169492,HRI104824
HRS169493,HRI104824
HRS169494,HRI104825
HRS169495,HRI104825
HRS169496,HRI104826
HRS169497,HRI104826
HRS169498,HRI104827
HRS169499,HRI104827
HRS169500,HRI104828
HRS169501,HRI104828
HRS169502,HRI104829
HRS169503,HRI104829
HRS169504,HRI104830
HRS169505,HRI104830
HRS169506,HRI104831
HRS169507,HRI104831
HRS169508,HRI104832
HRS169509,HRI104832
HRS169510,HRI104833
HRS169511,HRI104833
HRS169512,HRI104834
HRS169513,HRI104834
HRS169514,HRI104835
HRS169515,HRI104835
HRS169516,HRI104836
HRS169517,HRI104836
HRS169518,HRI104837
HRS169519,HRI104837
HRS169520,HRI104838
HRS169521,HRI104838
HRS169522,HRI104839
HRS169523,HRI104839
HRS169524,HRI104840
HRS169525,HRI104840
HRS169526,HRI104841
HRS169527,HRI104841
HRS169528,HRI104842
HRS169529,HRI104842
HRS169530,HRI104843
HRS169531,HRI104843
HRS169532,HRI104844
HRS169533,HRI104844
HRS169534,HRI104845
HRS169535,HRI104845
HRS169536,HRI104846
HRS169537,HRI104846
HRS169538,HRI104847
HRS169539,HRI104847
HRS169540,HRI104848
HRS169541,HRI104848
HRS169542,HRI104849
HRS169543,HRI104849
HRS169544,HRI104850
HRS169545,HRI104850
HRS169546,HRI104851
HRS169547,HRI104851
HRS169548,HRI104852
HRS169549,HRI104852
HRS169550,HRI104853
HRS169551,HRI104853
HRS169552,HRI104854
HRS169553,HRI104854
HRS169554,HRI104855
HRS169555,HRI104855
HRS169556,HRI104856
HRS169557,HRI104856
HRS169558,HRI104857
HRS169559,HRI104857
HRS169560,HRI104858
HRS169561,HRI104858
HRS169562,HRI104859
HRS169563,HRI104859
HRS169564,HRI104860
HRS169565,HRI104860
HRS169566,HRI104861
HRS169567,HRI104861
HRS169568,HRI104862
HRS169569,HRI104862
HRS169570,HRI104863
HRS169571,HRI104863
HRS169572,HRI104864
HRS169573,HRI104864
HRS169574,HRI104865
HRS169575,HRI104865
HRS169576,HRI104866
HRS169577,HRI104866
HRS169578,HRI104867
HRS169579,HRI104867
HRS169580,HRI104868
HRS169581,HRI104868
HRS169582,HRI104869
HRS169583,HRI104869
HRS169584,HRI104870
HRS169585,HRI104870
HRS169586,HRI104871
HRS169587,HRI104871
HRS169588,HRI104872
HRS169589,HRI104872
HRS169590,HRI104873
HRS169591,HRI104873
HRS169592,HRI104874
HRS169593,HRI104874
HRS169594,HRI104875
HRS169595,HRI104875
HRS169596,HRI104876
HRS169597,HRI104876
HRS169598,HRI104877
HRS169599,HRI104877
HRS169600,HRI104878
HRS169601,HRI104878
HRS169602,HRI104879
HRS169603,HRI104879
HRS169604,HRI104880
HRS169605,HRI104880
HRS169606,HRI104881
HRS169607,HRI104881
HRS169608,HRI104882
HRS169609,HRI104882
HRS169610,HRI104883
HRS169611,HRI104883
HRS169612,HRI104884
HRS169613,HRI104884
HRS169614,HRI104885
HRS169615,HRI104885
HRS169616,HRI104886
HRS169617,HRI104886
HRS169618,HRI104887
HRS169619,HRI104887
HRS169620,HRI104888
HRS169621,HRI104888
HRS169622,HRI104889
HRS169623,HRI104889
HRS169624,HRI104890
HRS169625,HRI104890
HRS169626,HRI104891
HRS169627,HRI104891
HRS169628,HRI104892
HRS169629,HRI104892
HRS169630,HRI104893
HRS169631,HRI104893
HRS169632,HRI104894
HRS169633,HRI104894
HRS169634,HRI104895
HRS169635,HRI104895
HRS169636,HRI104896
HRS169637,HRI104896
HRS169638,HRI104897
HRS169639,HRI104897
HRS169640,HRI104898
HRS169641,HRI104898
HRS169642,HRI104899
HRS169643,HRI104899
HRS169644,HRI104900
HRS169645,HRI104900
HRS169646,HRI104901
HRS169647,HRI104901
HRS169648,HRI104902
HRS169649,HRI104902
HRS169650,HRI104903
HRS169651,HRI104903
HRS169652,HRI104904
HRS169653,HRI104904
HRS169654,HRI104905
HRS169655,HRI104905
HRS169656,HRI104906
HRS169657,HRI104906
HRS169658,HRI104907
HRS169659,HRI104907
HRS169660,HRI104908
HRS169661,HRI104908
HRS169662,HRI104909
HRS169663,HRI104909
HRS169664,HRI104910
HRS169665,HRI104910
HRS169666,HRI104911
HRS169667,HRI104911
HRS169668,HRI104912
HRS169669,HRI104912
HRS169670,HRI104913
HRS169671,HRI104913
HRS169672,HRI104914
HRS169673,HRI104914
HRS169674,HRI104915
HRS169675,HRI104915
HRS169676,HRI104916
HRS169677,HRI104916
HRS169678,HRI104917
HRS169679,HRI104917
HRS169680,HRI104918
HRS169681,HRI104918
HRS169682,HRI104919
HRS169683,HRI104919
HRS169684,HRI104920
HRS169685,HRI104920
HRS169686,HRI104921
HRS169687,HRI104921
HRS169688,HRI104922
HRS169689,HRI104922
HRS169690,HRI104923
HRS169691,HRI104923
HRS169692,HRI104924
HRS169693,HRI104924
HRS169694,HRI104925
HRS169695,HRI104925
HRS169696,HRI104926
HRS169697,HRI104926
HRS169698,HRI104927
HRS169699,HRI104927
HRS169700,HRI104928
HRS169701,HRI104928
HRS169702,HRI104929
HRS169703,HRI104929
HRS169704,HRI104930
HRS169705,HRI104930
HRS169706,HRI104931
HRS169707,HRI104931
HRS169708,HRI104932
HRS169709,HRI104932
HRS169710,HRI104933
HRS169711,HRI104933
HRS169712,HRI104934
HRS169713,HRI104934
HRS169714,HRI104935
HRS169715,HRI104935
HRS169716,HRI104936
HRS169717,HRI104936
HRS169718,HRI104937
HRS169719,HRI104937
HRS169720,HRI104938
HRS169721,HRI104938
HRS169722,HRI104939
HRS169723,HRI104939
HRS169724,HRI104940
HRS169725,HRI104940
HRS169726,HRI104941
HRS169727,HRI104941
HRS169728,HRI104942
HRS169729,HRI104942
HRS169730,HRI104943
HRS169731,HRI104943
HRS169732,HRI104944
HRS169733,HRI104944
HRS169734,HRI104945
HRS169735,HRI104945
HRS169736,HRI104946
HRS169737,HRI104946
HRS169738,HRI104947
HRS169739,HRI104947
HRS169740,HRI104948
HRS169741,HRI104948
HRS169742,HRI104949
HRS169743,HRI104949
HRS169744,HRI104950
HRS169745,HRI104950
HRS169746,HRI104951
HRS169747,HRI104951
HRS169748,HRI104952
HRS169749,HRI104952
HRS169750,HRI104953
HRS169751,HRI104953
HRS169752,HRI104954
HRS169753,HRI104954
HRS169754,HRI104955
HRS169755,HRI104955
HRS169756,HRI104956
HRS169757,HRI104956
HRS169758,HRI104957
HRS169759,HRI104957
HRS169760,HRI104958
HRS169761,HRI104958
HRS169762,HRI104959
HRS169763,HRI104959
HRS169764,HRI104960
HRS169765,HRI104960
HRS169766,HRI104961
HRS169767,HRI104961
HRS169768,HRI104962
HRS169769,HRI104962
HRS169770,HRI104963
HRS169771,HRI104963
HRS169772,HRI104964
HRS169773,HRI104964
HRS169774,HRI104965
HRS169775,HRI104965
HRS169776,HRI104966
HRS169777,HRI104966
HRS169778,HRI104967
HRS169779,HRI104967
HRS169780,HRI104968
HRS169781,HRI104968
HRS169782,HRI104969
HRS169783,HRI104969
HRS169784,HRI104970
HRS169785,HRI104970
HRS169786,HRI104971
HRS169787,HRI104971
HRS169788,HRI104972
HRS169789,HRI104972
HRS169790,HRI104973
HRS169791,HRI104973
HRS169792,HRI104974
HRS169793,HRI104974
HRS169794,HRI104975
HRS169795,HRI104975
HRS169796,HRI104976
HRS169797,HRI104976
HRS169798,HRI104977
HRS169799,HRI104977
HRS169800,HRI104978
HRS169801,HRI104978
HRS169802,HRI104979
HRS169803,HRI104979
HRS169804,HRI104980
HRS169805,HRI104980
HRS169806,HRI104981
HRS169807,HRI104981
HRS169808,HRI104982
HRS169809,HRI104982
HRS169810,HRI104983
HRS169811,HRI104983
HRS169812,HRI104984
HRS169813,HRI104984
HRS169814,HRI104985
HRS169815,HRI104985
HRS169816,HRI104986
HRS169817,HRI104986
HRS169818,HRI104987
HRS169819,HRI104987
HRS169820,HRI104988
HRS169821,HRI104988
HRS169822,HRI104989
HRS169823,HRI104989
HRS169824,HRI104990
HRS169825,HRI104990
HRS169826,HRI104991
HRS169827,HRI104991
HRS169828,HRI104992
HRS169829,HRI104992
HRS169830,HRI104993
HRS169831,HRI104993
HRS169832,HRI104994
HRS169833,HRI104994
HRS169834,HRI104995
HRS169835,HRI104995
HRS169836,HRI104996
HRS169837,HRI104996
HRS169838,HRI104997
HRS169839,HRI104997
HRS169840,HRI104998
HRS169841,HRI104998
HRS169842,HRI104999
HRS169843,HRI104999
HRS169844,HRI105000
HRS169845,HRI105000
HRS169846,HRI105001
HRS169847,HRI105001
HRS169848,HRI105002
HRS169849,HRI105002
HRS169850,HRI105003
HRS169851,HRI105003
HRS169852,HRI105004
HRS169853,HRI105004
HRS169854,HRI105005
HRS169855,HRI105005
HRS169856,HRI105006
HRS169857,HRI105006
HRS169858,HRI105007
HRS169859,HRI105007
HRS169860,HRI105008
HRS169861,HRI105008
HRS169862,HRI105009
HRS169863,HRI105009
HRS169864,HRI105010
HRS169865,HRI105010
HRS169866,HRI105011
HRS169867,HRI105011
HRS169868,HRI105012
HRS169869,HRI105012
HRS169870,HRI105013
HRS169871,HRI105013
HRS169872,HRI105014
HRS169873,HRI105014
HRS169874,HRI105015
HRS169875,HRI105015
HRS169876,HRI105016
HRS169877,HRI105016
HRS169878,HRI105017
HRS169879,HRI105017
HRS169880,HRI105018
HRS169881,HRI105018
HRS169882,HRI105019
HRS169883,HRI105019
HRS169884,HRI105020
HRS169885,HRI105020
HRS169886,HRI105021
HRS169887,HRI105021
HRS169888,HRI105022
HRS169889,HRI105022
HRS169890,HRI105023
HRS169891,HRI105023
HRS169892,HRI105024
HRS169893,HRI105024
HRS169894,HRI105025
HRS169895,HRI105025
HRS169896,HRI105026
HRS169897,HRI105026
HRS169898,HRI105027
HRS169899,HRI105027
HRS169900,HRI105028
HRS169901,HRI105028
HRS169902,HRI105029
HRS169903,HRI105029
HRS169904,HRI105030
HRS169905,HRI105030
HRS169906,HRI105031
HRS169907,HRI105031
HRS169908,HRI105032
HRS169909,HRI105032
HRS169910,HRI105033
HRS169911,HRI105033
HRS169912,HRI105034
HRS169913,HRI105034
HRS169914,HRI105035
HRS169915,HRI105035
HRS169916,HRI105036
HRS169917,HRI105036
HRS169918,HRI105037
HRS169919,HRI105037
HRS169920,HRI105038
HRS169921,HRI105038
HRS169922,HRI105039
HRS169923,HRI105039
HRS169924,HRI105040
HRS169925,HRI105040
HRS169926,HRI105041
HRS169927,HRI105041
HRS169928,HRI105042
HRS169929,HRI105042
HRS169930,HRI105043
HRS169931,HRI105043
HRS169932,HRI105044
HRS169933,HRI105044
HRS169934,HRI105045
HRS169935,HRI105045
HRS169936,HRI105046
HRS169937,HRI105046
HRS169938,HRI105047
HRS169939,HRI105047
HRS169940,HRI105048
HRS169941,HRI105048
HRS169942,HRI105049
HRS169943,HRI105049
HRS169944,HRI105050
HRS169945,HRI105050
HRS169946,HRI105051
HRS169947,HRI105051
HRS169948,HRI105052
HRS169949,HRI105052
HRS169950,HRI105053
HRS169951,HRI105053
HRS169952,HRI105054
HRS169953,HRI105054
HRS169954,HRI105055
HRS169955,HRI105055
HRS169956,HRI105056
HRS169957,HRI105056
HRS169958,HRI105057
HRS169959,HRI105057
HRS169960,HRI105058
HRS169961,HRI105058
HRS169962,HRI105059
HRS169963,HRI105059
HRS169964,HRI105060
HRS169965,HRI105060
HRS169966,HRI105061
HRS169967,HRI105061
HRS169968,HRI105062
HRS169969,HRI105062
HRS169970,HRI105063
HRS169971,HRI105063
HRS169972,HRI105064
HRS169973,HRI105064
HRS169974,HRI105065
HRS169975,HRI105065
HRS169976,HRI105066
HRS169977,HRI105066
HRS169978,HRI105067
HRS169979,HRI105067
HRS169980,HRI105068
HRS169981,HRI105068
HRS169982,HRI105069
HRS169983,HRI105069
HRS169984,HRI105070
HRS169985,HRI105070
HRS169986,HRI105071
HRS169987,HRI105071
HRS169988,HRI105072
HRS169989,HRI105072
HRS169990,HRI105073
HRS169991,HRI105073
HRS169992,HRI105074
HRS169993,HRI105074
HRS169994,HRI105075
HRS169995,HRI105075
HRS169996,HRI105076
HRS169997,HRI105076
HRS169998,HRI105077
HRS169999,HRI105077
HRS170000,HRI105078
HRS170001,HRI105078
HRS170002,HRI105079
HRS170003,HRI105079
HRS170004,HRI105080
HRS170005,HRI105080
HRS170006,HRI105081
HRS170007,HRI105081
HRS170008,HRI105082
HRS170009,HRI105082
HRS170010,HRI105083
HRS170011,HRI105083
HRS170012,HRI105084
HRS170013,HRI105084
HRS170014,HRI105085
HRS170015,HRI105085
HRS170016,HRI105086
HRS170017,HRI105086
HRS170018,HRI105087
HRS170019,HRI105087
HRS170020,HRI105088
HRS170021,HRI105088
HRS170022,HRI105089
HRS170023,HRI105089
HRS170024,HRI105090
HRS170025,HRI105090
HRS170026,HRI105091
HRS170027,HRI105091
HRS170028,HRI105092
HRS170029,HRI105092
HRS170030,HRI105093
HRS170031,HRI105093
HRS170032,HRI105094
HRS170033,HRI105094
HRS170034,HRI105095
HRS170035,HRI105095
HRS170036,HRI105096
HRS170037,HRI105096
HRS170038,HRI105097
HRS170039,HRI105097
HRS170040,HRI105098
HRS170041,HRI105098
HRS170042,HRI105099
HRS170043,HRI105099
HRS170044,HRI105100
HRS170045,HRI105100
HRS170046,HRI105101
HRS170047,HRI105101
HRS170048,HRI105102
HRS170049,HRI105102
HRS170050,HRI105103
HRS170051,HRI105103
HRS170052,HRI105104
HRS170053,HRI105104
HRS170054,HRI105105
HRS170055,HRI105105
HRS170056,HRI105106
HRS170057,HRI105106
HRS170058,HRI105107
HRS170059,HRI105107
HRS170060,HRI105108
HRS170061,HRI105108
HRS170062,HRI105109
HRS170063,HRI105109
HRS170064,HRI105110
HRS170065,HRI105110
HRS170066,HRI105111
HRS170067,HRI105111
HRS170068,HRI105112
HRS170069,HRI105112
HRS170070,HRI105113
HRS170071,HRI105113
HRS170072,HRI105114
HRS170073,HRI105114
HRS170074,HRI105115
HRS170075,HRI105115
HRS170076,HRI105116
HRS170077,HRI105116
HRS170078,HRI105117
HRS170079,HRI105117
HRS170080,HRI105118
HRS170081,HRI105118
HRS170082,HRI105119
HRS170083,HRI105119
HRS170084,HRI105120
HRS170085,HRI105120
HRS170086,HRI105121
HRS170087,HRI105121
HRS170088,HRI105122
HRS170089,HRI105122
HRS170090,HRI105123
HRS170091,HRI105123
HRS170092,HRI105124
HRS170093,HRI105124
HRS170094,HRI105125
HRS170095,HRI105125
HRS170096,HRI105126
HRS170097,HRI105126
HRS170098,HRI105127
HRS170099,HRI105127
HRS170100,HRI105128
HRS170101,HRI105128
HRS170102,HRI105129
HRS170103,HRI105129
HRS170104,HRI105130
HRS170105,HRI105130
HRS170106,HRI105131
HRS170107,HRI105131
HRS170108,HRI105132
HRS170109,HRI105132
HRS170110,HRI105133
HRS170111,HRI105133
HRS170112,HRI105134
HRS170113,HRI105134
HRS170114,HRI105135
HRS170115,HRI105135
HRS170116,HRI105136
HRS170117,HRI105136
HRS170118,HRI105137
HRS170119,HRI105137
HRS170120,HRI105138
HRS170121,HRI105138
HRS170122,HRI105139
HRS170123,HRI105139
HRS170124,HRI105140
HRS170125,HRI105140
HRS170126,HRI105141
HRS170127,HRI105141
HRS170128,HRI105142
HRS170129,HRI105142
HRS170130,HRI105143
HRS170131,HRI105143
HRS170132,HRI105144
HRS170133,HRI105144
HRS170134,HRI105145
HRS170135,HRI105145
HRS170136,HRI105146
HRS170137,HRI105146
HRS170138,HRI105147
HRS170139,HRI105147
HRS170140,HRI105148
HRS170141,HRI105148
HRS170142,HRI105149
HRS170143,HRI105149
HRS170144,HRI105150
HRS170145,HRI105150
HRS170146,HRI105151
HRS170147,HRI105151
HRS170148,HRI105152
HRS170149,HRI105152
HRS170150,HRI105153
HRS170151,HRI105153
HRS170152,HRI105154
HRS170153,HRI105154
HRS170154,HRI105155
HRS170155,HRI105155
HRS170156,HRI105156
HRS170157,HRI105156
HRS170158,HRI105157
HRS170159,HRI105157
HRS170160,HRI105158
HRS170161,HRI105158
HRS170162,HRI105159
HRS170163,HRI105159
HRS170164,HRI105160
HRS170165,HRI105160
HRS170166,HRI105161
HRS170167,HRI105161
HRS170168,HRI105162
HRS170169,HRI105162
HRS170170,HRI105163
HRS170171,HRI105163
HRS170172,HRI105164
HRS170173,HRI105164
HRS170174,HRI105165
HRS170175,HRI105165
HRS170176,HRI105166
HRS170177,HRI105166
HRS170178,HRI105167
HRS170179,HRI105167
HRS170180,HRI105168
HRS170181,HRI105168
HRS170182,HRI105169
HRS170183,HRI105169
HRS170184,HRI105170
HRS170185,HRI105170
HRS170186,HRI105171
HRS170187,HRI105171
HRS170188,HRI105172
HRS170189,HRI105172
HRS170190,HRI105173
HRS170191,HRI105173
HRS170192,HRI105174
HRS170193,HRI105174
HRS170194,HRI105175
HRS170195,HRI105175
HRS170196,HRI105176
HRS170197,HRI105176
HRS170198,HRI105177
HRS170199,HRI105177
HRS170200,HRI105178
HRS170201,HRI105178
HRS170202,HRI105179
HRS170203,HRI105179
HRS170204,HRI105180
HRS170205,HRI105180
HRS170206,HRI105181
HRS170207,HRI105181
HRS170208,HRI105182
HRS170209,HRI105182
HRS170210,HRI105183
HRS170211,HRI105183
HRS170212,HRI105184
HRS170213,HRI105184
HRS170214,HRI105185
HRS170215,HRI105185
HRS170216,HRI105186
HRS170217,HRI105186
HRS170218,HRI105187
HRS170219,HRI105187
HRS170220,HRI105188
HRS170221,HRI105188
HRS170222,HRI105189
HRS170223,HRI105189
HRS170224,HRI105190
HRS170225,HRI105190
HRS170226,HRI105191
HRS170227,HRI105191
HRS170228,HRI105192
HRS170229,HRI105192
HRS170230,HRI105193
HRS170231,HRI105193
HRS170232,HRI105194
HRS170233,HRI105194
HRS170234,HRI105195
HRS170235,HRI105195
HRS170236,HRI105196
HRS170237,HRI105196
HRS170238,HRI105197
HRS170239,HRI105197
HRS170240,HRI105198
HRS170241,HRI105198
HRS170242,HRI105199
HRS170243,HRI105199
HRS170244,HRI105200
HRS170245,HRI105200
HRS170246,HRI105201
HRS170247,HRI105201
HRS170248,HRI105202
HRS170249,HRI105202
HRS170250,HRI105203
HRS170251,HRI105203
HRS170252,HRI105204
HRS170253,HRI105204
HRS170254,HRI105205
HRS170255,HRI105205
HRS170256,HRI105206
HRS170257,HRI105206
HRS170258,HRI105207
HRS170259,HRI105207
HRS170260,HRI105208
HRS170261,HRI105208
HRS170262,HRI105209
HRS170263,HRI105209
HRS170264,HRI105210
HRS170265,HRI105210
HRS170266,HRI105211
HRS170267,HRI105211
HRS170268,HRI105212
HRS170269,HRI105212
HRS170270,HRI105213
HRS170271,HRI105213
HRS170272,HRI105214
HRS170273,HRI105214
HRS170274,HRI105215
HRS170275,HRI105215
HRS170276,HRI105216
HRS170277,HRI105216
HRS170278,HRI105217
HRS170279,HRI105217
HRS170280,HRI105218
HRS170281,HRI105218
HRS170282,HRI105219
HRS170283,HRI105219
HRS170284,HRI105220
HRS170285,HRI105220
HRS170286,HRI105221
HRS170287,HRI105221
HRS170288,HRI105222
HRS170289,HRI105222
HRS170290,HRI105223
HRS170291,HRI105223
HRS170292,HRI105224
HRS170293,HRI105224
HRS170294,HRI105225
HRS170295,HRI105225
HRS170296,HRI105226
HRS170297,HRI105226
HRS170298,HRI105227
HRS170299,HRI105227
HRS170300,HRI105228
HRS170301,HRI105228
HRS170302,HRI105229
HRS170303,HRI105229
HRS170304,HRI105230
HRS170305,HRI105230
HRS170306,HRI105231
HRS170307,HRI105231
HRS170308,HRI105232
HRS170309,HRI105232
HRS170310,HRI105233
HRS170311,HRI105233
HRS170312,HRI105234
HRS170313,HRI105234
HRS170314,HRI105235
HRS170315,HRI105235
HRS170316,HRI105236
HRS170317,HRI105236
HRS170318,HRI105237
HRS170319,HRI105237
HRS170320,HRI105238
HRS170321,HRI105238
HRS170322,HRI105239
HRS170323,HRI105239
HRS170324,HRI105240
HRS170325,HRI105240
HRS170326,HRI105241
HRS170327,HRI105241
HRS170328,HRI105242
HRS170329,HRI105242
HRS170330,HRI105243
HRS170331,HRI105243
HRS170332,HRI105244
HRS170333,HRI105244
HRS170334,HRI105245
HRS170335,HRI105245
HRS170336,HRI105246
HRS170337,HRI105246
HRS170338,HRI105247
HRS170339,HRI105247
HRS170340,HRI105248
HRS170341,HRI105248
HRS170342,HRI105249
HRS170343,HRI105249
HRS170344,HRI105250
HRS170345,HRI105250
HRS170346,HRI105251
HRS170347,HRI105251
HRS170348,HRI105252
HRS170349,HRI105252
HRS170350,HRI105253
HRS170351,HRI105253
HRS170352,HRI105254
HRS170353,HRI105254
HRS170354,HRI105255
HRS170355,HRI105255
HRS170356,HRI105256
HRS170357,HRI105256
HRS170358,HRI105257
HRS170359,HRI105257
HRS170360,HRI105258
HRS170361,HRI105258
HRS170362,HRI105259
HRS170363,HRI105259
HRS170364,HRI105260
HRS170365,HRI105260
HRS170366,HRI105261
HRS170367,HRI105261
HRS170368,HRI105262
HRS170369,HRI105262
HRS170370,HRI105263
HRS170371,HRI105263
HRS170372,HRI105264
HRS170373,HRI105264
HRS170374,HRI105265
HRS170375,HRI105265
HRS170376,HRI105266
HRS170377,HRI105266
HRS170378,HRI105267
HRS170379,HRI105267
HRS170380,HRI105268
HRS170381,HRI105268
HRS170382,HRI105269
HRS170383,HRI105269
HRS170384,HRI105270
HRS170385,HRI105270
HRS170386,HRI105271
HRS170387,HRI105271
HRS170388,HRI105272
HRS170389,HRI105272
HRS170390,HRI105273
HRS170391,HRI105273
HRS170392,HRI105274
HRS170393,HRI105274
HRS170394,HRI105275
HRS170395,HRI105275
HRS170396,HRI105276
HRS170397,HRI105276
HRS170398,HRI105277
HRS170399,HRI105277
HRS170400,HRI105278
HRS170401,HRI105278
HRS170402,HRI105279
HRS170403,HRI105279
HRS170404,HRI105280
HRS170405,HRI105280
HRS170406,HRI105281
HRS170407,HRI105281
HRS170408,HRI105282
HRS170409,HRI105282
HRS170410,HRI105283
HRS170411,HRI105283
HRS170412,HRI105284
HRS170413,HRI105284
HRS170414,HRI105285
HRS170415,HRI105285
HRS170416,HRI105286
HRS170417,HRI105286
HRS170418,HRI105287
HRS170419,HRI105287
HRS170420,HRI105288
HRS170421,HRI105288
HRS170422,HRI105289
HRS170423,HRI105289
HRS170424,HRI105290
HRS170425,HRI105290
HRS170426,HRI105291
HRS170427,HRI105291
HRS170428,HRI105292
HRS170429,HRI105292
HRS170430,HRI105293
HRS170431,HRI105293
HRS170432,HRI105294
HRS170433,HRI105294
HRS170434,HRI105295
HRS170435,HRI105295
HRS170436,HRI105296
HRS170437,HRI105296
HRS170438,HRI105297
HRS170439,HRI105297
HRS170440,HRI105298
HRS170441,HRI105298
HRS170442,HRI105299
HRS170443,HRI105299
HRS170444,HRI105300
HRS170445,HRI105300
HRS170446,HRI105301
HRS170447,HRI105301
HRS170448,HRI105302
HRS170449,HRI105302
HRS170450,HRI105303
HRS170451,HRI105303
HRS170452,HRI105304
HRS170453,HRI105304
HRS170454,HRI105305
HRS170455,HRI105305
HRS170456,HRI105306
HRS170457,HRI105306
HRS170458,HRI105307
HRS170459,HRI105307
HRS170460,HRI105308
HRS170461,HRI105308
HRS170462,HRI105309
HRS170463,HRI105309
HRS170464,HRI105310
HRS170465,HRI105310
HRS170466,HRI105311
HRS170467,HRI105311
HRS170468,HRI105312
HRS170469,HRI105312
HRS170470,HRI105313
HRS170471,HRI105313
HRS170472,HRI105314
HRS170473,HRI105314
HRS170474,HRI105315
HRS170475,HRI105315
HRS170476,HRI105316
HRS170477,HRI105316
HRS170478,HRI105317
HRS170479,HRI105317
HRS170480,HRI105318
HRS170481,HRI105318
HRS170482,HRI105319
HRS170483,HRI105319
HRS170484,HRI105320
HRS170485,HRI105320
HRS170486,HRI105321
HRS170487,HRI105321
HRS170488,HRI105322
HRS170489,HRI105322
HRS170490,HRI105323
HRS170491,HRI105323
HRS170492,HRI105324
HRS170493,HRI105324
HRS170494,HRI105325
HRS170495,HRI105325
HRS170496,HRI105326
HRS170497,HRI105326
HRS170498,HRI105327
HRS170499,HRI105327
HRS170500,HRI105328
HRS170501,HRI105328
HRS170502,HRI105329
HRS170503,HRI105329
HRS170504,HRI105330
HRS170505,HRI105330
HRS170506,HRI105331
HRS170507,HRI105331
HRS170508,HRI105332
HRS170509,HRI105332
HRS170510,HRI105333
HRS170511,HRI105333
HRS170512,HRI105334
HRS170513,HRI105334
HRS170514,HRI105335
HRS170515,HRI105335
HRS170516,HRI105336
HRS170517,HRI105336
HRS170518,HRI105337
HRS170519,HRI105337
HRS170520,HRI105338
HRS170521,HRI105338
HRS170522,HRI105339
HRS170523,HRI105339
HRS170524,HRI105340
HRS170525,HRI105340
HRS170526,HRI105341
HRS170527,HRI105341
HRS170528,HRI105342
HRS170529,HRI105342
HRS170530,HRI105343
HRS170531,HRI105343
HRS170532,HRI105344
HRS170533,HRI105344
HRS170534,HRI105345
HRS170535,HRI105345
HRS170536,HRI105346
HRS170537,HRI105346
HRS170538,HRI105347
HRS170539,HRI105347
HRS170540,HRI105348
HRS170541,HRI105348
HRS170542,HRI105349
HRS170543,HRI105349
HRS170544,HRI105350
HRS170545,HRI105350
HRS170546,HRI105351
HRS170547,HRI105351
HRS170548,HRI105352
HRS170549,HRI105352
HRS170550,HRI105353
HRS170551,HRI105353
HRS170552,HRI105354
HRS170553,HRI105354
HRS170554,HRI105355
HRS170555,HRI105355
HRS170556,HRI105356
HRS170557,HRI105356
HRS170558,HRI105357
HRS170559,HRI105357
HRS170560,HRI105358
HRS170561,HRI105358
HRS170562,HRI105359
HRS170563,HRI105359
HRS170564,HRI105360
HRS170565,HRI105360
HRS170566,HRI105361
HRS170567,HRI105361
HRS170568,HRI105362
HRS170569,HRI105362
HRS170570,HRI105363
HRS170571,HRI105363
HRS170572,HRI105364
HRS170573,HRI105364
HRS170574,HRI105365
HRS170575,HRI105365
HRS170576,HRI105366
HRS170577,HRI105366
HRS170578,HRI105367
HRS170579,HRI105367
HRS170580,HRI105368
HRS170581,HRI105368
HRS170582,HRI105369
HRS170583,HRI105369
HRS170584,HRI105370
HRS170585,HRI105370
HRS170586,HRI105371
HRS170587,HRI105371
HRS170588,HRI105372
HRS170589,HRI105372
HRS170590,HRI105373
HRS170591,HRI105373
HRS170592,HRI105374
HRS170593,HRI105374
HRS170594,HRI105375
HRS170595,HRI105375
HRS170596,HRI105376
HRS170597,HRI105376
HRS170598,HRI105377
HRS170599,HRI105377
HRS170600,HRI105378
HRS170601,HRI105378
HRS170602,HRI105379
HRS170603,HRI105379
HRS170604,HRI105380
HRS170605,HRI105380
HRS170606,HRI105381
HRS170607,HRI105381
HRS170608,HRI105382
HRS170609,HRI105382
HRS170610,HRI105383
HRS170611,HRI105383
HRS170612,HRI105384
HRS170613,HRI105384
HRS170614,HRI105385
HRS170615,HRI105385
HRS170616,HRI105386
HRS170617,HRI105386
HRS170618,HRI105387
HRS170619,HRI105387
HRS170620,HRI105388
HRS170621,HRI105388
HRS170622,HRI105389
HRS170623,HRI105389
HRS170624,HRI105390
HRS170625,HRI105390
HRS170626,HRI105391
HRS170627,HRI105391
HRS170628,HRI105392
HRS170629,HRI105392
HRS170630,HRI105393
HRS170631,HRI105393
HRS170632,HRI105394
HRS170633,HRI105394
HRS170634,HRI105395
HRS170635,HRI105395
HRS170636,HRI105396
HRS170637,HRI105396
HRS170638,HRI105397
HRS170639,HRI105397
HRS170640,HRI105398
HRS170641,HRI105398
HRS170642,HRI105399
HRS170643,HRI105399
HRS170644,HRI105400
HRS170645,HRI105400
HRS170646,HRI105401
HRS170647,HRI105401
HRS170648,HRI105402
HRS170649,HRI105402
HRS170650,HRI105403
HRS170651,HRI105403
HRS170652,HRI105404
HRS170653,HRI105404
HRS170654,HRI105405
HRS170655,HRI105405
HRS170656,HRI105406
HRS170657,HRI105406
HRS170658,HRI105407
HRS170659,HRI105407
HRS170660,HRI105408
HRS170661,HRI105408
HRS170662,HRI105409
HRS170663,HRI105409
HRS170664,HRI105410
HRS170665,HRI105410
HRS170666,HRI105411
HRS170667,HRI105411
HRS170668,HRI105412
HRS170669,HRI105412
HRS170670,HRI105413
HRS170671,HRI105413
HRS170672,HRI105414
HRS170673,HRI105414
HRS170674,HRI105415
HRS170675,HRI105415
HRS170676,HRI105416
HRS170677,HRI105416
HRS170678,HRI105417
HRS170679,HRI105417
HRS170680,HRI105418
HRS170681,HRI105418
HRS170682,HRI105419
HRS170683,HRI105419
HRS170684,HRI105420
HRS170685,HRI105420
HRS170686,HRI105421
HRS170687,HRI105421
HRS170688,HRI105422
HRS170689,HRI105422
HRS170690,HRI105423
HRS170691,HRI105423
HRS170692,HRI105424
HRS170693,HRI105424
HRS170694,HRI105425
HRS170695,HRI105425
HRS170696,HRI105426
HRS170697,HRI105426
HRS170698,HRI105427
HRS170699,HRI105427
HRS170700,HRI105428
HRS170701,HRI105428
HRS170702,HRI105429
HRS170703,HRI105429
HRS170704,HRI105430
HRS170705,HRI105430
HRS170706,HRI105431
HRS170707,HRI105431
HRS170708,HRI105432
HRS170709,HRI105432
HRS170710,HRI105433
HRS170711,HRI105433
HRS170712,HRI105434
HRS170713,HRI105434
HRS170714,HRI105435
HRS170715,HRI105435
HRS170716,HRI105436
HRS170717,HRI105436
HRS170718,HRI105437
HRS170719,HRI105437
HRS170720,HRI105438
HRS170721,HRI105438
HRS170722,HRI105439
HRS170723,HRI105439
HRS170724,HRI105440
HRS170725,HRI105440
HRS170726,HRI105441
HRS170727,HRI105441
HRS170728,HRI105442
HRS170729,HRI105442
HRS170730,HRI105443
HRS170731,HRI105443
HRS170732,HRI105444
HRS170733,HRI105444
HRS170734,HRI105445
HRS170735,HRI105445
HRS170736,HRI105446
HRS170737,HRI105446
HRS170738,HRI105447
HRS170739,HRI105447
HRS170740,HRI105448
HRS170741,HRI105448
HRS170742,HRI105449
HRS170743,HRI105449
HRS170744,HRI105450
HRS170745,HRI105450
HRS170746,HRI105451
HRS170747,HRI105451
HRS170748,HRI105452
HRS170749,HRI105452
HRS170750,HRI105453
HRS170751,HRI105453
HRS170752,HRI105454
HRS170753,HRI105454
HRS170754,HRI105455
HRS170755,HRI105455
HRS170756,HRI105456
HRS170757,HRI105456
HRS170758,HRI105457
HRS170759,HRI105457
HRS170760,HRI105458
HRS170761,HRI105458
HRS170762,HRI105459
HRS170763,HRI105459
HRS170764,HRI105460
HRS170765,HRI105460
HRS170766,HRI105461
HRS170767,HRI105461
HRS170768,HRI105462
HRS170769,HRI105462
HRS170770,HRI105463
HRS170771,HRI105463
HRS170772,HRI105464
HRS170773,HRI105464
HRS170774,HRI105465
HRS170775,HRI105465
HRS170776,HRI105466
HRS170777,HRI105466
HRS170778,HRI105467
HRS170779,HRI105467
HRS170780,HRI105468
HRS170781,HRI105468
HRS170782,HRI105469
HRS170783,HRI105469
HRS170784,HRI105470
HRS170785,HRI105470
HRS170786,HRI105471
HRS170787,HRI105471
HRS170788,HRI105472
HRS170789,HRI105472
HRS170790,HRI105473
HRS170791,HRI105473
HRS170792,HRI105474
HRS170793,HRI105474
HRS170794,HRI105475
HRS170795,HRI105475
HRS170796,HRI105476
HRS170797,HRI105476
HRS170798,HRI105477
HRS170799,HRI105477
HRS170800,HRI105478
HRS170801,HRI105478
HRS170802,HRI105479
HRS170803,HRI105479
HRS170804,HRI105480
HRS170805,HRI105480
HRS170806,HRI105481
HRS170807,HRI105481
HRS170808,HRI105482
HRS170809,HRI105482
HRS170810,HRI105483
HRS170811,HRI105483
HRS170812,HRI105484
HRS170813,HRI105484
HRS170814,HRI105485
HRS170815,HRI105485
HRS170816,HRI105486
HRS170817,HRI105486
HRS170818,HRI105487
HRS170819,HRI105487
HRS170820,HRI105488
HRS170821,HRI105488
HRS170822,HRI105489
HRS170823,HRI105489
HRS170824,HRI105490
HRS170825,HRI105490
HRS170826,HRI105491
HRS170827,HRI105491
HRS170828,HRI105492
HRS170829,HRI105492
HRS170830,HRI105493
HRS170831,HRI105493
HRS170832,HRI105494
HRS170833,HRI105494
HRS170834,HRI105495
HRS170835,HRI105495
HRS170836,HRI105496
HRS170837,HRI105496
HRS170838,HRI105497
HRS170839,HRI105497
HRS170840,HRI105498
HRS170841,HRI105498
HRS170842,HRI105499
HRS170843,HRI105499
HRS170844,HRI105500
HRS170845,HRI105500
HRS170846,HRI105501
HRS170847,HRI105501
HRS170848,HRI105502
HRS170849,HRI105502
HRS170850,HRI105503
HRS170851,HRI105503
HRS170852,HRI105504
HRS170853,HRI105504
HRS170854,HRI105505
HRS170855,HRI105505
HRS170856,HRI105506
HRS170857,HRI105506
HRS170858,HRI105507
HRS170859,HRI105507
HRS170860,HRI105508
HRS170861,HRI105508
HRS170862,HRI105509
HRS170863,HRI105509
HRS170864,HRI105510
HRS170865,HRI105510
HRS170866,HRI105511
HRS170867,HRI105511
HRS170868,HRI105512
HRS170869,HRI105512
HRS170870,HRI105513
HRS170871,HRI105513
HRS170872,HRI105514
HRS170873,HRI105514
HRS170874,HRI105515
HRS170875,HRI105515
HRS170876,HRI105516
HRS170877,HRI105516
HRS170878,HRI105517
HRS170879,HRI105517
HRS170880,HRI105518
HRS170881,HRI105518
HRS170882,HRI105519
HRS170883,HRI105519
HRS170884,HRI105520
HRS170885,HRI105520
HRS170886,HRI105521
HRS170887,HRI105521
HRS170888,HRI105522
HRS170889,HRI105522
HRS170890,HRI105523
HRS170891,HRI105523
HRS170892,HRI105524
HRS170893,HRI105524
HRS170894,HRI105525
HRS170895,HRI105525
HRS170896,HRI105526
HRS170897,HRI105526
HRS170898,HRI105527
HRS170899,HRI105527
HRS170900,HRI105528
HRS170901,HRI105528
HRS170902,HRI105529
HRS170903,HRI105529
HRS170904,HRI105530
HRS170905,HRI105530
HRS170906,HRI105531
HRS170907,HRI105531
HRS170908,HRI105532
HRS170909,HRI105532
HRS170910,HRI105533
HRS170911,HRI105533
HRS170912,HRI105534
HRS170913,HRI105534
HRS170914,HRI105535
HRS170915,HRI105535
HRS170916,HRI105536
HRS170917,HRI105536
HRS170918,HRI105537
HRS170919,HRI105537
HRS170920,HRI105538
HRS170921,HRI105538
HRS170922,HRI105539
HRS170923,HRI105539
HRS170924,HRI105540
HRS170925,HRI105540
HRS170926,HRI105541
HRS170927,HRI105541
HRS170928,HRI105542
HRS170929,HRI105542
HRS170930,HRI105543
HRS170931,HRI105543
HRS170932,HRI105544
HRS170933,HRI105544
HRS170934,HRI105545
HRS170935,HRI105545
HRS170936,HRI105546
HRS170937,HRI105546
HRS170938,HRI105547
HRS170939,HRI105547
HRS170940,HRI105548
HRS170941,HRI105548
HRS170942,HRI105549
HRS170943,HRI105549
HRS170944,HRI105550
HRS170945,HRI105550
HRS170946,HRI105551
HRS170947,HRI105551
HRS170948,HRI105552
HRS170949,HRI105552
HRS170950,HRI105553
HRS170951,HRI105553
HRS170952,HRI105554
HRS170953,HRI105554
HRS170954,HRI105555
HRS170955,HRI105555
HRS170956,HRI105556
HRS170957,HRI105556
HRS170958,HRI105557
HRS170959,HRI105557
HRS170960,HRI105558
HRS170961,HRI105558
HRS170962,HRI105559
HRS170963,HRI105559
HRS170964,HRI105560
HRS170965,HRI105560
HRS170966,HRI105561
HRS170967,HRI105561
HRS170968,HRI105562
HRS170969,HRI105562
HRS170970,HRI105563
HRS170971,HRI105563
HRS170972,HRI105564
HRS170973,HRI105564
HRS170974,HRI105565
HRS170975,HRI105565
HRS170976,HRI105566
HRS170977,HRI105566
HRS170978,HRI105567
HRS170979,HRI105567
HRS170980,HRI105568
HRS170981,HRI105568
HRS170982,HRI105569
HRS170983,HRI105569
HRS170984,HRI105570
HRS170985,HRI105570
HRS170986,HRI105571
HRS170987,HRI105571
HRS170988,HRI105572
HRS170989,HRI105572
HRS170990,HRI105573
HRS170991,HRI105573
HRS170992,HRI105574
HRS170993,HRI105574
HRS170994,HRI105575
HRS170995,HRI105575
HRS170996,HRI105576
HRS170997,HRI105576
HRS170998,HRI105577
HRS170999,HRI105577
HRS171000,HRI105578
HRS171001,HRI105578
HRS171002,HRI105579
HRS171003,HRI105579
HRS171004,HRI105580
HRS171005,HRI105580
HRS171006,HRI105581
HRS171007,HRI105581
HRS171008,HRI105582
HRS171009,HRI105582
HRS171010,HRI105583
HRS171011,HRI105583
HRS171012,HRI105584
HRS171013,HRI105584
HRS171014,HRI105585
HRS171015,HRI105585
HRS171016,HRI105586
HRS171017,HRI105586
HRS171018,HRI105587
HRS171019,HRI105587
HRS171020,HRI105588
HRS171021,HRI105588
HRS171022,HRI105589
HRS171023,HRI105589
HRS171024,HRI105590
HRS171025,HRI105590
HRS171026,HRI105591
HRS171027,HRI105591
HRS171028,HRI105592
HRS171029,HRI105592
HRS171030,HRI105593
HRS171031,HRI105593
HRS171032,HRI105594
HRS171033,HRI105594
HRS171034,HRI105595
HRS171035,HRI105595
HRS171036,HRI105596
HRS171037,HRI105596
HRS171038,HRI105597
HRS171039,HRI105597
HRS171040,HRI105598
HRS171041,HRI105598
HRS171042,HRI105599
HRS171043,HRI105599
HRS171044,HRI105600
HRS171045,HRI105600
HRS171046,HRI105601
HRS171047,HRI105601
HRS171048,HRI105602
HRS171049,HRI105602
HRS171050,HRI105603
HRS171051,HRI105603
HRS171052,HRI105604
HRS171053,HRI105604
HRS171054,HRI105605
HRS171055,HRI105605
HRS171056,HRI105606
HRS171057,HRI105606
HRS171058,HRI105607
HRS171059,HRI105607
HRS171060,HRI105608
HRS171061,HRI105608
HRS171062,HRI105609
HRS171063,HRI105609
HRS171064,HRI105610
HRS171065,HRI105610
HRS171066,HRI105611
HRS171067,HRI105611
HRS171068,HRI105612
HRS171069,HRI105612
HRS171070,HRI105613
HRS171071,HRI105613
HRS171072,HRI105614
HRS171073,HRI105614
HRS171074,HRI105615
HRS171075,HRI105615
HRS171076,HRI105616
HRS171077,HRI105616
HRS171078,HRI105617
HRS171079,HRI105617
HRS171080,HRI105618
HRS171081,HRI105618
HRS171082,HRI105619
HRS171083,HRI105619
HRS171084,HRI105620
HRS171085,HRI105620
HRS171086,HRI105621
HRS171087,HRI105621
HRS171088,HRI105622
HRS171089,HRI105622
HRS171090,HRI105623
HRS171091,HRI105623
HRS171092,HRI105624
HRS171093,HRI105624
HRS171094,HRI105625
HRS171095,HRI105625
HRS171096,HRI105626
HRS171097,HRI105626
HRS171098,HRI105627
HRS171099,HRI105627
HRS171100,HRI105628
HRS171101,HRI105628
HRS171102,HRI105629
HRS171103,HRI105629
HRS171104,HRI105630
HRS171105,HRI105630
HRS171106,HRI105631
HRS171107,HRI105631
HRS171108,HRI105632
HRS171109,HRI105632
HRS171110,HRI105633
HRS171111,HRI105633
HRS171112,HRI105634
HRS171113,HRI105634
HRS171114,HRI105635
HRS171115,HRI105635
HRS171116,HRI105636
HRS171117,HRI105636
HRS171118,HRI105637
HRS171119,HRI105637
HRS171120,HRI105638
HRS171121,HRI105638
HRS171122,HRI105639
HRS171123,HRI105639
HRS171124,HRI105640
HRS171125,HRI105640
HRS171126,HRI105641
HRS171127,HRI105641
HRS171128,HRI105642
HRS171129,HRI105642
HRS171130,HRI105643
HRS171131,HRI105643
HRS171132,HRI105644
HRS171133,HRI105644
HRS171134,HRI105645
HRS171135,HRI105645
HRS171136,HRI105646
HRS171137,HRI105646
HRS171138,HRI105647
HRS171139,HRI105647
HRS171140,HRI105648
HRS171141,HRI105648
HRS171142,HRI105649
HRS171143,HRI105649
HRS171144,HRI105650
HRS171145,HRI105650
HRS171146,HRI105651
HRS171147,HRI105651
HRS171148,HRI105652
HRS171149,HRI105652
HRS171150,HRI105653
HRS171151,HRI105653
HRS171152,HRI105654
HRS171153,HRI105654
HRS171154,HRI105655
HRS171155,HRI105655
HRS171156,HRI105656
HRS171157,HRI105656
HRS171158,HRI105657
HRS171159,HRI105657
HRS171160,HRI105658
HRS171161,HRI105658
HRS171162,HRI105659
HRS171163,HRI105659
HRS171164,HRI105660
HRS171165,HRI105660
HRS171166,HRI105661
HRS171167,HRI105661
HRS171168,HRI105662
HRS171169,HRI105662
HRS171170,HRI105663
HRS171171,HRI105663
HRS171172,HRI105664
HRS171173,HRI105664
HRS171174,HRI105665
HRS171175,HRI105665
HRS171176,HRI105666
HRS171177,HRI105666
HRS171178,HRI105667
HRS171179,HRI105667
HRS171180,HRI105668
HRS171181,HRI105668
HRS171182,HRI105669
HRS171183,HRI105669
HRS171184,HRI105670
HRS171185,HRI105670
HRS171186,HRI105671
HRS171187,HRI105671
HRS171188,HRI105672
HRS171189,HRI105672
HRS171190,HRI105673
HRS171191,HRI105673
HRS171192,HRI105674
HRS171193,HRI105674
HRS171194,HRI105675
HRS171195,HRI105675
HRS171196,HRI105676
HRS171197,HRI105676
HRS171198,HRI105677
HRS171199,HRI105677
HRS171200,HRI105678
HRS171201,HRI105678
HRS171202,HRI105679
HRS171203,HRI105679
HRS171204,HRI105680
HRS171205,HRI105680
HRS171206,HRI105681
HRS171207,HRI105681
HRS171208,HRI105682
HRS171209,HRI105682
HRS171210,HRI105683
HRS171211,HRI105683
HRS171212,HRI105684
HRS171213,HRI105684
HRS171214,HRI105685
HRS171215,HRI105685
HRS171216,HRI105686
HRS171217,HRI105686
HRS171218,HRI105687
HRS171219,HRI105687
HRS171220,HRI105688
HRS171221,HRI105688
HRS171222,HRI105689
HRS171223,HRI105689
HRS171224,HRI105690
HRS171225,HRI105690
HRS171226,HRI105691
HRS171227,HRI105691
HRS171228,HRI105692
HRS171229,HRI105692
HRS171230,HRI105693
HRS171231,HRI105693
HRS171232,HRI105694
HRS171233,HRI105694
HRS171234,HRI105695
HRS171235,HRI105695
HRS171236,HRI105696
HRS171237,HRI105696
HRS171238,HRI105697
HRS171239,HRI105697
HRS171240,HRI105698
HRS171241,HRI105698
HRS171242,HRI105699
HRS171243,HRI105699
HRS171244,HRI105700
HRS171245,HRI105700
HRS171246,HRI105701
HRS171247,HRI105701
HRS171248,HRI105702
HRS171249,HRI105702
HRS171250,HRI105703
HRS171251,HRI105703
HRS171252,HRI105704
HRS171253,HRI105704
HRS171254,HRI105705
HRS171255,HRI105705
HRS171256,HRI105706
HRS171257,HRI105706
HRS171258,HRI105707
HRS171259,HRI105707
HRS171260,HRI105708
HRS171261,HRI105708
HRS171262,HRI105709
HRS171263,HRI105709
HRS171264,HRI105710
HRS171265,HRI105710
HRS171266,HRI105711
HRS171267,HRI105711
HRS171268,HRI105712
HRS171269,HRI105712
HRS171270,HRI105713
HRS171271,HRI105713
HRS171272,HRI105714
HRS171273,HRI105714
HRS171274,HRI105715
HRS171275,HRI105715
HRS171276,HRI105716
HRS171277,HRI105716
HRS171278,HRI105717
HRS171279,HRI105717
HRS171280,HRI105718
HRS171281,HRI105718
HRS171282,HRI105719
HRS171283,HRI105719
HRS171284,HRI105720
HRS171285,HRI105720
HRS171286,HRI105721
HRS171287,HRI105721
HRS171288,HRI105722
HRS171289,HRI105722
HRS171290,HRI105723
HRS171291,HRI105723
HRS171292,HRI105724
HRS171293,HRI105724
HRS171294,HRI105725
HRS171295,HRI105725
HRS171296,HRI105726
HRS171297,HRI105726
HRS171298,HRI105727
HRS171299,HRI105727
HRS171300,HRI105728
HRS171301,HRI105728
HRS171302,HRI105729
HRS171303,HRI105729
HRS171304,HRI105730
HRS171305,HRI105730
HRS171306,HRI105731
HRS171307,HRI105731
HRS171308,HRI105732
HRS171309,HRI105732
HRS171310,HRI105733
HRS171311,HRI105733
HRS171312,HRI105734
HRS171313,HRI105734
HRS171314,HRI105735
HRS171315,HRI105735
HRS171316,HRI105736
HRS171317,HRI105736
HRS171318,HRI105737
HRS171319,HRI105737
HRS171320,HRI105738
HRS171321,HRI105738
HRS171322,HRI105739
HRS171323,HRI105739
HRS171324,HRI105740
HRS171325,HRI105740
HRS171326,HRI105741
HRS171327,HRI105741
HRS171328,HRI105742
HRS171329,HRI105742
HRS171330,HRI105743
HRS171331,HRI105743
HRS171332,HRI105744
HRS171333,HRI105744
HRS171334,HRI105745
HRS171335,HRI105745
HRS171336,HRI105746
HRS171337,HRI105746
HRS171338,HRI105747
HRS171339,HRI105747
HRS171340,HRI105748
HRS171341,HRI105748
HRS171342,HRI105749
HRS171343,HRI105749
HRS171344,HRI105750
HRS171345,HRI105750
HRS171346,HRI105751
HRS171347,HRI105751
HRS171348,HRI105752
HRS171349,HRI105752
HRS171350,HRI105753
HRS171351,HRI105753
HRS171352,HRI105754
HRS171353,HRI105754
HRS171354,HRI105755
HRS171355,HRI105755
HRS171356,HRI105756
HRS171357,HRI105756
HRS171358,HRI105757
HRS171359,HRI105757
HRS171360,HRI105758
HRS171361,HRI105758
HRS171362,HRI105759
HRS171363,HRI105759
HRS171364,HRI105760
HRS171365,HRI105760
HRS171366,HRI105761
HRS171367,HRI105761
HRS171368,HRI105762
HRS171369,HRI105762
HRS171370,HRI105763
HRS171371,HRI105763
HRS171372,HRI105764
HRS171373,HRI105764
HRS171374,HRI105765
HRS171375,HRI105765
HRS171376,HRI105766
HRS171377,HRI105766
HRS171378,HRI105767
HRS171379,HRI105767
HRS171380,HRI105768
HRS171381,HRI105768
HRS171382,HRI105769
HRS171383,HRI105769
HRS171384,HRI105770
HRS171385,HRI105770
HRS171386,HRI105771
HRS171387,HRI105771
HRS171388,HRI105772
HRS171389,HRI105772
HRS171390,HRI105773
HRS171391,HRI105773
HRS171392,HRI105774
HRS171393,HRI105774
HRS171394,HRI105775
HRS171395,HRI105775
HRS171396,HRI105776
HRS171397,HRI105776
HRS171398,HRI105777
HRS171399,HRI105777
HRS171400,HRI105778
HRS171401,HRI105778
HRS171402,HRI105779
HRS171403,HRI105779
HRS171404,HRI105780
HRS171405,HRI105780
HRS171406,HRI105781
HRS171407,HRI105781
HRS171408,HRI105782
HRS171409,HRI105782
HRS171410,HRI105783
HRS171411,HRI105783
HRS171412,HRI105784
HRS171413,HRI105784
HRS171414,HRI105785
HRS171415,HRI105785
HRS171416,HRI105786
HRS171417,HRI105786
HRS171418,HRI105787
HRS171419,HRI105787
HRS171420,HRI105788
HRS171421,HRI105788
HRS171422,HRI105789
HRS171423,HRI105789
HRS280605,HRI147472
HRS280606,HRI147472
HRS280607,HRI147472
HRS280608,HRI147472
HRS280609,HRI147472
HRS280610,HRI147472
HRS280611,HRI147472
HRS280612,HRI147473
HRS280613,HRI147473
HRS280614,HRI147473
HRS280615,HRI147473
HRS280616,HRI147473
HRS280617,HRI147473
HRS280618,HRI147473
HRS280619,HRI147473
HRS280620,HRI147474
HRS280621,HRI147474
HRS280622,HRI147474
HRS280623,HRI147474
HRS280624,HRI147474
HRS280625,HRI147474
HRS280626,HRI147474
HRS280627,HRI147474
HRS280628,HRI147474
HRS280629,HRI147474
HRS280630,HRI147474
HRS280631,HRI147474
HRS280632,HRI147474
HRS280633,HRI147474
HRS280634,HRI147475
HRS280635,HRI147475
HRS280636,HRI147475
HRS280637,HRI147476
HRS280638,HRI147476
HRS280639,HRI147476
HRS280640,HRI147476
HRS280641,HRI147476
HRS280642,HRI147476
HRS280643,HRI147477
HRS280644,HRI147477
HRS280645,HRI147477
HRS280646,HRI147477
HRS280647,HRI147477
HRS280648,HRI147477
HRS280649,HRI147477
HRS280650,HRI147478
HRS280651,HRI147478
HRS280652,HRI147478
HRS280653,HRI147478
HRS280654,HRI147478
HRS280655,HRI147478
HRS280656,HRI147478
HRS280657,HRI147479
HRS280658,HRI147479
HRS280659,HRI147479
HRS280660,HRI147479
HRS280661,HRI147479
HRS280662,HRI147480
HRS280663,HRI147480
HRS280664,HRI147480
HRS280665,HRI147480
HRS280666,HRI147480
HRS280667,HRI147480
HRS280668,HRI147480
HRS280669,HRI147481
HRS280670,HRI147481
HRS280671,HRI147481
HRS280672,HRI147482
HRS280673,HRI147482
HRS280674,HRI147482
HRS280675,HRI147482
HRS280676,HRI147482
HRS280677,HRI147482
HRS280678,HRI147482
HRS280679,HRI147482
HRS280680,HRI147483
HRS280681,HRI147483
HRS280682,HRI147484
HRS280683,HRI147484
HRS280684,HRI147484
HRS280685,HRI147484
HRS280686,HRI147484
HRS280687,HRI147484
HRS280688,HRI147484
HRS280689,HRI147484
HRS280690,HRI147485
HRS280691,HRI147485
HRS280692,HRI147485
HRS280693,HRI147485
HRS280694,HRI147485
HRS280695,HRI147485
HRS280696,HRI147486
HRS280697,HRI147486
HRS280698,HRI147486
HRS280699,HRI147486
HRS280700,HRI147486
HRS280701,HRI147486
HRS280702,HRI147486
HRS280703,HRI147486
HRS280704,HRI147487
HRS280705,HRI147487
HRS280706,HRI147487
HRS280707,HRI147488
HRS280708,HRI147488
HRS280709,HRI147488
HRS280710,HRI147488
HRS280711,HRI147488
HRS280712,HRI147488
HRS280713,HRI147488
HRS280714,HRI147489
HRS280715,HRI147489
HRS280716,HRI147489
HRS280717,HRI147489
HRS280718,HRI147489
HRS280719,HRI147490
HRS280720,HRI147490
HRS280721,HRI147490
HRS280722,HRI147490
HRS280723,HRI147490
HRS280724,HRI147491
HRS280725,HRI147491
HRS280726,HRI147491
HRS280727,HRI147491
HRS280728,HRI147491
HRS280729,HRI147492
HRS280730,HRI147492
HRS280731,HRI147492
HRS280732,HRI147492
HRS280733,HRI147492
HRS280734,HRI147493
HRS280735,HRI147493
HRS280736,HRI147493
HRS280737,HRI147494
HRS280738,HRI147494
HRS280739,HRI147494
HRS280740,HRI147494
HRS280741,HRI147494
HRS280742,HRI147495
HRS280743,HRI147495
HRS280744,HRI147495
HRS280745,HRI147495
HRS280746,HRI147496
HRS280747,HRI147496
HRS280748,HRI147497
HRS280749,HRI147497
HRS280750,HRI147497
HRS280751,HRI147498
HRS280752,HRI147498
HRS280753,HRI147498
HRS280754,HRI147498
HRS280755,HRI147498
HRS280756,HRI147498
HRS280757,HRI147498
HRS280758,HRI147498
HRS280759,HRI147498
HRS280760,HRI147499
HRS280761,HRI147499
HRS280762,HRI147499
HRS280763,HRI147499
HRS280764,HRI147500
HRS280765,HRI147500
HRS280766,HRI147500
HRS280767,HRI147501
HRS280768,HRI147501
HRS280769,HRI147501
HRS280770,HRI147501
HRS280771,HRI147501
HRS280772,HRI147501
HRS280773,HRI147501
HRS280774,HRI147501
HRS280775,HRI147501
HRS280776,HRI147502
HRS280777,HRI147502
HRS280778,HRI147502
HRS280779,HRI147502
HRS280780,HRI147502
HRS280781,HRI147503
HRS280782,HRI147503
HRS280783,HRI147503
HRS280784,HRI147504
HRS280785,HRI147504
HRS280786,HRI147504
HRS280787,HRI147504
HRS280788,HRI147505
HRS280789,HRI147505
HRS280790,HRI147506
HRS280791,HRI147506
HRS280792,HRI147506
HRS280793,HRI147506
HRS280794,HRI147506
HRS280795,HRI147507
HRS280796,HRI147507
HRS280797,HRI147507
HRS280798,HRI147508
HRS280799,HRI147508
HRS280800,HRI147508
HRS280801,HRI147509
HRS280802,HRI147509
HRS280803,HRI147509
HRS280804,HRI147509
HRS280805,HRI147509
HRS280806,HRI147509
HRS280807,HRI147510
HRS280808,HRI147510
HRS280809,HRI147510
HRS280810,HRI147510
HRS280811,HRI147510
HRS280812,HRI147511
HRS280813,HRI147511
HRS280814,HRI147511
HRS280815,HRI147511
HRS280816,HRI147512
HRS280817,HRI147512
HRS280818,HRI147512
HRS280819,HRI147513
HRS280820,HRI147513
HRS280821,HRI147513
HRS280822,HRI147513
HRS280823,HRI147514
HRS280824,HRI147514
HRS280825,HRI147514
HRS280826,HRI147514
HRS280827,HRI147514
HRS280828,HRI147514
HRS280829,HRI147515
HRS280830,HRI147515
HRS280831,HRI147515
HRS280832,HRI147516
HRS280833,HRI147516
HRS280834,HRI147516
HRS280835,HRI147516
HRS280836,HRI147516
HRS280837,HRI147517
HRS280838,HRI147517
HRS280839,HRI147517
HRS280840,HRI147517
HRS280841,HRI147518
HRS280842,HRI147518
HRS280843,HRI147518
HRS280844,HRI147518
HRS280845,HRI147518
HRS280846,HRI147518
HRS280847,HRI147518
HRS280848,HRI147519
HRS280849,HRI147519
HRS280850,HRI147519
HRS280851,HRI147519
HRS280852,HRI147520
HRS280853,HRI147520
HRS280854,HRI147520
HRS280855,HRI147520
HRS280856,HRI147521
HRS280857,HRI147521
HRS280858,HRI147521
HRS280859,HRI147521
HRS280860,HRI147522
HRS280861,HRI147522
HRS280862,HRI147522
HRS280863,HRI147523
HRS280864,HRI147523
HRS280865,HRI147523
HRS280866,HRI147523
HRS280867,HRI147524
HRS280868,HRI147524
HRS280869,HRI147525
HRS280870,HRI147525
HRS280871,HRI147525
HRS280872,HRI147525
HRS280873,HRI147525
HRS280874,HRI147525
HRS280875,HRI147526
HRS280876,HRI147526
HRS280877,HRI147527
HRS280878,HRI147527
HRS280879,HRI147528
HRS280880,HRI147528
HRS280881,HRI147529
HRS280882,HRI147529
HRS280883,HRI147530
HRS280884,HRI147530
HRS280885,HRI147531
HRS280886,HRI147531
HRS280887,HRI147532
HRS280888,HRI147532
HRS280889,HRI147533
HRS280890,HRI147533
HRS280891,HRI147534
HRS280892,HRI147534
HRS280893,HRI147535
HRS280894,HRI147535
HRS280895,HRI147536
HRS280896,HRI147536
HRS280897,HRI147537
HRS280898,HRI147537
HRS280899,HRI147538
HRS280900,HRI147538
HRS280901,HRI147539
HRS280902,HRI147539
HRS280903,HRI147540
HRS280904,HRI147540
HRS280905,HRI147541
HRS280906,HRI147541
HRS280907,HRI147542
HRS280908,HRI147542
HRS280909,HRI147543
HRS280910,HRI147543
HRS280911,HRI147544
HRS280912,HRI147544
HRS280913,HRI147545
HRS280914,HRI147545
HRS280915,HRI147546
HRS280916,HRI147546
HRS280917,HRI147547
HRS280918,HRI147547
HRS280919,HRI147548
HRS280920,HRI147548
HRS280921,HRI147549
HRS280922,HRI147549
HRS280923,HRI147550
HRS280924,HRI147550
HRS280925,HRI147551
HRS280926,HRI147551
HRS280927,HRI147552
HRS280928,HRI147552
HRS280929,HRI147553
HRS280930,HRI147553
HRS280931,HRI147554
HRS280932,HRI147554
HRS280933,HRI147555
HRS280934,HRI147555
HRS280935,HRI147556
HRS280936,HRI147556
HRS280937,HRI147557
HRS280938,HRI147557
HRS281123,HRI147558
HRS281124,HRI147558
HRS281125,HRI147559
HRS281126,HRI147559
HRS281127,HRI147560
HRS281128,HRI147560
HRS281129,HRI147561
HRS281130,HRI147561
HRS281131,HRI147562
HRS281132,HRI147562
HRS281133,HRI147563
HRS281134,HRI147563
HRS281135,HRI147564
HRS281136,HRI147564
HRS281137,HRI147565
HRS281138,HRI147565
HRS281139,HRI147566
HRS281140,HRI147566
HRS281141,HRI147567
HRS281142,HRI147567
HRS281143,HRI147568
HRS281144,HRI147568
HRS281145,HRI147569
HRS281146,HRI147569
HRS281147,HRI147570
HRS281148,HRI147570
HRS281149,HRI147571
HRS281150,HRI147571
HRS281151,HRI147572
HRS281152,HRI147572
HRS281153,HRI147573
HRS281154,HRI147573
HRS281155,HRI147574
HRS281156,HRI147574
HRS281157,HRI147575
HRS281158,HRI147575
HRS281159,HRI147576
HRS281160,HRI147576
HRS281161,HRI147577
HRS281162,HRI147577
HRS281163,HRI147578
HRS281164,HRI147578
HRS281165,HRI147579
HRS281166,HRI147579
HRS281167,HRI147580
HRS281168,HRI147580
HRS281169,HRI147581
HRS281170,HRI147581
HRS281171,HRI147582
HRS281172,HRI147582
HRS281173,HRI147583
HRS281174,HRI147583
HRS281175,HRI147584
HRS281176,HRI147584
HRS281177,HRI147585
HRS281178,HRI147585
HRS281179,HRI147586
HRS281180,HRI147586
HRS281181,HRI147587
HRS281182,HRI147587
HRS281183,HRI147588
HRS281184,HRI147588
HRS281185,HRI147589
HRS281186,HRI147589
HRS281187,HRI147590
HRS281188,HRI147590
HRS281189,HRI147591
HRS281190,HRI147591
HRS281191,HRI147592
HRS281192,HRI147592
HRS281193,HRI147593
HRS281194,HRI147593
HRS281195,HRI147594
HRS281196,HRI147594
HRS281197,HRI147595
HRS281198,HRI147595
HRS281199,HRI147596
HRS281200,HRI147596
HRS281201,HRI147597
HRS281202,HRI147597
HRS281203,HRI147598
HRS281204,HRI147598
HRS281205,HRI147599
HRS281206,HRI147599
HRS281207,HRI147600
HRS281208,HRI147600
HRS281209,HRI147601
HRS281210,HRI147601
HRS281211,HRI147602
HRS281212,HRI147602
HRS281213,HRI147603
HRS281214,HRI147603
HRS281215,HRI147604
HRS281216,HRI147604
HRS281217,HRI147605
HRS281218,HRI147605
HRS281219,HRI147606
HRS281220,HRI147606
HRS281221,HRI147607
HRS281222,HRI147607
HRS281223,HRI147608
HRS281224,HRI147608
HRS281225,HRI147609
HRS281226,HRI147609
HRS281227,HRI147610
HRS281228,HRI147610
HRS281229,HRI147611
HRS281230,HRI147611
HRS281231,HRI147612
HRS281232,HRI147612
HRS281233,HRI147613
HRS281234,HRI147613
HRS281235,HRI147614
HRS281236,HRI147614
HRS281237,HRI147615
HRS281238,HRI147615
HRS281239,HRI147616
HRS281240,HRI147616
HRS281241,HRI147617
HRS281242,HRI147617
HRS281243,HRI147618
HRS281244,HRI147618
HRS281245,HRI147619
HRS281246,HRI147619
HRS281247,HRI147620
HRS281248,HRI147620
HRS281249,HRI147621
HRS281250,HRI147621
HRS281251,HRI147622
HRS281252,HRI147622
HRS281253,HRI147623
HRS281254,HRI147623
HRS281255,HRI147624
HRS281256,HRI147624
HRS281257,HRI147625
HRS281258,HRI147625
HRS281259,HRI147626
HRS281260,HRI147626
HRS281261,HRI147627
HRS281262,HRI147627
HRS281263,HRI147628
HRS281264,HRI147628
HRS281265,HRI147629
HRS281266,HRI147629
HRS281267,HRI147630
HRS281268,HRI147630
HRS281269,HRI147631
HRS281270,HRI147631
HRS281271,HRI147632
HRS281272,HRI147632
HRS281273,HRI147633
HRS281274,HRI147633
HRS281275,HRI147634
HRS281276,HRI147634
HRS281277,HRI147635
HRS281278,HRI147635
HRS281279,HRI147636
HRS281280,HRI147636
HRS281281,HRI147637
HRS281282,HRI147637
HRS281283,HRI147638
HRS281284,HRI147638
HRS281285,HRI147639
HRS281286,HRI147639
HRS281287,HRI147640
HRS281288,HRI147640
HRS281289,HRI147641
HRS281290,HRI147641
HRS281291,HRI147642
HRS281292,HRI147642
HRS281293,HRI147643
HRS281294,HRI147643
HRS281295,HRI147644
HRS281296,HRI147644
HRS281297,HRI147645
HRS281298,HRI147645
HRS280591,HRI147646
HRS280592,HRI147646
HRS280593,HRI147646
HRS280594,HRI147646
HRS280595,HRI147646
HRS280567,HRI147647
HRS280568,HRI147647
HRS280569,HRI147647
HRS280570,HRI147647
HRS280571,HRI147647
HRS280572,HRI147648
HRS280573,HRI147648
HRS280574,HRI147648
HRS280575,HRI147648
HRS280576,HRI147648
HRS280577,HRI147649
HRS280578,HRI147649
HRS280579,HRI147649
HRS280580,HRI147649
HRS280581,HRI147650
HRS280582,HRI147650
HRS280583,HRI147650
HRS280584,HRI147650
HRS280585,HRI147650
HRS280586,HRI147650
HRS280587,HRI147651
HRS280588,HRI147651
HRS280589,HRI147651
HRS280590,HRI147651
HRS280596,HRI147652
HRS280597,HRI147652
HRS280598,HRI147652
HRS280599,HRI147652
HRS280600,HRI147653
HRS280601,HRI147653
HRS280602,HRI147653
HRS280603,HRI147653
HRS280604,HRI147653
HRS959806,HRI728840
HRS959807,HRI728840
HRS959808,HRI728840
HRS959809,HRI728840
HRS959810,HRI728841
HRS959811,HRI728841
HRS959812,HRI728841
HRS959813,HRI728841
HRS959814,HRI728842
HRS959815,HRI728842
HRS959816,HRI728842
HRS959817,HRI728842
HRS959818,HRI728842
HRS959819,HRI728843
HRS959820,HRI728843
HRS959821,HRI728843
HRS959822,HRI728843
HRS959823,HRI728843
HRS959824,HRI728843
HRS959825,HRI728843
HRS959826,HRI728844
HRS959827,HRI728844
HRS959828,HRI728844
HRS959829,HRI728844
HRS959830,HRI728844
HRS959831,HRI728844
HRS959832,HRI728845
HRS959833,HRI728845
HRS959834,HRI728845
HRS959835,HRI728845
HRS959836,HRI728845
HRS959837,HRI728845
HRS959838,HRI728845
HRS959839,HRI728846
HRS959840,HRI728846
HRS959841,HRI728846
HRS959842,HRI728846
HRS959843,HRI728846
HRS959844,HRI728846
HRS959845,HRI728846
HRS959846,HRI728846
HRS959847,HRI728846
HRS959848,HRI728846
HRS959849,HRI728847
HRS959850,HRI728847
HRS959851,HRI728847
HRS959852,HRI728847
HRS959853,HRI728847
HRS959854,HRI728847
HRS959855,HRI728847
HRS959856,HRI728847
HRS959857,HRI728847
HRS959858,HRI728848
HRS959859,HRI728848
HRS959860,HRI728848
HRS959861,HRI728848
HRS959862,HRI728848
HRS959863,HRI728848
HRS959864,HRI728849
HRS959865,HRI728849
HRS959866,HRI728849
HRS959867,HRI728849
HRS959868,HRI728849
HRS959869,HRI728850
HRS959870,HRI728850
HRS959871,HRI728850
HRS959872,HRI728850
HRS959873,HRI728850
HRS959874,HRI728850
HRS959875,HRI728851
HRS959876,HRI728851
HRS959877,HRI728851
HRS959878,HRI728851
HRS959879,HRI728852
HRS959880,HRI728852
HRS959881,HRI728852
HRS959882,HRI728852
HRS959883,HRI728852
HRS959884,HRI728852
HRS959885,HRI728852
HRS959886,HRI728853
HRS959887,HRI728853
HRS959888,HRI728853
HRS959889,HRI728853
HRS959890,HRI728853
HRS959891,HRI728853
HRS959892,HRI728853
HRS959893,HRI728853
HRS959894,HRI728854
HRS959895,HRI728854
HRS959896,HRI728854
HRS959897,HRI728854
HRS959898,HRI728854
HRS959899,HRI728854
HRS959900,HRI728854
HRS959901,HRI728854
HRS959902,HRI728854
HRS959903,HRI728855
HRS959904,HRI728855
HRS959905,HRI728855
HRS959906,HRI728855
HRS959907,HRI728855
HRS959908,HRI728856
HRS959909,HRI728856
HRS959910,HRI728856
HRS959911,HRI728856
HRS959912,HRI728856
HRS959913,HRI728856
HRS959914,HRI728856
HRS959915,HRI728857
HRS959916,HRI728857
HRS959917,HRI728857
HRS959918,HRI728857
HRS959919,HRI728857
HRS959920,HRI728858
HRS959921,HRI728858
HRS959922,HRI728858
HRS959923,HRI728858
HRS959924,HRI728858
HRS959925,HRI728859
HRS959926,HRI728859
HRS959927,HRI728859
HRS959928,HRI728859
HRS959929,HRI728859
HRS959930,HRI728859
HRS959931,HRI728859
HRS959932,HRI728859
HRS959933,HRI728859
HRS959934,HRI728860
HRS959935,HRI728860
HRS959936,HRI728860
HRS959937,HRI728860
HRS959938,HRI728861
HRS959939,HRI728861
HRS959940,HRI728861
HRS959941,HRI728861
HRS959942,HRI728861
HRS959943,HRI728861
HRS959944,HRI728861
HRS959945,HRI728861
HRS959946,HRI728862
HRS959947,HRI728862
HRS959948,HRI728862
HRS959949,HRI728862
HRS959950,HRI728862
HRS959951,HRI728863
HRS959952,HRI728863
HRS959953,HRI728863
HRS959954,HRI728863
HRS959955,HRI728863
HRS321572,HRI179841
HRS321573,HRI179842
HRS321574,HRI179843
HRS321575,HRI179844
HRS321576,HRI179844
HRS321577,HRI179845
HRS321578,HRI179845
HRS321579,HRI179846
HRS321580,HRI179847
HRS321581,HRI179848
HRS321582,HRI179849
HRS321583,HRI179850
HRS321584,HRI179851
HRS321585,HRI179852
HRS321586,HRI179852
HRS321587,HRI179852
HRS321588,HRI179853
HRS321589,HRI179853
HRS321590,HRI179854
HRS321591,HRI179855
HRS321592,HRI179856
HRS321593,HRI179857
HRS321594,HRI179858
HRS321595,HRI179859
HRS321596,HRI179860
HRS321597,HRI179861
HRS321598,HRI179862
HRS321599,HRI179863
HRS321600,HRI179864
HRS321601,HRI179865
HRS321602,HRI179866
HRS321603,HRI179867
HRS321604,HRI179868
HRS321605,HRI179869
HRS321606,HRI179870
HRS321607,HRI179871
HRS321608,HRI179872
HRS321609,HRI179872
HRS321610,HRI179873
HRS321611,HRI179874
HRS321612,HRI179875
HRS321613,HRI179876
HRS321614,HRI179877
HRS321615,HRI179878
HRS321616,HRI179878
HRS321617,HRI179878
HRS321618,HRI179879
HRS321619,HRI179880
HRS321620,HRI179881
HRS321621,HRI179882
HRS321622,HRI179883
HRS321623,HRI179884
HRS321624,HRI179885
HRS321625,HRI179886
HRS321626,HRI179887
HRS321627,HRI179888
HRS321628,HRI179888
HRS321629,HRI179888
HRS321630,HRI179888
HRS321631,HRI179888
HRS321632,HRI179889
HRS321633,HRI179890
HRS321634,HRI179891
HRS321635,HRI179892
HRS321636,HRI179893
HRS321637,HRI179894
HRS321638,HRI179895
HRS321639,HRI179896
HRS321640,HRI179897
HRS321641,HRI179898
HRS321642,HRI179899
HRS321643,HRI179900
HRS321644,HRI179901
HRS321645,HRI179902
HRS321646,HRI179903
HRS321647,HRI179904
HRS321648,HRI179905
HRS321649,HRI179906
HRS321650,HRI179907
HRS321651,HRI179908
HRS321652,HRI179909
HRS321653,HRI179910
HRS321654,HRI179911
HRS321655,HRI179912
HRS321656,HRI179913
HRS321657,HRI179914
HRS321658,HRI179914
HRS321659,HRI179915
HRS321660,HRI179916
HRS321661,HRI179917
HRS321662,HRI179918
HRS321663,HRI179919
HRS321664,HRI179920
HRS321665,HRI179921
HRS321666,HRI179922
HRS321667,HRI179923
HRS321668,HRI179924
HRS321669,HRI179925
HRS321670,HRI179926
HRS321671,HRI179927
HRS321672,HRI179928
HRS321673,HRI179929
HRS321674,HRI179930
HRS321675,HRI179931
HRS321676,HRI179932
HRS321677,HRI179933
HRS321678,HRI179934
HRS321679,HRI179935
HRS321680,HRI179936
HRS321681,HRI179937
HRS321682,HRI179938
HRS321683,HRI179939
HRS321684,HRI179940
HRS321685,HRI179941
HRS321686,HRI179942
HRS321687,HRI179943
HRS321688,HRI179944
HRS321689,HRI179945
HRS321690,HRI179946
HRS321691,HRI179947
HRS321692,HRI179948
HRS321693,HRI179949
HRS321694,HRI179950
HRS321695,HRI179951
HRS321696,HRI179952
HRS321697,HRI179953
HRS321698,HRI179954
HRS321699,HRI179954
HRS321700,HRI179954
HRS321701,HRI179955
HRS321702,HRI179955
HRS321703,HRI179955
HRS321704,HRI179956
HRS321705,HRI179956
HRS321706,HRI179956
HRS321707,HRI179957
HRS321708,HRI179957
HRS321709,HRI179958
HRS321710,HRI179958
HRS321711,HRI179958
HRS321712,HRI179959
HRS321713,HRI179959
HRS321714,HRI179959
HRS321715,HRI179959
HRS321716,HRI179959
HRS321717,HRI179960
HRS321718,HRI179960
HRS321719,HRI179960
HRS321720,HRI179961
HRS321721,HRI179961
HRS321722,HRI179961
HRS321723,HRI179962
HRS321724,HRI179962
HRS321725,HRI179962
HRS321726,HRI179963
HRS321727,HRI179963
HRS321728,HRI179963
HRS321729,HRI179964
HRS321730,HRI179964
HRS321731,HRI179964
HRS321732,HRI179965
HRS321733,HRI179965
HRS321734,HRI179966
HRS321735,HRI179966
HRS321736,HRI179967
HRS321737,HRI179967
HRS321738,HRI179968
HRS321739,HRI179968
HRS321740,HRI179969
HRS321741,HRI179969
HRS321742,HRI179970
HRS321743,HRI179970
HRS321744,HRI179971
HRS321745,HRI179971
HRS321746,HRI179972
HRS321747,HRI179972
HRS321748,HRI179973
HRS321749,HRI179973
HRS321750,HRI179974
HRS321751,HRI179974
HRS321752,HRI179975
HRS321753,HRI179975
HRS321754,HRI179976
HRS321755,HRI179976
HRS321756,HRI179977
HRS321757,HRI179977
HRS321758,HRI179978
HRS321759,HRI179978
HRS321760,HRI179979
HRS321761,HRI179979
HRS321762,HRI179980
HRS321763,HRI179980
HRS321764,HRI179981
HRS321765,HRI179981
HRS321766,HRI179982
HRS321767,HRI179982
HRS321768,HRI179983
HRS321769,HRI179983
HRS321770,HRI179984
HRS321771,HRI179984
HRS321772,HRI179985
HRS321773,HRI179985
HRS321774,HRI179986
HRS321775,HRI179986
HRS321776,HRI179987
HRS321777,HRI179987
HRS321778,HRI179988
HRS321779,HRI179988
HRS321780,HRI179989
HRS321781,HRI179989
HRS321782,HRI179990
HRS321783,HRI179990
HRS321784,HRI179991
HRS321785,HRI179991
HRS321786,HRI179992
HRS321787,HRI179992
HRS321788,HRI179993
HRS321789,HRI179993
HRS321790,HRI179994
HRS321791,HRI179994
HRS321792,HRI179995
HRS321793,HRI179995
HRS321794,HRI179996
HRS321795,HRI179996
HRS321796,HRI179997
HRS321797,HRI179997
HRS321798,HRI179998
HRS321799,HRI179998
HRS321800,HRI179999
HRS321801,HRI179999
HRS321802,HRI180000
HRS321803,HRI180000
HRS321804,HRI180001
HRS321805,HRI180001
HRS321806,HRI180002
HRS321807,HRI180002
HRS321808,HRI180003
HRS321809,HRI180003
HRS321810,HRI180004
HRS321811,HRI180004
HRS321812,HRI180005
HRS321813,HRI180005
HRS321814,HRI180006
HRS321815,HRI180006
HRS321816,HRI180007
HRS321817,HRI180007
HRS321818,HRI180008
HRS321819,HRI180008
HRS321820,HRI180009
HRS321821,HRI180009
HRS321822,HRI180010
HRS321823,HRI180010
HRS321824,HRI180011
HRS321825,HRI180011
HRS321826,HRI180012
HRS321827,HRI180012
HRS321828,HRI180013
HRS321829,HRI180013
HRS321830,HRI180014
HRS321831,HRI180014
HRS321832,HRI180015
HRS321833,HRI180015
HRS321834,HRI180016
HRS321835,HRI180016
HRS321836,HRI180017
HRS321837,HRI180017
HRS321838,HRI180018
HRS321839,HRI180018
HRS321840,HRI180019
HRS321841,HRI180019
HRS321842,HRI180020
HRS321843,HRI180020
HRS321844,HRI180021
HRS321845,HRI180021
HRS321846,HRI180022
HRS321847,HRI180022
HRS321848,HRI180023
HRS321849,HRI180023
HRS321850,HRI180024
HRS321851,HRI180024
HRS321852,HRI180025
HRS321853,HRI180025
HRS321854,HRI180026
HRS321855,HRI180026
HRS321856,HRI180027
HRS321857,HRI180027
HRS321858,HRI180028
HRS321859,HRI180028
HRS321860,HRI180029
HRS321861,HRI180029
HRS321862,HRI180030
HRS321863,HRI180030
HRS321864,HRI180031
HRS321865,HRI180031
HRS321866,HRI180032
HRS321867,HRI180032
HRS321868,HRI180033
HRS321869,HRI180033
HRS321870,HRI180034
HRS321871,HRI180034
HRS321872,HRI180035
HRS321873,HRI180035
HRS321874,HRI180036
HRS321875,HRI180036
HRS321876,HRI180037
HRS321877,HRI180037
HRS321878,HRI180038
HRS321879,HRI180038
HRS321880,HRI180038
HRS321881,HRI180039
HRS321882,HRI180039
HRS321883,HRI180039
HRS321884,HRI180040
HRS321885,HRI180040
HRS321886,HRI180040
HRS321887,HRI180041
HRS321888,HRI180041
HRS321889,HRI180042
HRS321890,HRI180042
HRS321891,HRI180042
HRS321892,HRI180043
HRS321893,HRI180043
HRS321894,HRI180043
HRS321895,HRI180044
HRS321896,HRI180044
HRS321897,HRI180044
HRS321898,HRI180045
HRS321899,HRI180045
HRS321900,HRI180045
HRS321901,HRI180046
HRS321902,HRI180046
HRS321903,HRI180046
HRS321904,HRI180047
HRS321905,HRI180047
HRS321906,HRI180047
HRS321907,HRI180048
HRS321908,HRI180048
HRS321909,HRI180048
HRS449726,HRI281308
HRS449727,HRI281308
HRS449728,HRI281309
HRS449729,HRI281309
HRS449730,HRI281310
HRS449731,HRI281310
HRS449732,HRI281311
HRS449733,HRI281311
HRS449734,HRI281312
HRS449735,HRI281312
HRS449736,HRI281313
HRS449737,HRI281313
HRS449738,HRI281314
HRS449739,HRI281314
HRS449740,HRI281315
HRS449741,HRI281315
HRS449742,HRI281316
HRS449743,HRI281316
HRS449744,HRI281317
HRS449745,HRI281317
HRS449746,HRI281318
HRS449747,HRI281318
HRS449748,HRI281319
HRS449749,HRI281319
HRS449750,HRI281320
HRS449751,HRI281320
HRS449752,HRI281321
HRS449753,HRI281321
HRS449754,HRI281322
HRS449755,HRI281322
HRS449756,HRI281323
HRS449757,HRI281323
HRS449758,HRI281324
HRS449759,HRI281324
HRS449760,HRI281325
HRS449761,HRI281325
HRS449762,HRI281326
HRS449763,HRI281326
HRS449764,HRI281327
HRS449765,HRI281327
HRS449766,HRI281328
HRS449767,HRI281328
HRS449768,HRI281329
HRS449769,HRI281329
HRS449770,HRI281330
HRS449771,HRI281330
HRS449772,HRI281331
HRS449773,HRI281331
HRS449774,HRI281332
HRS449775,HRI281332
HRS449776,HRI281333
HRS449777,HRI281333
HRS449778,HRI281334
HRS449779,HRI281334
HRS449780,HRI281335
HRS449781,HRI281335
HRS449782,HRI281336
HRS449783,HRI281336
HRS449784,HRI281337
HRS449785,HRI281337
HRS449786,HRI281338
HRS449787,HRI281338
HRS449788,HRI281339
HRS449789,HRI281339
HRS449790,HRI281340
HRS449791,HRI281340
HRS449792,HRI281341
HRS449793,HRI281341
HRS449794,HRI281342
HRS449795,HRI281342
HRS449796,HRI281343
HRS449797,HRI281343
HRS449798,HRI281344
HRS449799,HRI281344
HRS449800,HRI281345
HRS449801,HRI281345
HRS449802,HRI281346
HRS449803,HRI281346
HRS449804,HRI281347
HRS449805,HRI281347
HRS449806,HRI281348
HRS449807,HRI281348
HRS449808,HRI281349
HRS449809,HRI281349
HRS449810,HRI281350
HRS449811,HRI281350
HRS449812,HRI281351
HRS449813,HRI281351
HRS449814,HRI281352
HRS449815,HRI281352
HRS449816,HRI281353
HRS449817,HRI281353
HRS449818,HRI281354
HRS449819,HRI281354
HRS449820,HRI281355
HRS449821,HRI281355
HRS449822,HRI281356
HRS449823,HRI281356
HRS449824,HRI281357
HRS449825,HRI281357
HRS449826,HRI281358
HRS449827,HRI281358
HRS449828,HRI281359
HRS449829,HRI281359
HRS449830,HRI281360
HRS449831,HRI281360
HRS449832,HRI281361
HRS449833,HRI281361
HRS449834,HRI281362
HRS449835,HRI281362
HRS449836,HRI281363
HRS449837,HRI281363
HRS449838,HRI281364
HRS449839,HRI281364
HRS449840,HRI281365
HRS449841,HRI281365
HRS449842,HRI281366
HRS449843,HRI281366
HRS449844,HRI281367
HRS449845,HRI281367
HRS449846,HRI281368
HRS449847,HRI281368
HRS449848,HRI281369
HRS449849,HRI281369
HRS449850,HRI281370
HRS449851,HRI281370
HRS449852,HRI281371
HRS449853,HRI281371
HRS449854,HRI281372
HRS449855,HRI281372
HRS449856,HRI281373
HRS449857,HRI281373
HRS449858,HRI281374
HRS449859,HRI281374
HRS449860,HRI281375
HRS449861,HRI281375
HRS449862,HRI281376
HRS449863,HRI281376
HRS449864,HRI281377
HRS449865,HRI281377
HRS449866,HRI281378
HRS449867,HRI281378
HRS449868,HRI281379
HRS449869,HRI281379
HRS449870,HRI281380
HRS449871,HRI281380
HRS449872,HRI281381
HRS449873,HRI281381
HRS449874,HRI281382
HRS449875,HRI281382
HRS449876,HRI281383
HRS449877,HRI281383
HRS449878,HRI281384
HRS449879,HRI281384
HRS449880,HRI281385
HRS449881,HRI281385
HRS449882,HRI281386
HRS449883,HRI281386
HRS449884,HRI281387
HRS449885,HRI281387
HRS449886,HRI281388
HRS449887,HRI281388
HRS449888,HRI281389
HRS449889,HRI281389
HRS449890,HRI281390
HRS449891,HRI281390
HRS449892,HRI281391
HRS449893,HRI281391
HRS449894,HRI281392
HRS449895,HRI281392
HRS449896,HRI281393
HRS449897,HRI281393
HRS449898,HRI281394
HRS449899,HRI281394
HRS449900,HRI281395
HRS449901,HRI281395
HRS449902,HRI281396
HRS449903,HRI281396
HRS449904,HRI281397
HRS449905,HRI281397
HRS449906,HRI281398
HRS449907,HRI281398
HRS449908,HRI281399
HRS449909,HRI281399
HRS449910,HRI281400
HRS449911,HRI281400
HRS449912,HRI281401
HRS449913,HRI281401
HRS449914,HRI281402
HRS449915,HRI281402
HRS449916,HRI281403
HRS449917,HRI281403
HRS449918,HRI281404
HRS449919,HRI281404
HRS449920,HRI281405
HRS449921,HRI281405
HRS449922,HRI281406
HRS449923,HRI281406
HRS449924,HRI281407
HRS449925,HRI281407
HRS449926,HRI281408
HRS449927,HRI281408
HRS449928,HRI281409
HRS449929,HRI281409
HRS449930,HRI281410
HRS449931,HRI281410
HRS449932,HRI281411
HRS449933,HRI281411
HRS449934,HRI281412
HRS449935,HRI281412
HRS449936,HRI281413
HRS449937,HRI281413
HRS449938,HRI281414
HRS449939,HRI281414
HRS449940,HRI281415
HRS449941,HRI281415
HRS449942,HRI281416
HRS449943,HRI281416
HRS449944,HRI281417
HRS449945,HRI281417
HRS449946,HRI281418
HRS449947,HRI281418
HRS449948,HRI281419
HRS449949,HRI281419
HRS449950,HRI281420
HRS449951,HRI281420
HRS449952,HRI281421
HRS449953,HRI281421
HRS449954,HRI281422
HRS449955,HRI281422
HRS449956,HRI281423
HRS449957,HRI281423
HRS449958,HRI281424
HRS449959,HRI281424
HRS449960,HRI281425
HRS449961,HRI281425
HRS449962,HRI281426
HRS449963,HRI281426
HRS449964,HRI281427
HRS449965,HRI281427
HRS449966,HRI281428
HRS449967,HRI281428
HRS449968,HRI281429
HRS449969,HRI281429
HRS449970,HRI281430
HRS449971,HRI281430
HRS449972,HRI281431
HRS449973,HRI281431
HRS449974,HRI281432
HRS449975,HRI281432
HRS449976,HRI281433
HRS449977,HRI281433
HRS449978,HRI281434
HRS449979,HRI281434
HRS449980,HRI281435
HRS449981,HRI281435
HRS449982,HRI281436
HRS449983,HRI281436
HRS449984,HRI281437
HRS449985,HRI281437
HRS449986,HRI281438
HRS449987,HRI281438
HRS449988,HRI281439
HRS449989,HRI281439
HRS449990,HRI281440
HRS449991,HRI281440
HRS449992,HRI281441
HRS449993,HRI281441
HRS449994,HRI281442
HRS449995,HRI281442
HRS449996,HRI281443
HRS449997,HRI281443
HRS449998,HRI281444
HRS449999,HRI281444
HRS450000,HRI281445
HRS450001,HRI281445
HRS450002,HRI281446
HRS450003,HRI281446
HRS450004,HRI281447
HRS450005,HRI281447
HRS450006,HRI281448
HRS450007,HRI281448
HRS450008,HRI281449
HRS450009,HRI281449
HRS450010,HRI281450
HRS450011,HRI281450
HRS450012,HRI281451
HRS450013,HRI281451
HRS450014,HRI281452
HRS450015,HRI281452
HRS450016,HRI281453
HRS450017,HRI281453
HRS450018,HRI281454
HRS450019,HRI281454
HRS450020,HRI281455
HRS450021,HRI281455
HRS450022,HRI281456
HRS450023,HRI281456
HRS450024,HRI281457
HRS450025,HRI281457
HRS450026,HRI281458
HRS450027,HRI281458
HRS450028,HRI281459
HRS450029,HRI281459
HRS450030,HRI281460
HRS450031,HRI281460
HRS450032,HRI281461
HRS450033,HRI281461
HRS450034,HRI281462
HRS450035,HRI281462
HRS905985,HRI689406
HRS905986,HRI689407
HRS905987,HRI689408
HRS905988,HRI689409
HRS905989,HRI689410
HRS905990,HRI689411
HRS905991,HRI689412
HRS905992,HRI689413
HRS905993,HRI689414
HRS905994,HRI689415
HRS905995,HRI689416
HRS905996,HRI689417
HRS905997,HRI689418
HRS905998,HRI689419
HRS905999,HRI689420
HRS906000,HRI689421
HRS906001,HRI689422
HRS906002,HRI689423
HRS906003,HRI689424
HRS906004,HRI689425
HRS906005,HRI689426
HRS906006,HRI689427
HRS906007,HRI689428
HRS906008,HRI689429
HRS906009,HRI689430
HRS906010,HRI689431
HRS906011,HRI689432
HRS906012,HRI689433
HRS906013,HRI689434
HRS906014,HRI689435
HRS906015,HRI689436
HRS906016,HRI689437
HRS906017,HRI689438
HRS906018,HRI689439
HRS906019,HRI689440
HRS906020,HRI689441
HRS906021,HRI689442
HRS906022,HRI689443
HRS906023,HRI689444
HRS906024,HRI689445
HRS906025,HRI689446
HRS906026,HRI689447
HRS906027,HRI689448
HRS906028,HRI689449
HRS906029,HRI689450
HRS906030,HRI689451
HRS906031,HRI689452
HRS906032,HRI689453
HRS906033,HRI689454
HRS906034,HRI689455
HRS906035,HRI689456
HRS906036,HRI689457
HRS906037,HRI689458
HRS906038,HRI689459
HRS906039,HRI689460
HRS906040,HRI689461
HRS906041,HRI689462
HRS906042,HRI689463
HRS906043,HRI689464
HRS906044,HRI689465
HRS906045,HRI689466
HRS906046,HRI689467
HRS906047,HRI689468
HRS906048,HRI689469
HRS906049,HRI689470
HRS906050,HRI689471
HRS906051,HRI689472
HRS906052,HRI689473
HRS906053,HRI689474
HRS906054,HRI689475
HRS906055,HRI689476
HRS906056,HRI689477
HRS906057,HRI689478
HRS906058,HRI689479
HRS906059,HRI689480
HRS906060,HRI689481
HRS906061,HRI689482
HRS906062,HRI689483
HRS906063,HRI689484
HRS906064,HRI689485
HRS906065,HRI689486
HRS906066,HRI689487
HRS906067,HRI689488
HRS906068,HRI689489
HRS906069,HRI689490
HRS906070,HRI689491
HRS906071,HRI689492
HRS906072,HRI689493
HRS906073,HRI689494
HRS906074,HRI689495
HRS906075,HRI689496
HRS906076,HRI689497
HRS906077,HRI689498
HRS906078,HRI689499
HRS906079,HRI689500
HRS906080,HRI689501
HRS906081,HRI689502
HRS906082,HRI689503
HRS906083,HRI689504
HRS906084,HRI689505
HRS906085,HRI689506
HRS906086,HRI689507
HRS906087,HRI689508
HRS906088,HRI689509
HRS906089,HRI689510
HRS906090,HRI689511
HRS906091,HRI689512
HRS906092,HRI689513
HRS906093,HRI689514
HRS906094,HRI689515
HRS906095,HRI689516
HRS906096,HRI689517
HRS906097,HRI689518
HRS906098,HRI689519
HRS906099,HRI689520
HRS906100,HRI689521
HRS906101,HRI689522
HRS906102,HRI689523
HRS906103,HRI689524
HRS906104,HRI689525
HRS906105,HRI689526
HRS906106,HRI689527
HRS906107,HRI689528
HRS906108,HRI689529
HRS906109,HRI689530
HRS906110,HRI689531
HRS906111,HRI689532
HRS906112,HRI689533
HRS906113,HRI689534
HRS906114,HRI689535
HRS906115,HRI689536
HRS906116,HRI689537
HRS906117,HRI689538
HRS906118,HRI689539
HRS906119,HRI689540
HRS906120,HRI689541
HRS906121,HRI689542
HRS906122,HRI689543
HRS906123,HRI689544
HRS906124,HRI689545
HRS906125,HRI689546
HRS906126,HRI689547
HRS906127,HRI689548
HRS906128,HRI689549
HRS906129,HRI689550
HRS906130,HRI689551
HRS906131,HRI689552
HRS906132,HRI689553
HRS906133,HRI689554
HRS906134,HRI689555
HRS906135,HRI689556
HRS906136,HRI689557
HRS906137,HRI689558
HRS906138,HRI689559
HRS906139,HRI689560
HRS906140,HRI689561
HRS906141,HRI689562
HRS906142,HRI689563
HRS906143,HRI689564
HRS906144,HRI689565
HRS906145,HRI689566
HRS906146,HRI689567
HRS906147,HRI689568
HRS906148,HRI689569
HRS906149,HRI689570
HRS906150,HRI689571
HRS906151,HRI689572
HRS906152,HRI689573
HRS906153,HRI689574
HRS906154,HRI689575
HRS906155,HRI689576
HRS906156,HRI689577
HRS906157,HRI689578
HRS906158,HRI689579
HRS906159,HRI689580
HRS906160,HRI689581
HRS906161,HRI689582
HRS906162,HRI689583
HRS906163,HRI689584
HRS906164,HRI689585
HRS906165,HRI689586
HRS906166,HRI689587
HRS906167,HRI689588
HRS906168,HRI689589
HRS906169,HRI689590
HRS906170,HRI689591
HRS906171,HRI689592
HRS906172,HRI689593
HRS906173,HRI689594
HRS906174,HRI689595
HRS906175,HRI689596
HRS906176,HRI689597
HRS906177,HRI689598
HRS906178,HRI689599
HRS906179,HRI689600
HRS906180,HRI689601
HRS906181,HRI689602
HRS906182,HRI689603
HRS906183,HRI689604
HRS906184,HRI689605
HRS906185,HRI689606
HRS906186,HRI689607
HRS906187,HRI689608
HRS906188,HRI689609
HRS906189,HRI689610
HRS906190,HRI689611
HRS906191,HRI689612
HRS906192,HRI689613
HRS906193,HRI689614
HRS906194,HRI689615
HRS906195,HRI689616
HRS906196,HRI689617
HRS906197,HRI689618
HRS906198,HRI689619
HRS906199,HRI689620
HRS906200,HRI689621
HRS906201,HRI689622
HRS906202,HRI689623
HRS906203,HRI689624
HRS906204,HRI689625
HRS906205,HRI689626
HRS906206,HRI689627
HRS906207,HRI689628
HRS906208,HRI689629
HRS906209,HRI689630
HRS906210,HRI689631
HRS906211,HRI689632
HRS906212,HRI689633
HRS906213,HRI689634
HRS906214,HRI689635
HRS906215,HRI689636
HRS906216,HRI689637
HRS906217,HRI689638
HRS906218,HRI689639
HRS906219,HRI689640
HRS906220,HRI689641
HRS906221,HRI689642
HRS906222,HRI689643
HRS906223,HRI689644
HRS906224,HRI689645
HRS906225,HRI689646
HRS906226,HRI689647
HRS906227,HRI689648
HRS1029912,HRI783929
HRS1029913,HRI783929
HRS1029914,HRI783929
HRS1029915,HRI783929
HRS1029916,HRI783929
HRS1029917,HRI783929
HRS1029918,HRI783929
HRS1029919,HRI783929
HRS1029920,HRI783929
HRS1029921,HRI783930
HRS1029922,HRI783930
HRS1029923,HRI783930
HRS1029924,HRI783930
HRS1029925,HRI783930
HRS1029926,HRI783930
HRS1029927,HRI783931
HRS1029928,HRI783931
HRS1029929,HRI783931
HRS1029930,HRI783931
HRS1029931,HRI783931
HRS1029932,HRI783931
HRS1029933,HRI783931
HRS1029934,HRI783931
HRS1029935,HRI783931
HRS1029936,HRI783931
HRS1029937,HRI783932
HRS1029938,HRI783932
HRS1029939,HRI783932
HRS1029940,HRI783932
HRS1029941,HRI783932
HRS1029942,HRI783932
HRS1029943,HRI783932
HRS1029944,HRI783933
HRS1029945,HRI783933
HRS1029946,HRI783933
HRS1029947,HRI783933
HRS1029948,HRI783933
HRS1029949,HRI783933
HRS1029950,HRI783933
HRS1029951,HRI783934
HRS1029952,HRI783934
HRS1029953,HRI783934
HRS1029954,HRI783934
HRS1029955,HRI783934
HRS1029956,HRI783934
HRS1029957,HRI783934
HRS1029958,HRI783934
HRS1029959,HRI783934
HRS1029960,HRI783934
HRS1029961,HRI783934
HRS1029962,HRI783935
HRS1029963,HRI783935
HRS1029964,HRI783935
HRS1029965,HRI783936
HRS1029966,HRI783936
HRS1029967,HRI783936
HRS1029968,HRI783936
HRS1029969,HRI783936
HRS1029970,HRI783936
HRS1029971,HRI783936
HRS1029972,HRI783937
HRS1029973,HRI783937
HRS1029974,HRI783937
HRS1029975,HRI783937
HRS1029976,HRI783937
HRS1029977,HRI783938
HRS1029978,HRI783938
HRS1029979,HRI783938
HRS1029980,HRI783938
HRS1029981,HRI783938
HRS1029982,HRI783938
HRS1029983,HRI783938
HRS1029984,HRI783939
HRS1029985,HRI783939
HRS1029986,HRI783939
HRS1029987,HRI783939
HRS1029988,HRI783939
HRS1029989,HRI783939
HRS1029990,HRI783939
HRS1029991,HRI783940
HRS1029992,HRI783940
HRS1029993,HRI783940
HRS1029994,HRI783940
HRS1029995,HRI783940
HRS1029996,HRI783940
HRS1029997,HRI783940
HRS1029998,HRI783941
HRS1029999,HRI783941
HRS1030000,HRI783941
HRS1030001,HRI783941
HRS1030002,HRI783941
HRS1030003,HRI783941
HRS1030004,HRI783941
HRS1030005,HRI783941
HRS1030006,HRI783941
HRS1030007,HRI783941
HRS1030008,HRI783941
HRS1030009,HRI783942
HRS1030010,HRI783942
HRS1030011,HRI783942
HRS1030012,HRI783942
HRS1030013,HRI783942
HRS1030014,HRI783942
HRS1030015,HRI783942
HRS1030016,HRI783943
HRS1030017,HRI783943
HRS1030018,HRI783943
HRS1030019,HRI783943
HRS1030020,HRI783944
HRS1030021,HRI783944
HRS1030022,HRI783944
HRS1030023,HRI783944
HRS1030024,HRI783944
HRS1030025,HRI783944
HRS1030026,HRI783944
HRS1030027,HRI783945
HRS1030028,HRI783945
HRS1030029,HRI783945
HRS1030030,HRI783945
HRS1030031,HRI783945
HRS1030032,HRI783945
HRS1030033,HRI783945
HRS1030034,HRI783945
HRS1030035,HRI783945
HRS1030036,HRI783946
HRS1030037,HRI783946
HRS1030038,HRI783946
HRS1030039,HRI783946
HRS1030040,HRI783946
HRS1030041,HRI783946
HRS1030042,HRI783946
HRS1030043,HRI783947
HRS1030044,HRI783947
HRS1030045,HRI783947
HRS1030046,HRI783947
HRS1030047,HRI783947
HRS1030048,HRI783947
HRS1030049,HRI783947
HRS1030050,HRI783948
HRS1030051,HRI783948
HRS1030052,HRI783948
HRS1030053,HRI783948
HRS1030054,HRI783948
HRS1030055,HRI783948
HRS1030056,HRI783948
HRS1030057,HRI783948
HRS1030058,HRI783948
HRS1030059,HRI783949
HRS1030060,HRI783949
HRS1030061,HRI783949
HRS1030062,HRI783949
HRS1030063,HRI783949
HRS1030064,HRI783949
HRS1030065,HRI783949
HRS1030066,HRI783949
HRS1030067,HRI783949
HRS1030068,HRI783950
HRS1030069,HRI783950
HRS1030070,HRI783950
HRS1030071,HRI783950
HRS1030072,HRI783950
HRS1030073,HRI783950
HRS1030074,HRI783950
HRS1030075,HRI783951
HRS1030076,HRI783951
HRS1030077,HRI783951
HRS1030078,HRI783951
HRS1030079,HRI783951
HRS1030080,HRI783951
HRS1030081,HRI783951
HRS1030082,HRI783952
HRS1030083,HRI783952
HRS1030084,HRI783952
HRS1030085,HRI783952
HRS1030086,HRI783952
HRS1030087,HRI783953
HRS1030088,HRI783953
HRS1030089,HRI783953
HRS1030090,HRI783953
HRS1030091,HRI783953
HRS1030092,HRI783953
HRS1030093,HRI783953
HRS1030094,HRI783953
HRS1030095,HRI783953
HRS1030096,HRI783953
HRS1030097,HRI783953
HRS1030098,HRI783953
HRS1030099,HRI783953
HRS1030100,HRI783954
HRS1030101,HRI783954
HRS1030102,HRI783954
HRS1030103,HRI783954
HRS1030104,HRI783954
HRS1030105,HRI783954
HRS1030106,HRI783954
HRS1030107,HRI783954
HRS1030108,HRI783954
HRS1030109,HRI783954
HRS1030110,HRI783954
HRS1030111,HRI783954
HRS1030112,HRI783954
HRS1030113,HRI783955
HRS1030114,HRI783955
HRS1030115,HRI783955
HRS1030116,HRI783955
HRS1030117,HRI783955
HRS1030118,HRI783955
HRS1030119,HRI783955
HRS1030120,HRI783955
HRS1030121,HRI783955
HRS1030122,HRI783956
HRS1030123,HRI783956
HRS1030124,HRI783956
HRS1030125,HRI783956
HRS1030126,HRI783956
HRS1030127,HRI783956
HRS1030128,HRI783956
HRS1030129,HRI783956
HRS1030130,HRI783956
HRS1030131,HRI783957
HRS1030132,HRI783957
HRS1030133,HRI783957
HRS1030134,HRI783957
HRS1030135,HRI783957
HRS1030136,HRI783957
HRS1030137,HRI783957
HRS1030138,HRI783957
HRS1030139,HRI783958
HRS1030140,HRI783958
HRS1030141,HRI783958
HRS1030142,HRI783958
HRS1030143,HRI783958
HRS1030144,HRI783958
HRS1030145,HRI783958
HRS1030146,HRI783958
HRS1030147,HRI783958
HRS1030148,HRI783959
HRS1030149,HRI783959
HRS1030150,HRI783959
HRS1030151,HRI783959
HRS1030152,HRI783959
HRS1030153,HRI783960
HRS1030154,HRI783960
HRS1030155,HRI783960
HRS1030156,HRI783960
HRS1030157,HRI783960
HRS1030158,HRI783960
HRS1030159,HRI783961
HRS1030160,HRI783961
HRS1030161,HRI783961
HRS1030162,HRI783961
HRS1030163,HRI783961
HRS1030164,HRI783961
HRS1030165,HRI783961
HRS1030166,HRI783962
HRS1030167,HRI783962
HRS1030168,HRI783962
HRS1030169,HRI783962
HRS1030170,HRI783962
HRS1030171,HRI783962
HRS1030172,HRI783962
HRS1030173,HRI783962
HRS1030174,HRI783962
HRS1030175,HRI783963
HRS1030176,HRI783963
HRS1030177,HRI783963
HRS1030178,HRI783964
HRS1030179,HRI783964
HRS1030180,HRI783964
HRS1030181,HRI783964
HRS1030182,HRI783964
HRS1030183,HRI783965
HRS1030184,HRI783965
HRS1030185,HRI783966
HRS1030186,HRI783967
HRS1030187,HRI783968
HRS1030188,HRI783968
HRS1030189,HRI783968
HRS1030190,HRI783969
HRS1030191,HRI783969
HRS1030192,HRI783969
HRS1030193,HRI783970
HRS1030194,HRI783970
HRS1030195,HRI783970
HRS1030196,HRI783970
HRS1030197,HRI783970
HRS1030198,HRI783971
HRS1030199,HRI783971
HRS1030200,HRI783972
HRS1030201,HRI783973
HRS1030202,HRI783973
HRS1030203,HRI783974
HRS1030204,HRI783974
HRS1030205,HRI783975
HRS1030206,HRI783975
HRS1030207,HRI783976
HRS1030208,HRI783976
HRS1030209,HRI783976
HRS1030210,HRI783976
HRS1030211,HRI783977
HRS1030212,HRI783977
HRS1030213,HRI783977
HRS1030214,HRI783977
HRS1030215,HRI783977
HRS1030216,HRI783978
HRS1030217,HRI783978
HRS1030218,HRI783979
HRS1030219,HRI783979
HRS1030220,HRI783979
HRS1030221,HRI783979
HRS1030222,HRI783979
HRS1030223,HRI783979
HRS1030224,HRI783979
HRS1030225,HRI783979
HRS1030226,HRI783979
HRS1030227,HRI783979
HRS1030228,HRI783980
HRS1030229,HRI783980
HRS1030230,HRI783980
HRS1030231,HRI783980
HRS1030232,HRI783980
HRS1030233,HRI783980
HRS1030234,HRI783980
HRS1030235,HRI783981
HRS1030236,HRI783981
HRS1030237,HRI783981
HRS1030238,HRI783982
HRS1030239,HRI783982
HRS1030240,HRI783982
HRS1030241,HRI783983
HRS1030242,HRI783983
HRS1030243,HRI783983
HRS1030244,HRI783984
HRS1030245,HRI783984
HRS1030246,HRI783984
HRS1030247,HRI783984
HRS1030248,HRI783984
HRS1030249,HRI783984
HRS1030250,HRI783984
HRS1030251,HRI783985
HRS1030252,HRI783985
HRS1030253,HRI783985
HRS1030254,HRI783985
HRS1030255,HRI783985
HRS1030256,HRI783985
HRS1030257,HRI783985
HRS1030258,HRI783985
HRS1030259,HRI783985
HRS1030260,HRI783985
HRS1030261,HRI783985
HRS1030262,HRI783985
HRS1030263,HRI783985
HRS1030264,HRI783986
HRS1030265,HRI783986
HRS1030266,HRI783986
HRS1030267,HRI783987
HRS1030268,HRI783987
HRS1030269,HRI783987
HRS1030270,HRI783988
HRS1030271,HRI783988
HRS1030272,HRI783988
HRS1030273,HRI783989
HRS1030274,HRI783989
HRS1030275,HRI783989
HRS1030276,HRI783990
HRS1030277,HRI783990
HRS1030278,HRI783990
HRS1030279,HRI783991
HRS1030280,HRI783991
HRS1030281,HRI783991
HRS1030282,HRI783992
HRS1030283,HRI783992
HRS1030284,HRI783992
HRS1030285,HRI783993
HRS1030286,HRI783993
HRS1030287,HRI783993
HRS1030288,HRI783993
HRS1030289,HRI783993
HRS1030290,HRI783993
HRS1030291,HRI783993
HRS1030292,HRI783994
HRS1030293,HRI783994
HRS1030294,HRI783994
HRS1030295,HRI783994
HRS1030296,HRI783994
HRS1030297,HRI783994
HRS1030298,HRI783994
HRS1030299,HRI783995
HRS1030300,HRI783995
HRS1030301,HRI783995
HRS1030302,HRI783995
HRS1030303,HRI783995
HRS1030304,HRI783995
HRS1030305,HRI783995
HRS1030306,HRI783996
HRS1030307,HRI783996
HRS1030308,HRI783997
HRS1030309,HRI783997
HRS1030310,HRI783997
HRS1030311,HRI783997
HRS1030312,HRI783997
HRS1030313,HRI783998
HRS1030314,HRI783999
HRS1030315,HRI784000
HRS1030316,HRI784000
HRS1030317,HRI784000
HRS1030318,HRI784000
HRS1030319,HRI784001
HRS1030320,HRI784001
HRS1030321,HRI784001
HRS1030322,HRI784001
HRS1030323,HRI784001
HRS1030324,HRI784002
HRS1030325,HRI784003
HRS1030326,HRI784003
HRS1030327,HRI784003
HRS1030328,HRI784003
HRS1030329,HRI784004
HRS1030330,HRI784005
HRS1030331,HRI784005
HRS1030332,HRI784005
HRS1030333,HRI784005
HRS1030334,HRI784006
HRS1030335,HRI784007
HRS1030336,HRI784007
HRS1030337,HRI784008
HRS1030338,HRI784008
HRS1030339,HRI784009
HRS1030340,HRI784009
HRS1030341,HRI784010
HRS1030342,HRI784010
HRS1030343,HRI784011
HRS1030344,HRI784011
HRS1030345,HRI784012
HRS1030346,HRI784012
HRS1030347,HRI784013
HRS1030348,HRI784013
HRS1030349,HRI784014
HRS1030350,HRI784014
HRS1030351,HRI784015
HRS1030352,HRI784015
HRS1030353,HRI784016
HRS1030354,HRI784016
HRS1030355,HRI784017
HRS1030356,HRI784017
HRS1030357,HRI784018
HRS1030358,HRI784018
HRS1030359,HRI784019
HRS1030360,HRI784019
HRS1030361,HRI784020
HRS1030362,HRI784020
HRS1030363,HRI784020
HRS1030364,HRI784020
HRS1030365,HRI784021
HRS1030366,HRI784021
HRS1030367,HRI784021
HRS1030368,HRI784021
HRS1030369,HRI784022
HRS1030370,HRI784022
HRS1030371,HRI784022
HRS1030372,HRI784023
HRS1030373,HRI784023
HRS1030374,HRI784023
HRS1030375,HRI784023
HRS1030376,HRI784024
HRS1030377,HRI784024
HRS1030378,HRI784024
HRS1030379,HRI784024
HRS1030380,HRI784025
HRS1030381,HRI784025
HRS1030382,HRI784026
HRS1030383,HRI784026
HRS1030384,HRI784027
HRS1030385,HRI784027
HRS1030386,HRI784028
HRS1030387,HRI784028
HRS1030388,HRI784029
HRS1030389,HRI784030
HRS1030390,HRI784031
HRS1030391,HRI784032
HRS1030392,HRI784032
HRS1030393,HRI784033
HRS1030394,HRI784034
HRS1030395,HRI784035
HRS1030396,HRI784036
HRS1030397,HRI784036
HRS1030398,HRI784037
HRS1030399,HRI784037
HRS1030400,HRI784038
HRS1030401,HRI784038
HRS1030402,HRI784039
HRS1030403,HRI784039
HRS1030404,HRI784040
HRS1030405,HRI784040
HRS1030406,HRI784041
HRS1030407,HRI784041
HRS1030408,HRI784042
HRS1030409,HRI784042
HRS1030410,HRI784043
HRS1030411,HRI784043
HRS1030412,HRI784044
HRS1030413,HRI784044
HRS1030414,HRI784045
HRS1030415,HRI784045
HRS1030416,HRI784046
HRS1030417,HRI784046
HRS1030418,HRI784047
HRS1030419,HRI784047
HRS1030420,HRI784048
HRS1030421,HRI784048
HRS1030422,HRI784048
HRS1030423,HRI784048
HRS1030424,HRI784049
HRS1030425,HRI784049
HRS1030426,HRI784049
HRS1030427,HRI784049
HRS1030428,HRI784050
HRS1030429,HRI784050
HRS1030430,HRI784050
HRS1030431,HRI784050
HRS1030432,HRI784051
HRS1030433,HRI784051
HRS1030434,HRI784051
HRS039792,HRI035286
HRS039793,HRI035286
HRS039794,HRI035287
HRS039795,HRI035287
HRS039796,HRI035288
HRS039797,HRI035288
HRS039798,HRI035289
HRS039799,HRI035289
HRS039800,HRI035290
HRS039801,HRI035290
HRS039802,HRI035291
HRS039803,HRI035291
HRS039804,HRI035292
HRS039805,HRI035292
HRS039806,HRI035293
HRS039807,HRI035293
HRS039808,HRI035294
HRS039809,HRI035294
HRS039810,HRI035295
HRS039811,HRI035295
HRS039812,HRI035296
HRS039813,HRI035296
HRS039814,HRI035297
HRS039815,HRI035297
HRS039816,HRI035298
HRS039817,HRI035298
HRS039818,HRI035299
HRS039819,HRI035299
HRS039820,HRI035300
HRS039821,HRI035300
HRS039822,HRI035301
HRS039823,HRI035301
HRS039824,HRI035302
HRS039825,HRI035302
HRS039826,HRI035303
HRS039827,HRI035303
HRS039828,HRI035304
HRS039829,HRI035304
HRS039830,HRI035305
HRS039831,HRI035305
HRS039832,HRI035306
HRS039833,HRI035306
HRS039834,HRI035307
HRS039835,HRI035307
HRS039836,HRI035308
HRS039837,HRI035308
HRS039838,HRI035309
HRS039839,HRI035309
HRS039840,HRI035310
HRS039841,HRI035310
HRS039842,HRI035311
HRS039843,HRI035311
HRS039844,HRI035312
HRS039845,HRI035312
HRS039846,HRI035313
HRS039847,HRI035313
HRS039848,HRI035314
HRS039849,HRI035314
HRS039850,HRI035315
HRS039851,HRI035315
HRS039852,HRI035316
HRS039853,HRI035316
HRS039854,HRI035317
HRS039855,HRI035317
HRS039856,HRI035318
HRS039857,HRI035318
HRS039858,HRI035319
HRS039859,HRI035319
HRS039860,HRI035320
HRS039861,HRI035320
HRS039862,HRI035321
HRS039863,HRI035321
HRS039864,HRI035322
HRS039865,HRI035322
HRS039866,HRI035323
HRS039867,HRI035323
HRS039868,HRI035324
HRS039869,HRI035324
HRS039870,HRI035325
HRS039871,HRI035325
HRS039872,HRI035326
HRS039873,HRI035326
HRS039874,HRI035327
HRS039875,HRI035327
HRS039876,HRI035328
HRS039877,HRI035328
HRS039878,HRI035329
HRS039879,HRI035329
HRS039880,HRI035330
HRS039881,HRI035330
HRS039882,HRI035331
HRS039883,HRI035331
HRS039884,HRI035332
HRS039885,HRI035332
HRS039886,HRI035333
HRS039887,HRI035333
HRS039888,HRI035334
HRS039889,HRI035334
HRS039890,HRI035335
HRS039891,HRI035335
HRS039892,HRI035336
HRS039893,HRI035336
HRS039894,HRI035337
HRS039895,HRI035337
HRS039896,HRI035338
HRS039897,HRI035338
HRS039898,HRI035339
HRS039899,HRI035339
HRS039900,HRI035340
HRS039901,HRI035340
HRS039902,HRI035341
HRS039903,HRI035341
HRS039904,HRI035342
HRS039905,HRI035342
HRS039906,HRI035343
HRS039907,HRI035343
HRS039908,HRI035344
HRS039909,HRI035344
HRS039910,HRI035345
HRS039911,HRI035345
HRS039912,HRI035346
HRS039913,HRI035346
HRS039914,HRI035347
HRS039915,HRI035347
HRS039916,HRI035348
HRS039917,HRI035348
HRS039918,HRI035349
HRS039919,HRI035349
HRS039920,HRI035350
HRS039921,HRI035350
HRS039922,HRI035351
HRS039923,HRI035351
HRS039924,HRI035352
HRS039925,HRI035352
HRS039926,HRI035353
HRS039927,HRI035353
HRS039928,HRI035354
HRS039929,HRI035354
HRS039930,HRI035355
HRS039931,HRI035355
HRS039932,HRI035356
HRS039933,HRI035356
HRS039934,HRI035357
HRS039935,HRI035357
HRS039936,HRI035358
HRS039937,HRI035358
HRS039938,HRI035359
HRS039939,HRI035359
HRS039940,HRI035360
HRS039941,HRI035360
HRS039942,HRI035361
HRS039943,HRI035361
HRS039944,HRI035362
HRS039945,HRI035362
HRS039946,HRI035363
HRS039947,HRI035363
HRS039948,HRI035364
HRS039949,HRI035364
HRS039950,HRI035365
HRS039951,HRI035365
HRS039952,HRI035366
HRS039953,HRI035366
HRS039954,HRI035367
HRS039955,HRI035367
HRS039956,HRI035368
HRS039957,HRI035368
HRS039958,HRI035369
HRS039959,HRI035369
HRS039960,HRI035370
HRS039961,HRI035370
HRS039962,HRI035371
HRS039963,HRI035371
HRS039964,HRI035372
HRS039965,HRI035372
HRS039966,HRI035373
HRS039967,HRI035373
HRS039968,HRI035374
HRS039969,HRI035374
HRS039970,HRI035375
HRS039971,HRI035375
HRS039972,HRI035376
HRS039973,HRI035376
HRS039974,HRI035377
HRS039975,HRI035377
HRS039976,HRI035378
HRS039977,HRI035378
HRS039978,HRI035379
HRS039979,HRI035379
HRS039980,HRI035380
HRS039981,HRI035380
HRS039982,HRI035381
HRS039983,HRI035381
HRS039984,HRI035382
HRS039985,HRI035382
HRS039986,HRI035383
HRS039987,HRI035383
HRS039988,HRI035384
HRS039989,HRI035384
HRS039990,HRI035385
HRS039991,HRI035385
HRS039992,HRI035386
HRS039993,HRI035386
HRS039994,HRI035387
HRS039995,HRI035387
HRS039996,HRI035388
HRS039997,HRI035388
HRS039998,HRI035389
HRS039999,HRI035389
HRS040000,HRI035390
HRS040001,HRI035390
HRS040002,HRI035391
HRS040003,HRI035391
HRS040004,HRI035392
HRS040005,HRI035392
HRS040006,HRI035393
HRS040007,HRI035393
HRS040008,HRI035394
HRS040009,HRI035394
HRS040010,HRI035395
HRS040011,HRI035395
HRS040012,HRI035396
HRS040013,HRI035396
HRS040014,HRI035397
HRS040015,HRI035397
HRS040016,HRI035398
HRS040017,HRI035398
HRS040018,HRI035399
HRS040019,HRI035399
HRS040020,HRI035400
HRS040021,HRI035400
HRS040022,HRI035401
HRS040023,HRI035401
HRS040024,HRI035402
HRS040025,HRI035402
HRS040026,HRI035403
HRS040027,HRI035403
HRS040028,HRI035404
HRS040029,HRI035404
HRS040030,HRI035405
HRS040031,HRI035405
HRS040032,HRI035406
HRS040033,HRI035406
HRS040034,HRI035407
HRS040035,HRI035407
HRS040036,HRI035408
HRS040037,HRI035408
HRS040038,HRI035409
HRS040039,HRI035409
HRS040040,HRI035410
HRS040041,HRI035410
HRS040042,HRI035411
HRS040043,HRI035411
HRS040044,HRI035412
HRS040045,HRI035412
HRS040046,HRI035413
HRS040047,HRI035413
HRS040048,HRI035414
HRS040049,HRI035414
HRS040050,HRI035415
HRS040051,HRI035415
HRS040052,HRI035416
HRS040053,HRI035416
HRS040054,HRI035417
HRS040055,HRI035417
HRS040056,HRI035418
HRS040057,HRI035418
HRS040058,HRI035419
HRS040059,HRI035419
HRS040060,HRI035420
HRS040061,HRI035420
HRS040062,HRI035421
HRS040063,HRI035421
HRS040064,HRI035422
HRS040065,HRI035422
HRS040066,HRI035423
HRS040067,HRI035423
HRS040068,HRI035424
HRS040069,HRI035424
HRS040070,HRI035425
HRS040071,HRI035425
HRS040072,HRI035426
HRS040073,HRI035426
HRS040074,HRI035427
HRS040075,HRI035427
HRS040076,HRI035428
HRS040077,HRI035428
HRS040078,HRI035429
HRS040079,HRI035429
HRS040080,HRI035430
HRS040081,HRI035430
HRS040082,HRI035431
HRS040083,HRI035431
HRS040084,HRI035432
HRS040085,HRI035432
HRS040086,HRI035433
HRS040087,HRI035433
HRS040088,HRI035434
HRS040089,HRI035434
HRS040090,HRI035435
HRS040091,HRI035435
HRS040092,HRI035436
HRS040093,HRI035436
HRS040094,HRI035437
HRS040095,HRI035437
HRS040096,HRI035438
HRS040097,HRI035438
HRS040098,HRI035439
HRS040099,HRI035439
HRS040100,HRI035440
HRS040101,HRI035440
HRS040102,HRI035441
HRS040103,HRI035441
HRS040104,HRI035442
HRS040105,HRI035442
HRS040106,HRI035443
HRS040107,HRI035443
HRS040108,HRI035444
HRS040109,HRI035444
HRS040110,HRI035445
HRS040111,HRI035445
HRS040112,HRI035446
HRS040113,HRI035446
HRS040114,HRI035447
HRS040115,HRI035447
HRS040116,HRI035448
HRS040117,HRI035448
HRS040118,HRI035449
HRS040119,HRI035449
HRS040120,HRI035450
HRS040121,HRI035450
HRS040122,HRI035451
HRS040123,HRI035451
HRS040124,HRI035452
HRS040125,HRI035452
HRS040126,HRI035453
HRS040127,HRI035453
HRS040128,HRI035454
HRS040129,HRI035454
HRS040130,HRI035455
HRS040131,HRI035455
HRS040132,HRI035456
HRS040133,HRI035456
HRS040134,HRI035457
HRS040135,HRI035457
HRS040136,HRI035458
HRS040137,HRI035458
HRS040138,HRI035459
HRS040139,HRI035459
HRS040140,HRI035460
HRS040141,HRI035460
HRS040142,HRI035461
HRS040143,HRI035461
HRS040144,HRI035462
HRS040145,HRI035462
HRS040146,HRI035463
HRS040147,HRI035463
HRS040148,HRI035464
HRS040149,HRI035464
HRS040150,HRI035465
HRS040151,HRI035465
HRS040152,HRI035466
HRS040153,HRI035466
HRS040154,HRI035467
HRS040155,HRI035467
HRS040156,HRI035468
HRS040157,HRI035468
HRS040158,HRI035469
HRS040159,HRI035469
HRS040160,HRI035470
HRS040161,HRI035470
HRS040162,HRI035471
HRS040163,HRI035471
HRS040164,HRI035472
HRS040165,HRI035472
HRS040166,HRI035473
HRS040167,HRI035473
HRS040168,HRI035474
HRS040169,HRI035474
HRS040170,HRI035475
HRS040171,HRI035475
HRS040172,HRI035476
HRS040173,HRI035476
HRS040174,HRI035477
HRS040175,HRI035477
HRS040176,HRI035478
HRS040177,HRI035478
HRS040178,HRI035479
HRS040179,HRI035479
HRS040180,HRI035480
HRS040181,HRI035480
HRS040182,HRI035481
HRS040183,HRI035481
HRS040184,HRI035482
HRS040185,HRI035482
HRS040186,HRI035483
HRS040187,HRI035483
HRS040188,HRI035484
HRS040189,HRI035484
HRS040190,HRI035485
HRS040191,HRI035485
HRS040192,HRI035486
HRS040193,HRI035486
HRS040194,HRI035487
HRS040195,HRI035487
HRS040196,HRI035488
HRS040197,HRI035488
HRS040198,HRI035489
HRS040199,HRI035489
HRS040200,HRI035490
HRS040201,HRI035490
HRS040202,HRI035491
HRS040203,HRI035491
HRS040204,HRI035492
HRS040205,HRI035492
HRS040206,HRI035493
HRS040207,HRI035493
HRS040208,HRI035494
HRS040209,HRI035494
HRS040210,HRI035495
HRS040211,HRI035495
HRS040212,HRI035496
HRS040213,HRI035496
HRS040214,HRI035497
HRS040215,HRI035497
HRS040216,HRI035498
HRS040217,HRI035498
HRS040218,HRI035499
HRS040219,HRI035499
HRS040220,HRI035500
HRS040221,HRI035500
HRS040222,HRI035501
HRS040223,HRI035501
HRS040224,HRI035502
HRS040225,HRI035502
HRS040226,HRI035503
HRS040227,HRI035503
HRS040228,HRI035504
HRS040229,HRI035504
HRS040230,HRI035505
HRS040231,HRI035505
HRS040232,HRI035506
HRS040233,HRI035506
HRS040234,HRI035507
HRS040235,HRI035507
HRS040236,HRI035508
HRS040237,HRI035508
HRS040238,HRI035509
HRS040239,HRI035509
HRS040240,HRI035510
HRS040241,HRI035510
HRS040242,HRI035511
HRS040243,HRI035511
HRS040244,HRI035512
HRS040245,HRI035512
HRS040246,HRI035513
HRS040247,HRI035513
HRS040248,HRI035514
HRS040249,HRI035514
HRS040250,HRI035515
HRS040251,HRI035515
HRS040252,HRI035516
HRS040253,HRI035516
HRS040254,HRI035517
HRS040255,HRI035517
HRS040256,HRI035518
HRS040257,HRI035518
HRS040258,HRI035519
HRS040259,HRI035519
HRS040260,HRI035520
HRS040261,HRI035520
HRS040262,HRI035521
HRS040263,HRI035521
HRS040264,HRI035522
HRS040265,HRI035522
HRS040266,HRI035523
HRS040267,HRI035523
HRS040268,HRI035524
HRS040269,HRI035524
HRS040270,HRI035525
HRS040271,HRI035525
HRS040272,HRI035526
HRS040273,HRI035526
HRS040274,HRI035527
HRS040275,HRI035527
HRS040276,HRI035528
HRS040277,HRI035528
HRS040278,HRI035529
HRS040279,HRI035529
HRS040280,HRI035530
HRS040281,HRI035530
HRS040282,HRI035531
HRS040283,HRI035531
HRS040284,HRI035532
HRS040285,HRI035532
HRS040286,HRI035533
HRS040287,HRI035533
HRS040288,HRI035534
HRS040289,HRI035534
HRS040290,HRI035535
HRS040291,HRI035535
HRS040292,HRI035536
HRS040293,HRI035536
HRS040294,HRI035537
HRS040295,HRI035537
HRS040296,HRI035538
HRS040297,HRI035538
HRS040298,HRI035539
HRS040299,HRI035539
HRS040300,HRI035540
HRS040301,HRI035540
HRS040302,HRI035541
HRS040303,HRI035541
HRS040304,HRI035542
HRS040305,HRI035542
HRS040306,HRI035543
HRS040307,HRI035543
HRS040308,HRI035544
HRS040309,HRI035544
HRS040310,HRI035545
HRS040311,HRI035545
HRS040312,HRI035546
HRS040313,HRI035546
HRS040314,HRI035547
HRS040315,HRI035547
HRS040316,HRI035548
HRS040317,HRI035548
HRS040318,HRI035549
HRS040319,HRI035549
HRS040320,HRI035550
HRS040321,HRI035550
HRS040322,HRI035551
HRS040323,HRI035551
HRS040324,HRI035552
HRS040325,HRI035552
HRS040326,HRI035553
HRS040327,HRI035553
HRS040328,HRI035554
HRS040329,HRI035554
HRS040330,HRI035555
HRS040331,HRI035555
HRS040332,HRI035556
HRS040333,HRI035556
HRS040334,HRI035557
HRS040335,HRI035557
HRS040336,HRI035558
HRS040337,HRI035558
HRS040338,HRI035559
HRS040339,HRI035559
HRS040340,HRI035560
HRS040341,HRI035560
HRS040342,HRI035561
HRS040343,HRI035561
HRS040344,HRI035562
HRS040345,HRI035562
HRS040346,HRI035563
HRS040347,HRI035563
HRS040348,HRI035564
HRS040349,HRI035564
HRS040350,HRI035565
HRS040351,HRI035565
HRS040352,HRI035566
HRS040353,HRI035566
HRS040354,HRI035567
HRS040355,HRI035567
HRS040356,HRI035568
HRS040357,HRI035568
HRS040358,HRI035569
HRS040359,HRI035569
HRS040360,HRI035570
HRS040361,HRI035570
HRS040362,HRI035571
HRS040363,HRI035571
HRS040364,HRI035572
HRS040365,HRI035572
HRS040366,HRI035573
HRS040367,HRI035573
HRS040368,HRI035574
HRS040369,HRI035574
HRS040370,HRI035575
HRS040371,HRI035575
HRS040372,HRI035576
HRS040373,HRI035576
HRS040374,HRI035577
HRS040375,HRI035577
HRS040376,HRI035578
HRS040377,HRI035578
HRS040378,HRI035579
HRS040379,HRI035579
HRS040380,HRI035580
HRS040381,HRI035580
HRS040382,HRI035581
HRS040383,HRI035581
HRS040384,HRI035582
HRS040385,HRI035582
HRS040386,HRI035583
HRS040387,HRI035583
HRS040388,HRI035584
HRS040389,HRI035584
HRS040390,HRI035585
HRS040391,HRI035585
HRS040392,HRI035586
HRS040393,HRI035586
HRS040394,HRI035587
HRS040395,HRI035587
HRS040396,HRI035588
HRS040397,HRI035588
HRS040398,HRI035589
HRS040399,HRI035589
HRS040400,HRI035590
HRS040401,HRI035590
HRS040402,HRI035591
HRS040403,HRI035591
HRS040404,HRI035592
HRS040405,HRI035592
HRS040406,HRI035593
HRS040407,HRI035593
HRS040408,HRI035594
HRS040409,HRI035594
HRS040410,HRI035595
HRS040411,HRI035595
HRS040412,HRI035596
HRS040413,HRI035596
HRS040414,HRI035597
HRS040415,HRI035597
HRS040416,HRI035598
HRS040417,HRI035598
HRS040418,HRI035599
HRS040419,HRI035599
HRS040420,HRI035600
HRS040421,HRI035600
HRS040422,HRI035601
HRS040423,HRI035601
HRS040424,HRI035602
HRS040425,HRI035602
HRS040426,HRI035603
HRS040427,HRI035603
HRS040428,HRI035604
HRS040429,HRI035604
HRS040430,HRI035605
HRS040431,HRI035605
HRS040432,HRI035606
HRS040433,HRI035606
HRS040434,HRI035607
HRS040435,HRI035607
HRS040436,HRI035608
HRS040437,HRI035608
HRS040438,HRI035609
HRS040439,HRI035609
HRS040440,HRI035610
HRS040441,HRI035610
HRS040442,HRI035611
HRS040443,HRI035611
HRS040444,HRI035612
HRS040445,HRI035612
HRS040446,HRI035613
HRS040447,HRI035613
HRS040448,HRI035614
HRS040449,HRI035614
HRS040450,HRI035615
HRS040451,HRI035615
HRS040452,HRI035616
HRS040453,HRI035616
HRS040454,HRI035617
HRS040455,HRI035617
HRS040456,HRI035618
HRS040457,HRI035618
HRS040458,HRI035619
HRS040459,HRI035619
HRS040460,HRI035620
HRS040461,HRI035620
HRS040462,HRI035621
HRS040463,HRI035621
HRS040464,HRI035622
HRS040465,HRI035622
HRS040466,HRI035623
HRS040467,HRI035623
HRS040468,HRI035624
HRS040469,HRI035624
HRS040470,HRI035625
HRS040471,HRI035625
HRS040472,HRI035626
HRS040473,HRI035626
HRS040474,HRI035627
HRS040475,HRI035627
HRS040476,HRI035628
HRS040477,HRI035628
HRS040478,HRI035629
HRS040479,HRI035629
HRS040480,HRI035630
HRS040481,HRI035630
HRS040482,HRI035631
HRS040483,HRI035631
HRS040484,HRI035632
HRS040485,HRI035632
HRS040486,HRI035633
HRS040487,HRI035633
HRS040488,HRI035634
HRS040489,HRI035634
HRS040490,HRI035635
HRS040491,HRI035635
HRS040492,HRI035636
HRS040493,HRI035636
HRS040494,HRI035637
HRS040495,HRI035637
HRS040496,HRI035638
HRS040497,HRI035638
HRS040498,HRI035639
HRS040499,HRI035639
HRS040500,HRI035640
HRS040501,HRI035640
HRS040502,HRI035641
HRS040503,HRI035641
HRS040504,HRI035642
HRS040505,HRI035642
HRS040506,HRI035643
HRS040507,HRI035643
HRS040508,HRI035644
HRS040509,HRI035644
HRS040510,HRI035645
HRS040511,HRI035645
HRS040512,HRI035646
HRS040513,HRI035646
HRS040514,HRI035647
HRS040515,HRI035647
HRS040516,HRI035648
HRS040517,HRI035648
HRS040518,HRI035649
HRS040519,HRI035649
HRS040520,HRI035650
HRS040521,HRI035650
HRS040522,HRI035651
HRS040523,HRI035651
HRS040524,HRI035652
HRS040525,HRI035652
HRS040526,HRI035653
HRS040527,HRI035653
HRS040528,HRI035654
HRS040529,HRI035654
HRS040530,HRI035655
HRS040531,HRI035655
HRS040532,HRI035656
HRS040533,HRI035656
HRS040534,HRI035657
HRS040535,HRI035657
HRS040536,HRI035658
HRS040537,HRI035658
HRS040538,HRI035659
HRS040539,HRI035659
HRS040540,HRI035660
HRS040541,HRI035660
HRS040542,HRI035661
HRS040543,HRI035661
HRS040544,HRI035662
HRS040545,HRI035662
HRS040546,HRI035663
HRS040547,HRI035663
HRS040548,HRI035664
HRS040549,HRI035664
HRS040550,HRI035665
HRS040551,HRI035665
HRS040552,HRI035666
HRS040553,HRI035666
HRS040554,HRI035667
HRS040555,HRI035667
HRS040556,HRI035668
HRS040557,HRI035668
HRS040558,HRI035669
HRS040559,HRI035669
HRS040560,HRI035670
HRS040561,HRI035670
HRS040562,HRI035671
HRS040563,HRI035671
HRS040564,HRI035672
HRS040565,HRI035672
HRS040566,HRI035673
HRS040567,HRI035673
HRS040568,HRI035674
HRS040569,HRI035674
HRS040570,HRI035675
HRS040571,HRI035675
HRS040572,HRI035676
HRS040573,HRI035676
HRS040574,HRI035677
HRS040575,HRI035677
HRS040576,HRI035678
HRS040577,HRI035678
HRS040578,HRI035679
HRS040579,HRI035679
HRS040580,HRI035680
HRS040581,HRI035680
HRS040582,HRI035681
HRS040583,HRI035681
HRS040584,HRI035682
HRS040585,HRI035682
HRS040586,HRI035683
HRS040587,HRI035683
HRS040588,HRI035684
HRS040589,HRI035684
HRS040590,HRI035685
HRS040591,HRI035685
HRS040592,HRI035686
HRS040593,HRI035686
HRS040594,HRI035687
HRS040595,HRI035687
HRS040596,HRI035688
HRS040597,HRI035688
HRS040598,HRI035689
HRS040599,HRI035689
HRS040600,HRI035690
HRS040601,HRI035690
HRS040602,HRI035691
HRS040603,HRI035691
HRS040604,HRI035692
HRS040605,HRI035692
HRS040606,HRI035693
HRS040607,HRI035693
HRS040608,HRI035694
HRS040609,HRI035694
HRS040610,HRI035695
HRS040611,HRI035695
HRS040612,HRI035696
HRS040613,HRI035696
HRS040614,HRI035697
HRS040615,HRI035697
HRS040616,HRI035698
HRS040617,HRI035698
HRS040618,HRI035699
HRS040619,HRI035699
HRS040620,HRI035700
HRS040621,HRI035700
HRS040622,HRI035701
HRS040623,HRI035701
HRS040624,HRI035702
HRS040625,HRI035702
HRS040626,HRI035703
HRS040627,HRI035703
HRS040628,HRI035704
HRS040629,HRI035704
HRS040630,HRI035705
HRS040631,HRI035705
HRS040632,HRI035706
HRS040633,HRI035706
HRS040634,HRI035707
HRS040635,HRI035707
HRS040636,HRI035708
HRS040637,HRI035708
HRS040638,HRI035709
HRS040639,HRI035709
HRS040640,HRI035710
HRS040641,HRI035710
HRS040642,HRI035711
HRS040643,HRI035711
HRS040644,HRI035712
HRS040645,HRI035712
HRS040646,HRI035713
HRS040647,HRI035713
HRS040648,HRI035714
HRS040649,HRI035714
HRS040650,HRI035715
HRS040651,HRI035715
HRS040652,HRI035716
HRS040653,HRI035716
HRS040654,HRI035717
HRS040655,HRI035717
HRS040656,HRI035718
HRS040657,HRI035718
HRS040658,HRI035719
HRS040659,HRI035719
HRS040660,HRI035720
HRS040661,HRI035720
HRS040662,HRI035721
HRS040663,HRI035721
HRS040664,HRI035722
HRS040665,HRI035722
HRS040666,HRI035723
HRS040667,HRI035723
HRS040668,HRI035724
HRS040669,HRI035724
HRS040670,HRI035725
HRS040671,HRI035725
HRS040672,HRI035726
HRS040673,HRI035726
HRS040674,HRI035727
HRS040675,HRI035727
HRS040676,HRI035728
HRS040677,HRI035728
HRS040678,HRI035729
HRS040679,HRI035729
HRS040680,HRI035730
HRS040681,HRI035730
HRS040682,HRI035731
HRS040683,HRI035731
HRS040684,HRI035732
HRS040685,HRI035732
HRS040686,HRI035733
HRS040687,HRI035733
HRS040688,HRI035734
HRS040689,HRI035734
HRS040690,HRI035735
HRS040691,HRI035735
HRS040692,HRI035736
HRS040693,HRI035736
HRS040694,HRI035737
HRS040695,HRI035737
HRS040696,HRI035738
HRS040697,HRI035738
HRS040698,HRI035739
HRS040699,HRI035739
HRS040700,HRI035740
HRS040701,HRI035740
HRS040702,HRI035741
HRS040703,HRI035741
HRS040704,HRI035742
HRS040705,HRI035742
HRS040706,HRI035743
HRS040707,HRI035743
HRS040708,HRI035744
HRS040709,HRI035744
HRS040710,HRI035745
HRS040711,HRI035745
HRS040712,HRI035746
HRS040713,HRI035746
HRS040714,HRI035747
HRS040715,HRI035747
HRS040716,HRI035748
HRS040717,HRI035748
HRS040718,HRI035749
HRS040719,HRI035749
HRS040720,HRI035750
HRS040721,HRI035750
HRS040722,HRI035751
HRS040723,HRI035751
HRS040724,HRI035752
HRS040725,HRI035752
HRS040726,HRI035753
HRS040727,HRI035753
HRS040728,HRI035754
HRS040729,HRI035754
HRS040730,HRI035755
HRS040731,HRI035755
HRS040732,HRI035756
HRS040733,HRI035756
HRS040734,HRI035757
HRS040735,HRI035757
HRS040736,HRI035758
HRS040737,HRI035758
HRS040738,HRI035759
HRS040739,HRI035759
HRS040740,HRI035760
HRS040741,HRI035760
HRS040742,HRI035761
HRS040743,HRI035761
HRS040744,HRI035762
HRS040745,HRI035762
HRS040746,HRI035763
HRS040747,HRI035763
HRS040748,HRI035764
HRS040749,HRI035764
HRS040750,HRI035765
HRS040751,HRI035765
HRS040752,HRI035766
HRS040753,HRI035766
HRS040754,HRI035767
HRS040755,HRI035767
HRS040756,HRI035768
HRS040757,HRI035768
HRS040758,HRI035769
HRS040759,HRI035769
HRS040760,HRI035770
HRS040761,HRI035770
HRS040762,HRI035771
HRS040763,HRI035771
HRS040764,HRI035772
HRS040765,HRI035772
HRS040766,HRI035773
HRS040767,HRI035773
HRS040768,HRI035774
HRS040769,HRI035774
HRS040770,HRI035775
HRS040771,HRI035775
HRS040772,HRI035776
HRS040773,HRI035776
HRS040774,HRI035777
HRS040775,HRI035777
HRS040776,HRI035778
HRS040777,HRI035778
HRS040778,HRI035779
HRS040779,HRI035779
HRS040780,HRI035780
HRS040781,HRI035780
HRS040782,HRI035781
HRS040783,HRI035781
HRS040784,HRI035782
HRS040785,HRI035782
HRS040786,HRI035783
HRS040787,HRI035783
HRS040788,HRI035784
HRS040789,HRI035784
HRS040790,HRI035785
HRS040791,HRI035785
HRS040792,HRI035786
HRS040793,HRI035786
HRS040794,HRI035787
HRS040795,HRI035787
HRS040796,HRI035788
HRS040797,HRI035788
HRS040798,HRI035789
HRS040799,HRI035789
HRS040800,HRI035790
HRS040801,HRI035790
HRS040802,HRI035791
HRS040803,HRI035791
HRS040804,HRI035792
HRS040805,HRI035792
HRS040806,HRI035793
HRS040807,HRI035793
HRS068360,HRI048242
HRS068361,HRI048242
HRS068362,HRI048242
HRS068363,HRI048243
HRS068364,HRI048243
HRS068365,HRI048243
HRS068366,HRI048244
HRS068367,HRI048244
HRS068368,HRI048244
HRS068369,HRI048245
HRS068370,HRI048245
HRS068371,HRI048245
HRS068372,HRI048246
HRS068373,HRI048246
HRS068374,HRI048246
HRS068375,HRI048247
HRS068376,HRI048247
HRS068377,HRI048247
HRS068378,HRI048248
HRS068379,HRI048248
HRS068380,HRI048248
HRS068381,HRI048249
HRS068382,HRI048249
HRS068383,HRI048249
HRS068384,HRI048250
HRS068385,HRI048250
HRS068386,HRI048250
HRS068387,HRI048251
HRS068388,HRI048251
HRS068389,HRI048251
HRS068390,HRI048252
HRS068391,HRI048252
HRS068392,HRI048252
HRS068393,HRI048253
HRS068394,HRI048254
HRS068395,HRI048254
HRS068396,HRI048255
HRS068397,HRI048256
HRS068398,HRI048257
HRS068399,HRI048257
HRS068400,HRI048258
HRS068401,HRI048259
HRS068402,HRI048260
HRS068403,HRI048260
HRS068404,HRI048261
HRS068405,HRI048261
HRS068406,HRI048262
HRS068407,HRI048262
HRS068408,HRI048263
HRS068409,HRI048263
HRS068410,HRI048263
HRS068411,HRI048264
HRS068412,HRI048264
HRS068413,HRI048264
HRS068414,HRI048265
HRS068415,HRI048265
HRS068416,HRI048265
HRS068417,HRI048266
HRS068418,HRI048266
HRS068419,HRI048266
HRS068420,HRI048267
HRS068421,HRI048267
HRS068422,HRI048267
HRS068423,HRI048268
HRS068424,HRI048268
HRS068425,HRI048268
HRS068426,HRI048269
HRS068427,HRI048269
HRS068428,HRI048269
HRS068429,HRI048270
HRS068430,HRI048270
HRS068431,HRI048270
HRS068432,HRI048271
HRS068433,HRI048271
HRS068434,HRI048271
HRS068435,HRI048272
HRS068436,HRI048272
HRS068437,HRI048272
HRS068438,HRI048273
HRS068439,HRI048273
HRS068440,HRI048273
HRS068441,HRI048274
HRS068442,HRI048274
HRS068443,HRI048274
HRS068444,HRI048275
HRS068445,HRI048275
HRS068446,HRI048275
HRS068447,HRI048276
HRS068448,HRI048276
HRS068449,HRI048276
HRS068450,HRI048277
HRS068451,HRI048277
HRS068452,HRI048277
HRS068453,HRI048278
HRS068454,HRI048278
HRS068455,HRI048278
HRS068456,HRI048279
HRS068457,HRI048279
HRS068458,HRI048279
HRS068459,HRI048280
HRS068460,HRI048280
HRS068461,HRI048280
HRS068462,HRI048281
HRS068463,HRI048281
HRS068464,HRI048281
HRS068465,HRI048282
HRS068466,HRI048282
HRS068467,HRI048282
HRS068468,HRI048283
HRS068469,HRI048283
HRS068470,HRI048283
HRS068471,HRI048284
HRS068472,HRI048284
HRS068473,HRI048284
HRS068474,HRI048285
HRS068475,HRI048285
HRS068476,HRI048285
HRS068477,HRI048286
HRS068478,HRI048286
HRS068479,HRI048286
HRS068480,HRI048287
HRS068481,HRI048287
HRS068482,HRI048287
HRS068483,HRI048288
HRS068484,HRI048288
HRS068485,HRI048288
HRS068486,HRI048289
HRS068487,HRI048289
HRS068488,HRI048289
HRS068489,HRI048290
HRS068490,HRI048290
HRS068491,HRI048290
HRS068492,HRI048291
HRS068493,HRI048291
HRS068494,HRI048292
HRS068495,HRI048292
HRS068496,HRI048292
HRS068497,HRI048293
HRS068498,HRI048293
HRS068499,HRI048293
HRS068500,HRI048294
HRS068501,HRI048294
HRS068502,HRI048294
HRS068503,HRI048295
HRS068504,HRI048295
HRS068505,HRI048295
HRS068506,HRI048296
HRS068507,HRI048296
HRS068508,HRI048296
HRS068509,HRI048297
HRS068510,HRI048297
HRS068511,HRI048297
HRS068512,HRI048298
HRS068513,HRI048298
HRS068514,HRI048298
HRS068515,HRI048299
HRS068516,HRI048299
HRS068517,HRI048299
HRS068518,HRI048300
HRS068519,HRI048300
HRS068520,HRI048300
HRS068521,HRI048301
HRS068522,HRI048301
HRS068523,HRI048301
HRS068524,HRI048302
HRS068525,HRI048302
HRS068526,HRI048302
HRS068527,HRI048303
HRS068528,HRI048303
HRS068529,HRI048303
HRS068530,HRI048304
HRS068531,HRI048304
HRS068532,HRI048304
HRS068533,HRI048305
HRS068534,HRI048305
HRS068535,HRI048305
HRS068536,HRI048306
HRS068537,HRI048306
HRS1217823,HRI956419
HRS1217824,HRI956420
HRS1217825,HRI956421
HRS1217826,HRI956422
HRS1217827,HRI956423
HRS1217828,HRI956424
HRS1217829,HRI956425
HRS1217830,HRI956426
HRS1217831,HRI956427
HRS1217832,HRI956428
HRS1217833,HRI956429
HRS1217834,HRI956430
HRS1217835,HRI956431
HRS1217836,HRI956432
HRS1217837,HRI956433
HRS1217838,HRI956434
HRS1217839,HRI956435
HRS1217840,HRI956436
HRS1217841,HRI956437
HRS1217842,HRI956438
HRS1217843,HRI956439
HRS1217844,HRI956440
HRS1217845,HRI956441
HRS1217846,HRI956442
HRS1217847,HRI956443
HRS1217848,HRI956444
HRS1217849,HRI956445
HRS1217850,HRI956446
HRS1217851,HRI956447
HRS1217852,HRI956448
HRS1217853,HRI956449
HRS1217854,HRI956450
HRS1217855,HRI956451
HRS1217856,HRI956452
HRS1217857,HRI956453
HRS1217858,HRI956454
HRS1217859,HRI956455
HRS1217860,HRI956456
HRS1217861,HRI956457
HRS1217862,HRI956458
HRS1217863,HRI956459
HRS1217864,HRI956460
HRS1217865,HRI956461
HRS1217866,HRI956462
HRS1217867,HRI956463
HRS1217868,HRI956464
HRS1217869,HRI956465
HRS1217870,HRI956466
HRS1217871,HRI956467
HRS1217872,HRI956468
HRS1217873,HRI956469
HRS1217874,HRI956470
HRS1217875,HRI956471
HRS1217876,HRI956472
HRS1217877,HRI956473
HRS1217878,HRI956474
HRS1217879,HRI956475
HRS1217880,HRI956476
HRS1217881,HRI956477
HRS1217882,HRI956478
HRS1217883,HRI956479
HRS1217884,HRI956480
HRS1217885,HRI956481
HRS1217886,HRI956482
HRS1217887,HRI956483
HRS1217888,HRI956484
HRS1217889,HRI956485
HRS1217890,HRI956486
HRS1217810,HRI956487
HRS1217811,HRI956488
HRS1217812,HRI956489
HRS1217813,HRI956490
HRS1217814,HRI956491
HRS1217815,HRI956492
HRS1217816,HRI956493
HRS1217817,HRI956494
HRS1217818,HRI956495
HRS1217819,HRI956496
HRS1217820,HRI956497
HRS1217821,HRI956498
HRS1217822,HRI956499
HRS1217921,HRI956503
HRS1217922,HRI956503
HRS1217923,HRI956504
HRS1217924,HRI956504
HRS1217925,HRI956505
HRS1217926,HRI956505
HRS1217927,HRI956506
HRS1217928,HRI956506
HRS1217929,HRI956507
HRS1217930,HRI956507
HRS1217931,HRI956508
HRS1217932,HRI956508
HRS1217933,HRI956509
HRS1217934,HRI956509
HRS1217935,HRI956510
HRS1217936,HRI956510
HRS1217937,HRI956511
HRS1217938,HRI956511
HRS1217939,HRI956512
HRS1217940,HRI956512
HRS1217941,HRI956513
HRS1217942,HRI956513
HRS1217943,HRI956514
HRS1217944,HRI956514
HRS1217945,HRI956515
HRS1217946,HRI956515
HRS1217947,HRI956516
HRS1217948,HRI956516
HRS1217949,HRI956517
HRS1217950,HRI956517
HRS1217951,HRI956518
HRS1217952,HRI956518
HRS1217953,HRI956519
HRS1217954,HRI956519
HRS1217955,HRI956520
HRS1217956,HRI956520
HRS1217957,HRI956521
HRS1217958,HRI956521
HRS1217959,HRI956522
HRS1217960,HRI956522
HRS1217961,HRI956523
HRS1217962,HRI956523
HRS1217963,HRI956523
HRS1217964,HRI956524
HRS1217965,HRI956524
HRS1217966,HRI956525
HRS1217967,HRI956525
HRS1217968,HRI956526
HRS1217969,HRI956526
HRS1217970,HRI956527
HRS1217971,HRI956527
HRS1217972,HRI956528
HRS1217973,HRI956528
HRS1217974,HRI956529
HRS1217975,HRI956529
HRS1217976,HRI956530
HRS1217977,HRI956530
HRS1217978,HRI956531
HRS1217979,HRI956531
HRS1217980,HRI956532
HRS1217981,HRI956533
HRS1217982,HRI956533
HRS1217983,HRI956534
HRS1217984,HRI956534
HRS1217985,HRI956535
HRS1217986,HRI956536
HRS1217987,HRI956536
HRS1217988,HRI956537
HRS1217989,HRI956538
HRS1217990,HRI956538
HRS1217991,HRI956539
HRS1217992,HRI956539
HRS1217993,HRI956540
HRS1217994,HRI956540
HRS1217995,HRI956541
HRS1217996,HRI956541
HRS1217997,HRI956542
HRS1217998,HRI956543
HRS1217999,HRI956543
HRS1218000,HRI956544
HRS1218001,HRI956545
HRS1218002,HRI956545
HRS1218003,HRI956546
HRS1218004,HRI956546
HRS1218005,HRI956546
HRS1218006,HRI956547
HRS1218007,HRI956547
HRS1218008,HRI956548
HRS1218009,HRI956548
HRS1218010,HRI956549
HRS1218011,HRI956549
HRS1218012,HRI956550
HRS1218013,HRI956550
HRS1218014,HRI956551
HRS1218015,HRI956551
HRS1218016,HRI956552
HRS1218017,HRI956552
HRS1218018,HRI956553
HRS1218019,HRI956553
HRS1218020,HRI956554
HRS1218021,HRI956555
HRS1218022,HRI956555
HRS1218023,HRI956556
HRS1218024,HRI956556
HRS1218025,HRI956557
HRS1218026,HRI956557
HRS1218027,HRI956558
HRS1218028,HRI956558
HRS1218029,HRI956559
HRS1218030,HRI956559
HRS1218031,HRI956560
HRS1218032,HRI956560
HRS1218033,HRI956561
HRS1218034,HRI956562
HRS1218035,HRI956562
HRS1218036,HRI956563
HRS1218037,HRI956563
HRS1218038,HRI956564
HRS1218039,HRI956565
HRS1218040,HRI956566
HRS1218041,HRI956566
HRS1218042,HRI956567
HRS1218043,HRI956567
HRS1218044,HRI956568
HRS1218045,HRI956569
HRS1218046,HRI956569
HRS1218047,HRI956570
HRS1218048,HRI956570
HRS1218049,HRI956571
HRS1218050,HRI956571
HRS1218051,HRI956572
HRS1218052,HRI956572
HRS1218053,HRI956573
HRS1218054,HRI956573
HRS1218055,HRI956574
HRS1218056,HRI956574
HRS1218057,HRI956575
HRS1218058,HRI956576
HRS1218059,HRI956576
HRS1218060,HRI956577
HRS1218061,HRI956577
HRS1217894,HRI956578
HRS1217895,HRI956579
HRS1217896,HRI956579
HRS1217897,HRI956580
HRS1217898,HRI956580
HRS1217899,HRI956581
HRS1217900,HRI956581
HRS1217901,HRI956582
HRS1217902,HRI956582
HRS1217903,HRI956583
HRS1217904,HRI956583
HRS1217905,HRI956584
HRS1217906,HRI956584
HRS1217907,HRI956585
HRS1217908,HRI956585
HRS1217909,HRI956586
HRS1217910,HRI956586
HRS1217911,HRI956587
HRS1217912,HRI956587
HRS1217913,HRI956588
HRS1217914,HRI956589
HRS1217915,HRI956589
HRS1217916,HRI956590
HRS1217917,HRI956590
HRS1217918,HRI956591
HRS1217919,HRI956591
HRS1217920,HRI956592
