files,data_level
HRR024685_f1.fq.gz,1
HRR024685_r2.fq.gz,1
HRR024686_f1.fq.gz,1
HRR024686_r2.fq.gz,1
HRR024687_f1.fq.gz,1
HRR024687_r2.fq.gz,1
HRR024688_f1.fq.gz,1
HRR024688_r2.fq.gz,1
HRR024689_f1.fq.gz,1
HRR024689_r2.fq.gz,1
HRR024690_f1.fq.gz,1
HRR024690_r2.fq.gz,1
HRR024691_f1.fq.gz,1
HRR024691_r2.fq.gz,1
HRR024692_f1.fq.gz,1
HRR024692_r2.fq.gz,1
HRR024693_f1.fq.gz,1
HRR024693_r2.fq.gz,1
HRR024694_f1.fq.gz,1
HRR024694_r2.fq.gz,1
HRR024695_f1.fq.gz,1
HRR024695_r2.fq.gz,1
HRR024696_f1.fq.gz,1
HRR024696_r2.fq.gz,1
HRR024697_f1.fq.gz,1
HRR024697_r2.fq.gz,1
HRR024698_f1.fq.gz,1
HRR024698_r2.fq.gz,1
HRR024699_f1.fq.gz,1
HRR024699_r2.fq.gz,1
HRR024700_f1.fq.gz,1
HRR024700_r2.fq.gz,1
HRR024701_f1.fq.gz,1
HRR024701_r2.fq.gz,1
HRR024702_f1.fq.gz,1
HRR024702_r2.fq.gz,1
HRR024703_f1.fq.gz,1
HRR024703_r2.fq.gz,1
HRR024704_f1.fq.gz,1
HRR024704_r2.fq.gz,1
HRR024705_f1.fq.gz,1
HRR024705_r2.fq.gz,1
HRR024706_f1.fq.gz,1
HRR024706_r2.fq.gz,1
HRR024707_f1.fq.gz,1
HRR024707_r2.fq.gz,1
HRR024708_f1.fq.gz,1
HRR024708_r2.fq.gz,1
HRR024709_f1.fq.gz,1
HRR024709_r2.fq.gz,1
HRR024710_f1.fq.gz,1
HRR024710_r2.fq.gz,1
HRR024711_f1.fq.gz,1
HRR024711_r2.fq.gz,1
HRR024712_f1.fq.gz,1
HRR024712_r2.fq.gz,1
HRR024713_f1.fq.gz,1
HRR024713_r2.fq.gz,1
HRR024714_f1.fq.gz,1
HRR024714_r2.fq.gz,1
HRR024715_f1.fq.gz,1
HRR024715_r2.fq.gz,1
HRR024716_f1.fq.gz,1
HRR024716_r2.fq.gz,1
HRR024717_f1.fq.gz,1
HRR024717_r2.fq.gz,1
HRR024718_f1.fq.gz,1
HRR024718_r2.fq.gz,1
HRR024719_f1.fq.gz,1
HRR024719_r2.fq.gz,1
HRR024720_f1.fq.gz,1
HRR024720_r2.fq.gz,1
HRR024721_f1.fq.gz,1
HRR024721_r2.fq.gz,1
HRR024722_f1.fq.gz,1
HRR024722_r2.fq.gz,1
HRR024723_f1.fq.gz,1
HRR024723_r2.fq.gz,1
HRR024724_f1.fq.gz,1
HRR024724_r2.fq.gz,1
HRR024725_f1.fq.gz,1
HRR024725_r2.fq.gz,1
HRR024726_f1.fq.gz,1
HRR024726_r2.fq.gz,1
HRR024727_f1.fq.gz,1
HRR024727_r2.fq.gz,1
HRR024728_f1.fq.gz,1
HRR024728_r2.fq.gz,1
HRR024729_f1.fq.gz,1
HRR024729_r2.fq.gz,1
HRR024730_f1.fq.gz,1
HRR024730_r2.fq.gz,1
HRR024731_f1.fq.gz,1
HRR024731_r2.fq.gz,1
HRR024732_f1.fq.gz,1
HRR024732_r2.fq.gz,1
HRR024733_f1.fq.gz,1
HRR024733_r2.fq.gz,1
HRR024734_f1.fq.gz,1
HRR024734_r2.fq.gz,1
HRR024735_f1.fq.gz,1
HRR024735_r2.fq.gz,1
HRR024736_f1.fq.gz,1
HRR024736_r2.fq.gz,1
HRR024737_f1.fq.gz,1
HRR024737_r2.fq.gz,1
HRR024738_f1.fq.gz,1
HRR024738_r2.fq.gz,1
HRR024739_f1.fq.gz,1
HRR024739_r2.fq.gz,1
HRR024740_f1.fq.gz,1
HRR024740_r2.fq.gz,1
HRR024741_f1.fq.gz,1
HRR024741_r2.fq.gz,1
HRR024742_f1.fq.gz,1
HRR024742_r2.fq.gz,1
HRR024743_f1.fq.gz,1
HRR024743_r2.fq.gz,1
HRR024744_f1.fq.gz,1
HRR024744_r2.fq.gz,1
HRR024745_f1.fq.gz,1
HRR024745_r2.fq.gz,1
HRR024746_f1.fq.gz,1
HRR024746_r2.fq.gz,1
HRR024747_f1.fq.gz,1
HRR024747_r2.fq.gz,1
HRR024748_f1.fq.gz,1
HRR024748_r2.fq.gz,1
HRR024749_f1.fq.gz,1
HRR024749_r2.fq.gz,1
HRR024750_f1.fq.gz,1
HRR024750_r2.fq.gz,1
HRR024751_f1.fq.gz,1
HRR024751_r2.fq.gz,1
HRR024752_f1.fq.gz,1
HRR024752_r2.fq.gz,1
HRR024753_f1.fq.gz,1
HRR024753_r2.fq.gz,1
HRR024754_f1.fq.gz,1
HRR024754_r2.fq.gz,1
HRR024755_f1.fq.gz,1
HRR024755_r2.fq.gz,1
HRR024756_f1.fq.gz,1
HRR024756_r2.fq.gz,1
HRR024757_f1.fq.gz,1
HRR024757_r2.fq.gz,1
HRR024758_f1.fq.gz,1
HRR024758_r2.fq.gz,1
HRR024759_f1.fq.gz,1
HRR024759_r2.fq.gz,1
HRR024760_f1.fq.gz,1
HRR024760_r2.fq.gz,1
HRR024761_f1.fq.gz,1
HRR024761_r2.fq.gz,1
HRR024762_f1.fq.gz,1
HRR024762_r2.fq.gz,1
HRR024763_f1.fq.gz,1
HRR024763_r2.fq.gz,1
HRR024764_f1.fq.gz,1
HRR024764_r2.fq.gz,1
HRR024765_f1.fq.gz,1
HRR024765_r2.fq.gz,1
HRR024766_f1.fq.gz,1
HRR024766_r2.fq.gz,1
HRR024767_f1.fq.gz,1
HRR024767_r2.fq.gz,1
HRR024768_f1.fq.gz,1
HRR024768_r2.fq.gz,1
HRR024769_f1.fq.gz,1
HRR024769_r2.fq.gz,1
HRR024770_f1.fq.gz,1
HRR024770_r2.fq.gz,1
HRR024771_f1.fq.gz,1
HRR024771_r2.fq.gz,1
HRR024772_f1.fq.gz,1
HRR024772_r2.fq.gz,1
HRR024773_f1.fq.gz,1
HRR024773_r2.fq.gz,1
HRR024774_f1.fq.gz,1
HRR024774_r2.fq.gz,1
HRR024775_f1.fq.gz,1
HRR024775_r2.fq.gz,1
HRR024776_f1.fq.gz,1
HRR024776_r2.fq.gz,1
HRR024777_f1.fq.gz,1
HRR024777_r2.fq.gz,1
HRR024778_f1.fq.gz,1
HRR024778_r2.fq.gz,1
HRR024779_f1.fq.gz,1
HRR024779_r2.fq.gz,1
HRR024780_f1.fq.gz,1
HRR024780_r2.fq.gz,1
HRR024781_f1.fq.gz,1
HRR024781_r2.fq.gz,1
HRR024782_f1.fq.gz,1
HRR024782_r2.fq.gz,1
HRR024783_f1.fq.gz,1
HRR024783_r2.fq.gz,1
HRR024784_f1.fq.gz,1
HRR024784_r2.fq.gz,1
HRR024785_f1.fq.gz,1
HRR024785_r2.fq.gz,1
HRR024786_f1.fq.gz,1
HRR024786_r2.fq.gz,1
HRR024787_f1.fq.gz,1
HRR024787_r2.fq.gz,1
HRR024788_f1.fq.gz,1
HRR024788_r2.fq.gz,1
HRR024789_f1.fq.gz,1
HRR024789_r2.fq.gz,1
HRR024790_f1.fq.gz,1
HRR024790_r2.fq.gz,1
HRR024791_f1.fq.gz,1
HRR024791_r2.fq.gz,1
HRR024792_f1.fq.gz,1
HRR024792_r2.fq.gz,1
HRR024793_f1.fq.gz,1
HRR024793_r2.fq.gz,1
HRR024794_f1.fq.gz,1
HRR024794_r2.fq.gz,1
HRR024795_f1.fq.gz,1
HRR024795_r2.fq.gz,1
HRR024796_f1.fq.gz,1
HRR024796_r2.fq.gz,1
HRR024797_f1.fq.gz,1
HRR024797_r2.fq.gz,1
HRR024798_f1.fq.gz,1
HRR024798_r2.fq.gz,1
HRR024799_f1.fq.gz,1
HRR024799_r2.fq.gz,1
HRR024800_f1.fq.gz,1
HRR024800_r2.fq.gz,1
HRR024801_f1.fq.gz,1
HRR024801_r2.fq.gz,1
HRR024802_f1.fq.gz,1
HRR024802_r2.fq.gz,1
HRR024803_f1.fq.gz,1
HRR024803_r2.fq.gz,1
HRR024804_f1.fq.gz,1
HRR024804_r2.fq.gz,1
HRR024805_f1.fq.gz,1
HRR024805_r2.fq.gz,1
HRR024806_f1.fq.gz,1
HRR024806_r2.fq.gz,1
HRR024807_f1.fq.gz,1
HRR024807_r2.fq.gz,1
HRR024808_f1.fq.gz,1
HRR024808_r2.fq.gz,1
HRR024809_f1.fq.gz,1
HRR024809_r2.fq.gz,1
HRR024810_f1.fq.gz,1
HRR024810_r2.fq.gz,1
HRR024811_f1.fq.gz,1
HRR024811_r2.fq.gz,1
HRR024812_f1.fq.gz,1
HRR024812_r2.fq.gz,1
HRR024813_f1.fq.gz,1
HRR024813_r2.fq.gz,1
HRR024814_f1.fq.gz,1
HRR024814_r2.fq.gz,1
HRR024815_f1.fq.gz,1
HRR024815_r2.fq.gz,1
HRR024816_f1.fq.gz,1
HRR024816_r2.fq.gz,1
HRR024817_f1.fq.gz,1
HRR024817_r2.fq.gz,1
HRR024818_f1.fq.gz,1
HRR024818_r2.fq.gz,1
HRR024819_f1.fq.gz,1
HRR024819_r2.fq.gz,1
HRR024820_f1.fq.gz,1
HRR024820_r2.fq.gz,1
HRR024821_f1.fq.gz,1
HRR024821_r2.fq.gz,1
HRR024822_f1.fq.gz,1
HRR024822_r2.fq.gz,1
HRR024823_f1.fq.gz,1
HRR024823_r2.fq.gz,1
HRR024824_f1.fq.gz,1
HRR024824_r2.fq.gz,1
HRR024825_f1.fq.gz,1
HRR024825_r2.fq.gz,1
HRR024826_f1.fq.gz,1
HRR024826_r2.fq.gz,1
HRR024827_f1.fq.gz,1
HRR024827_r2.fq.gz,1
HRR024828_f1.fq.gz,1
HRR024828_r2.fq.gz,1
HRR024829_f1.fq.gz,1
HRR024829_r2.fq.gz,1
HRR024830_f1.fq.gz,1
HRR024830_r2.fq.gz,1
HRR024831_f1.fq.gz,1
HRR024831_r2.fq.gz,1
HRR024832_f1.fq.gz,1
HRR024832_r2.fq.gz,1
HRR024833_f1.fq.gz,1
HRR024833_r2.fq.gz,1
HRR024834_f1.fq.gz,1
HRR024834_r2.fq.gz,1
HRR024835_f1.fq.gz,1
HRR024835_r2.fq.gz,1
HRR024836_f1.fq.gz,1
HRR024836_r2.fq.gz,1
HRR024837_f1.fq.gz,1
HRR024837_r2.fq.gz,1
HRR024838_f1.fq.gz,1
HRR024838_r2.fq.gz,1
HRR024839_f1.fq.gz,1
HRR024839_r2.fq.gz,1
HRR024840_f1.fq.gz,1
HRR024840_r2.fq.gz,1
HRR024841_f1.fq.gz,1
HRR024841_r2.fq.gz,1
HRR024842_f1.fq.gz,1
HRR024842_r2.fq.gz,1
HRR024843_f1.fq.gz,1
HRR024843_r2.fq.gz,1
HRR024844_f1.fq.gz,1
HRR024844_r2.fq.gz,1
HRR024845_f1.fq.gz,1
HRR024845_r2.fq.gz,1
HRR024846_f1.fq.gz,1
HRR024846_r2.fq.gz,1
HRR024847_f1.fq.gz,1
HRR024847_r2.fq.gz,1
HRR024848_f1.fq.gz,1
HRR024848_r2.fq.gz,1
HRR024849_f1.fq.gz,1
HRR024849_r2.fq.gz,1
HRR024850_f1.fq.gz,1
HRR024850_r2.fq.gz,1
HRR024851_f1.fq.gz,1
HRR024851_r2.fq.gz,1
HRR024852_f1.fq.gz,1
HRR024852_r2.fq.gz,1
HRR024853_f1.fq.gz,1
HRR024853_r2.fq.gz,1
HRR024854_f1.fq.gz,1
HRR024854_r2.fq.gz,1
HRR024855_f1.fq.gz,1
HRR024855_r2.fq.gz,1
HRR024856_f1.fq.gz,1
HRR024856_r2.fq.gz,1
HRR024857_f1.fq.gz,1
HRR024857_r2.fq.gz,1
HRR024858_f1.fq.gz,1
HRR024858_r2.fq.gz,1
HRR024859_f1.fq.gz,1
HRR024859_r2.fq.gz,1
HRR024860_f1.fq.gz,1
HRR024860_r2.fq.gz,1
HRR024861_f1.fq.gz,1
HRR024861_r2.fq.gz,1
HRR024862_f1.fq.gz,1
HRR024862_r2.fq.gz,1
HRR024863_f1.fq.gz,1
HRR024863_r2.fq.gz,1
HRR024864_f1.fq.gz,1
HRR024864_r2.fq.gz,1
HRR024865_f1.fq.gz,1
HRR024865_r2.fq.gz,1
HRR024866_f1.fq.gz,1
HRR024866_r2.fq.gz,1
HRR024867_f1.fq.gz,1
HRR024867_r2.fq.gz,1
HRR024868_f1.fq.gz,1
HRR024868_r2.fq.gz,1
HRR024869_f1.fq.gz,1
HRR024869_r2.fq.gz,1
HRR024870_f1.fq.gz,1
HRR024870_r2.fq.gz,1
HRR024871_f1.fq.gz,1
HRR024871_r2.fq.gz,1
HRR024872_f1.fq.gz,1
HRR024872_r2.fq.gz,1
HRR024873_f1.fq.gz,1
HRR024873_r2.fq.gz,1
HRR024874_f1.fq.gz,1
HRR024874_r2.fq.gz,1
HRR024875_f1.fq.gz,1
HRR024875_r2.fq.gz,1
HRR024876_f1.fq.gz,1
HRR024876_r2.fq.gz,1
HRR024877_f1.fq.gz,1
HRR024877_r2.fq.gz,1
HRR024878_f1.fq.gz,1
HRR024878_r2.fq.gz,1
HRR024879_f1.fq.gz,1
HRR024879_r2.fq.gz,1
HRR024880_f1.fq.gz,1
HRR024880_r2.fq.gz,1
HRR024881_f1.fq.gz,1
HRR024881_r2.fq.gz,1
HRR024882_f1.fq.gz,1
HRR024882_r2.fq.gz,1
HRR024883_f1.fq.gz,1
HRR024883_r2.fq.gz,1
HRR024884_f1.fq.gz,1
HRR024884_r2.fq.gz,1
HRR024885_f1.fq.gz,1
HRR024885_r2.fq.gz,1
HRR024886_f1.fq.gz,1
HRR024886_r2.fq.gz,1
HRR024887_f1.fq.gz,1
HRR024887_r2.fq.gz,1
HRR024888_f1.fq.gz,1
HRR024888_r2.fq.gz,1
HRR024889_f1.fq.gz,1
HRR024889_r2.fq.gz,1
HRR024890_f1.fq.gz,1
HRR024890_r2.fq.gz,1
HRR024891_f1.fq.gz,1
HRR024891_r2.fq.gz,1
HRR024892_f1.fq.gz,1
HRR024892_r2.fq.gz,1
HRR024893_f1.fq.gz,1
HRR024893_r2.fq.gz,1
HRR024894_f1.fq.gz,1
HRR024894_r2.fq.gz,1
HRR024895_f1.fq.gz,1
HRR024895_r2.fq.gz,1
HRR024896_f1.fq.gz,1
HRR024896_r2.fq.gz,1
HRR024897_f1.fq.gz,1
HRR024897_r2.fq.gz,1
HRR024898_f1.fq.gz,1
HRR024898_r2.fq.gz,1
HRR024899_f1.fq.gz,1
HRR024899_r2.fq.gz,1
HRR024900_f1.fq.gz,1
HRR024900_r2.fq.gz,1
HRR024901_f1.fq.gz,1
HRR024901_r2.fq.gz,1
HRR024902_f1.fq.gz,1
HRR024902_r2.fq.gz,1
HRR024903_f1.fq.gz,1
HRR024903_r2.fq.gz,1
HRR024904_f1.fq.gz,1
HRR024904_r2.fq.gz,1
HRR024905_f1.fq.gz,1
HRR024905_r2.fq.gz,1
HRR024906_f1.fq.gz,1
HRR024906_r2.fq.gz,1
HRR024907_f1.fq.gz,1
HRR024907_r2.fq.gz,1
HRR024908_f1.fq.gz,1
HRR024908_r2.fq.gz,1
HRR024909_f1.fq.gz,1
HRR024909_r2.fq.gz,1
HRR024910_f1.fq.gz,1
HRR024910_r2.fq.gz,1
HRR024911_f1.fq.gz,1
HRR024911_r2.fq.gz,1
HRR024912_f1.fq.gz,1
HRR024912_r2.fq.gz,1
HRR024913_f1.fq.gz,1
HRR024913_r2.fq.gz,1
HRR024914_f1.fq.gz,1
HRR024914_r2.fq.gz,1
HRR024915_f1.fq.gz,1
HRR024915_r2.fq.gz,1
HRR024916_f1.fq.gz,1
HRR024916_r2.fq.gz,1
HRR024917_f1.fq.gz,1
HRR024917_r2.fq.gz,1
HRR024918_f1.fq.gz,1
HRR024918_r2.fq.gz,1
HRR024919_f1.fq.gz,1
HRR024919_r2.fq.gz,1
HRR024920_f1.fq.gz,1
HRR024920_r2.fq.gz,1
HRR024921_f1.fq.gz,1
HRR024921_r2.fq.gz,1
HRR024922_f1.fq.gz,1
HRR024922_r2.fq.gz,1
HRR024923_f1.fq.gz,1
HRR024923_r2.fq.gz,1
HRR024924_f1.fq.gz,1
HRR024924_r2.fq.gz,1
HRR024925_f1.fq.gz,1
HRR024925_r2.fq.gz,1
HRR024926_f1.fq.gz,1
HRR024926_r2.fq.gz,1
HRR024927_f1.fq.gz,1
HRR024927_r2.fq.gz,1
HRR024928_f1.fq.gz,1
HRR024928_r2.fq.gz,1
HRR024929_f1.fq.gz,1
HRR024929_r2.fq.gz,1
HRR024930_f1.fq.gz,1
HRR024930_r2.fq.gz,1
HRR024931_f1.fq.gz,1
HRR024931_r2.fq.gz,1
HRR024932_f1.fq.gz,1
HRR024932_r2.fq.gz,1
HRR024933_f1.fq.gz,1
HRR024933_r2.fq.gz,1
HRR024934_f1.fq.gz,1
HRR024934_r2.fq.gz,1
HRR024935_f1.fq.gz,1
HRR024935_r2.fq.gz,1
HRR024936_f1.fq.gz,1
HRR024936_r2.fq.gz,1
HRR024937_f1.fq.gz,1
HRR024937_r2.fq.gz,1
HRR024938_f1.fq.gz,1
HRR024938_r2.fq.gz,1
HRR024939_f1.fq.gz,1
HRR024939_r2.fq.gz,1
HRR024940_f1.fq.gz,1
HRR024940_r2.fq.gz,1
HRR024941_f1.fq.gz,1
HRR024941_r2.fq.gz,1
HRR024942_f1.fq.gz,1
HRR024942_r2.fq.gz,1
HRR024943_f1.fq.gz,1
HRR024943_r2.fq.gz,1
HRR024944_f1.fq.gz,1
HRR024944_r2.fq.gz,1
HRR024945_f1.fq.gz,1
HRR024945_r2.fq.gz,1
HRR024946_f1.fq.gz,1
HRR024946_r2.fq.gz,1
HRR024947_f1.fq.gz,1
HRR024947_r2.fq.gz,1
HRR024948_f1.fq.gz,1
HRR024948_r2.fq.gz,1
HRR024949_f1.fq.gz,1
HRR024949_r2.fq.gz,1
HRR024950_f1.fq.gz,1
HRR024950_r2.fq.gz,1
HRR024951_f1.fq.gz,1
HRR024951_r2.fq.gz,1
HRR024952_f1.fq.gz,1
HRR024952_r2.fq.gz,1
HRR024953_f1.fq.gz,1
HRR024953_r2.fq.gz,1
HRR024954_f1.fq.gz,1
HRR024954_r2.fq.gz,1
HRR024955_f1.fq.gz,1
HRR024955_r2.fq.gz,1
HRR024956_f1.fq.gz,1
HRR024956_r2.fq.gz,1
HRR024957_f1.fq.gz,1
HRR024957_r2.fq.gz,1
HRR024958_f1.fq.gz,1
HRR024958_r2.fq.gz,1
HRR024959_f1.fq.gz,1
HRR024959_r2.fq.gz,1
HRR024960_f1.fq.gz,1
HRR024960_r2.fq.gz,1
HRR024961_f1.fq.gz,1
HRR024961_r2.fq.gz,1
HRR024962_f1.fq.gz,1
HRR024962_r2.fq.gz,1
HRR024963_f1.fq.gz,1
HRR024963_r2.fq.gz,1
HRR024964_f1.fq.gz,1
HRR024964_r2.fq.gz,1
HRR024965_f1.fq.gz,1
HRR024965_r2.fq.gz,1
HRR024966_f1.fq.gz,1
HRR024966_r2.fq.gz,1
HRR024967_f1.fq.gz,1
HRR024967_r2.fq.gz,1
HRR024968_f1.fq.gz,1
HRR024968_r2.fq.gz,1
HRR024969_f1.fq.gz,1
HRR024969_r2.fq.gz,1
HRR024970_f1.fq.gz,1
HRR024970_r2.fq.gz,1
HRR024971_f1.fq.gz,1
HRR024971_r2.fq.gz,1
HRR024972_f1.fq.gz,1
HRR024972_r2.fq.gz,1
HRR024973_f1.fq.gz,1
HRR024973_r2.fq.gz,1
HRR024974_f1.fq.gz,1
HRR024974_r2.fq.gz,1
HRR024975_f1.fq.gz,1
HRR024975_r2.fq.gz,1
HRR024976_f1.fq.gz,1
HRR024976_r2.fq.gz,1
HRR024977_f1.fq.gz,1
HRR024977_r2.fq.gz,1
HRR024978_f1.fq.gz,1
HRR024978_r2.fq.gz,1
HRR024979_f1.fq.gz,1
HRR024979_r2.fq.gz,1
HRR024980_f1.fq.gz,1
HRR024980_r2.fq.gz,1
HRR024981_f1.fq.gz,1
HRR024981_r2.fq.gz,1
HRR024982_f1.fq.gz,1
HRR024982_r2.fq.gz,1
HRR024983_f1.fq.gz,1
HRR024983_r2.fq.gz,1
HRR024984_f1.fq.gz,1
HRR024984_r2.fq.gz,1
HRR024985_f1.fq.gz,1
HRR024985_r2.fq.gz,1
HRR024986_f1.fq.gz,1
HRR024986_r2.fq.gz,1
HRR024987_f1.fq.gz,1
HRR024987_r2.fq.gz,1
HRR024988_f1.fq.gz,1
HRR024988_r2.fq.gz,1
HRR024989_f1.fq.gz,1
HRR024989_r2.fq.gz,1
HRR024990_f1.fq.gz,1
HRR024990_r2.fq.gz,1
HRR024991_f1.fq.gz,1
HRR024991_r2.fq.gz,1
HRR024992_f1.fq.gz,1
HRR024992_r2.fq.gz,1
HRR024993_f1.fq.gz,1
HRR024993_r2.fq.gz,1
HRR024994_f1.fq.gz,1
HRR024994_r2.fq.gz,1
HRR024995_f1.fq.gz,1
HRR024995_r2.fq.gz,1
HRR024996_f1.fq.gz,1
HRR024996_r2.fq.gz,1
HRR024997_f1.fq.gz,1
HRR024997_r2.fq.gz,1
HRR024998_f1.fq.gz,1
HRR024998_r2.fq.gz,1
HRR024999_f1.fq.gz,1
HRR024999_r2.fq.gz,1
HRR025000_f1.fq.gz,1
HRR025000_r2.fq.gz,1
HRR025001_f1.fq.gz,1
HRR025001_r2.fq.gz,1
HRR025002_f1.fq.gz,1
HRR025002_r2.fq.gz,1
HRR025003_f1.fq.gz,1
HRR025003_r2.fq.gz,1
HRR025004_f1.fq.gz,1
HRR025004_r2.fq.gz,1
HRR025005_f1.fq.gz,1
HRR025005_r2.fq.gz,1
HRR025006_f1.fq.gz,1
HRR025006_r2.fq.gz,1
HRR025007_f1.fq.gz,1
HRR025007_r2.fq.gz,1
HRR025008_f1.fq.gz,1
HRR025008_r2.fq.gz,1
HRR025009_f1.fq.gz,1
HRR025009_r2.fq.gz,1
HRR025010_f1.fq.gz,1
HRR025010_r2.fq.gz,1
HRR025011_f1.fq.gz,1
HRR025011_r2.fq.gz,1
HRR025012_f1.fq.gz,1
HRR025012_r2.fq.gz,1
HRR025013_f1.fq.gz,1
HRR025013_r2.fq.gz,1
HRR025014_f1.fq.gz,1
HRR025014_r2.fq.gz,1
HRR025015_f1.fq.gz,1
HRR025015_r2.fq.gz,1
HRR025016_f1.fq.gz,1
HRR025016_r2.fq.gz,1
HRR025017_f1.fq.gz,1
HRR025017_r2.fq.gz,1
HRR025018_f1.fq.gz,1
HRR025018_r2.fq.gz,1
HRR025019_f1.fq.gz,1
HRR025019_r2.fq.gz,1
HRR025020_f1.fq.gz,1
HRR025020_r2.fq.gz,1
HRR025021_f1.fq.gz,1
HRR025021_r2.fq.gz,1
HRR025022_f1.fq.gz,1
HRR025022_r2.fq.gz,1
HRR025023_f1.fq.gz,1
HRR025023_r2.fq.gz,1
HRR025024_f1.fq.gz,1
HRR025024_r2.fq.gz,1
HRR025025_f1.fq.gz,1
HRR025025_r2.fq.gz,1
HRR025026_f1.fq.gz,1
HRR025026_r2.fq.gz,1
HRR025027_f1.fq.gz,1
HRR025027_r2.fq.gz,1
HRR025028_f1.fq.gz,1
HRR025028_r2.fq.gz,1
HRR025029_f1.fq.gz,1
HRR025029_r2.fq.gz,1
HRR025030_f1.fq.gz,1
HRR025030_r2.fq.gz,1
HRR025031_f1.fq.gz,1
HRR025031_r2.fq.gz,1
HRR025032_f1.fq.gz,1
HRR025032_r2.fq.gz,1
HRR025033_f1.fq.gz,1
HRR025033_r2.fq.gz,1
HRR025034_f1.fq.gz,1
HRR025034_r2.fq.gz,1
HRR025035_f1.fq.gz,1
HRR025035_r2.fq.gz,1
HRR025036_f1.fq.gz,1
HRR025036_r2.fq.gz,1
HRR025037_f1.fq.gz,1
HRR025037_r2.fq.gz,1
HRR025038_f1.fq.gz,1
HRR025038_r2.fq.gz,1
HRR025039_f1.fq.gz,1
HRR025039_r2.fq.gz,1
HRR025040_f1.fq.gz,1
HRR025040_r2.fq.gz,1
HRR025041_f1.fq.gz,1
HRR025041_r2.fq.gz,1
HRR025042_f1.fq.gz,1
HRR025042_r2.fq.gz,1
HRR025043_f1.fq.gz,1
HRR025043_r2.fq.gz,1
HRR025044_f1.fq.gz,1
HRR025044_r2.fq.gz,1
HRR025045_f1.fq.gz,1
HRR025045_r2.fq.gz,1
HRR025046_f1.fq.gz,1
HRR025046_r2.fq.gz,1
HRR025047_f1.fq.gz,1
HRR025047_r2.fq.gz,1
HRR025048_f1.fq.gz,1
HRR025048_r2.fq.gz,1
HRR025049_f1.fq.gz,1
HRR025049_r2.fq.gz,1
HRR025050_f1.fq.gz,1
HRR025050_r2.fq.gz,1
HRR025051_f1.fq.gz,1
HRR025051_r2.fq.gz,1
HRR025052_f1.fq.gz,1
HRR025052_r2.fq.gz,1
HRR025053_f1.fq.gz,1
HRR025053_r2.fq.gz,1
HRR025054_f1.fq.gz,1
HRR025054_r2.fq.gz,1
HRR025055_f1.fq.gz,1
HRR025055_r2.fq.gz,1
HRR025056_f1.fq.gz,1
HRR025056_r2.fq.gz,1
HRR025057_f1.fq.gz,1
HRR025057_r2.fq.gz,1
HRR025058_f1.fq.gz,1
HRR025058_r2.fq.gz,1
HRR025059_f1.fq.gz,1
HRR025059_r2.fq.gz,1
HRR025060_f1.fq.gz,1
HRR025060_r2.fq.gz,1
HRR025061_f1.fq.gz,1
HRR025061_r2.fq.gz,1
HRR025062_f1.fq.gz,1
HRR025062_r2.fq.gz,1
HRR025063_f1.fq.gz,1
HRR025063_r2.fq.gz,1
HRR025064_f1.fq.gz,1
HRR025064_r2.fq.gz,1
HRR025065_f1.fq.gz,1
HRR025065_r2.fq.gz,1
HRR025066_f1.fq.gz,1
HRR025066_r2.fq.gz,1
HRR025067_f1.fq.gz,1
HRR025067_r2.fq.gz,1
HRR025068_f1.fq.gz,1
HRR025068_r2.fq.gz,1
HRR025069_f1.fq.gz,1
HRR025069_r2.fq.gz,1
HRR025070_f1.fq.gz,1
HRR025070_r2.fq.gz,1
HRR025071_f1.fq.gz,1
HRR025071_r2.fq.gz,1
HRR025072_f1.fq.gz,1
HRR025072_r2.fq.gz,1
HRR025073_f1.fq.gz,1
HRR025073_r2.fq.gz,1
HRR025074_f1.fq.gz,1
HRR025074_r2.fq.gz,1
HRR025075_f1.fq.gz,1
HRR025075_r2.fq.gz,1
HRR025076_f1.fq.gz,1
HRR025076_r2.fq.gz,1
HRR025077_f1.fq.gz,1
HRR025077_r2.fq.gz,1
HRR025078_f1.fq.gz,1
HRR025078_r2.fq.gz,1
HRR025079_f1.fq.gz,1
HRR025079_r2.fq.gz,1
HRR025080_f1.fq.gz,1
HRR025080_r2.fq.gz,1
HRR025081_f1.fq.gz,1
HRR025081_r2.fq.gz,1
HRR025082_f1.fq.gz,1
HRR025082_r2.fq.gz,1
HRR025083_f1.fq.gz,1
HRR025083_r2.fq.gz,1
HRR025084_f1.fq.gz,1
HRR025084_r2.fq.gz,1
HRR025085_f1.fq.gz,1
HRR025085_r2.fq.gz,1
HRR025086_f1.fq.gz,1
HRR025086_r2.fq.gz,1
HRR025087_f1.fq.gz,1
HRR025087_r2.fq.gz,1
HRR025088_f1.fq.gz,1
HRR025088_r2.fq.gz,1
HRR025089_f1.fq.gz,1
HRR025089_r2.fq.gz,1
HRR025090_f1.fq.gz,1
HRR025090_r2.fq.gz,1
HRR025091_f1.fq.gz,1
HRR025091_r2.fq.gz,1
HRR025092_f1.fq.gz,1
HRR025092_r2.fq.gz,1
HRR025093_f1.fq.gz,1
HRR025093_r2.fq.gz,1
HRR025094_f1.fq.gz,1
HRR025094_r2.fq.gz,1
HRR025095_f1.fq.gz,1
HRR025095_r2.fq.gz,1
HRR025096_f1.fq.gz,1
HRR025096_r2.fq.gz,1
HRR025097_f1.fq.gz,1
HRR025097_r2.fq.gz,1
HRR025098_f1.fq.gz,1
HRR025098_r2.fq.gz,1
HRR025099_f1.fq.gz,1
HRR025099_r2.fq.gz,1
HRR025100_f1.fq.gz,1
HRR025100_r2.fq.gz,1
HRR025101_f1.fq.gz,1
HRR025101_r2.fq.gz,1
HRR025102_f1.fq.gz,1
HRR025102_r2.fq.gz,1
HRR025103_f1.fq.gz,1
HRR025103_r2.fq.gz,1
HRR025104_f1.fq.gz,1
HRR025104_r2.fq.gz,1
HRR025105_f1.fq.gz,1
HRR025105_r2.fq.gz,1
HRR025106_f1.fq.gz,1
HRR025106_r2.fq.gz,1
HRR025107_f1.fq.gz,1
HRR025107_r2.fq.gz,1
HRR025108_f1.fq.gz,1
HRR025108_r2.fq.gz,1
HRR025109_f1.fq.gz,1
HRR025109_r2.fq.gz,1
HRR025110_f1.fq.gz,1
HRR025110_r2.fq.gz,1
HRR025111_f1.fq.gz,1
HRR025111_r2.fq.gz,1
HRR025112_f1.fq.gz,1
HRR025112_r2.fq.gz,1
HRR025113_f1.fq.gz,1
HRR025113_r2.fq.gz,1
HRR025114_f1.fq.gz,1
HRR025114_r2.fq.gz,1
HRR025115_f1.fq.gz,1
HRR025115_r2.fq.gz,1
HRR025116_f1.fq.gz,1
HRR025116_r2.fq.gz,1
HRR025117_f1.fq.gz,1
HRR025117_r2.fq.gz,1
HRR025118_f1.fq.gz,1
HRR025118_r2.fq.gz,1
HRR025119_f1.fq.gz,1
HRR025119_r2.fq.gz,1
HRR025120_f1.fq.gz,1
HRR025120_r2.fq.gz,1
HRR025121_f1.fq.gz,1
HRR025121_r2.fq.gz,1
HRR025122_f1.fq.gz,1
HRR025122_r2.fq.gz,1
HRR025123_f1.fq.gz,1
HRR025123_r2.fq.gz,1
HRR025124_f1.fq.gz,1
HRR025124_r2.fq.gz,1
HRR025125_f1.fq.gz,1
HRR025125_r2.fq.gz,1
HRR025126_f1.fq.gz,1
HRR025126_r2.fq.gz,1
HRR025127_f1.fq.gz,1
HRR025127_r2.fq.gz,1
HRR025128_f1.fq.gz,1
HRR025128_r2.fq.gz,1
HRR025129_f1.fq.gz,1
HRR025129_r2.fq.gz,1
HRR025130_f1.fq.gz,1
HRR025130_r2.fq.gz,1
HRR025131_f1.fq.gz,1
HRR025131_r2.fq.gz,1
HRR025132_f1.fq.gz,1
HRR025132_r2.fq.gz,1
HRR025133_f1.fq.gz,1
HRR025133_r2.fq.gz,1
HRR025134_f1.fq.gz,1
HRR025134_r2.fq.gz,1
HRR025135_f1.fq.gz,1
HRR025135_r2.fq.gz,1
HRR025136_f1.fq.gz,1
HRR025136_r2.fq.gz,1
HRR025137_f1.fq.gz,1
HRR025137_r2.fq.gz,1
HRR025138_f1.fq.gz,1
HRR025138_r2.fq.gz,1
HRR025139_f1.fq.gz,1
HRR025139_r2.fq.gz,1
HRR025140_f1.fq.gz,1
HRR025140_r2.fq.gz,1
HRR025141_f1.fq.gz,1
HRR025141_r2.fq.gz,1
HRR025142_f1.fq.gz,1
HRR025142_r2.fq.gz,1
HRR025143_f1.fq.gz,1
HRR025143_r2.fq.gz,1
HRR025144_f1.fq.gz,1
HRR025144_r2.fq.gz,1
HRR025145_f1.fq.gz,1
HRR025145_r2.fq.gz,1
HRR025146_f1.fq.gz,1
HRR025146_r2.fq.gz,1
HRR025147_f1.fq.gz,1
HRR025147_r2.fq.gz,1
HRR025148_f1.fq.gz,1
HRR025148_r2.fq.gz,1
HRR025149_f1.fq.gz,1
HRR025149_r2.fq.gz,1
HRR025150_f1.fq.gz,1
HRR025150_r2.fq.gz,1
HRR025151_f1.fq.gz,1
HRR025151_r2.fq.gz,1
HRR025152_f1.fq.gz,1
HRR025152_r2.fq.gz,1
HRR025153_f1.fq.gz,1
HRR025153_r2.fq.gz,1
HRR025154_f1.fq.gz,1
HRR025154_r2.fq.gz,1
HRR025155_f1.fq.gz,1
HRR025155_r2.fq.gz,1
HRR025156_f1.fq.gz,1
HRR025156_r2.fq.gz,1
HRR025157_f1.fq.gz,1
HRR025157_r2.fq.gz,1
HRR025158_f1.fq.gz,1
HRR025158_r2.fq.gz,1
HRR025159_f1.fq.gz,1
HRR025159_r2.fq.gz,1
HRR025160_f1.fq.gz,1
HRR025160_r2.fq.gz,1
HRR025161_f1.fq.gz,1
HRR025161_r2.fq.gz,1
HRR025162_f1.fq.gz,1
HRR025162_r2.fq.gz,1
HRR025163_f1.fq.gz,1
HRR025163_r2.fq.gz,1
HRR025164_f1.fq.gz,1
HRR025164_r2.fq.gz,1
HRR025165_f1.fq.gz,1
HRR025165_r2.fq.gz,1
HRR025166_f1.fq.gz,1
HRR025166_r2.fq.gz,1
HRR025167_f1.fq.gz,1
HRR025167_r2.fq.gz,1
HRR025168_f1.fq.gz,1
HRR025168_r2.fq.gz,1
HRR025169_f1.fq.gz,1
HRR025169_r2.fq.gz,1
HRR025170_f1.fq.gz,1
HRR025170_r2.fq.gz,1
HRR025171_f1.fq.gz,1
HRR025171_r2.fq.gz,1
HRR025172_f1.fq.gz,1
HRR025172_r2.fq.gz,1
HRR025173_f1.fq.gz,1
HRR025173_r2.fq.gz,1
HRR025174_f1.fq.gz,1
HRR025174_r2.fq.gz,1
HRR025175_f1.fq.gz,1
HRR025175_r2.fq.gz,1
HRR025176_f1.fq.gz,1
HRR025176_r2.fq.gz,1
HRR025177_f1.fq.gz,1
HRR025177_r2.fq.gz,1
HRR025178_f1.fq.gz,1
HRR025178_r2.fq.gz,1
HRR025179_f1.fq.gz,1
HRR025179_r2.fq.gz,1
HRR025180_f1.fq.gz,1
HRR025180_r2.fq.gz,1
HRR025181_f1.fq.gz,1
HRR025181_r2.fq.gz,1
HRR025182_f1.fq.gz,1
HRR025182_r2.fq.gz,1
HRR025183_f1.fq.gz,1
HRR025183_r2.fq.gz,1
HRR025184_f1.fq.gz,1
HRR025184_r2.fq.gz,1
HRR025185_f1.fq.gz,1
HRR025185_r2.fq.gz,1
HRR025186_f1.fq.gz,1
HRR025186_r2.fq.gz,1
HRR025187_f1.fq.gz,1
HRR025187_r2.fq.gz,1
HRR025188_f1.fq.gz,1
HRR025188_r2.fq.gz,1
HRR025189_f1.fq.gz,1
HRR025189_r2.fq.gz,1
HRR025190_f1.fq.gz,1
HRR025190_r2.fq.gz,1
HRR025191_f1.fq.gz,1
HRR025191_r2.fq.gz,1
HRR025192_f1.fq.gz,1
HRR025192_r2.fq.gz,1
HRR025193_f1.fq.gz,1
HRR025193_r2.fq.gz,1
HRR025194_f1.fq.gz,1
HRR025194_r2.fq.gz,1
HRR025195_f1.fq.gz,1
HRR025195_r2.fq.gz,1
HRR025196_f1.fq.gz,1
HRR025196_r2.fq.gz,1
HRR025197_f1.fq.gz,1
HRR025197_r2.fq.gz,1
HRR025198_f1.fq.gz,1
HRR025198_r2.fq.gz,1
HRR025199_f1.fq.gz,1
HRR025199_r2.fq.gz,1
HRR025200_f1.fq.gz,1
HRR025200_r2.fq.gz,1
HRR025201_f1.fq.gz,1
HRR025201_r2.fq.gz,1
HRR025202_f1.fq.gz,1
HRR025202_r2.fq.gz,1
HRR025203_f1.fq.gz,1
HRR025203_r2.fq.gz,1
HRR025204_f1.fq.gz,1
HRR025204_r2.fq.gz,1
HRR025205_f1.fq.gz,1
HRR025205_r2.fq.gz,1
HRR025206_f1.fq.gz,1
HRR025206_r2.fq.gz,1
HRR025207_f1.fq.gz,1
HRR025207_r2.fq.gz,1
HRR025208_f1.fq.gz,1
HRR025208_r2.fq.gz,1
HRR025209_f1.fq.gz,1
HRR025209_r2.fq.gz,1
HRR025210_f1.fq.gz,1
HRR025210_r2.fq.gz,1
HRR025211_f1.fq.gz,1
HRR025211_r2.fq.gz,1
HRR025212_f1.fq.gz,1
HRR025212_r2.fq.gz,1
HRR025213_f1.fq.gz,1
HRR025213_r2.fq.gz,1
HRR025214_f1.fq.gz,1
HRR025214_r2.fq.gz,1
HRR025215_f1.fq.gz,1
HRR025215_r2.fq.gz,1
HRR025216_f1.fq.gz,1
HRR025216_r2.fq.gz,1
HRR025217_f1.fq.gz,1
HRR025217_r2.fq.gz,1
HRR025218_f1.fq.gz,1
HRR025218_r2.fq.gz,1
HRR025219_f1.fq.gz,1
HRR025219_r2.fq.gz,1
HRR025220_f1.fq.gz,1
HRR025220_r2.fq.gz,1
HRR025221_f1.fq.gz,1
HRR025221_r2.fq.gz,1
HRR025222_f1.fq.gz,1
HRR025222_r2.fq.gz,1
HRR025223_f1.fq.gz,1
HRR025223_r2.fq.gz,1
HRR025224_f1.fq.gz,1
HRR025224_r2.fq.gz,1
HRR025225_f1.fq.gz,1
HRR025225_r2.fq.gz,1
HRR025226_f1.fq.gz,1
HRR025226_r2.fq.gz,1
HRR025227_f1.fq.gz,1
HRR025227_r2.fq.gz,1
HRR025228_f1.fq.gz,1
HRR025228_r2.fq.gz,1
HRR025229_f1.fq.gz,1
HRR025229_r2.fq.gz,1
HRR025230_f1.fq.gz,1
HRR025230_r2.fq.gz,1
HRR025231_f1.fq.gz,1
HRR025231_r2.fq.gz,1
HRR025232_f1.fq.gz,1
HRR025232_r2.fq.gz,1
HRR025233_f1.fq.gz,1
HRR025233_r2.fq.gz,1
HRR025234_f1.fq.gz,1
HRR025234_r2.fq.gz,1
HRR025235_f1.fq.gz,1
HRR025235_r2.fq.gz,1
HRR025236_f1.fq.gz,1
HRR025236_r2.fq.gz,1
HRR025237_f1.fq.gz,1
HRR025237_r2.fq.gz,1
HRR025238_f1.fq.gz,1
HRR025238_r2.fq.gz,1
HRR025239_f1.fq.gz,1
HRR025239_r2.fq.gz,1
HRR025240_f1.fq.gz,1
HRR025240_r2.fq.gz,1
HRR025241_f1.fq.gz,1
HRR025241_r2.fq.gz,1
HRR025242_f1.fq.gz,1
HRR025242_r2.fq.gz,1
HRR025243_f1.fq.gz,1
HRR025243_r2.fq.gz,1
HRR025244_f1.fq.gz,1
HRR025244_r2.fq.gz,1
HRR025245_f1.fq.gz,1
HRR025245_r2.fq.gz,1
HRR025246_f1.fq.gz,1
HRR025246_r2.fq.gz,1
HRR025247_f1.fq.gz,1
HRR025247_r2.fq.gz,1
HRR025248_f1.fq.gz,1
HRR025248_r2.fq.gz,1
HRR025249_f1.fq.gz,1
HRR025249_r2.fq.gz,1
HRR025250_f1.fq.gz,1
HRR025250_r2.fq.gz,1
HRR025251_f1.fq.gz,1
HRR025251_r2.fq.gz,1
HRR025252_f1.fq.gz,1
HRR025252_r2.fq.gz,1
HRR025253_f1.fq.gz,1
HRR025253_r2.fq.gz,1
HRR025254_f1.fq.gz,1
HRR025254_r2.fq.gz,1
HRR025255_f1.fq.gz,1
HRR025255_r2.fq.gz,1
HRR025256_f1.fq.gz,1
HRR025256_r2.fq.gz,1
HRR025859_f1.fq.gz,1
HRR025859_r2.fq.gz,1
HRR025860_f1.fq.gz,1
HRR025860_r2.fq.gz,1
HRR025861_f1.fq.gz,1
HRR025861_r2.fq.gz,1
HRR025862_f1.fq.gz,1
HRR025862_r2.fq.gz,1
HRR025863_f1.fq.gz,1
HRR025863_r2.fq.gz,1
HRR025864_f1.fq.gz,1
HRR025864_r2.fq.gz,1
HRR025865_f1.fq.gz,1
HRR025865_r2.fq.gz,1
HRR025866_f1.fq.gz,1
HRR025866_r2.fq.gz,1
HRR025867_f1.fq.gz,1
HRR025867_r2.fq.gz,1
HRR025868_f1.fq.gz,1
HRR025868_r2.fq.gz,1
HRR025869_f1.fq.gz,1
HRR025869_r2.fq.gz,1
HRR025870_f1.fq.gz,1
HRR025870_r2.fq.gz,1
HRR025871_f1.fq.gz,1
HRR025871_r2.fq.gz,1
HRR025872_f1.fq.gz,1
HRR025872_r2.fq.gz,1
HRR025873_f1.fq.gz,1
HRR025873_r2.fq.gz,1
HRR025874_f1.fq.gz,1
HRR025874_r2.fq.gz,1
HRR025875_f1.fq.gz,1
HRR025875_r2.fq.gz,1
HRR025876_f1.fq.gz,1
HRR025876_r2.fq.gz,1
HRR025877_f1.fq.gz,1
HRR025877_r2.fq.gz,1
HRR025878_f1.fq.gz,1
HRR025878_r2.fq.gz,1
HRR025879_f1.fq.gz,1
HRR025879_r2.fq.gz,1
HRR025880_f1.fq.gz,1
HRR025880_r2.fq.gz,1
HRR025881_f1.fq.gz,1
HRR025881_r2.fq.gz,1
HRR025882_f1.fq.gz,1
HRR025882_r2.fq.gz,1
HRR025883_f1.fq.gz,1
HRR025883_r2.fq.gz,1
HRR025884_f1.fq.gz,1
HRR025884_r2.fq.gz,1
HRR025885_f1.fq.gz,1
HRR025885_r2.fq.gz,1
HRR025886_f1.fq.gz,1
HRR025886_r2.fq.gz,1
HRR025887_f1.fq.gz,1
HRR025887_r2.fq.gz,1
HRR025888_f1.fq.gz,1
HRR025888_r2.fq.gz,1
HRR025889_f1.fq.gz,1
HRR025889_r2.fq.gz,1
HRR025890_f1.fq.gz,1
HRR025890_r2.fq.gz,1
HRR025891_f1.fq.gz,1
HRR025891_r2.fq.gz,1
HRR025892_f1.fq.gz,1
HRR025892_r2.fq.gz,1
HRR025893_f1.fq.gz,1
HRR025893_r2.fq.gz,1
HRR025894_f1.fq.gz,1
HRR025894_r2.fq.gz,1
HRR025895_f1.fq.gz,1
HRR025895_r2.fq.gz,1
HRR025896_f1.fq.gz,1
HRR025896_r2.fq.gz,1
HRR025897_f1.fq.gz,1
HRR025897_r2.fq.gz,1
HRR025898_f1.fq.gz,1
HRR025898_r2.fq.gz,1
HRR025899_f1.fq.gz,1
HRR025899_r2.fq.gz,1
HRR025900_f1.fq.gz,1
HRR025900_r2.fq.gz,1
HRR025901_f1.fq.gz,1
HRR025901_r2.fq.gz,1
HRR025902_f1.fq.gz,1
HRR025902_r2.fq.gz,1
HRR025903_f1.fq.gz,1
HRR025903_r2.fq.gz,1
HRR025904_f1.fq.gz,1
HRR025904_r2.fq.gz,1
HRR025905_f1.fq.gz,1
HRR025905_r2.fq.gz,1
HRR025906_f1.fq.gz,1
HRR025906_r2.fq.gz,1
HRR025907_f1.fq.gz,1
HRR025907_r2.fq.gz,1
HRR025908_f1.fq.gz,1
HRR025908_r2.fq.gz,1
HRR025909_f1.fq.gz,1
HRR025909_r2.fq.gz,1
HRR025910_f1.fq.gz,1
HRR025910_r2.fq.gz,1
HRR025911_f1.fq.gz,1
HRR025911_r2.fq.gz,1
HRR025912_f1.fq.gz,1
HRR025912_r2.fq.gz,1
HRR025913_f1.fq.gz,1
HRR025913_r2.fq.gz,1
HRR025914_f1.fq.gz,1
HRR025914_r2.fq.gz,1
HRR025915_f1.fq.gz,1
HRR025915_r2.fq.gz,1
HRR025916_f1.fq.gz,1
HRR025916_r2.fq.gz,1
HRR025917_f1.fq.gz,1
HRR025917_r2.fq.gz,1
HRR025918_f1.fq.gz,1
HRR025918_r2.fq.gz,1
HRR025919_f1.fq.gz,1
HRR025919_r2.fq.gz,1
HRR025920_f1.fq.gz,1
HRR025920_r2.fq.gz,1
HRR025921_f1.fq.gz,1
HRR025921_r2.fq.gz,1
HRR025922_f1.fq.gz,1
HRR025922_r2.fq.gz,1
HRR025923_f1.fq.gz,1
HRR025923_r2.fq.gz,1
HRR025924_f1.fq.gz,1
HRR025924_r2.fq.gz,1
HRR025925_f1.fq.gz,1
HRR025925_r2.fq.gz,1
HRR025926_f1.fq.gz,1
HRR025926_r2.fq.gz,1
HRR025927_f1.fq.gz,1
HRR025927_r2.fq.gz,1
HRR025928_f1.fq.gz,1
HRR025928_r2.fq.gz,1
HRR025929_f1.fq.gz,1
HRR025929_r2.fq.gz,1
HRR025930_f1.fq.gz,1
HRR025930_r2.fq.gz,1
HRR025931_f1.fq.gz,1
HRR025931_r2.fq.gz,1
HRR025932_f1.fq.gz,1
HRR025932_r2.fq.gz,1
HRR025933_f1.fq.gz,1
HRR025933_r2.fq.gz,1
HRR025934_f1.fq.gz,1
HRR025934_r2.fq.gz,1
HRR025935_f1.fq.gz,1
HRR025935_r2.fq.gz,1
HRR025936_f1.fq.gz,1
HRR025936_r2.fq.gz,1
HRR025937_f1.fq.gz,1
HRR025937_r2.fq.gz,1
HRR025938_f1.fq.gz,1
HRR025938_r2.fq.gz,1
HRR025939_f1.fq.gz,1
HRR025939_r2.fq.gz,1
HRR025940_f1.fq.gz,1
HRR025940_r2.fq.gz,1
HRR025941_f1.fq.gz,1
HRR025941_r2.fq.gz,1
HRR025942_f1.fq.gz,1
HRR025942_r2.fq.gz,1
HRR025943_f1.fq.gz,1
HRR025943_r2.fq.gz,1
HRR025944_f1.fq.gz,1
HRR025944_r2.fq.gz,1
HRR025945_f1.fq.gz,1
HRR025945_r2.fq.gz,1
HRR025946_f1.fq.gz,1
HRR025946_r2.fq.gz,1
HRR025947_f1.fq.gz,1
HRR025947_r2.fq.gz,1
HRR025948_f1.fq.gz,1
HRR025948_r2.fq.gz,1
HRR025949_f1.fq.gz,1
HRR025949_r2.fq.gz,1
HRR025950_f1.fq.gz,1
HRR025950_r2.fq.gz,1
HRR025951_f1.fq.gz,1
HRR025951_r2.fq.gz,1
HRR025952_f1.fq.gz,1
HRR025952_r2.fq.gz,1
HRR025953_f1.fq.gz,1
HRR025953_r2.fq.gz,1
HRR025954_f1.fq.gz,1
HRR025954_r2.fq.gz,1
HRR025955_f1.fq.gz,1
HRR025955_r2.fq.gz,1
HRR025956_f1.fq.gz,1
HRR025956_r2.fq.gz,1
HRR025957_f1.fq.gz,1
HRR025957_r2.fq.gz,1
HRR025958_f1.fq.gz,1
HRR025958_r2.fq.gz,1
HRR025959_f1.fq.gz,1
HRR025959_r2.fq.gz,1
HRR025960_f1.fq.gz,1
HRR025960_r2.fq.gz,1
HRR025961_f1.fq.gz,1
HRR025961_r2.fq.gz,1
HRR025962_f1.fq.gz,1
HRR025962_r2.fq.gz,1
HRR025963_f1.fq.gz,1
HRR025963_r2.fq.gz,1
HRR025964_f1.fq.gz,1
HRR025964_r2.fq.gz,1
HRR025965_f1.fq.gz,1
HRR025965_r2.fq.gz,1
HRR025966_f1.fq.gz,1
HRR025966_r2.fq.gz,1
HRR025967_f1.fq.gz,1
HRR025967_r2.fq.gz,1
HRR025968_f1.fq.gz,1
HRR025968_r2.fq.gz,1
HRR025969_f1.fq.gz,1
HRR025969_r2.fq.gz,1
HRR025970_f1.fq.gz,1
HRR025970_r2.fq.gz,1
HRR025971_f1.fq.gz,1
HRR025971_r2.fq.gz,1
HRR025972_f1.fq.gz,1
HRR025972_r2.fq.gz,1
HRR025973_f1.fq.gz,1
HRR025973_r2.fq.gz,1
HRR025974_f1.fq.gz,1
HRR025974_r2.fq.gz,1
HRR025975_f1.fq.gz,1
HRR025975_r2.fq.gz,1
HRR025976_f1.fq.gz,1
HRR025976_r2.fq.gz,1
HRR025977_f1.fq.gz,1
HRR025977_r2.fq.gz,1
HRR025978_f1.fq.gz,1
HRR025978_r2.fq.gz,1
HRR025979_f1.fq.gz,1
HRR025979_r2.fq.gz,1
HRR025980_f1.fq.gz,1
HRR025980_r2.fq.gz,1
HRR025981_f1.fq.gz,1
HRR025981_r2.fq.gz,1
HRR025982_f1.fq.gz,1
HRR025982_r2.fq.gz,1
HRR025983_f1.fq.gz,1
HRR025983_r2.fq.gz,1
HRR025984_f1.fq.gz,1
HRR025984_r2.fq.gz,1
HRR025985_f1.fq.gz,1
HRR025985_r2.fq.gz,1
HRR025986_f1.fq.gz,1
HRR025986_r2.fq.gz,1
HRR025987_f1.fq.gz,1
HRR025987_r2.fq.gz,1
HRR025988_f1.fq.gz,1
HRR025988_r2.fq.gz,1
HRR025989_f1.fq.gz,1
HRR025989_r2.fq.gz,1
HRR025990_f1.fq.gz,1
HRR025990_r2.fq.gz,1
HRR025991_f1.fq.gz,1
HRR025991_r2.fq.gz,1
HRR025992_f1.fq.gz,1
HRR025992_r2.fq.gz,1
HRR025993_f1.fq.gz,1
HRR025993_r2.fq.gz,1
HRR025994_f1.fq.gz,1
HRR025994_r2.fq.gz,1
HRR025995_f1.fq.gz,1
HRR025995_r2.fq.gz,1
HRR025996_f1.fq.gz,1
HRR025996_r2.fq.gz,1
HRR025997_f1.fq.gz,1
HRR025997_r2.fq.gz,1
HRR025998_f1.fq.gz,1
HRR025998_r2.fq.gz,1
HRR025999_f1.fq.gz,1
HRR025999_r2.fq.gz,1
HRR026000_f1.fq.gz,1
HRR026000_r2.fq.gz,1
HRR026001_f1.fq.gz,1
HRR026001_r2.fq.gz,1
HRR026002_f1.fq.gz,1
HRR026002_r2.fq.gz,1
HRR026003_f1.fq.gz,1
HRR026003_r2.fq.gz,1
HRR026004_f1.fq.gz,1
HRR026004_r2.fq.gz,1
HRR026005_f1.fq.gz,1
HRR026005_r2.fq.gz,1
HRR026006_f1.fq.gz,1
HRR026006_r2.fq.gz,1
HRR026007_f1.fq.gz,1
HRR026007_r2.fq.gz,1
HRR026008_f1.fq.gz,1
HRR026008_r2.fq.gz,1
HRR026009_f1.fq.gz,1
HRR026009_r2.fq.gz,1
HRR026010_f1.fq.gz,1
HRR026010_r2.fq.gz,1
HRR026011_f1.fq.gz,1
HRR026011_r2.fq.gz,1
HRR026012_f1.fq.gz,1
HRR026012_r2.fq.gz,1
HRR026013_f1.fq.gz,1
HRR026013_r2.fq.gz,1
HRR026014_f1.fq.gz,1
HRR026014_r2.fq.gz,1
HRR026015_f1.fq.gz,1
HRR026015_r2.fq.gz,1
HRR026016_f1.fq.gz,1
HRR026016_r2.fq.gz,1
HRR026017_f1.fq.gz,1
HRR026017_r2.fq.gz,1
HRR026018_f1.fq.gz,1
HRR026018_r2.fq.gz,1
HRR026019_f1.fq.gz,1
HRR026019_r2.fq.gz,1
HRR026020_f1.fq.gz,1
HRR026020_r2.fq.gz,1
HRR026021_f1.fq.gz,1
HRR026021_r2.fq.gz,1
HRR026022_f1.fq.gz,1
HRR026022_r2.fq.gz,1
HRR026023_f1.fq.gz,1
HRR026023_r2.fq.gz,1
HRR026024_f1.fq.gz,1
HRR026024_r2.fq.gz,1
HRR026025_f1.fq.gz,1
HRR026025_r2.fq.gz,1
HRR026026_f1.fq.gz,1
HRR026026_r2.fq.gz,1
HRR026027_f1.fq.gz,1
HRR026027_r2.fq.gz,1
HRR026028_f1.fq.gz,1
HRR026028_r2.fq.gz,1
HRR026029_f1.fq.gz,1
HRR026029_r2.fq.gz,1
HRR026030_f1.fq.gz,1
HRR026030_r2.fq.gz,1
HRR026031_f1.fq.gz,1
HRR026031_r2.fq.gz,1
HRR026032_f1.fq.gz,1
HRR026032_r2.fq.gz,1
HRR026033_f1.fq.gz,1
HRR026033_r2.fq.gz,1
HRR026034_f1.fq.gz,1
HRR026034_r2.fq.gz,1
HRR026035_f1.fq.gz,1
HRR026035_r2.fq.gz,1
HRR026036_f1.fq.gz,1
HRR026036_r2.fq.gz,1
HRR026037_f1.fq.gz,1
HRR026037_r2.fq.gz,1
HRR026038_f1.fq.gz,1
HRR026038_r2.fq.gz,1
HRR026039_f1.fq.gz,1
HRR026039_r2.fq.gz,1
HRR026040_f1.fq.gz,1
HRR026040_r2.fq.gz,1
HRR026041_f1.fq.gz,1
HRR026041_r2.fq.gz,1
HRR026042_f1.fq.gz,1
HRR026042_r2.fq.gz,1
HRR026043_f1.fq.gz,1
HRR026043_r2.fq.gz,1
HRR026044_f1.fq.gz,1
HRR026044_r2.fq.gz,1
HRR026045_f1.fq.gz,1
HRR026045_r2.fq.gz,1
HRR026046_f1.fq.gz,1
HRR026046_r2.fq.gz,1
HRR026047_f1.fq.gz,1
HRR026047_r2.fq.gz,1
HRR026048_f1.fq.gz,1
HRR026048_r2.fq.gz,1
HRR026049_f1.fq.gz,1
HRR026049_r2.fq.gz,1
HRR026050_f1.fq.gz,1
HRR026050_r2.fq.gz,1
HRR026051_f1.fq.gz,1
HRR026051_r2.fq.gz,1
HRR026052_f1.fq.gz,1
HRR026052_r2.fq.gz,1
HRR026053_f1.fq.gz,1
HRR026053_r2.fq.gz,1
HRR026054_f1.fq.gz,1
HRR026054_r2.fq.gz,1
HRR026055_f1.fq.gz,1
HRR026055_r2.fq.gz,1
HRR026056_f1.fq.gz,1
HRR026056_r2.fq.gz,1
HRR026057_f1.fq.gz,1
HRR026057_r2.fq.gz,1
HRR026058_f1.fq.gz,1
HRR026058_r2.fq.gz,1
HRR026059_f1.fq.gz,1
HRR026059_r2.fq.gz,1
HRR026060_f1.fq.gz,1
HRR026060_r2.fq.gz,1
HRR026061_f1.fq.gz,1
HRR026061_r2.fq.gz,1
HRR026062_f1.fq.gz,1
HRR026062_r2.fq.gz,1
HRR026063_f1.fq.gz,1
HRR026063_r2.fq.gz,1
HRR026064_f1.fq.gz,1
HRR026064_r2.fq.gz,1
HRR026065_f1.fq.gz,1
HRR026065_r2.fq.gz,1
HRR026066_f1.fq.gz,1
HRR026066_r2.fq.gz,1
HRR026067_f1.fq.gz,1
HRR026067_r2.fq.gz,1
HRR026068_f1.fq.gz,1
HRR026068_r2.fq.gz,1
HRR026069_f1.fq.gz,1
HRR026069_r2.fq.gz,1
HRR026070_f1.fq.gz,1
HRR026070_r2.fq.gz,1
HRR026071_f1.fq.gz,1
HRR026071_r2.fq.gz,1
HRR026072_f1.fq.gz,1
HRR026072_r2.fq.gz,1
HRR026073_f1.fq.gz,1
HRR026073_r2.fq.gz,1
HRR026074_f1.fq.gz,1
HRR026074_r2.fq.gz,1
HRR026075_f1.fq.gz,1
HRR026075_r2.fq.gz,1
HRR026076_f1.fq.gz,1
HRR026076_r2.fq.gz,1
HRR026077_f1.fq.gz,1
HRR026077_r2.fq.gz,1
HRR026078_f1.fq.gz,1
HRR026078_r2.fq.gz,1
HRR026079_f1.fq.gz,1
HRR026079_r2.fq.gz,1
HRR026080_f1.fq.gz,1
HRR026080_r2.fq.gz,1
HRR026081_f1.fq.gz,1
HRR026081_r2.fq.gz,1
HRR026082_f1.fq.gz,1
HRR026082_r2.fq.gz,1
HRR026083_f1.fq.gz,1
HRR026083_r2.fq.gz,1
HRR026084_f1.fq.gz,1
HRR026084_r2.fq.gz,1
HRR026085_f1.fq.gz,1
HRR026085_r2.fq.gz,1
HRR026086_f1.fq.gz,1
HRR026086_r2.fq.gz,1
HRR026087_f1.fq.gz,1
HRR026087_r2.fq.gz,1
HRR026088_f1.fq.gz,1
HRR026088_r2.fq.gz,1
HRR026089_f1.fq.gz,1
HRR026089_r2.fq.gz,1
HRR026090_f1.fq.gz,1
HRR026090_r2.fq.gz,1
HRR026091_f1.fq.gz,1
HRR026091_r2.fq.gz,1
HRR026092_f1.fq.gz,1
HRR026092_r2.fq.gz,1
HRR026093_f1.fq.gz,1
HRR026093_r2.fq.gz,1
HRR026094_f1.fq.gz,1
HRR026094_r2.fq.gz,1
HRR026095_f1.fq.gz,1
HRR026095_r2.fq.gz,1
HRR026096_f1.fq.gz,1
HRR026096_r2.fq.gz,1
HRR026097_f1.fq.gz,1
HRR026097_r2.fq.gz,1
HRR026098_f1.fq.gz,1
HRR026098_r2.fq.gz,1
HRR026099_f1.fq.gz,1
HRR026099_r2.fq.gz,1
HRR026100_f1.fq.gz,1
HRR026100_r2.fq.gz,1
HRR026101_f1.fq.gz,1
HRR026101_r2.fq.gz,1
HRR026102_f1.fq.gz,1
HRR026102_r2.fq.gz,1
HRR026103_f1.fq.gz,1
HRR026103_r2.fq.gz,1
HRR026104_f1.fq.gz,1
HRR026104_r2.fq.gz,1
HRR026105_f1.fq.gz,1
HRR026105_r2.fq.gz,1
HRR026106_f1.fq.gz,1
HRR026106_r2.fq.gz,1
HRR026107_f1.fq.gz,1
HRR026107_r2.fq.gz,1
HRR026108_f1.fq.gz,1
HRR026108_r2.fq.gz,1
HRR026109_f1.fq.gz,1
HRR026109_r2.fq.gz,1
HRR026110_f1.fq.gz,1
HRR026110_r2.fq.gz,1
HRR026111_f1.fq.gz,1
HRR026111_r2.fq.gz,1
HRR026112_f1.fq.gz,1
HRR026112_r2.fq.gz,1
HRR026113_f1.fq.gz,1
HRR026113_r2.fq.gz,1
HRR026114_f1.fq.gz,1
HRR026114_r2.fq.gz,1
HRR026115_f1.fq.gz,1
HRR026115_r2.fq.gz,1
HRR026116_f1.fq.gz,1
HRR026116_r2.fq.gz,1
HRR026117_f1.fq.gz,1
HRR026117_r2.fq.gz,1
HRR026118_f1.fq.gz,1
HRR026118_r2.fq.gz,1
HRR026119_f1.fq.gz,1
HRR026119_r2.fq.gz,1
HRR026120_f1.fq.gz,1
HRR026120_r2.fq.gz,1
HRR026121_f1.fq.gz,1
HRR026121_r2.fq.gz,1
HRR026122_f1.fq.gz,1
HRR026122_r2.fq.gz,1
HRR026123_f1.fq.gz,1
HRR026123_r2.fq.gz,1
HRR026124_f1.fq.gz,1
HRR026124_r2.fq.gz,1
HRR026125_f1.fq.gz,1
HRR026125_r2.fq.gz,1
HRR026126_f1.fq.gz,1
HRR026126_r2.fq.gz,1
HRR026127_f1.fq.gz,1
HRR026127_r2.fq.gz,1
HRR026128_f1.fq.gz,1
HRR026128_r2.fq.gz,1
HRR026129_f1.fq.gz,1
HRR026129_r2.fq.gz,1
HRR026130_f1.fq.gz,1
HRR026130_r2.fq.gz,1
HRR026131_f1.fq.gz,1
HRR026131_r2.fq.gz,1
HRR026132_f1.fq.gz,1
HRR026132_r2.fq.gz,1
HRR026133_f1.fq.gz,1
HRR026133_r2.fq.gz,1
HRR026134_f1.fq.gz,1
HRR026134_r2.fq.gz,1
HRR026135_f1.fq.gz,1
HRR026135_r2.fq.gz,1
HRR026136_f1.fq.gz,1
HRR026136_r2.fq.gz,1
HRR026137_f1.fq.gz,1
HRR026137_r2.fq.gz,1
HRR026138_f1.fq.gz,1
HRR026138_r2.fq.gz,1
HRR026139_f1.fq.gz,1
HRR026139_r2.fq.gz,1
HRR026140_f1.fq.gz,1
HRR026140_r2.fq.gz,1
HRR026141_f1.fq.gz,1
HRR026141_r2.fq.gz,1
HRR026142_f1.fq.gz,1
HRR026142_r2.fq.gz,1
HRR026143_f1.fq.gz,1
HRR026143_r2.fq.gz,1
HRR026144_f1.fq.gz,1
HRR026144_r2.fq.gz,1
HRR026145_f1.fq.gz,1
HRR026145_r2.fq.gz,1
HRR026146_f1.fq.gz,1
HRR026146_r2.fq.gz,1
HRR026147_f1.fq.gz,1
HRR026147_r2.fq.gz,1
HRR026148_f1.fq.gz,1
HRR026148_r2.fq.gz,1
HRR026149_f1.fq.gz,1
HRR026149_r2.fq.gz,1
HRR026150_f1.fq.gz,1
HRR026150_r2.fq.gz,1
HRR026151_f1.fq.gz,1
HRR026151_r2.fq.gz,1
HRR026152_f1.fq.gz,1
HRR026152_r2.fq.gz,1
HRR026153_f1.fq.gz,1
HRR026153_r2.fq.gz,1
HRR026154_f1.fq.gz,1
HRR026154_r2.fq.gz,1
HRR026155_f1.fq.gz,1
HRR026155_r2.fq.gz,1
HRR026156_f1.fq.gz,1
HRR026156_r2.fq.gz,1
HRR026157_f1.fq.gz,1
HRR026157_r2.fq.gz,1
HRR026158_f1.fq.gz,1
HRR026158_r2.fq.gz,1
HRR026159_f1.fq.gz,1
HRR026159_r2.fq.gz,1
HRR026160_f1.fq.gz,1
HRR026160_r2.fq.gz,1
HRR026161_f1.fq.gz,1
HRR026161_r2.fq.gz,1
HRR026162_f1.fq.gz,1
HRR026162_r2.fq.gz,1
HRR026163_f1.fq.gz,1
HRR026163_r2.fq.gz,1
HRR026164_f1.fq.gz,1
HRR026164_r2.fq.gz,1
HRR026165_f1.fq.gz,1
HRR026165_r2.fq.gz,1
HRR026166_f1.fq.gz,1
HRR026166_r2.fq.gz,1
HRR026167_f1.fq.gz,1
HRR026167_r2.fq.gz,1
HRR026168_f1.fq.gz,1
HRR026168_r2.fq.gz,1
HRR026169_f1.fq.gz,1
HRR026169_r2.fq.gz,1
HRR026170_f1.fq.gz,1
HRR026170_r2.fq.gz,1
HRR026171_f1.fq.gz,1
HRR026171_r2.fq.gz,1
HRR026172_f1.fq.gz,1
HRR026172_r2.fq.gz,1
HRR026173_f1.fq.gz,1
HRR026173_r2.fq.gz,1
HRR026174_f1.fq.gz,1
HRR026174_r2.fq.gz,1
HRR026175_f1.fq.gz,1
HRR026175_r2.fq.gz,1
HRR026176_f1.fq.gz,1
HRR026176_r2.fq.gz,1
HRR026177_f1.fq.gz,1
HRR026177_r2.fq.gz,1
HRR026178_f1.fq.gz,1
HRR026178_r2.fq.gz,1
HRR026179_f1.fq.gz,1
HRR026179_r2.fq.gz,1
HRR026180_f1.fq.gz,1
HRR026180_r2.fq.gz,1
HRR026181_f1.fq.gz,1
HRR026181_r2.fq.gz,1
HRR026182_f1.fq.gz,1
HRR026182_r2.fq.gz,1
HRR026183_f1.fq.gz,1
HRR026183_r2.fq.gz,1
HRR026184_f1.fq.gz,1
HRR026184_r2.fq.gz,1
HRR026185_f1.fq.gz,1
HRR026185_r2.fq.gz,1
HRR026186_f1.fq.gz,1
HRR026186_r2.fq.gz,1
HRR026187_f1.fq.gz,1
HRR026187_r2.fq.gz,1
HRR026188_f1.fq.gz,1
HRR026188_r2.fq.gz,1
HRR026189_f1.fq.gz,1
HRR026189_r2.fq.gz,1
HRR026190_f1.fq.gz,1
HRR026190_r2.fq.gz,1
HRR026191_f1.fq.gz,1
HRR026191_r2.fq.gz,1
HRR026192_f1.fq.gz,1
HRR026192_r2.fq.gz,1
HRR026193_f1.fq.gz,1
HRR026193_r2.fq.gz,1
HRR026194_f1.fq.gz,1
HRR026194_r2.fq.gz,1
HRR026195_f1.fq.gz,1
HRR026195_r2.fq.gz,1
HRR026196_f1.fq.gz,1
HRR026196_r2.fq.gz,1
HRR026197_f1.fq.gz,1
HRR026197_r2.fq.gz,1
HRR026198_f1.fq.gz,1
HRR026198_r2.fq.gz,1
HRR026199_f1.fq.gz,1
HRR026199_r2.fq.gz,1
HRR026200_f1.fq.gz,1
HRR026200_r2.fq.gz,1
HRR026201_f1.fq.gz,1
HRR026201_r2.fq.gz,1
HRR026202_f1.fq.gz,1
HRR026202_r2.fq.gz,1
HRR026203_f1.fq.gz,1
HRR026203_r2.fq.gz,1
HRR026204_f1.fq.gz,1
HRR026204_r2.fq.gz,1
HRR026205_f1.fq.gz,1
HRR026205_r2.fq.gz,1
HRR026206_f1.fq.gz,1
HRR026206_r2.fq.gz,1
HRR026207_f1.fq.gz,1
HRR026207_r2.fq.gz,1
HRR026208_f1.fq.gz,1
HRR026208_r2.fq.gz,1
HRR026209_f1.fq.gz,1
HRR026209_r2.fq.gz,1
HRR026210_f1.fq.gz,1
HRR026210_r2.fq.gz,1
HRR026211_f1.fq.gz,1
HRR026211_r2.fq.gz,1
HRR026212_f1.fq.gz,1
HRR026212_r2.fq.gz,1
HRR026213_f1.fq.gz,1
HRR026213_r2.fq.gz,1
HRR026214_f1.fq.gz,1
HRR026214_r2.fq.gz,1
HRR026215_f1.fq.gz,1
HRR026215_r2.fq.gz,1
HRR026216_f1.fq.gz,1
HRR026216_r2.fq.gz,1
HRR026217_f1.fq.gz,1
HRR026217_r2.fq.gz,1
HRR026218_f1.fq.gz,1
HRR026218_r2.fq.gz,1
HRR026219_f1.fq.gz,1
HRR026219_r2.fq.gz,1
HRR026220_f1.fq.gz,1
HRR026220_r2.fq.gz,1
HRR026221_f1.fq.gz,1
HRR026221_r2.fq.gz,1
HRR026222_f1.fq.gz,1
HRR026222_r2.fq.gz,1
HRR026223_f1.fq.gz,1
HRR026223_r2.fq.gz,1
HRR026224_f1.fq.gz,1
HRR026224_r2.fq.gz,1
HRR026225_f1.fq.gz,1
HRR026225_r2.fq.gz,1
HRR026226_f1.fq.gz,1
HRR026226_r2.fq.gz,1
HRR026227_f1.fq.gz,1
HRR026227_r2.fq.gz,1
HRR026228_f1.fq.gz,1
HRR026228_r2.fq.gz,1
HRR026229_f1.fq.gz,1
HRR026229_r2.fq.gz,1
HRR026230_f1.fq.gz,1
HRR026230_r2.fq.gz,1
HRR026231_f1.fq.gz,1
HRR026231_r2.fq.gz,1
HRR026232_f1.fq.gz,1
HRR026232_r2.fq.gz,1
HRR026233_f1.fq.gz,1
HRR026233_r2.fq.gz,1
HRR026234_f1.fq.gz,1
HRR026234_r2.fq.gz,1
HRR026235_f1.fq.gz,1
HRR026235_r2.fq.gz,1
HRR026236_f1.fq.gz,1
HRR026236_r2.fq.gz,1
HRR026237_f1.fq.gz,1
HRR026237_r2.fq.gz,1
HRR026238_f1.fq.gz,1
HRR026238_r2.fq.gz,1
HRR026239_f1.fq.gz,1
HRR026239_r2.fq.gz,1
HRR026240_f1.fq.gz,1
HRR026240_r2.fq.gz,1
HRR026241_f1.fq.gz,1
HRR026241_r2.fq.gz,1
HRR026242_f1.fq.gz,1
HRR026242_r2.fq.gz,1
HRR026243_f1.fq.gz,1
HRR026243_r2.fq.gz,1
HRR026244_f1.fq.gz,1
HRR026244_r2.fq.gz,1
HRR026245_f1.fq.gz,1
HRR026245_r2.fq.gz,1
HRR026246_f1.fq.gz,1
HRR026246_r2.fq.gz,1
HRR026247_f1.fq.gz,1
HRR026247_r2.fq.gz,1
HRR026248_f1.fq.gz,1
HRR026248_r2.fq.gz,1
HRR026249_f1.fq.gz,1
HRR026249_r2.fq.gz,1
HRR026250_f1.fq.gz,1
HRR026250_r2.fq.gz,1
HRR026251_f1.fq.gz,1
HRR026251_r2.fq.gz,1
HRR026252_f1.fq.gz,1
HRR026252_r2.fq.gz,1
HRR026253_f1.fq.gz,1
HRR026253_r2.fq.gz,1
HRR026254_f1.fq.gz,1
HRR026254_r2.fq.gz,1
HRR026255_f1.fq.gz,1
HRR026255_r2.fq.gz,1
HRR026256_f1.fq.gz,1
HRR026256_r2.fq.gz,1
HRR026257_f1.fq.gz,1
HRR026257_r2.fq.gz,1
HRR026258_f1.fq.gz,1
HRR026258_r2.fq.gz,1
HRR026259_f1.fq.gz,1
HRR026259_r2.fq.gz,1
HRR026260_f1.fq.gz,1
HRR026260_r2.fq.gz,1
HRR026261_f1.fq.gz,1
HRR026261_r2.fq.gz,1
HRR026262_f1.fq.gz,1
HRR026262_r2.fq.gz,1
HRR026263_f1.fq.gz,1
HRR026263_r2.fq.gz,1
HRR026264_f1.fq.gz,1
HRR026264_r2.fq.gz,1
HRR026265_f1.fq.gz,1
HRR026265_r2.fq.gz,1
HRR026266_f1.fq.gz,1
HRR026266_r2.fq.gz,1
HRR026267_f1.fq.gz,1
HRR026267_r2.fq.gz,1
HRR026268_f1.fq.gz,1
HRR026268_r2.fq.gz,1
HRR026269_f1.fq.gz,1
HRR026269_r2.fq.gz,1
HRR026270_f1.fq.gz,1
HRR026270_r2.fq.gz,1
HRR026271_f1.fq.gz,1
HRR026271_r2.fq.gz,1
HRR026272_f1.fq.gz,1
HRR026272_r2.fq.gz,1
HRR026273_f1.fq.gz,1
HRR026273_r2.fq.gz,1
HRR026274_f1.fq.gz,1
HRR026274_r2.fq.gz,1
HRR026275_f1.fq.gz,1
HRR026275_r2.fq.gz,1
HRR026276_f1.fq.gz,1
HRR026276_r2.fq.gz,1
HRR026277_f1.fq.gz,1
HRR026277_r2.fq.gz,1
HRR026278_f1.fq.gz,1
HRR026278_r2.fq.gz,1
HRR026279_f1.fq.gz,1
HRR026279_r2.fq.gz,1
HRR026280_f1.fq.gz,1
HRR026280_r2.fq.gz,1
HRR026281_f1.fq.gz,1
HRR026281_r2.fq.gz,1
HRR026282_f1.fq.gz,1
HRR026282_r2.fq.gz,1
HRR026283_f1.fq.gz,1
HRR026283_r2.fq.gz,1
HRR026284_f1.fq.gz,1
HRR026284_r2.fq.gz,1
HRR026285_f1.fq.gz,1
HRR026285_r2.fq.gz,1
HRR026286_f1.fq.gz,1
HRR026286_r2.fq.gz,1
HRR026287_f1.fq.gz,1
HRR026287_r2.fq.gz,1
HRR026288_f1.fq.gz,1
HRR026288_r2.fq.gz,1
HRR026289_f1.fq.gz,1
HRR026289_r2.fq.gz,1
HRR026290_f1.fq.gz,1
HRR026290_r2.fq.gz,1
HRR026291_f1.fq.gz,1
HRR026291_r2.fq.gz,1
HRR026292_f1.fq.gz,1
HRR026292_r2.fq.gz,1
HRR026293_f1.fq.gz,1
HRR026293_r2.fq.gz,1
HRR026294_f1.fq.gz,1
HRR026294_r2.fq.gz,1
HRR026295_f1.fq.gz,1
HRR026295_r2.fq.gz,1
HRR026296_f1.fq.gz,1
HRR026296_r2.fq.gz,1
HRR026297_f1.fq.gz,1
HRR026297_r2.fq.gz,1
HRR026298_f1.fq.gz,1
HRR026298_r2.fq.gz,1
HRR026299_f1.fq.gz,1
HRR026299_r2.fq.gz,1
HRR026300_f1.fq.gz,1
HRR026300_r2.fq.gz,1
HRR026301_f1.fq.gz,1
HRR026301_r2.fq.gz,1
HRR026302_f1.fq.gz,1
HRR026302_r2.fq.gz,1
HRR026303_f1.fq.gz,1
HRR026303_r2.fq.gz,1
HRR026304_f1.fq.gz,1
HRR026304_r2.fq.gz,1
HRR026305_f1.fq.gz,1
HRR026305_r2.fq.gz,1
HRR026306_f1.fq.gz,1
HRR026306_r2.fq.gz,1
HRR026307_f1.fq.gz,1
HRR026307_r2.fq.gz,1
HRR026308_f1.fq.gz,1
HRR026308_r2.fq.gz,1
HRR026309_f1.fq.gz,1
HRR026309_r2.fq.gz,1
HRR026310_f1.fq.gz,1
HRR026310_r2.fq.gz,1
HRR026311_f1.fq.gz,1
HRR026311_r2.fq.gz,1
HRR026312_f1.fq.gz,1
HRR026312_r2.fq.gz,1
HRR026313_f1.fq.gz,1
HRR026313_r2.fq.gz,1
HRR026314_f1.fq.gz,1
HRR026314_r2.fq.gz,1
HRR026315_f1.fq.gz,1
HRR026315_r2.fq.gz,1
HRR026316_f1.fq.gz,1
HRR026316_r2.fq.gz,1
HRR026317_f1.fq.gz,1
HRR026317_r2.fq.gz,1
HRR026318_f1.fq.gz,1
HRR026318_r2.fq.gz,1
HRR026319_f1.fq.gz,1
HRR026319_r2.fq.gz,1
HRR026320_f1.fq.gz,1
HRR026320_r2.fq.gz,1
HRR026321_f1.fq.gz,1
HRR026321_r2.fq.gz,1
HRR026322_f1.fq.gz,1
HRR026322_r2.fq.gz,1
HRR026323_f1.fq.gz,1
HRR026323_r2.fq.gz,1
HRR026324_f1.fq.gz,1
HRR026324_r2.fq.gz,1
HRR026325_f1.fq.gz,1
HRR026325_r2.fq.gz,1
HRR026326_f1.fq.gz,1
HRR026326_r2.fq.gz,1
HRR026327_f1.fq.gz,1
HRR026327_r2.fq.gz,1
HRR026328_f1.fq.gz,1
HRR026328_r2.fq.gz,1
HRR026329_f1.fq.gz,1
HRR026329_r2.fq.gz,1
HRR026330_f1.fq.gz,1
HRR026330_r2.fq.gz,1
HRR026331_f1.fq.gz,1
HRR026331_r2.fq.gz,1
HRR026332_f1.fq.gz,1
HRR026332_r2.fq.gz,1
HRR026333_f1.fq.gz,1
HRR026333_r2.fq.gz,1
HRR026334_f1.fq.gz,1
HRR026334_r2.fq.gz,1
HRR026335_f1.fq.gz,1
HRR026335_r2.fq.gz,1
HRR026336_f1.fq.gz,1
HRR026336_r2.fq.gz,1
HRR026337_f1.fq.gz,1
HRR026337_r2.fq.gz,1
HRR026338_f1.fq.gz,1
HRR026338_r2.fq.gz,1
HRR026339_f1.fq.gz,1
HRR026339_r2.fq.gz,1
HRR026340_f1.fq.gz,1
HRR026340_r2.fq.gz,1
HRR026341_f1.fq.gz,1
HRR026341_r2.fq.gz,1
HRR026342_f1.fq.gz,1
HRR026342_r2.fq.gz,1
HRR026343_f1.fq.gz,1
HRR026343_r2.fq.gz,1
HRR026344_f1.fq.gz,1
HRR026344_r2.fq.gz,1
HRR026345_f1.fq.gz,1
HRR026345_r2.fq.gz,1
HRR026346_f1.fq.gz,1
HRR026346_r2.fq.gz,1
HRR026347_f1.fq.gz,1
HRR026347_r2.fq.gz,1
HRR026348_f1.fq.gz,1
HRR026348_r2.fq.gz,1
HRR026349_f1.fq.gz,1
HRR026349_r2.fq.gz,1
HRR026350_f1.fq.gz,1
HRR026350_r2.fq.gz,1
HRR026351_f1.fq.gz,1
HRR026351_r2.fq.gz,1
HRR026352_f1.fq.gz,1
HRR026352_r2.fq.gz,1
HRR026353_f1.fq.gz,1
HRR026353_r2.fq.gz,1
HRR026354_f1.fq.gz,1
HRR026354_r2.fq.gz,1
HRR026355_f1.fq.gz,1
HRR026355_r2.fq.gz,1
HRR026356_f1.fq.gz,1
HRR026356_r2.fq.gz,1
HRR026357_f1.fq.gz,1
HRR026357_r2.fq.gz,1
HRR026358_f1.fq.gz,1
HRR026358_r2.fq.gz,1
HRR026359_f1.fq.gz,1
HRR026359_r2.fq.gz,1
HRR026360_f1.fq.gz,1
HRR026360_r2.fq.gz,1
HRR026361_f1.fq.gz,1
HRR026361_r2.fq.gz,1
HRR026362_f1.fq.gz,1
HRR026362_r2.fq.gz,1
HRR026363_f1.fq.gz,1
HRR026363_r2.fq.gz,1
HRR026364_f1.fq.gz,1
HRR026364_r2.fq.gz,1
HRR026365_f1.fq.gz,1
HRR026365_r2.fq.gz,1
HRR026366_f1.fq.gz,1
HRR026366_r2.fq.gz,1
HRR026367_f1.fq.gz,1
HRR026367_r2.fq.gz,1
HRR026368_f1.fq.gz,1
HRR026368_r2.fq.gz,1
HRR026369_f1.fq.gz,1
HRR026369_r2.fq.gz,1
HRR026370_f1.fq.gz,1
HRR026370_r2.fq.gz,1
HRR026371_f1.fq.gz,1
HRR026371_r2.fq.gz,1
HRR026372_f1.fq.gz,1
HRR026372_r2.fq.gz,1
HRR026373_f1.fq.gz,1
HRR026373_r2.fq.gz,1
HRR026374_f1.fq.gz,1
HRR026374_r2.fq.gz,1
HRR026375_f1.fq.gz,1
HRR026375_r2.fq.gz,1
HRR026376_f1.fq.gz,1
HRR026376_r2.fq.gz,1
HRR026377_f1.fq.gz,1
HRR026377_r2.fq.gz,1
HRR026378_f1.fq.gz,1
HRR026378_r2.fq.gz,1
HRR026379_f1.fq.gz,1
HRR026379_r2.fq.gz,1
HRR026380_f1.fq.gz,1
HRR026380_r2.fq.gz,1
HRR026381_f1.fq.gz,1
HRR026381_r2.fq.gz,1
HRR026382_f1.fq.gz,1
HRR026382_r2.fq.gz,1
HRR026383_f1.fq.gz,1
HRR026383_r2.fq.gz,1
HRR026384_f1.fq.gz,1
HRR026384_r2.fq.gz,1
HRR026385_f1.fq.gz,1
HRR026385_r2.fq.gz,1
HRR026386_f1.fq.gz,1
HRR026386_r2.fq.gz,1
HRR026387_f1.fq.gz,1
HRR026387_r2.fq.gz,1
HRR026388_f1.fq.gz,1
HRR026388_r2.fq.gz,1
HRR026389_f1.fq.gz,1
HRR026389_r2.fq.gz,1
HRR026390_f1.fq.gz,1
HRR026390_r2.fq.gz,1
HRR026391_f1.fq.gz,1
HRR026391_r2.fq.gz,1
HRR026392_f1.fq.gz,1
HRR026392_r2.fq.gz,1
HRR026393_f1.fq.gz,1
HRR026393_r2.fq.gz,1
HRR026394_f1.fq.gz,1
HRR026394_r2.fq.gz,1
HRR026395_f1.fq.gz,1
HRR026395_r2.fq.gz,1
HRR026396_f1.fq.gz,1
HRR026396_r2.fq.gz,1
HRR026397_f1.fq.gz,1
HRR026397_r2.fq.gz,1
HRR026398_f1.fq.gz,1
HRR026398_r2.fq.gz,1
HRR026399_f1.fq.gz,1
HRR026399_r2.fq.gz,1
HRR026400_f1.fq.gz,1
HRR026400_r2.fq.gz,1
HRR026401_f1.fq.gz,1
HRR026401_r2.fq.gz,1
HRR026402_f1.fq.gz,1
HRR026402_r2.fq.gz,1
HRR026403_f1.fq.gz,1
HRR026403_r2.fq.gz,1
HRR026404_f1.fq.gz,1
HRR026404_r2.fq.gz,1
HRR026405_f1.fq.gz,1
HRR026405_r2.fq.gz,1
HRR026406_f1.fq.gz,1
HRR026406_r2.fq.gz,1
HRR026407_f1.fq.gz,1
HRR026407_r2.fq.gz,1
HRR026408_f1.fq.gz,1
HRR026408_r2.fq.gz,1
HRR026409_f1.fq.gz,1
HRR026409_r2.fq.gz,1
HRR026410_f1.fq.gz,1
HRR026410_r2.fq.gz,1
HRR026411_f1.fq.gz,1
HRR026411_r2.fq.gz,1
HRR026412_f1.fq.gz,1
HRR026412_r2.fq.gz,1
HRR026413_f1.fq.gz,1
HRR026413_r2.fq.gz,1
HRR026414_f1.fq.gz,1
HRR026414_r2.fq.gz,1
HRR026415_f1.fq.gz,1
HRR026415_r2.fq.gz,1
HRR026416_f1.fq.gz,1
HRR026416_r2.fq.gz,1
HRR026417_f1.fq.gz,1
HRR026417_r2.fq.gz,1
HRR026418_f1.fq.gz,1
HRR026418_r2.fq.gz,1
HRR026419_f1.fq.gz,1
HRR026419_r2.fq.gz,1
HRR026420_f1.fq.gz,1
HRR026420_r2.fq.gz,1
HRR026421_f1.fq.gz,1
HRR026421_r2.fq.gz,1
HRR026422_f1.fq.gz,1
HRR026422_r2.fq.gz,1
HRR026423_f1.fq.gz,1
HRR026423_r2.fq.gz,1
HRR026424_f1.fq.gz,1
HRR026424_r2.fq.gz,1
HRR026425_f1.fq.gz,1
HRR026425_r2.fq.gz,1
HRR026426_f1.fq.gz,1
HRR026426_r2.fq.gz,1
HRR026427_f1.fq.gz,1
HRR026427_r2.fq.gz,1
HRR026428_f1.fq.gz,1
HRR026428_r2.fq.gz,1
HRR026429_f1.fq.gz,1
HRR026429_r2.fq.gz,1
HRR026430_f1.fq.gz,1
HRR026430_r2.fq.gz,1
HRR026431_f1.fq.gz,1
HRR026431_r2.fq.gz,1
HRR026432_f1.fq.gz,1
HRR026432_r2.fq.gz,1
HRR026433_f1.fq.gz,1
HRR026433_r2.fq.gz,1
HRR026434_f1.fq.gz,1
HRR026434_r2.fq.gz,1
HRR026435_f1.fq.gz,1
HRR026435_r2.fq.gz,1
HRR026436_f1.fq.gz,1
HRR026436_r2.fq.gz,1
HRR026437_f1.fq.gz,1
HRR026437_r2.fq.gz,1
HRR026438_f1.fq.gz,1
HRR026438_r2.fq.gz,1
HRR026439_f1.fq.gz,1
HRR026439_r2.fq.gz,1
HRR026440_f1.fq.gz,1
HRR026440_r2.fq.gz,1
HRR026441_f1.fq.gz,1
HRR026441_r2.fq.gz,1
HRR026442_f1.fq.gz,1
HRR026442_r2.fq.gz,1
HRR026443_f1.fq.gz,1
HRR026443_r2.fq.gz,1
HRR026444_f1.fq.gz,1
HRR026444_r2.fq.gz,1
HRR026445_f1.fq.gz,1
HRR026445_r2.fq.gz,1
HRR026446_f1.fq.gz,1
HRR026446_r2.fq.gz,1
HRR026447_f1.fq.gz,1
HRR026447_r2.fq.gz,1
HRR026448_f1.fq.gz,1
HRR026448_r2.fq.gz,1
HRR026449_f1.fq.gz,1
HRR026449_r2.fq.gz,1
HRR026450_f1.fq.gz,1
HRR026450_r2.fq.gz,1
HRR026451_f1.fq.gz,1
HRR026451_r2.fq.gz,1
HRR026452_f1.fq.gz,1
HRR026452_r2.fq.gz,1
HRR026453_f1.fq.gz,1
HRR026453_r2.fq.gz,1
HRR026454_f1.fq.gz,1
HRR026454_r2.fq.gz,1
HRR026455_f1.fq.gz,1
HRR026455_r2.fq.gz,1
HRR026456_f1.fq.gz,1
HRR026456_r2.fq.gz,1
HRR026457_f1.fq.gz,1
HRR026457_r2.fq.gz,1
HRR026458_f1.fq.gz,1
HRR026458_r2.fq.gz,1
HRR026459_f1.fq.gz,1
HRR026459_r2.fq.gz,1
HRR026460_f1.fq.gz,1
HRR026460_r2.fq.gz,1
HRR026461_f1.fq.gz,1
HRR026461_r2.fq.gz,1
HRR026462_f1.fq.gz,1
HRR026462_r2.fq.gz,1
HRR026463_f1.fq.gz,1
HRR026463_r2.fq.gz,1
HRR026464_f1.fq.gz,1
HRR026464_r2.fq.gz,1
HRR026465_f1.fq.gz,1
HRR026465_r2.fq.gz,1
HRR026466_f1.fq.gz,1
HRR026466_r2.fq.gz,1
HRR026467_f1.fq.gz,1
HRR026467_r2.fq.gz,1
HRR026468_f1.fq.gz,1
HRR026468_r2.fq.gz,1
HRR026469_f1.fq.gz,1
HRR026469_r2.fq.gz,1
HRR026470_f1.fq.gz,1
HRR026470_r2.fq.gz,1
HRR026471_f1.fq.gz,1
HRR026471_r2.fq.gz,1
HRR026472_f1.fq.gz,1
HRR026472_r2.fq.gz,1
HRR026473_f1.fq.gz,1
HRR026473_r2.fq.gz,1
HRR026474_f1.fq.gz,1
HRR026474_r2.fq.gz,1
HRR026475_f1.fq.gz,1
HRR026475_r2.fq.gz,1
HRR026476_f1.fq.gz,1
HRR026476_r2.fq.gz,1
HRR026477_f1.fq.gz,1
HRR026477_r2.fq.gz,1
HRR026478_f1.fq.gz,1
HRR026478_r2.fq.gz,1
HRR026479_f1.fq.gz,1
HRR026479_r2.fq.gz,1
HRR026480_f1.fq.gz,1
HRR026480_r2.fq.gz,1
HRR026481_f1.fq.gz,1
HRR026481_r2.fq.gz,1
HRR026482_f1.fq.gz,1
HRR026482_r2.fq.gz,1
HRR026483_f1.fq.gz,1
HRR026483_r2.fq.gz,1
HRR026484_f1.fq.gz,1
HRR026484_r2.fq.gz,1
HRR026485_f1.fq.gz,1
HRR026485_r2.fq.gz,1
HRR026486_f1.fq.gz,1
HRR026486_r2.fq.gz,1
HRR026487_f1.fq.gz,1
HRR026487_r2.fq.gz,1
HRR026488_f1.fq.gz,1
HRR026488_r2.fq.gz,1
HRR026489_f1.fq.gz,1
HRR026489_r2.fq.gz,1
HRR026490_f1.fq.gz,1
HRR026490_r2.fq.gz,1
HRR026491_f1.fq.gz,1
HRR026491_r2.fq.gz,1
HRR026492_f1.fq.gz,1
HRR026492_r2.fq.gz,1
HRR026493_f1.fq.gz,1
HRR026493_r2.fq.gz,1
HRR026494_f1.fq.gz,1
HRR026494_r2.fq.gz,1
HRR026495_f1.fq.gz,1
HRR026495_r2.fq.gz,1
HRR026496_f1.fq.gz,1
HRR026496_r2.fq.gz,1
HRR026497_f1.fq.gz,1
HRR026497_r2.fq.gz,1
HRR026498_f1.fq.gz,1
HRR026498_r2.fq.gz,1
HRR026499_f1.fq.gz,1
HRR026499_r2.fq.gz,1
HRR026500_f1.fq.gz,1
HRR026500_r2.fq.gz,1
HRR026501_f1.fq.gz,1
HRR026501_r2.fq.gz,1
HRR026502_f1.fq.gz,1
HRR026502_r2.fq.gz,1
HRR026503_f1.fq.gz,1
HRR026503_r2.fq.gz,1
HRR026504_f1.fq.gz,1
HRR026504_r2.fq.gz,1
HRR026505_f1.fq.gz,1
HRR026505_r2.fq.gz,1
HRR026506_f1.fq.gz,1
HRR026506_r2.fq.gz,1
HRR026507_f1.fq.gz,1
HRR026507_r2.fq.gz,1
HRR026508_f1.fq.gz,1
HRR026508_r2.fq.gz,1
HRR026509_f1.fq.gz,1
HRR026509_r2.fq.gz,1
HRR026510_f1.fq.gz,1
HRR026510_r2.fq.gz,1
HRR026511_f1.fq.gz,1
HRR026511_r2.fq.gz,1
HRR026512_f1.fq.gz,1
HRR026512_r2.fq.gz,1
HRR026513_f1.fq.gz,1
HRR026513_r2.fq.gz,1
HRR026514_f1.fq.gz,1
HRR026514_r2.fq.gz,1
HRR026515_f1.fq.gz,1
HRR026515_r2.fq.gz,1
HRR026516_f1.fq.gz,1
HRR026516_r2.fq.gz,1
HRR026517_f1.fq.gz,1
HRR026517_r2.fq.gz,1
HRR026518_f1.fq.gz,1
HRR026518_r2.fq.gz,1
HRR026519_f1.fq.gz,1
HRR026519_r2.fq.gz,1
HRR026520_f1.fq.gz,1
HRR026520_r2.fq.gz,1
HRR026521_f1.fq.gz,1
HRR026521_r2.fq.gz,1
HRR026522_f1.fq.gz,1
HRR026522_r2.fq.gz,1
HRR026523_f1.fq.gz,1
HRR026523_r2.fq.gz,1
HRR026524_f1.fq.gz,1
HRR026524_r2.fq.gz,1
HRR026525_f1.fq.gz,1
HRR026525_r2.fq.gz,1
HRR026526_f1.fq.gz,1
HRR026526_r2.fq.gz,1
HRR026527_f1.fq.gz,1
HRR026527_r2.fq.gz,1
HRR026528_f1.fq.gz,1
HRR026528_r2.fq.gz,1
HRR026529_f1.fq.gz,1
HRR026529_r2.fq.gz,1
HRR026530_f1.fq.gz,1
HRR026530_r2.fq.gz,1
HRR026531_f1.fq.gz,1
HRR026531_r2.fq.gz,1
HRR026532_f1.fq.gz,1
HRR026532_r2.fq.gz,1
HRR026533_f1.fq.gz,1
HRR026533_r2.fq.gz,1
HRR026534_f1.fq.gz,1
HRR026534_r2.fq.gz,1
HRR026535_f1.fq.gz,1
HRR026535_r2.fq.gz,1
HRR026536_f1.fq.gz,1
HRR026536_r2.fq.gz,1
HRR026537_f1.fq.gz,1
HRR026537_r2.fq.gz,1
HRR026538_f1.fq.gz,1
HRR026538_r2.fq.gz,1
HRR026539_f1.fq.gz,1
HRR026539_r2.fq.gz,1
HRR026540_f1.fq.gz,1
HRR026540_r2.fq.gz,1
HRR026541_f1.fq.gz,1
HRR026541_r2.fq.gz,1
HRR026542_f1.fq.gz,1
HRR026542_r2.fq.gz,1
HRR026543_f1.fq.gz,1
HRR026543_r2.fq.gz,1
HRR026544_f1.fq.gz,1
HRR026544_r2.fq.gz,1
HRR026545_f1.fq.gz,1
HRR026545_r2.fq.gz,1
HRR026546_f1.fq.gz,1
HRR026546_r2.fq.gz,1
HRR026547_f1.fq.gz,1
HRR026547_r2.fq.gz,1
HRR026548_f1.fq.gz,1
HRR026548_r2.fq.gz,1
HRR026549_f1.fq.gz,1
HRR026549_r2.fq.gz,1
HRR026550_f1.fq.gz,1
HRR026550_r2.fq.gz,1
HRR026551_f1.fq.gz,1
HRR026551_r2.fq.gz,1
HRR232644_f1.fastq.gz,1
HRR232644_r2.fastq.gz,1
HRR232645_f1.fastq.gz,1
HRR232645_r2.fastq.gz,1
HRR232646_f1.fastq.gz,1
HRR232646_r2.fastq.gz,1
HRR232647_f1.fastq.gz,1
HRR232647_r2.fastq.gz,1
HRR232648_f1.fastq.gz,1
HRR232648_r2.fastq.gz,1
HRR232649_f1.fastq.gz,1
HRR232649_r2.fastq.gz,1
HRR232650_f1.fastq.gz,1
HRR232650_r2.fastq.gz,1
HRR232651_f1.fastq.gz,1
HRR232651_r2.fastq.gz,1
HRR232652_f1.fastq.gz,1
HRR232652_r2.fastq.gz,1
HRR232653_f1.fastq.gz,1
HRR232653_r2.fastq.gz,1
HRR232654_f1.fastq.gz,1
HRR232654_r2.fastq.gz,1
HRR232655_f1.fastq.gz,1
HRR232655_r2.fastq.gz,1
HRR232656_f1.fastq.gz,1
HRR232656_r2.fastq.gz,1
HRR232657_f1.fastq.gz,1
HRR232657_r2.fastq.gz,1
HRR232658_f1.fastq.gz,1
HRR232658_r2.fastq.gz,1
HRR232659_f1.fastq.gz,1
HRR232659_r2.fastq.gz,1
HRR232660_f1.fastq.gz,1
HRR232660_r2.fastq.gz,1
HRR232661_f1.fastq.gz,1
HRR232661_r2.fastq.gz,1
HRR232662_f1.fastq.gz,1
HRR232662_r2.fastq.gz,1
HRR232663_f1.fastq.gz,1
HRR232663_r2.fastq.gz,1
HRR232664_f1.fastq.gz,1
HRR232664_r2.fastq.gz,1
HRR232665_f1.fastq.gz,1
HRR232665_r2.fastq.gz,1
HRR232666_f1.fastq.gz,1
HRR232666_r2.fastq.gz,1
HRR232667_f1.fastq.gz,1
HRR232667_r2.fastq.gz,1
HRR232668_f1.fastq.gz,1
HRR232668_r2.fastq.gz,1
HRR232669_f1.fastq.gz,1
HRR232669_r2.fastq.gz,1
HRR232670_f1.fastq.gz,1
HRR232670_r2.fastq.gz,1
HRR232671_f1.fastq.gz,1
HRR232671_r2.fastq.gz,1
HRR232672_f1.fastq.gz,1
HRR232672_r2.fastq.gz,1
HRR232673_f1.fastq.gz,1
HRR232673_r2.fastq.gz,1
HRR232674_f1.fastq.gz,1
HRR232674_r2.fastq.gz,1
HRR232675_f1.fastq.gz,1
HRR232675_r2.fastq.gz,1
HRR232676_f1.fastq.gz,1
HRR232676_r2.fastq.gz,1
HRR232677_f1.fastq.gz,1
HRR232677_r2.fastq.gz,1
HRR232678_f1.fastq.gz,1
HRR232678_r2.fastq.gz,1
HRR232679_f1.fastq.gz,1
HRR232679_r2.fastq.gz,1
HRR232680_f1.fastq.gz,1
HRR232680_r2.fastq.gz,1
HRR232681_f1.fastq.gz,1
HRR232681_r2.fastq.gz,1
HRR232682_f1.fastq.gz,1
HRR232682_r2.fastq.gz,1
HRR232683_f1.fastq.gz,1
HRR232683_r2.fastq.gz,1
HRR232684_f1.fastq.gz,1
HRR232684_r2.fastq.gz,1
HRR232685_f1.fastq.gz,1
HRR232685_r2.fastq.gz,1
HRR232686_f1.fastq.gz,1
HRR232686_r2.fastq.gz,1
HRR232687_f1.fastq.gz,1
HRR232687_r2.fastq.gz,1
HRR232688_f1.fastq.gz,1
HRR232688_r2.fastq.gz,1
HRR232689_f1.fastq.gz,1
HRR232689_r2.fastq.gz,1
HRR232690_f1.fastq.gz,1
HRR232690_r2.fastq.gz,1
HRR232691_f1.fastq.gz,1
HRR232691_r2.fastq.gz,1
HRR232692_f1.fastq.gz,1
HRR232692_r2.fastq.gz,1
HRR232693_f1.fastq.gz,1
HRR232693_r2.fastq.gz,1
HRR232694_f1.fastq.gz,1
HRR232694_r2.fastq.gz,1
HRR232695_f1.fastq.gz,1
HRR232695_r2.fastq.gz,1
HRR232696_f1.fastq.gz,1
HRR232696_r2.fastq.gz,1
HRR232697_f1.fastq.gz,1
HRR232697_r2.fastq.gz,1
HRR232698_f1.fastq.gz,1
HRR232698_r2.fastq.gz,1
HRR232699_f1.fastq.gz,1
HRR232699_r2.fastq.gz,1
HRR232700_f1.fastq.gz,1
HRR232700_r2.fastq.gz,1
HRR232701_f1.fastq.gz,1
HRR232701_r2.fastq.gz,1
HRR232702_f1.fastq.gz,1
HRR232702_r2.fastq.gz,1
HRR232703_f1.fastq.gz,1
HRR232703_r2.fastq.gz,1
HRR232704_f1.fastq.gz,1
HRR232704_r2.fastq.gz,1
HRR232705_f1.fastq.gz,1
HRR232705_r2.fastq.gz,1
HRR232706_f1.fastq.gz,1
HRR232706_r2.fastq.gz,1
HRR232707_f1.fastq.gz,1
HRR232707_r2.fastq.gz,1
HRR232708_f1.fastq.gz,1
HRR232708_r2.fastq.gz,1
HRR232709_f1.fastq.gz,1
HRR232709_r2.fastq.gz,1
HRR232710_f1.fastq.gz,1
HRR232710_r2.fastq.gz,1
HRR232711_f1.fastq.gz,1
HRR232711_r2.fastq.gz,1
HRR232712_f1.fastq.gz,1
HRR232712_r2.fastq.gz,1
HRR232713_f1.fastq.gz,1
HRR232713_r2.fastq.gz,1
HRR232714_f1.fastq.gz,1
HRR232714_r2.fastq.gz,1
HRR232715_f1.fastq.gz,1
HRR232715_r2.fastq.gz,1
HRR232716_f1.fastq.gz,1
HRR232716_r2.fastq.gz,1
HRR232717_f1.fastq.gz,1
HRR232717_r2.fastq.gz,1
HRR232718_f1.fastq.gz,1
HRR232718_r2.fastq.gz,1
HRR232719_f1.fastq.gz,1
HRR232719_r2.fastq.gz,1
HRR232720_f1.fastq.gz,1
HRR232720_r2.fastq.gz,1
HRR232721_f1.fastq.gz,1
HRR232721_r2.fastq.gz,1
HRR232722_f1.fastq.gz,1
HRR232722_r2.fastq.gz,1
HRR232723_f1.fastq.gz,1
HRR232723_r2.fastq.gz,1
HRR232724_f1.fastq.gz,1
HRR232724_r2.fastq.gz,1
HRR232725_f1.fastq.gz,1
HRR232725_r2.fastq.gz,1
HRR232726_f1.fastq.gz,1
HRR232726_r2.fastq.gz,1
HRR232727_f1.fastq.gz,1
HRR232727_r2.fastq.gz,1
HRR232728_f1.fastq.gz,1
HRR232728_r2.fastq.gz,1
HRR232729_f1.fastq.gz,1
HRR232729_r2.fastq.gz,1
HRR232730_f1.fastq.gz,1
HRR232730_r2.fastq.gz,1
HRR232731_f1.fastq.gz,1
HRR232731_r2.fastq.gz,1
HRR232732_f1.fastq.gz,1
HRR232732_r2.fastq.gz,1
HRR232733_f1.fastq.gz,1
HRR232733_r2.fastq.gz,1
HRR232734_f1.fastq.gz,1
HRR232734_r2.fastq.gz,1
HRR232735_f1.fastq.gz,1
HRR232735_r2.fastq.gz,1
HRR232736_f1.fastq.gz,1
HRR232736_r2.fastq.gz,1
HRR232737_f1.fastq.gz,1
HRR232737_r2.fastq.gz,1
HRR232738_f1.fastq.gz,1
HRR232738_r2.fastq.gz,1
HRR232739_f1.fastq.gz,1
HRR232739_r2.fastq.gz,1
HRR232740_f1.fastq.gz,1
HRR232740_r2.fastq.gz,1
HRR232741_f1.fastq.gz,1
HRR232741_r2.fastq.gz,1
HRR232742_f1.fastq.gz,1
HRR232742_r2.fastq.gz,1
HRR232743_f1.fastq.gz,1
HRR232743_r2.fastq.gz,1
HRR232744_f1.fastq.gz,1
HRR232744_r2.fastq.gz,1
HRR232745_f1.fastq.gz,1
HRR232745_r2.fastq.gz,1
HRR232746_f1.fastq.gz,1
HRR232746_r2.fastq.gz,1
HRR232747_f1.fastq.gz,1
HRR232747_r2.fastq.gz,1
HRR232748_f1.fastq.gz,1
HRR232748_r2.fastq.gz,1
HRR232749_f1.fastq.gz,1
HRR232749_r2.fastq.gz,1
HRR232750_f1.fastq.gz,1
HRR232750_r2.fastq.gz,1
HRR232751_f1.fastq.gz,1
HRR232751_r2.fastq.gz,1
HRR232752_f1.fastq.gz,1
HRR232752_r2.fastq.gz,1
HRR232753_f1.fastq.gz,1
HRR232753_r2.fastq.gz,1
HRR232754_f1.fastq.gz,1
HRR232754_r2.fastq.gz,1
HRR232755_f1.fastq.gz,1
HRR232755_r2.fastq.gz,1
HRR232756_f1.fastq.gz,1
HRR232756_r2.fastq.gz,1
HRR232757_f1.fastq.gz,1
HRR232757_r2.fastq.gz,1
HRR232758_f1.fastq.gz,1
HRR232758_r2.fastq.gz,1
HRR232759_f1.fastq.gz,1
HRR232759_r2.fastq.gz,1
HRR232760_f1.fastq.gz,1
HRR232760_r2.fastq.gz,1
HRR232761_f1.fastq.gz,1
HRR232761_r2.fastq.gz,1
HRR232762_f1.fastq.gz,1
HRR232762_r2.fastq.gz,1
HRR232763_f1.fastq.gz,1
HRR232763_r2.fastq.gz,1
HRR232764_f1.fastq.gz,1
HRR232764_r2.fastq.gz,1
HRR232765_f1.fastq.gz,1
HRR232765_r2.fastq.gz,1
HRR232766_f1.fastq.gz,1
HRR232766_r2.fastq.gz,1
HRR232767_f1.fastq.gz,1
HRR232767_r2.fastq.gz,1
HRR232768_f1.fastq.gz,1
HRR232768_r2.fastq.gz,1
HRR232769_f1.fastq.gz,1
HRR232769_r2.fastq.gz,1
HRR232770_f1.fastq.gz,1
HRR232770_r2.fastq.gz,1
HRR232771_f1.fastq.gz,1
HRR232771_r2.fastq.gz,1
HRR232772_f1.fastq.gz,1
HRR232772_r2.fastq.gz,1
HRR232773_f1.fastq.gz,1
HRR232773_r2.fastq.gz,1
HRR232774_f1.fastq.gz,1
HRR232774_r2.fastq.gz,1
HRR232775_f1.fastq.gz,1
HRR232775_r2.fastq.gz,1
HRR232776_f1.fastq.gz,1
HRR232776_r2.fastq.gz,1
HRR232777_f1.fastq.gz,1
HRR232777_r2.fastq.gz,1
HRR232778_f1.fastq.gz,1
HRR232778_r2.fastq.gz,1
HRR232779_f1.fastq.gz,1
HRR232779_r2.fastq.gz,1
HRR232780_f1.fastq.gz,1
HRR232780_r2.fastq.gz,1
HRR232781_f1.fastq.gz,1
HRR232781_r2.fastq.gz,1
HRR232782_f1.fastq.gz,1
HRR232782_r2.fastq.gz,1
HRR232783_f1.fastq.gz,1
HRR232783_r2.fastq.gz,1
HRR232784_f1.fastq.gz,1
HRR232784_r2.fastq.gz,1
HRR232785_f1.fastq.gz,1
HRR232785_r2.fastq.gz,1
HRR232786_f1.fastq.gz,1
HRR232786_r2.fastq.gz,1
HRR232787_f1.fastq.gz,1
HRR232787_r2.fastq.gz,1
HRR232788_f1.fastq.gz,1
HRR232788_r2.fastq.gz,1
HRR232789_f1.fastq.gz,1
HRR232789_r2.fastq.gz,1
HRR232790_f1.fastq.gz,1
HRR232790_r2.fastq.gz,1
HRR232791_f1.fastq.gz,1
HRR232791_r2.fastq.gz,1
HRR232792_f1.fastq.gz,1
HRR232792_r2.fastq.gz,1
HRR232793_f1.fastq.gz,1
HRR232793_r2.fastq.gz,1
HRR232794_f1.fastq.gz,1
HRR232794_r2.fastq.gz,1
HRR232795_f1.fastq.gz,1
HRR232795_r2.fastq.gz,1
HRR232796_f1.fastq.gz,1
HRR232796_r2.fastq.gz,1
HRR232797_f1.fastq.gz,1
HRR232797_r2.fastq.gz,1
HRR232798_f1.fastq.gz,1
HRR232798_r2.fastq.gz,1
HRR232799_f1.fastq.gz,1
HRR232799_r2.fastq.gz,1
HRR232800_f1.fastq.gz,1
HRR232800_r2.fastq.gz,1
HRR232801_f1.fastq.gz,1
HRR232801_r2.fastq.gz,1
HRR232802_f1.fastq.gz,1
HRR232802_r2.fastq.gz,1
HRR232803_f1.fastq.gz,1
HRR232803_r2.fastq.gz,1
HRR232804_f1.fastq.gz,1
HRR232804_r2.fastq.gz,1
HRR232805_f1.fastq.gz,1
HRR232805_r2.fastq.gz,1
HRR232806_f1.fastq.gz,1
HRR232806_r2.fastq.gz,1
HRR232807_f1.fastq.gz,1
HRR232807_r2.fastq.gz,1
HRR232808_f1.fastq.gz,1
HRR232808_r2.fastq.gz,1
HRR232809_f1.fastq.gz,1
HRR232809_r2.fastq.gz,1
HRR232810_f1.fastq.gz,1
HRR232810_r2.fastq.gz,1
HRR232811_f1.fastq.gz,1
HRR232811_r2.fastq.gz,1
HRR232812_f1.fastq.gz,1
HRR232812_r2.fastq.gz,1
HRR232813_f1.fastq.gz,1
HRR232813_r2.fastq.gz,1
HRR232814_f1.fastq.gz,1
HRR232814_r2.fastq.gz,1
HRR232815_f1.fastq.gz,1
HRR232815_r2.fastq.gz,1
HRR232816_f1.fastq.gz,1
HRR232816_r2.fastq.gz,1
HRR232817_f1.fastq.gz,1
HRR232817_r2.fastq.gz,1
HRR232818_f1.fastq.gz,1
HRR232818_r2.fastq.gz,1
HRR232819_f1.fastq.gz,1
HRR232819_r2.fastq.gz,1
HRR232820_f1.fastq.gz,1
HRR232820_r2.fastq.gz,1
HRR232821_f1.fastq.gz,1
HRR232821_r2.fastq.gz,1
HRR232822_f1.fastq.gz,1
HRR232822_r2.fastq.gz,1
HRR232823_f1.fastq.gz,1
HRR232823_r2.fastq.gz,1
HRR232824_f1.fastq.gz,1
HRR232824_r2.fastq.gz,1
HRR232825_f1.fastq.gz,1
HRR232825_r2.fastq.gz,1
HRR232826_f1.fastq.gz,1
HRR232826_r2.fastq.gz,1
HRR232827_f1.fastq.gz,1
HRR232827_r2.fastq.gz,1
HRR232828_f1.fastq.gz,1
HRR232828_r2.fastq.gz,1
HRR232829_f1.fastq.gz,1
HRR232829_r2.fastq.gz,1
HRR232830_f1.fastq.gz,1
HRR232830_r2.fastq.gz,1
HRR232831_f1.fastq.gz,1
HRR232831_r2.fastq.gz,1
HRR232832_f1.fastq.gz,1
HRR232832_r2.fastq.gz,1
HRR232833_f1.fastq.gz,1
HRR232833_r2.fastq.gz,1
HRR232834_f1.fastq.gz,1
HRR232834_r2.fastq.gz,1
HRR232835_f1.fastq.gz,1
HRR232835_r2.fastq.gz,1
HRR232836_f1.fastq.gz,1
HRR232836_r2.fastq.gz,1
HRR232837_f1.fastq.gz,1
HRR232837_r2.fastq.gz,1
HRR232838_f1.fastq.gz,1
HRR232838_r2.fastq.gz,1
HRR232839_f1.fastq.gz,1
HRR232839_r2.fastq.gz,1
HRR232840_f1.fastq.gz,1
HRR232840_r2.fastq.gz,1
HRR232841_f1.fastq.gz,1
HRR232841_r2.fastq.gz,1
HRR232842_f1.fastq.gz,1
HRR232842_r2.fastq.gz,1
HRR232843_f1.fastq.gz,1
HRR232843_r2.fastq.gz,1
HRR232844_f1.fastq.gz,1
HRR232844_r2.fastq.gz,1
HRR232845_f1.fastq.gz,1
HRR232845_r2.fastq.gz,1
HRR232846_f1.fastq.gz,1
HRR232846_r2.fastq.gz,1
HRR232847_f1.fastq.gz,1
HRR232847_r2.fastq.gz,1
HRR232848_f1.fastq.gz,1
HRR232848_r2.fastq.gz,1
HRR232849_f1.fastq.gz,1
HRR232849_r2.fastq.gz,1
HRR232850_f1.fastq.gz,1
HRR232850_r2.fastq.gz,1
HRR232851_f1.fastq.gz,1
HRR232851_r2.fastq.gz,1
HRR232852_f1.fastq.gz,1
HRR232852_r2.fastq.gz,1
HRR232853_f1.fastq.gz,1
HRR232853_r2.fastq.gz,1
HRR232854_f1.fastq.gz,1
HRR232854_r2.fastq.gz,1
HRR232855_f1.fastq.gz,1
HRR232855_r2.fastq.gz,1
HRR232856_f1.fastq.gz,1
HRR232856_r2.fastq.gz,1
HRR232857_f1.fastq.gz,1
HRR232857_r2.fastq.gz,1
HRR232858_f1.fastq.gz,1
HRR232858_r2.fastq.gz,1
HRR232859_f1.fastq.gz,1
HRR232859_r2.fastq.gz,1
HRR232860_f1.fastq.gz,1
HRR232860_r2.fastq.gz,1
HRR232861_f1.fastq.gz,1
HRR232861_r2.fastq.gz,1
HRR232862_f1.fastq.gz,1
HRR232862_r2.fastq.gz,1
HRR232863_f1.fastq.gz,1
HRR232863_r2.fastq.gz,1
HRR232864_f1.fastq.gz,1
HRR232864_r2.fastq.gz,1
HRR232865_f1.fastq.gz,1
HRR232865_r2.fastq.gz,1
HRR232866_f1.fastq.gz,1
HRR232866_r2.fastq.gz,1
HRR232867_f1.fastq.gz,1
HRR232867_r2.fastq.gz,1
HRR232868_f1.fastq.gz,1
HRR232868_r2.fastq.gz,1
HRR232869_f1.fastq.gz,1
HRR232869_r2.fastq.gz,1
HRR232870_f1.fastq.gz,1
HRR232870_r2.fastq.gz,1
HRR232871_f1.fastq.gz,1
HRR232871_r2.fastq.gz,1
HRR232872_f1.fastq.gz,1
HRR232872_r2.fastq.gz,1
HRR232873_f1.fastq.gz,1
HRR232873_r2.fastq.gz,1
HRR232874_f1.fastq.gz,1
HRR232874_r2.fastq.gz,1
HRR232875_f1.fastq.gz,1
HRR232875_r2.fastq.gz,1
HRR232876_f1.fastq.gz,1
HRR232876_r2.fastq.gz,1
HRR232877_f1.fastq.gz,1
HRR232877_r2.fastq.gz,1
HRR232878_f1.fastq.gz,1
HRR232878_r2.fastq.gz,1
HRR232879_f1.fastq.gz,1
HRR232879_r2.fastq.gz,1
HRR232880_f1.fastq.gz,1
HRR232880_r2.fastq.gz,1
HRR232881_f1.fastq.gz,1
HRR232881_r2.fastq.gz,1
HRR232882_f1.fastq.gz,1
HRR232882_r2.fastq.gz,1
HRR232883_f1.fastq.gz,1
HRR232883_r2.fastq.gz,1
HRR232884_f1.fastq.gz,1
HRR232884_r2.fastq.gz,1
HRR232885_f1.fastq.gz,1
HRR232885_r2.fastq.gz,1
HRR232886_f1.fastq.gz,1
HRR232886_r2.fastq.gz,1
HRR232887_f1.fastq.gz,1
HRR232887_r2.fastq.gz,1
HRR232888_f1.fastq.gz,1
HRR232888_r2.fastq.gz,1
HRR232889_f1.fastq.gz,1
HRR232889_r2.fastq.gz,1
HRR232890_f1.fastq.gz,1
HRR232890_r2.fastq.gz,1
HRR232891_f1.fastq.gz,1
HRR232891_r2.fastq.gz,1
HRR232892_f1.fastq.gz,1
HRR232892_r2.fastq.gz,1
HRR232893_f1.fastq.gz,1
HRR232893_r2.fastq.gz,1
HRR232894_f1.fastq.gz,1
HRR232894_r2.fastq.gz,1
HRR232895_f1.fastq.gz,1
HRR232895_r2.fastq.gz,1
HRR232896_f1.fastq.gz,1
HRR232896_r2.fastq.gz,1
HRR232897_f1.fastq.gz,1
HRR232897_r2.fastq.gz,1
HRR232898_f1.fastq.gz,1
HRR232898_r2.fastq.gz,1
HRR232899_f1.fastq.gz,1
HRR232899_r2.fastq.gz,1
HRR232900_f1.fastq.gz,1
HRR232900_r2.fastq.gz,1
HRR232901_f1.fastq.gz,1
HRR232901_r2.fastq.gz,1
HRR232902_f1.fastq.gz,1
HRR232902_r2.fastq.gz,1
HRR232903_f1.fastq.gz,1
HRR232903_r2.fastq.gz,1
HRR232904_f1.fastq.gz,1
HRR232904_r2.fastq.gz,1
HRR232905_f1.fastq.gz,1
HRR232905_r2.fastq.gz,1
HRR232906_f1.fastq.gz,1
HRR232906_r2.fastq.gz,1
HRR232907_f1.fastq.gz,1
HRR232907_r2.fastq.gz,1
HRR232908_f1.fastq.gz,1
HRR232908_r2.fastq.gz,1
HRR232909_f1.fastq.gz,1
HRR232909_r2.fastq.gz,1
HRR232910_f1.fastq.gz,1
HRR232910_r2.fastq.gz,1
HRR232911_f1.fastq.gz,1
HRR232911_r2.fastq.gz,1
HRR232912_f1.fastq.gz,1
HRR232912_r2.fastq.gz,1
HRR232913_f1.fastq.gz,1
HRR232913_r2.fastq.gz,1
HRR232914_f1.fastq.gz,1
HRR232914_r2.fastq.gz,1
HRR232915_f1.fastq.gz,1
HRR232915_r2.fastq.gz,1
HRR232916_f1.fastq.gz,1
HRR232916_r2.fastq.gz,1
HRR232917_f1.fastq.gz,1
HRR232917_r2.fastq.gz,1
HRR232918_f1.fastq.gz,1
HRR232918_r2.fastq.gz,1
HRR232919_f1.fastq.gz,1
HRR232919_r2.fastq.gz,1
HRR232920_f1.fastq.gz,1
HRR232920_r2.fastq.gz,1
HRR232921_f1.fastq.gz,1
HRR232921_r2.fastq.gz,1
HRR232922_f1.fastq.gz,1
HRR232922_r2.fastq.gz,1
HRR232923_f1.fastq.gz,1
HRR232923_r2.fastq.gz,1
HRR232924_f1.fastq.gz,1
HRR232924_r2.fastq.gz,1
HRR232925_f1.fastq.gz,1
HRR232925_r2.fastq.gz,1
HRR232926_f1.fastq.gz,1
HRR232926_r2.fastq.gz,1
HRR232927_f1.fastq.gz,1
HRR232927_r2.fastq.gz,1
HRR232928_f1.fastq.gz,1
HRR232928_r2.fastq.gz,1
HRR232929_f1.fastq.gz,1
HRR232929_r2.fastq.gz,1
HRR232930_f1.fastq.gz,1
HRR232930_r2.fastq.gz,1
HRR232931_f1.fastq.gz,1
HRR232931_r2.fastq.gz,1
HRR232932_f1.fastq.gz,1
HRR232932_r2.fastq.gz,1
HRR232933_f1.fastq.gz,1
HRR232933_r2.fastq.gz,1
HRR232934_f1.fastq.gz,1
HRR232934_r2.fastq.gz,1
HRR232935_f1.fastq.gz,1
HRR232935_r2.fastq.gz,1
HRR232936_f1.fastq.gz,1
HRR232936_r2.fastq.gz,1
HRR232937_f1.fastq.gz,1
HRR232937_r2.fastq.gz,1
HRR232938_f1.fastq.gz,1
HRR232938_r2.fastq.gz,1
HRR232939_f1.fastq.gz,1
HRR232939_r2.fastq.gz,1
HRR232940_f1.fastq.gz,1
HRR232940_r2.fastq.gz,1
HRR232941_f1.fastq.gz,1
HRR232941_r2.fastq.gz,1
HRR232942_f1.fastq.gz,1
HRR232942_r2.fastq.gz,1
HRR232943_f1.fastq.gz,1
HRR232943_r2.fastq.gz,1
HRR232944_f1.fastq.gz,1
HRR232944_r2.fastq.gz,1
HRR232945_f1.fastq.gz,1
HRR232945_r2.fastq.gz,1
HRR232946_f1.fastq.gz,1
HRR232946_r2.fastq.gz,1
HRR232947_f1.fastq.gz,1
HRR232947_r2.fastq.gz,1
HRR232948_f1.fastq.gz,1
HRR232948_r2.fastq.gz,1
HRR232949_f1.fastq.gz,1
HRR232949_r2.fastq.gz,1
HRR232950_f1.fastq.gz,1
HRR232950_r2.fastq.gz,1
HRR232951_f1.fastq.gz,1
HRR232951_r2.fastq.gz,1
HRR232952_f1.fastq.gz,1
HRR232952_r2.fastq.gz,1
HRR232953_f1.fastq.gz,1
HRR232953_r2.fastq.gz,1
HRR232954_f1.fastq.gz,1
HRR232954_r2.fastq.gz,1
HRR232955_f1.fastq.gz,1
HRR232955_r2.fastq.gz,1
HRR232956_f1.fastq.gz,1
HRR232956_r2.fastq.gz,1
HRR232957_f1.fastq.gz,1
HRR232957_r2.fastq.gz,1
HRR232958_f1.fastq.gz,1
HRR232958_r2.fastq.gz,1
HRR232959_f1.fastq.gz,1
HRR232959_r2.fastq.gz,1
HRR232960_f1.fastq.gz,1
HRR232960_r2.fastq.gz,1
HRR232961_f1.fastq.gz,1
HRR232961_r2.fastq.gz,1
HRR232962_f1.fastq.gz,1
HRR232962_r2.fastq.gz,1
HRR232963_f1.fastq.gz,1
HRR232963_r2.fastq.gz,1
HRR232964_f1.fastq.gz,1
HRR232964_r2.fastq.gz,1
HRR232965_f1.fastq.gz,1
HRR232965_r2.fastq.gz,1
HRR232966_f1.fastq.gz,1
HRR232966_r2.fastq.gz,1
HRR232967_f1.fastq.gz,1
HRR232967_r2.fastq.gz,1
HRR232968_f1.fastq.gz,1
HRR232968_r2.fastq.gz,1
HRR232969_f1.fastq.gz,1
HRR232969_r2.fastq.gz,1
HRR232970_f1.fastq.gz,1
HRR232970_r2.fastq.gz,1
HRR232971_f1.fastq.gz,1
HRR232971_r2.fastq.gz,1
HRR232972_f1.fastq.gz,1
HRR232972_r2.fastq.gz,1
HRR232973_f1.fastq.gz,1
HRR232973_r2.fastq.gz,1
HRR232974_f1.fastq.gz,1
HRR232974_r2.fastq.gz,1
HRR232975_f1.fastq.gz,1
HRR232975_r2.fastq.gz,1
HRR232976_f1.fastq.gz,1
HRR232976_r2.fastq.gz,1
HRR232977_f1.fastq.gz,1
HRR232977_r2.fastq.gz,1
HRR232978_f1.fastq.gz,1
HRR232978_r2.fastq.gz,1
HRR232979_f1.fastq.gz,1
HRR232979_r2.fastq.gz,1
HRR232980_f1.fastq.gz,1
HRR232980_r2.fastq.gz,1
HRR232981_f1.fastq.gz,1
HRR232981_r2.fastq.gz,1
HRR232982_f1.fastq.gz,1
HRR232982_r2.fastq.gz,1
HRR232983_f1.fastq.gz,1
HRR232983_r2.fastq.gz,1
HRR232984_f1.fastq.gz,1
HRR232984_r2.fastq.gz,1
HRR232985_f1.fastq.gz,1
HRR232985_r2.fastq.gz,1
HRR232986_f1.fastq.gz,1
HRR232986_r2.fastq.gz,1
HRR232987_f1.fastq.gz,1
HRR232987_r2.fastq.gz,1
HRR232988_f1.fastq.gz,1
HRR232988_r2.fastq.gz,1
HRR232989_f1.fastq.gz,1
HRR232989_r2.fastq.gz,1
HRR232990_f1.fastq.gz,1
HRR232990_r2.fastq.gz,1
HRR232991_f1.fastq.gz,1
HRR232991_r2.fastq.gz,1
HRR232992_f1.fastq.gz,1
HRR232992_r2.fastq.gz,1
HRR232993_f1.fastq.gz,1
HRR232993_r2.fastq.gz,1
HRR232994_f1.fastq.gz,1
HRR232994_r2.fastq.gz,1
HRR232995_f1.fastq.gz,1
HRR232995_r2.fastq.gz,1
HRR232996_f1.fastq.gz,1
HRR232996_r2.fastq.gz,1
HRR232997_f1.fastq.gz,1
HRR232997_r2.fastq.gz,1
HRR232998_f1.fastq.gz,1
HRR232998_r2.fastq.gz,1
HRR232999_f1.fastq.gz,1
HRR232999_r2.fastq.gz,1
HRR233000_f1.fastq.gz,1
HRR233000_r2.fastq.gz,1
HRR233001_f1.fastq.gz,1
HRR233001_r2.fastq.gz,1
HRR233002_f1.fastq.gz,1
HRR233002_r2.fastq.gz,1
HRR233003_f1.fastq.gz,1
HRR233003_r2.fastq.gz,1
HRR233004_f1.fastq.gz,1
HRR233004_r2.fastq.gz,1
HRR233005_f1.fastq.gz,1
HRR233005_r2.fastq.gz,1
HRR233006_f1.fastq.gz,1
HRR233006_r2.fastq.gz,1
HRR233007_f1.fastq.gz,1
HRR233007_r2.fastq.gz,1
HRR233008_f1.fastq.gz,1
HRR233008_r2.fastq.gz,1
HRR233009_f1.fastq.gz,1
HRR233009_r2.fastq.gz,1
HRR233010_f1.fastq.gz,1
HRR233010_r2.fastq.gz,1
HRR233011_f1.fastq.gz,1
HRR233011_r2.fastq.gz,1
HRR233012_f1.fastq.gz,1
HRR233012_r2.fastq.gz,1
HRR233013_f1.fastq.gz,1
HRR233013_r2.fastq.gz,1
HRR233014_f1.fastq.gz,1
HRR233014_r2.fastq.gz,1
HRR233015_f1.fastq.gz,1
HRR233015_r2.fastq.gz,1
HRR233016_f1.fastq.gz,1
HRR233016_r2.fastq.gz,1
HRR233017_f1.fastq.gz,1
HRR233017_r2.fastq.gz,1
HRR233018_f1.fastq.gz,1
HRR233018_r2.fastq.gz,1
HRR233019_f1.fastq.gz,1
HRR233019_r2.fastq.gz,1
HRR233020_f1.fastq.gz,1
HRR233020_r2.fastq.gz,1
HRR233021_f1.fastq.gz,1
HRR233021_r2.fastq.gz,1
HRR233022_f1.fastq.gz,1
HRR233022_r2.fastq.gz,1
HRR233023_f1.fastq.gz,1
HRR233023_r2.fastq.gz,1
HRR233024_f1.fastq.gz,1
HRR233024_r2.fastq.gz,1
HRR233025_f1.fastq.gz,1
HRR233025_r2.fastq.gz,1
HRR233026_f1.fastq.gz,1
HRR233026_r2.fastq.gz,1
HRR233027_f1.fastq.gz,1
HRR233027_r2.fastq.gz,1
HRR233028_f1.fastq.gz,1
HRR233028_r2.fastq.gz,1
HRR233029_f1.fastq.gz,1
HRR233029_r2.fastq.gz,1
HRR233030_f1.fastq.gz,1
HRR233030_r2.fastq.gz,1
HRR233031_f1.fastq.gz,1
HRR233031_r2.fastq.gz,1
HRR233032_f1.fastq.gz,1
HRR233032_r2.fastq.gz,1
HRR233033_f1.fastq.gz,1
HRR233033_r2.fastq.gz,1
HRR233034_f1.fastq.gz,1
HRR233034_r2.fastq.gz,1
HRR233035_f1.fastq.gz,1
HRR233035_r2.fastq.gz,1
HRR233036_f1.fastq.gz,1
HRR233036_r2.fastq.gz,1
HRR233037_f1.fastq.gz,1
HRR233037_r2.fastq.gz,1
HRR233038_f1.fastq.gz,1
HRR233038_r2.fastq.gz,1
HRR233039_f1.fastq.gz,1
HRR233039_r2.fastq.gz,1
HRR233040_f1.fastq.gz,1
HRR233040_r2.fastq.gz,1
HRR233041_f1.fastq.gz,1
HRR233041_r2.fastq.gz,1
HRR233042_f1.fastq.gz,1
HRR233042_r2.fastq.gz,1
HRR233043_f1.fastq.gz,1
HRR233043_r2.fastq.gz,1
HRR233044_f1.fastq.gz,1
HRR233044_r2.fastq.gz,1
HRR233045_f1.fastq.gz,1
HRR233045_r2.fastq.gz,1
HRR233046_f1.fastq.gz,1
HRR233046_r2.fastq.gz,1
HRR233047_f1.fastq.gz,1
HRR233047_r2.fastq.gz,1
HRR233048_f1.fastq.gz,1
HRR233048_r2.fastq.gz,1
HRR233049_f1.fastq.gz,1
HRR233049_r2.fastq.gz,1
HRR233050_f1.fastq.gz,1
HRR233050_r2.fastq.gz,1
HRR233051_f1.fastq.gz,1
HRR233051_r2.fastq.gz,1
HRR233052_f1.fastq.gz,1
HRR233052_r2.fastq.gz,1
HRR233053_f1.fastq.gz,1
HRR233053_r2.fastq.gz,1
HRR233054_f1.fastq.gz,1
HRR233054_r2.fastq.gz,1
HRR233055_f1.fastq.gz,1
HRR233055_r2.fastq.gz,1
HRR233056_f1.fastq.gz,1
HRR233056_r2.fastq.gz,1
HRR233057_f1.fastq.gz,1
HRR233057_r2.fastq.gz,1
HRR233058_f1.fastq.gz,1
HRR233058_r2.fastq.gz,1
HRR233059_f1.fastq.gz,1
HRR233059_r2.fastq.gz,1
HRR233060_f1.fastq.gz,1
HRR233060_r2.fastq.gz,1
HRR233061_f1.fastq.gz,1
HRR233061_r2.fastq.gz,1
HRR233062_f1.fastq.gz,1
HRR233062_r2.fastq.gz,1
HRR233063_f1.fastq.gz,1
HRR233063_r2.fastq.gz,1
HRR233064_f1.fastq.gz,1
HRR233064_r2.fastq.gz,1
HRR233065_f1.fastq.gz,1
HRR233065_r2.fastq.gz,1
HRR233066_f1.fastq.gz,1
HRR233066_r2.fastq.gz,1
HRR233067_f1.fastq.gz,1
HRR233067_r2.fastq.gz,1
HRR233068_f1.fastq.gz,1
HRR233068_r2.fastq.gz,1
HRR233069_f1.fastq.gz,1
HRR233069_r2.fastq.gz,1
HRR233070_f1.fastq.gz,1
HRR233070_r2.fastq.gz,1
HRR233071_f1.fastq.gz,1
HRR233071_r2.fastq.gz,1
HRR233072_f1.fastq.gz,1
HRR233072_r2.fastq.gz,1
HRR233073_f1.fastq.gz,1
HRR233073_r2.fastq.gz,1
HRR233074_f1.fastq.gz,1
HRR233074_r2.fastq.gz,1
HRR233075_f1.fastq.gz,1
HRR233075_r2.fastq.gz,1
HRR233076_f1.fastq.gz,1
HRR233076_r2.fastq.gz,1
HRR233077_f1.fastq.gz,1
HRR233077_r2.fastq.gz,1
HRR233078_f1.fastq.gz,1
HRR233078_r2.fastq.gz,1
HRR233079_f1.fastq.gz,1
HRR233079_r2.fastq.gz,1
HRR233080_f1.fastq.gz,1
HRR233080_r2.fastq.gz,1
HRR233081_f1.fastq.gz,1
HRR233081_r2.fastq.gz,1
HRR233082_f1.fastq.gz,1
HRR233082_r2.fastq.gz,1
HRR233083_f1.fastq.gz,1
HRR233083_r2.fastq.gz,1
HRR233084_f1.fastq.gz,1
HRR233084_r2.fastq.gz,1
HRR233085_f1.fastq.gz,1
HRR233085_r2.fastq.gz,1
HRR233086_f1.fastq.gz,1
HRR233086_r2.fastq.gz,1
HRR233087_f1.fastq.gz,1
HRR233087_r2.fastq.gz,1
HRR233088_f1.fastq.gz,1
HRR233088_r2.fastq.gz,1
HRR233089_f1.fastq.gz,1
HRR233089_r2.fastq.gz,1
HRR233090_f1.fastq.gz,1
HRR233090_r2.fastq.gz,1
HRR233091_f1.fastq.gz,1
HRR233091_r2.fastq.gz,1
HRR233092_f1.fastq.gz,1
HRR233092_r2.fastq.gz,1
HRR233093_f1.fastq.gz,1
HRR233093_r2.fastq.gz,1
HRR233094_f1.fastq.gz,1
HRR233094_r2.fastq.gz,1
HRR233095_f1.fastq.gz,1
HRR233095_r2.fastq.gz,1
HRR233096_f1.fastq.gz,1
HRR233096_r2.fastq.gz,1
HRR233097_f1.fastq.gz,1
HRR233097_r2.fastq.gz,1
HRR233098_f1.fastq.gz,1
HRR233098_r2.fastq.gz,1
HRR233099_f1.fastq.gz,1
HRR233099_r2.fastq.gz,1
HRR233100_f1.fastq.gz,1
HRR233100_r2.fastq.gz,1
HRR233101_f1.fastq.gz,1
HRR233101_r2.fastq.gz,1
HRR233102_f1.fastq.gz,1
HRR233102_r2.fastq.gz,1
HRR233103_f1.fastq.gz,1
HRR233103_r2.fastq.gz,1
HRR233104_f1.fastq.gz,1
HRR233104_r2.fastq.gz,1
HRR233105_f1.fastq.gz,1
HRR233105_r2.fastq.gz,1
HRR233106_f1.fastq.gz,1
HRR233106_r2.fastq.gz,1
HRR233107_f1.fastq.gz,1
HRR233107_r2.fastq.gz,1
HRR233108_f1.fastq.gz,1
HRR233108_r2.fastq.gz,1
HRR233109_f1.fastq.gz,1
HRR233109_r2.fastq.gz,1
HRR233110_f1.fastq.gz,1
HRR233110_r2.fastq.gz,1
HRR233111_f1.fastq.gz,1
HRR233111_r2.fastq.gz,1
HRR233112_f1.fastq.gz,1
HRR233112_r2.fastq.gz,1
HRR233113_f1.fastq.gz,1
HRR233113_r2.fastq.gz,1
HRR233114_f1.fastq.gz,1
HRR233114_r2.fastq.gz,1
HRR233115_f1.fastq.gz,1
HRR233115_r2.fastq.gz,1
HRR233116_f1.fastq.gz,1
HRR233116_r2.fastq.gz,1
HRR233117_f1.fastq.gz,1
HRR233117_r2.fastq.gz,1
HRR233118_f1.fastq.gz,1
HRR233118_r2.fastq.gz,1
HRR233119_f1.fastq.gz,1
HRR233119_r2.fastq.gz,1
HRR233120_f1.fastq.gz,1
HRR233120_r2.fastq.gz,1
HRR233121_f1.fastq.gz,1
HRR233121_r2.fastq.gz,1
HRR233122_f1.fastq.gz,1
HRR233122_r2.fastq.gz,1
HRR233123_f1.fastq.gz,1
HRR233123_r2.fastq.gz,1
HRR233124_f1.fastq.gz,1
HRR233124_r2.fastq.gz,1
HRR233125_f1.fastq.gz,1
HRR233125_r2.fastq.gz,1
HRR233126_f1.fastq.gz,1
HRR233126_r2.fastq.gz,1
HRR233127_f1.fastq.gz,1
HRR233127_r2.fastq.gz,1
HRR233128_f1.fastq.gz,1
HRR233128_r2.fastq.gz,1
HRR233129_f1.fastq.gz,1
HRR233129_r2.fastq.gz,1
HRR233130_f1.fastq.gz,1
HRR233130_r2.fastq.gz,1
HRR233131_f1.fastq.gz,1
HRR233131_r2.fastq.gz,1
HRR233132_f1.fastq.gz,1
HRR233132_r2.fastq.gz,1
HRR233133_f1.fastq.gz,1
HRR233133_r2.fastq.gz,1
HRR233134_f1.fastq.gz,1
HRR233134_r2.fastq.gz,1
HRR233135_f1.fastq.gz,1
HRR233135_r2.fastq.gz,1
HRR233136_f1.fastq.gz,1
HRR233136_r2.fastq.gz,1
HRR233137_f1.fastq.gz,1
HRR233137_r2.fastq.gz,1
HRR233138_f1.fastq.gz,1
HRR233138_r2.fastq.gz,1
HRR233139_f1.fastq.gz,1
HRR233139_r2.fastq.gz,1
HRR233140_f1.fastq.gz,1
HRR233140_r2.fastq.gz,1
HRR233141_f1.fastq.gz,1
HRR233141_r2.fastq.gz,1
HRR233142_f1.fastq.gz,1
HRR233142_r2.fastq.gz,1
HRR233143_f1.fastq.gz,1
HRR233143_r2.fastq.gz,1
HRR233144_f1.fastq.gz,1
HRR233144_r2.fastq.gz,1
HRR233145_f1.fastq.gz,1
HRR233145_r2.fastq.gz,1
HRR233146_f1.fastq.gz,1
HRR233146_r2.fastq.gz,1
HRR233147_f1.fastq.gz,1
HRR233147_r2.fastq.gz,1
HRR233148_f1.fastq.gz,1
HRR233148_r2.fastq.gz,1
HRR233149_f1.fastq.gz,1
HRR233149_r2.fastq.gz,1
HRR233150_f1.fastq.gz,1
HRR233150_r2.fastq.gz,1
HRR233151_f1.fastq.gz,1
HRR233151_r2.fastq.gz,1
HRR233152_f1.fastq.gz,1
HRR233152_r2.fastq.gz,1
HRR233153_f1.fastq.gz,1
HRR233153_r2.fastq.gz,1
HRR233154_f1.fastq.gz,1
HRR233154_r2.fastq.gz,1
HRR233155_f1.fastq.gz,1
HRR233155_r2.fastq.gz,1
HRR233156_f1.fastq.gz,1
HRR233156_r2.fastq.gz,1
HRR233157_f1.fastq.gz,1
HRR233157_r2.fastq.gz,1
HRR233158_f1.fastq.gz,1
HRR233158_r2.fastq.gz,1
HRR233159_f1.fastq.gz,1
HRR233159_r2.fastq.gz,1
HRR233160_f1.fastq.gz,1
HRR233160_r2.fastq.gz,1
HRR233161_f1.fastq.gz,1
HRR233161_r2.fastq.gz,1
HRR233162_f1.fastq.gz,1
HRR233162_r2.fastq.gz,1
HRR233163_f1.fastq.gz,1
HRR233163_r2.fastq.gz,1
HRR233164_f1.fastq.gz,1
HRR233164_r2.fastq.gz,1
HRR233165_f1.fastq.gz,1
HRR233165_r2.fastq.gz,1
HRR233166_f1.fastq.gz,1
HRR233166_r2.fastq.gz,1
HRR233167_f1.fastq.gz,1
HRR233167_r2.fastq.gz,1
HRR233168_f1.fastq.gz,1
HRR233168_r2.fastq.gz,1
HRR233169_f1.fastq.gz,1
HRR233169_r2.fastq.gz,1
HRR233170_f1.fastq.gz,1
HRR233170_r2.fastq.gz,1
HRR233171_f1.fastq.gz,1
HRR233171_r2.fastq.gz,1
HRR233172_f1.fastq.gz,1
HRR233172_r2.fastq.gz,1
HRR233173_f1.fastq.gz,1
HRR233173_r2.fastq.gz,1
HRR233174_f1.fastq.gz,1
HRR233174_r2.fastq.gz,1
HRR233175_f1.fastq.gz,1
HRR233175_r2.fastq.gz,1
HRR233176_f1.fastq.gz,1
HRR233176_r2.fastq.gz,1
HRR233177_f1.fastq.gz,1
HRR233177_r2.fastq.gz,1
HRR233178_f1.fastq.gz,1
HRR233178_r2.fastq.gz,1
HRR233179_f1.fastq.gz,1
HRR233179_r2.fastq.gz,1
HRR233180_f1.fastq.gz,1
HRR233180_r2.fastq.gz,1
HRR233181_f1.fastq.gz,1
HRR233181_r2.fastq.gz,1
HRR233182_f1.fastq.gz,1
HRR233182_r2.fastq.gz,1
HRR233183_f1.fastq.gz,1
HRR233183_r2.fastq.gz,1
HRR233184_f1.fastq.gz,1
HRR233184_r2.fastq.gz,1
HRR233185_f1.fastq.gz,1
HRR233185_r2.fastq.gz,1
HRR233186_f1.fastq.gz,1
HRR233186_r2.fastq.gz,1
HRR233187_f1.fastq.gz,1
HRR233187_r2.fastq.gz,1
HRR233188_f1.fastq.gz,1
HRR233188_r2.fastq.gz,1
HRR233189_f1.fastq.gz,1
HRR233189_r2.fastq.gz,1
HRR233190_f1.fastq.gz,1
HRR233190_r2.fastq.gz,1
HRR233191_f1.fastq.gz,1
HRR233191_r2.fastq.gz,1
HRR233192_f1.fastq.gz,1
HRR233192_r2.fastq.gz,1
HRR233193_f1.fastq.gz,1
HRR233193_r2.fastq.gz,1
HRR233194_f1.fastq.gz,1
HRR233194_r2.fastq.gz,1
HRR233195_f1.fastq.gz,1
HRR233195_r2.fastq.gz,1
HRR233196_f1.fastq.gz,1
HRR233196_r2.fastq.gz,1
HRR233197_f1.fastq.gz,1
HRR233197_r2.fastq.gz,1
HRR233198_f1.fastq.gz,1
HRR233198_r2.fastq.gz,1
HRR233199_f1.fastq.gz,1
HRR233199_r2.fastq.gz,1
HRR233200_f1.fastq.gz,1
HRR233200_r2.fastq.gz,1
HRR233201_f1.fastq.gz,1
HRR233201_r2.fastq.gz,1
HRR233202_f1.fastq.gz,1
HRR233202_r2.fastq.gz,1
HRR233203_f1.fastq.gz,1
HRR233203_r2.fastq.gz,1
HRR233204_f1.fastq.gz,1
HRR233204_r2.fastq.gz,1
HRR233205_f1.fastq.gz,1
HRR233205_r2.fastq.gz,1
HRR233206_f1.fastq.gz,1
HRR233206_r2.fastq.gz,1
HRR233207_f1.fastq.gz,1
HRR233207_r2.fastq.gz,1
HRR233208_f1.fastq.gz,1
HRR233208_r2.fastq.gz,1
HRR233209_f1.fastq.gz,1
HRR233209_r2.fastq.gz,1
HRR233210_f1.fastq.gz,1
HRR233210_r2.fastq.gz,1
HRR233211_f1.fastq.gz,1
HRR233211_r2.fastq.gz,1
HRR233212_f1.fastq.gz,1
HRR233212_r2.fastq.gz,1
HRR233213_f1.fastq.gz,1
HRR233213_r2.fastq.gz,1
HRR233214_f1.fastq.gz,1
HRR233214_r2.fastq.gz,1
HRR233215_f1.fastq.gz,1
HRR233215_r2.fastq.gz,1
HRR233216_f1.fastq.gz,1
HRR233216_r2.fastq.gz,1
HRR233217_f1.fastq.gz,1
HRR233217_r2.fastq.gz,1
HRR233218_f1.fastq.gz,1
HRR233218_r2.fastq.gz,1
HRR233219_f1.fastq.gz,1
HRR233219_r2.fastq.gz,1
HRR233220_f1.fastq.gz,1
HRR233220_r2.fastq.gz,1
HRR233221_f1.fastq.gz,1
HRR233221_r2.fastq.gz,1
HRR233222_f1.fastq.gz,1
HRR233222_r2.fastq.gz,1
HRR233223_f1.fastq.gz,1
HRR233223_r2.fastq.gz,1
HRR233224_f1.fastq.gz,1
HRR233224_r2.fastq.gz,1
HRR233225_f1.fastq.gz,1
HRR233225_r2.fastq.gz,1
HRR233226_f1.fastq.gz,1
HRR233226_r2.fastq.gz,1
HRR233227_f1.fastq.gz,1
HRR233227_r2.fastq.gz,1
HRR233228_f1.fastq.gz,1
HRR233228_r2.fastq.gz,1
HRR233229_f1.fastq.gz,1
HRR233229_r2.fastq.gz,1
HRR233230_f1.fastq.gz,1
HRR233230_r2.fastq.gz,1
HRR233231_f1.fastq.gz,1
HRR233231_r2.fastq.gz,1
HRR233232_f1.fastq.gz,1
HRR233232_r2.fastq.gz,1
HRR233233_f1.fastq.gz,1
HRR233233_r2.fastq.gz,1
HRR233234_f1.fastq.gz,1
HRR233234_r2.fastq.gz,1
HRR233235_f1.fastq.gz,1
HRR233235_r2.fastq.gz,1
HRR233236_f1.fastq.gz,1
HRR233236_r2.fastq.gz,1
HRR233237_f1.fastq.gz,1
HRR233237_r2.fastq.gz,1
HRR233238_f1.fastq.gz,1
HRR233238_r2.fastq.gz,1
HRR233239_f1.fastq.gz,1
HRR233239_r2.fastq.gz,1
HRR233240_f1.fastq.gz,1
HRR233240_r2.fastq.gz,1
HRR233241_f1.fastq.gz,1
HRR233241_r2.fastq.gz,1
HRR233242_f1.fastq.gz,1
HRR233242_r2.fastq.gz,1
HRR233243_f1.fastq.gz,1
HRR233243_r2.fastq.gz,1
HRR233244_f1.fastq.gz,1
HRR233244_r2.fastq.gz,1
HRR233245_f1.fastq.gz,1
HRR233245_r2.fastq.gz,1
HRR233246_f1.fastq.gz,1
HRR233246_r2.fastq.gz,1
HRR233247_f1.fastq.gz,1
HRR233247_r2.fastq.gz,1
HRR233248_f1.fastq.gz,1
HRR233248_r2.fastq.gz,1
HRR233249_f1.fastq.gz,1
HRR233249_r2.fastq.gz,1
HRR233250_f1.fastq.gz,1
HRR233250_r2.fastq.gz,1
HRR233251_f1.fastq.gz,1
HRR233251_r2.fastq.gz,1
HRR233252_f1.fastq.gz,1
HRR233252_r2.fastq.gz,1
HRR233253_f1.fastq.gz,1
HRR233253_r2.fastq.gz,1
HRR233254_f1.fastq.gz,1
HRR233254_r2.fastq.gz,1
HRR233255_f1.fastq.gz,1
HRR233255_r2.fastq.gz,1
HRR233256_f1.fastq.gz,1
HRR233256_r2.fastq.gz,1
HRR233257_f1.fastq.gz,1
HRR233257_r2.fastq.gz,1
HRR233258_f1.fastq.gz,1
HRR233258_r2.fastq.gz,1
HRR233259_f1.fastq.gz,1
HRR233259_r2.fastq.gz,1
HRR233260_f1.fastq.gz,1
HRR233260_r2.fastq.gz,1
HRR233261_f1.fastq.gz,1
HRR233261_r2.fastq.gz,1
HRR233262_f1.fastq.gz,1
HRR233262_r2.fastq.gz,1
HRR233263_f1.fastq.gz,1
HRR233263_r2.fastq.gz,1
HRR233264_f1.fastq.gz,1
HRR233264_r2.fastq.gz,1
HRR233265_f1.fastq.gz,1
HRR233265_r2.fastq.gz,1
HRR233266_f1.fastq.gz,1
HRR233266_r2.fastq.gz,1
HRR233267_f1.fastq.gz,1
HRR233267_r2.fastq.gz,1
HRR233268_f1.fastq.gz,1
HRR233268_r2.fastq.gz,1
HRR233269_f1.fastq.gz,1
HRR233269_r2.fastq.gz,1
HRR233270_f1.fastq.gz,1
HRR233270_r2.fastq.gz,1
HRR233271_f1.fastq.gz,1
HRR233271_r2.fastq.gz,1
HRR233272_f1.fastq.gz,1
HRR233272_r2.fastq.gz,1
HRR233273_f1.fastq.gz,1
HRR233273_r2.fastq.gz,1
HRR233274_f1.fastq.gz,1
HRR233274_r2.fastq.gz,1
HRR233275_f1.fastq.gz,1
HRR233275_r2.fastq.gz,1
HRR233276_f1.fastq.gz,1
HRR233276_r2.fastq.gz,1
HRR233277_f1.fastq.gz,1
HRR233277_r2.fastq.gz,1
HRR233278_f1.fastq.gz,1
HRR233278_r2.fastq.gz,1
HRR233279_f1.fastq.gz,1
HRR233279_r2.fastq.gz,1
HRR233280_f1.fastq.gz,1
HRR233280_r2.fastq.gz,1
HRR233281_f1.fastq.gz,1
HRR233281_r2.fastq.gz,1
HRR233282_f1.fastq.gz,1
HRR233282_r2.fastq.gz,1
HRR233283_f1.fastq.gz,1
HRR233283_r2.fastq.gz,1
HRR233284_f1.fastq.gz,1
HRR233284_r2.fastq.gz,1
HRR233285_f1.fastq.gz,1
HRR233285_r2.fastq.gz,1
HRR233286_f1.fastq.gz,1
HRR233286_r2.fastq.gz,1
HRR233287_f1.fastq.gz,1
HRR233287_r2.fastq.gz,1
HRR233288_f1.fastq.gz,1
HRR233288_r2.fastq.gz,1
HRR233289_f1.fastq.gz,1
HRR233289_r2.fastq.gz,1
HRR233290_f1.fastq.gz,1
HRR233290_r2.fastq.gz,1
HRR233291_f1.fastq.gz,1
HRR233291_r2.fastq.gz,1
HRR233292_f1.fastq.gz,1
HRR233292_r2.fastq.gz,1
HRR233293_f1.fastq.gz,1
HRR233293_r2.fastq.gz,1
HRR233294_f1.fastq.gz,1
HRR233294_r2.fastq.gz,1
HRR233295_f1.fastq.gz,1
HRR233295_r2.fastq.gz,1
HRR233296_f1.fastq.gz,1
HRR233296_r2.fastq.gz,1
HRR233297_f1.fastq.gz,1
HRR233297_r2.fastq.gz,1
HRR233298_f1.fastq.gz,1
HRR233298_r2.fastq.gz,1
HRR233299_f1.fastq.gz,1
HRR233299_r2.fastq.gz,1
HRR233300_f1.fastq.gz,1
HRR233300_r2.fastq.gz,1
HRR233301_f1.fastq.gz,1
HRR233301_r2.fastq.gz,1
HRR233302_f1.fastq.gz,1
HRR233302_r2.fastq.gz,1
HRR233303_f1.fastq.gz,1
HRR233303_r2.fastq.gz,1
HRR233304_f1.fastq.gz,1
HRR233304_r2.fastq.gz,1
HRR233305_f1.fastq.gz,1
HRR233305_r2.fastq.gz,1
HRR233306_f1.fastq.gz,1
HRR233306_r2.fastq.gz,1
HRR233307_f1.fastq.gz,1
HRR233307_r2.fastq.gz,1
HRR233308_f1.fastq.gz,1
HRR233308_r2.fastq.gz,1
HRR233309_f1.fastq.gz,1
HRR233309_r2.fastq.gz,1
HRR233310_f1.fastq.gz,1
HRR233310_r2.fastq.gz,1
HRR233311_f1.fastq.gz,1
HRR233311_r2.fastq.gz,1
HRR233312_f1.fastq.gz,1
HRR233312_r2.fastq.gz,1
HRR233313_f1.fastq.gz,1
HRR233313_r2.fastq.gz,1
HRR233314_f1.fastq.gz,1
HRR233314_r2.fastq.gz,1
HRR233315_f1.fastq.gz,1
HRR233315_r2.fastq.gz,1
HRR233316_f1.fastq.gz,1
HRR233316_r2.fastq.gz,1
HRR233317_f1.fastq.gz,1
HRR233317_r2.fastq.gz,1
HRR233318_f1.fastq.gz,1
HRR233318_r2.fastq.gz,1
HRR233319_f1.fastq.gz,1
HRR233319_r2.fastq.gz,1
HRR233320_f1.fastq.gz,1
HRR233320_r2.fastq.gz,1
HRR233321_f1.fastq.gz,1
HRR233321_r2.fastq.gz,1
HRR233322_f1.fastq.gz,1
HRR233322_r2.fastq.gz,1
HRR233323_f1.fastq.gz,1
HRR233323_r2.fastq.gz,1
HRR233324_f1.fastq.gz,1
HRR233324_r2.fastq.gz,1
HRR233325_f1.fastq.gz,1
HRR233325_r2.fastq.gz,1
HRR233326_f1.fastq.gz,1
HRR233326_r2.fastq.gz,1
HRR233327_f1.fastq.gz,1
HRR233327_r2.fastq.gz,1
HRR233328_f1.fastq.gz,1
HRR233328_r2.fastq.gz,1
HRR233329_f1.fastq.gz,1
HRR233329_r2.fastq.gz,1
HRR233330_f1.fastq.gz,1
HRR233330_r2.fastq.gz,1
HRR233331_f1.fastq.gz,1
HRR233331_r2.fastq.gz,1
HRR233332_f1.fastq.gz,1
HRR233332_r2.fastq.gz,1
HRR233333_f1.fastq.gz,1
HRR233333_r2.fastq.gz,1
HRR233334_f1.fastq.gz,1
HRR233334_r2.fastq.gz,1
HRR233335_f1.fastq.gz,1
HRR233335_r2.fastq.gz,1
HRR233336_f1.fastq.gz,1
HRR233336_r2.fastq.gz,1
HRR233337_f1.fastq.gz,1
HRR233337_r2.fastq.gz,1
HRR233338_f1.fastq.gz,1
HRR233338_r2.fastq.gz,1
HRR233339_f1.fastq.gz,1
HRR233339_r2.fastq.gz,1
HRR233340_f1.fastq.gz,1
HRR233340_r2.fastq.gz,1
HRR233341_f1.fastq.gz,1
HRR233341_r2.fastq.gz,1
HRR233342_f1.fastq.gz,1
HRR233342_r2.fastq.gz,1
HRR233343_f1.fastq.gz,1
HRR233343_r2.fastq.gz,1
HRR233344_f1.fastq.gz,1
HRR233344_r2.fastq.gz,1
HRR233345_f1.fastq.gz,1
HRR233345_r2.fastq.gz,1
HRR233346_f1.fastq.gz,1
HRR233346_r2.fastq.gz,1
HRR233347_f1.fastq.gz,1
HRR233347_r2.fastq.gz,1
HRR233348_f1.fastq.gz,1
HRR233348_r2.fastq.gz,1
HRR233349_f1.fastq.gz,1
HRR233349_r2.fastq.gz,1
HRR233350_f1.fastq.gz,1
HRR233350_r2.fastq.gz,1
HRR233351_f1.fastq.gz,1
HRR233351_r2.fastq.gz,1
HRR233352_f1.fastq.gz,1
HRR233352_r2.fastq.gz,1
HRR233353_f1.fastq.gz,1
HRR233353_r2.fastq.gz,1
HRR233354_f1.fastq.gz,1
HRR233354_r2.fastq.gz,1
HRR233355_f1.fastq.gz,1
HRR233355_r2.fastq.gz,1
HRR233356_f1.fastq.gz,1
HRR233356_r2.fastq.gz,1
HRR233357_f1.fastq.gz,1
HRR233357_r2.fastq.gz,1
HRR233358_f1.fastq.gz,1
HRR233358_r2.fastq.gz,1
HRR233359_f1.fastq.gz,1
HRR233359_r2.fastq.gz,1
HRR233360_f1.fastq.gz,1
HRR233360_r2.fastq.gz,1
HRR233361_f1.fastq.gz,1
HRR233361_r2.fastq.gz,1
HRR233362_f1.fastq.gz,1
HRR233362_r2.fastq.gz,1
HRR233363_f1.fastq.gz,1
HRR233363_r2.fastq.gz,1
HRR233364_f1.fastq.gz,1
HRR233364_r2.fastq.gz,1
HRR233365_f1.fastq.gz,1
HRR233365_r2.fastq.gz,1
HRR233366_f1.fastq.gz,1
HRR233366_r2.fastq.gz,1
HRR233367_f1.fastq.gz,1
HRR233367_r2.fastq.gz,1
HRR233368_f1.fastq.gz,1
HRR233368_r2.fastq.gz,1
HRR233369_f1.fastq.gz,1
HRR233369_r2.fastq.gz,1
HRR233370_f1.fastq.gz,1
HRR233370_r2.fastq.gz,1
HRR233371_f1.fastq.gz,1
HRR233371_r2.fastq.gz,1
HRR233372_f1.fastq.gz,1
HRR233372_r2.fastq.gz,1
HRR233373_f1.fastq.gz,1
HRR233373_r2.fastq.gz,1
HRR233374_f1.fastq.gz,1
HRR233374_r2.fastq.gz,1
HRR233375_f1.fastq.gz,1
HRR233375_r2.fastq.gz,1
HRR233376_f1.fastq.gz,1
HRR233376_r2.fastq.gz,1
HRR233377_f1.fastq.gz,1
HRR233377_r2.fastq.gz,1
HRR233378_f1.fastq.gz,1
HRR233378_r2.fastq.gz,1
HRR233379_f1.fastq.gz,1
HRR233379_r2.fastq.gz,1
HRR233380_f1.fastq.gz,1
HRR233380_r2.fastq.gz,1
HRR233381_f1.fastq.gz,1
HRR233381_r2.fastq.gz,1
HRR233382_f1.fastq.gz,1
HRR233382_r2.fastq.gz,1
HRR233383_f1.fastq.gz,1
HRR233383_r2.fastq.gz,1
HRR233384_f1.fastq.gz,1
HRR233384_r2.fastq.gz,1
HRR233385_f1.fastq.gz,1
HRR233385_r2.fastq.gz,1
HRR233386_f1.fastq.gz,1
HRR233386_r2.fastq.gz,1
HRR233387_f1.fastq.gz,1
HRR233387_r2.fastq.gz,1
HRR233388_f1.fastq.gz,1
HRR233388_r2.fastq.gz,1
HRR233389_f1.fastq.gz,1
HRR233389_r2.fastq.gz,1
HRR233390_f1.fastq.gz,1
HRR233390_r2.fastq.gz,1
HRR233391_f1.fastq.gz,1
HRR233391_r2.fastq.gz,1
HRR233392_f1.fastq.gz,1
HRR233392_r2.fastq.gz,1
HRR233393_f1.fastq.gz,1
HRR233393_r2.fastq.gz,1
HRR233394_f1.fastq.gz,1
HRR233394_r2.fastq.gz,1
HRR233395_f1.fastq.gz,1
HRR233395_r2.fastq.gz,1
HRR233396_f1.fastq.gz,1
HRR233396_r2.fastq.gz,1
HRR233397_f1.fastq.gz,1
HRR233397_r2.fastq.gz,1
HRR233398_f1.fastq.gz,1
HRR233398_r2.fastq.gz,1
HRR233399_f1.fastq.gz,1
HRR233399_r2.fastq.gz,1
HRR233400_f1.fastq.gz,1
HRR233400_r2.fastq.gz,1
HRR233401_f1.fastq.gz,1
HRR233401_r2.fastq.gz,1
HRR233402_f1.fastq.gz,1
HRR233402_r2.fastq.gz,1
HRR233403_f1.fastq.gz,1
HRR233403_r2.fastq.gz,1
HRR233404_f1.fastq.gz,1
HRR233404_r2.fastq.gz,1
HRR233405_f1.fastq.gz,1
HRR233405_r2.fastq.gz,1
HRR233406_f1.fastq.gz,1
HRR233406_r2.fastq.gz,1
HRR233407_f1.fastq.gz,1
HRR233407_r2.fastq.gz,1
HRR233408_f1.fastq.gz,1
HRR233408_r2.fastq.gz,1
HRR233409_f1.fastq.gz,1
HRR233409_r2.fastq.gz,1
HRR233410_f1.fastq.gz,1
HRR233410_r2.fastq.gz,1
HRR233411_f1.fastq.gz,1
HRR233411_r2.fastq.gz,1
HRR233412_f1.fastq.gz,1
HRR233412_r2.fastq.gz,1
HRR233413_f1.fastq.gz,1
HRR233413_r2.fastq.gz,1
HRR233414_f1.fastq.gz,1
HRR233414_r2.fastq.gz,1
HRR233415_f1.fastq.gz,1
HRR233415_r2.fastq.gz,1
HRR233416_f1.fastq.gz,1
HRR233416_r2.fastq.gz,1
HRR233417_f1.fastq.gz,1
HRR233417_r2.fastq.gz,1
HRR233418_f1.fastq.gz,1
HRR233418_r2.fastq.gz,1
HRR233419_f1.fastq.gz,1
HRR233419_r2.fastq.gz,1
HRR233420_f1.fastq.gz,1
HRR233420_r2.fastq.gz,1
HRR233421_f1.fastq.gz,1
HRR233421_r2.fastq.gz,1
HRR233422_f1.fastq.gz,1
HRR233422_r2.fastq.gz,1
HRR233423_f1.fastq.gz,1
HRR233423_r2.fastq.gz,1
HRR233424_f1.fastq.gz,1
HRR233424_r2.fastq.gz,1
HRR233425_f1.fastq.gz,1
HRR233425_r2.fastq.gz,1
HRR233426_f1.fastq.gz,1
HRR233426_r2.fastq.gz,1
HRR233427_f1.fastq.gz,1
HRR233427_r2.fastq.gz,1
HRR233428_f1.fastq.gz,1
HRR233428_r2.fastq.gz,1
HRR233429_f1.fastq.gz,1
HRR233429_r2.fastq.gz,1
HRR233430_f1.fastq.gz,1
HRR233430_r2.fastq.gz,1
HRR233431_f1.fastq.gz,1
HRR233431_r2.fastq.gz,1
HRR233432_f1.fastq.gz,1
HRR233432_r2.fastq.gz,1
HRR233433_f1.fastq.gz,1
HRR233433_r2.fastq.gz,1
HRR233434_f1.fastq.gz,1
HRR233434_r2.fastq.gz,1
HRR233435_f1.fastq.gz,1
HRR233435_r2.fastq.gz,1
HRR233436_f1.fastq.gz,1
HRR233436_r2.fastq.gz,1
HRR233437_f1.fastq.gz,1
HRR233437_r2.fastq.gz,1
HRR233438_f1.fastq.gz,1
HRR233438_r2.fastq.gz,1
HRR233439_f1.fastq.gz,1
HRR233439_r2.fastq.gz,1
HRR233440_f1.fastq.gz,1
HRR233440_r2.fastq.gz,1
HRR233441_f1.fastq.gz,1
HRR233441_r2.fastq.gz,1
HRR233442_f1.fastq.gz,1
HRR233442_r2.fastq.gz,1
HRR233443_f1.fastq.gz,1
HRR233443_r2.fastq.gz,1
HRR233444_f1.fastq.gz,1
HRR233444_r2.fastq.gz,1
HRR233445_f1.fastq.gz,1
HRR233445_r2.fastq.gz,1
HRR233446_f1.fastq.gz,1
HRR233446_r2.fastq.gz,1
HRR233447_f1.fastq.gz,1
HRR233447_r2.fastq.gz,1
HRR233448_f1.fastq.gz,1
HRR233448_r2.fastq.gz,1
HRR233449_f1.fastq.gz,1
HRR233449_r2.fastq.gz,1
HRR233450_f1.fastq.gz,1
HRR233450_r2.fastq.gz,1
HRR233451_f1.fastq.gz,1
HRR233451_r2.fastq.gz,1
HRR233452_f1.fastq.gz,1
HRR233452_r2.fastq.gz,1
HRR233453_f1.fastq.gz,1
HRR233453_r2.fastq.gz,1
HRR233454_f1.fastq.gz,1
HRR233454_r2.fastq.gz,1
HRR233455_f1.fastq.gz,1
HRR233455_r2.fastq.gz,1
HRR233456_f1.fastq.gz,1
HRR233456_r2.fastq.gz,1
HRR233457_f1.fastq.gz,1
HRR233457_r2.fastq.gz,1
HRR233458_f1.fastq.gz,1
HRR233458_r2.fastq.gz,1
HRR233459_f1.fastq.gz,1
HRR233459_r2.fastq.gz,1
HRR233460_f1.fastq.gz,1
HRR233460_r2.fastq.gz,1
HRR233461_f1.fastq.gz,1
HRR233461_r2.fastq.gz,1
HRR233462_f1.fastq.gz,1
HRR233462_r2.fastq.gz,1
HRR233463_f1.fastq.gz,1
HRR233463_r2.fastq.gz,1
HRR233464_f1.fastq.gz,1
HRR233464_r2.fastq.gz,1
HRR233465_f1.fastq.gz,1
HRR233465_r2.fastq.gz,1
HRR233466_f1.fastq.gz,1
HRR233466_r2.fastq.gz,1
HRR233467_f1.fastq.gz,1
HRR233467_r2.fastq.gz,1
HRR233468_f1.fastq.gz,1
HRR233468_r2.fastq.gz,1
HRR233469_f1.fastq.gz,1
HRR233469_r2.fastq.gz,1
HRR233470_f1.fastq.gz,1
HRR233470_r2.fastq.gz,1
HRR233471_f1.fastq.gz,1
HRR233471_r2.fastq.gz,1
HRR233472_f1.fastq.gz,1
HRR233472_r2.fastq.gz,1
HRR233473_f1.fastq.gz,1
HRR233473_r2.fastq.gz,1
HRR233474_f1.fastq.gz,1
HRR233474_r2.fastq.gz,1
HRR233475_f1.fastq.gz,1
HRR233475_r2.fastq.gz,1
HRR233476_f1.fastq.gz,1
HRR233476_r2.fastq.gz,1
HRR233477_f1.fastq.gz,1
HRR233477_r2.fastq.gz,1
HRR233478_f1.fastq.gz,1
HRR233478_r2.fastq.gz,1
HRR233479_f1.fastq.gz,1
HRR233479_r2.fastq.gz,1
HRR233480_f1.fastq.gz,1
HRR233480_r2.fastq.gz,1
HRR233481_f1.fastq.gz,1
HRR233481_r2.fastq.gz,1
HRR233482_f1.fastq.gz,1
HRR233482_r2.fastq.gz,1
HRR233483_f1.fastq.gz,1
HRR233483_r2.fastq.gz,1
HRR233484_f1.fastq.gz,1
HRR233484_r2.fastq.gz,1
HRR233485_f1.fastq.gz,1
HRR233485_r2.fastq.gz,1
HRR233486_f1.fastq.gz,1
HRR233486_r2.fastq.gz,1
HRR233487_f1.fastq.gz,1
HRR233487_r2.fastq.gz,1
HRR233488_f1.fastq.gz,1
HRR233488_r2.fastq.gz,1
HRR233489_f1.fastq.gz,1
HRR233489_r2.fastq.gz,1
HRR233490_f1.fastq.gz,1
HRR233490_r2.fastq.gz,1
HRR233491_f1.fastq.gz,1
HRR233491_r2.fastq.gz,1
HRR233492_f1.fastq.gz,1
HRR233492_r2.fastq.gz,1
HRR233493_f1.fastq.gz,1
HRR233493_r2.fastq.gz,1
HRR233494_f1.fastq.gz,1
HRR233494_r2.fastq.gz,1
HRR233495_f1.fastq.gz,1
HRR233495_r2.fastq.gz,1
HRR233496_f1.fastq.gz,1
HRR233496_r2.fastq.gz,1
HRR233497_f1.fastq.gz,1
HRR233497_r2.fastq.gz,1
HRR233498_f1.fastq.gz,1
HRR233498_r2.fastq.gz,1
HRR233499_f1.fastq.gz,1
HRR233499_r2.fastq.gz,1
HRR233500_f1.fastq.gz,1
HRR233500_r2.fastq.gz,1
HRR233501_f1.fastq.gz,1
HRR233501_r2.fastq.gz,1
HRR233502_f1.fastq.gz,1
HRR233502_r2.fastq.gz,1
HRR233503_f1.fastq.gz,1
HRR233503_r2.fastq.gz,1
HRR233504_f1.fastq.gz,1
HRR233504_r2.fastq.gz,1
HRR233505_f1.fastq.gz,1
HRR233505_r2.fastq.gz,1
HRR233506_f1.fastq.gz,1
HRR233506_r2.fastq.gz,1
HRR233507_f1.fastq.gz,1
HRR233507_r2.fastq.gz,1
HRR233508_f1.fastq.gz,1
HRR233508_r2.fastq.gz,1
HRR233509_f1.fastq.gz,1
HRR233509_r2.fastq.gz,1
HRR233510_f1.fastq.gz,1
HRR233510_r2.fastq.gz,1
HRR233511_f1.fastq.gz,1
HRR233511_r2.fastq.gz,1
HRR233512_f1.fastq.gz,1
HRR233512_r2.fastq.gz,1
HRR233513_f1.fastq.gz,1
HRR233513_r2.fastq.gz,1
HRR233514_f1.fastq.gz,1
HRR233514_r2.fastq.gz,1
HRR233515_f1.fastq.gz,1
HRR233515_r2.fastq.gz,1
HRR233516_f1.fastq.gz,1
HRR233516_r2.fastq.gz,1
HRR233517_f1.fastq.gz,1
HRR233517_r2.fastq.gz,1
HRR233518_f1.fastq.gz,1
HRR233518_r2.fastq.gz,1
HRR233519_f1.fastq.gz,1
HRR233519_r2.fastq.gz,1
HRR233520_f1.fastq.gz,1
HRR233520_r2.fastq.gz,1
HRR233521_f1.fastq.gz,1
HRR233521_r2.fastq.gz,1
HRR233522_f1.fastq.gz,1
HRR233522_r2.fastq.gz,1
HRR233523_f1.fastq.gz,1
HRR233523_r2.fastq.gz,1
HRR233524_f1.fastq.gz,1
HRR233524_r2.fastq.gz,1
HRR233525_f1.fastq.gz,1
HRR233525_r2.fastq.gz,1
HRR233526_f1.fastq.gz,1
HRR233526_r2.fastq.gz,1
HRR233527_f1.fastq.gz,1
HRR233527_r2.fastq.gz,1
HRR233528_f1.fastq.gz,1
HRR233528_r2.fastq.gz,1
HRR233529_f1.fastq.gz,1
HRR233529_r2.fastq.gz,1
HRR233530_f1.fastq.gz,1
HRR233530_r2.fastq.gz,1
HRR233531_f1.fastq.gz,1
HRR233531_r2.fastq.gz,1
HRR233532_f1.fastq.gz,1
HRR233532_r2.fastq.gz,1
HRR233533_f1.fastq.gz,1
HRR233533_r2.fastq.gz,1
HRR233534_f1.fastq.gz,1
HRR233534_r2.fastq.gz,1
HRR233535_f1.fastq.gz,1
HRR233535_r2.fastq.gz,1
HRR233536_f1.fastq.gz,1
HRR233536_r2.fastq.gz,1
HRR233537_f1.fastq.gz,1
HRR233537_r2.fastq.gz,1
HRR233538_f1.fastq.gz,1
HRR233538_r2.fastq.gz,1
HRR233539_f1.fastq.gz,1
HRR233539_r2.fastq.gz,1
HRR233540_f1.fastq.gz,1
HRR233540_r2.fastq.gz,1
HRR233541_f1.fastq.gz,1
HRR233541_r2.fastq.gz,1
HRR233542_f1.fastq.gz,1
HRR233542_r2.fastq.gz,1
HRR233543_f1.fastq.gz,1
HRR233543_r2.fastq.gz,1
HRR233544_f1.fastq.gz,1
HRR233544_r2.fastq.gz,1
HRR233545_f1.fastq.gz,1
HRR233545_r2.fastq.gz,1
HRR233546_f1.fastq.gz,1
HRR233546_r2.fastq.gz,1
HRR233547_f1.fastq.gz,1
HRR233547_r2.fastq.gz,1
HRR233548_f1.fastq.gz,1
HRR233548_r2.fastq.gz,1
HRR233549_f1.fastq.gz,1
HRR233549_r2.fastq.gz,1
HRR233550_f1.fastq.gz,1
HRR233550_r2.fastq.gz,1
HRR233551_f1.fastq.gz,1
HRR233551_r2.fastq.gz,1
HRR233552_f1.fastq.gz,1
HRR233552_r2.fastq.gz,1
HRR233553_f1.fastq.gz,1
HRR233553_r2.fastq.gz,1
HRR233554_f1.fastq.gz,1
HRR233554_r2.fastq.gz,1
HRR233555_f1.fastq.gz,1
HRR233555_r2.fastq.gz,1
HRR233556_f1.fastq.gz,1
HRR233556_r2.fastq.gz,1
HRR233557_f1.fastq.gz,1
HRR233557_r2.fastq.gz,1
HRR233558_f1.fastq.gz,1
HRR233558_r2.fastq.gz,1
HRR233559_f1.fastq.gz,1
HRR233559_r2.fastq.gz,1
HRR233560_f1.fastq.gz,1
HRR233560_r2.fastq.gz,1
HRR233561_f1.fastq.gz,1
HRR233561_r2.fastq.gz,1
HRR233562_f1.fastq.gz,1
HRR233562_r2.fastq.gz,1
HRR233563_f1.fastq.gz,1
HRR233563_r2.fastq.gz,1
HRR233564_f1.fastq.gz,1
HRR233564_r2.fastq.gz,1
HRR233565_f1.fastq.gz,1
HRR233565_r2.fastq.gz,1
HRR233566_f1.fastq.gz,1
HRR233566_r2.fastq.gz,1
HRR233567_f1.fastq.gz,1
HRR233567_r2.fastq.gz,1
HRR233568_f1.fastq.gz,1
HRR233568_r2.fastq.gz,1
HRR233569_f1.fastq.gz,1
HRR233569_r2.fastq.gz,1
HRR233570_f1.fastq.gz,1
HRR233570_r2.fastq.gz,1
HRR233571_f1.fastq.gz,1
HRR233571_r2.fastq.gz,1
HRR233572_f1.fastq.gz,1
HRR233572_r2.fastq.gz,1
HRR233573_f1.fastq.gz,1
HRR233573_r2.fastq.gz,1
HRR233574_f1.fastq.gz,1
HRR233574_r2.fastq.gz,1
HRR233575_f1.fastq.gz,1
HRR233575_r2.fastq.gz,1
HRR233576_f1.fastq.gz,1
HRR233576_r2.fastq.gz,1
HRR233577_f1.fastq.gz,1
HRR233577_r2.fastq.gz,1
HRR233578_f1.fastq.gz,1
HRR233578_r2.fastq.gz,1
HRR233579_f1.fastq.gz,1
HRR233579_r2.fastq.gz,1
HRR233580_f1.fastq.gz,1
HRR233580_r2.fastq.gz,1
HRR233581_f1.fastq.gz,1
HRR233581_r2.fastq.gz,1
HRR233582_f1.fastq.gz,1
HRR233582_r2.fastq.gz,1
HRR233583_f1.fastq.gz,1
HRR233583_r2.fastq.gz,1
HRR233584_f1.fastq.gz,1
HRR233584_r2.fastq.gz,1
HRR233585_f1.fastq.gz,1
HRR233585_r2.fastq.gz,1
HRR233586_f1.fastq.gz,1
HRR233586_r2.fastq.gz,1
HRR233587_f1.fastq.gz,1
HRR233587_r2.fastq.gz,1
HRR233588_f1.fastq.gz,1
HRR233588_r2.fastq.gz,1
HRR233589_f1.fastq.gz,1
HRR233589_r2.fastq.gz,1
HRR233590_f1.fastq.gz,1
HRR233590_r2.fastq.gz,1
HRR233591_f1.fastq.gz,1
HRR233591_r2.fastq.gz,1
HRR233592_f1.fastq.gz,1
HRR233592_r2.fastq.gz,1
HRR233593_f1.fastq.gz,1
HRR233593_r2.fastq.gz,1
HRR233594_f1.fastq.gz,1
HRR233594_r2.fastq.gz,1
HRR233595_f1.fastq.gz,1
HRR233595_r2.fastq.gz,1
HRR233596_f1.fastq.gz,1
HRR233596_r2.fastq.gz,1
HRR233597_f1.fastq.gz,1
HRR233597_r2.fastq.gz,1
HRR233598_f1.fastq.gz,1
HRR233598_r2.fastq.gz,1
HRR233599_f1.fastq.gz,1
HRR233599_r2.fastq.gz,1
HRR233600_f1.fastq.gz,1
HRR233600_r2.fastq.gz,1
HRR233601_f1.fastq.gz,1
HRR233601_r2.fastq.gz,1
HRR233602_f1.fastq.gz,1
HRR233602_r2.fastq.gz,1
HRR233603_f1.fastq.gz,1
HRR233603_r2.fastq.gz,1
HRR233604_f1.fastq.gz,1
HRR233604_r2.fastq.gz,1
HRR233605_f1.fastq.gz,1
HRR233605_r2.fastq.gz,1
HRR233606_f1.fastq.gz,1
HRR233606_r2.fastq.gz,1
HRR233607_f1.fastq.gz,1
HRR233607_r2.fastq.gz,1
HRR233608_f1.fastq.gz,1
HRR233608_r2.fastq.gz,1
HRR233609_f1.fastq.gz,1
HRR233609_r2.fastq.gz,1
HRR233610_f1.fastq.gz,1
HRR233610_r2.fastq.gz,1
HRR233611_f1.fastq.gz,1
HRR233611_r2.fastq.gz,1
HRR233612_f1.fastq.gz,1
HRR233612_r2.fastq.gz,1
HRR233613_f1.fastq.gz,1
HRR233613_r2.fastq.gz,1
HRR233614_f1.fastq.gz,1
HRR233614_r2.fastq.gz,1
HRR233615_f1.fastq.gz,1
HRR233615_r2.fastq.gz,1
HRR233616_f1.fastq.gz,1
HRR233616_r2.fastq.gz,1
HRR233617_f1.fastq.gz,1
HRR233617_r2.fastq.gz,1
HRR233618_f1.fastq.gz,1
HRR233618_r2.fastq.gz,1
HRR233619_f1.fastq.gz,1
HRR233619_r2.fastq.gz,1
HRR233620_f1.fastq.gz,1
HRR233620_r2.fastq.gz,1
HRR233621_f1.fastq.gz,1
HRR233621_r2.fastq.gz,1
HRR233622_f1.fastq.gz,1
HRR233622_r2.fastq.gz,1
HRR233623_f1.fastq.gz,1
HRR233623_r2.fastq.gz,1
HRR233624_f1.fastq.gz,1
HRR233624_r2.fastq.gz,1
HRR233625_f1.fastq.gz,1
HRR233625_r2.fastq.gz,1
HRR233626_f1.fastq.gz,1
HRR233626_r2.fastq.gz,1
HRR233627_f1.fastq.gz,1
HRR233627_r2.fastq.gz,1
HRR233628_f1.fastq.gz,1
HRR233628_r2.fastq.gz,1
HRR233629_f1.fastq.gz,1
HRR233629_r2.fastq.gz,1
HRR233630_f1.fastq.gz,1
HRR233630_r2.fastq.gz,1
HRR233631_f1.fastq.gz,1
HRR233631_r2.fastq.gz,1
HRR233632_f1.fastq.gz,1
HRR233632_r2.fastq.gz,1
HRR233633_f1.fastq.gz,1
HRR233633_r2.fastq.gz,1
HRR233634_f1.fastq.gz,1
HRR233634_r2.fastq.gz,1
HRR233635_f1.fastq.gz,1
HRR233635_r2.fastq.gz,1
HRR233636_f1.fastq.gz,1
HRR233636_r2.fastq.gz,1
HRR233637_f1.fastq.gz,1
HRR233637_r2.fastq.gz,1
HRR233638_f1.fastq.gz,1
HRR233638_r2.fastq.gz,1
HRR233639_f1.fastq.gz,1
HRR233639_r2.fastq.gz,1
HRR233640_f1.fastq.gz,1
HRR233640_r2.fastq.gz,1
HRR233641_f1.fastq.gz,1
HRR233641_r2.fastq.gz,1
HRR233642_f1.fastq.gz,1
HRR233642_r2.fastq.gz,1
HRR233643_f1.fastq.gz,1
HRR233643_r2.fastq.gz,1
HRR233644_f1.fastq.gz,1
HRR233644_r2.fastq.gz,1
HRR233645_f1.fastq.gz,1
HRR233645_r2.fastq.gz,1
HRR233646_f1.fastq.gz,1
HRR233646_r2.fastq.gz,1
HRR233647_f1.fastq.gz,1
HRR233647_r2.fastq.gz,1
HRR233648_f1.fastq.gz,1
HRR233648_r2.fastq.gz,1
HRR233649_f1.fastq.gz,1
HRR233649_r2.fastq.gz,1
HRR233650_f1.fastq.gz,1
HRR233650_r2.fastq.gz,1
HRR233651_f1.fastq.gz,1
HRR233651_r2.fastq.gz,1
HRR233652_f1.fastq.gz,1
HRR233652_r2.fastq.gz,1
HRR233653_f1.fastq.gz,1
HRR233653_r2.fastq.gz,1
HRR233654_f1.fastq.gz,1
HRR233654_r2.fastq.gz,1
HRR233655_f1.fastq.gz,1
HRR233655_r2.fastq.gz,1
HRR233656_f1.fastq.gz,1
HRR233656_r2.fastq.gz,1
HRR233657_f1.fastq.gz,1
HRR233657_r2.fastq.gz,1
HRR233658_f1.fastq.gz,1
HRR233658_r2.fastq.gz,1
HRR233659_f1.fastq.gz,1
HRR233659_r2.fastq.gz,1
HRR233660_f1.fastq.gz,1
HRR233660_r2.fastq.gz,1
HRR233661_f1.fastq.gz,1
HRR233661_r2.fastq.gz,1
HRR233662_f1.fastq.gz,1
HRR233662_r2.fastq.gz,1
HRR233663_f1.fastq.gz,1
HRR233663_r2.fastq.gz,1
HRR233664_f1.fastq.gz,1
HRR233664_r2.fastq.gz,1
HRR233665_f1.fastq.gz,1
HRR233665_r2.fastq.gz,1
HRR233666_f1.fastq.gz,1
HRR233666_r2.fastq.gz,1
HRR233667_f1.fastq.gz,1
HRR233667_r2.fastq.gz,1
HRR233668_f1.fastq.gz,1
HRR233668_r2.fastq.gz,1
HRR233669_f1.fastq.gz,1
HRR233669_r2.fastq.gz,1
HRR233670_f1.fastq.gz,1
HRR233670_r2.fastq.gz,1
HRR233671_f1.fastq.gz,1
HRR233671_r2.fastq.gz,1
HRR233672_f1.fastq.gz,1
HRR233672_r2.fastq.gz,1
HRR233673_f1.fastq.gz,1
HRR233673_r2.fastq.gz,1
HRR233674_f1.fastq.gz,1
HRR233674_r2.fastq.gz,1
HRR233675_f1.fastq.gz,1
HRR233675_r2.fastq.gz,1
HRR233676_f1.fastq.gz,1
HRR233676_r2.fastq.gz,1
HRR233677_f1.fastq.gz,1
HRR233677_r2.fastq.gz,1
HRR233678_f1.fastq.gz,1
HRR233678_r2.fastq.gz,1
HRR233679_f1.fastq.gz,1
HRR233679_r2.fastq.gz,1
HRR233680_f1.fastq.gz,1
HRR233680_r2.fastq.gz,1
HRR233681_f1.fastq.gz,1
HRR233681_r2.fastq.gz,1
HRR233682_f1.fastq.gz,1
HRR233682_r2.fastq.gz,1
HRR233683_f1.fastq.gz,1
HRR233683_r2.fastq.gz,1
HRR233684_f1.fastq.gz,1
HRR233684_r2.fastq.gz,1
HRR233685_f1.fastq.gz,1
HRR233685_r2.fastq.gz,1
HRR233686_f1.fastq.gz,1
HRR233686_r2.fastq.gz,1
HRR233687_f1.fastq.gz,1
HRR233687_r2.fastq.gz,1
HRR233688_f1.fastq.gz,1
HRR233688_r2.fastq.gz,1
HRR233689_f1.fastq.gz,1
HRR233689_r2.fastq.gz,1
HRR233690_f1.fastq.gz,1
HRR233690_r2.fastq.gz,1
HRR233691_f1.fastq.gz,1
HRR233691_r2.fastq.gz,1
HRR233692_f1.fastq.gz,1
HRR233692_r2.fastq.gz,1
HRR233693_f1.fastq.gz,1
HRR233693_r2.fastq.gz,1
HRR233694_f1.fastq.gz,1
HRR233694_r2.fastq.gz,1
HRR233695_f1.fastq.gz,1
HRR233695_r2.fastq.gz,1
HRR233696_f1.fastq.gz,1
HRR233696_r2.fastq.gz,1
HRR233697_f1.fastq.gz,1
HRR233697_r2.fastq.gz,1
HRR233698_f1.fastq.gz,1
HRR233698_r2.fastq.gz,1
HRR233699_f1.fastq.gz,1
HRR233699_r2.fastq.gz,1
HRR233700_f1.fastq.gz,1
HRR233700_r2.fastq.gz,1
HRR233701_f1.fastq.gz,1
HRR233701_r2.fastq.gz,1
HRR233702_f1.fastq.gz,1
HRR233702_r2.fastq.gz,1
HRR233703_f1.fastq.gz,1
HRR233703_r2.fastq.gz,1
HRR233704_f1.fastq.gz,1
HRR233704_r2.fastq.gz,1
HRR233705_f1.fastq.gz,1
HRR233705_r2.fastq.gz,1
HRR233706_f1.fastq.gz,1
HRR233706_r2.fastq.gz,1
HRR233707_f1.fastq.gz,1
HRR233707_r2.fastq.gz,1
HRR233708_f1.fastq.gz,1
HRR233708_r2.fastq.gz,1
HRR233709_f1.fastq.gz,1
HRR233709_r2.fastq.gz,1
HRR233710_f1.fastq.gz,1
HRR233710_r2.fastq.gz,1
HRR233711_f1.fastq.gz,1
HRR233711_r2.fastq.gz,1
HRR233712_f1.fastq.gz,1
HRR233712_r2.fastq.gz,1
HRR233713_f1.fastq.gz,1
HRR233713_r2.fastq.gz,1
HRR233714_f1.fastq.gz,1
HRR233714_r2.fastq.gz,1
HRR233715_f1.fastq.gz,1
HRR233715_r2.fastq.gz,1
HRR233716_f1.fastq.gz,1
HRR233716_r2.fastq.gz,1
HRR233717_f1.fastq.gz,1
HRR233717_r2.fastq.gz,1
HRR233718_f1.fastq.gz,1
HRR233718_r2.fastq.gz,1
HRR233719_f1.fastq.gz,1
HRR233719_r2.fastq.gz,1
HRR233720_f1.fastq.gz,1
HRR233720_r2.fastq.gz,1
HRR233721_f1.fastq.gz,1
HRR233721_r2.fastq.gz,1
HRR233722_f1.fastq.gz,1
HRR233722_r2.fastq.gz,1
HRR233723_f1.fastq.gz,1
HRR233723_r2.fastq.gz,1
HRR233724_f1.fastq.gz,1
HRR233724_r2.fastq.gz,1
HRR233725_f1.fastq.gz,1
HRR233725_r2.fastq.gz,1
HRR233726_f1.fastq.gz,1
HRR233726_r2.fastq.gz,1
HRR233727_f1.fastq.gz,1
HRR233727_r2.fastq.gz,1
HRR233728_f1.fastq.gz,1
HRR233728_r2.fastq.gz,1
HRR233729_f1.fastq.gz,1
HRR233729_r2.fastq.gz,1
HRR233730_f1.fastq.gz,1
HRR233730_r2.fastq.gz,1
HRR233731_f1.fastq.gz,1
HRR233731_r2.fastq.gz,1
HRR233732_f1.fastq.gz,1
HRR233732_r2.fastq.gz,1
HRR233733_f1.fastq.gz,1
HRR233733_r2.fastq.gz,1
HRR233734_f1.fastq.gz,1
HRR233734_r2.fastq.gz,1
HRR233735_f1.fastq.gz,1
HRR233735_r2.fastq.gz,1
HRR233736_f1.fastq.gz,1
HRR233736_r2.fastq.gz,1
HRR233737_f1.fastq.gz,1
HRR233737_r2.fastq.gz,1
HRR233738_f1.fastq.gz,1
HRR233738_r2.fastq.gz,1
HRR233739_f1.fastq.gz,1
HRR233739_r2.fastq.gz,1
HRR233740_f1.fastq.gz,1
HRR233740_r2.fastq.gz,1
HRR233741_f1.fastq.gz,1
HRR233741_r2.fastq.gz,1
HRR233742_f1.fastq.gz,1
HRR233742_r2.fastq.gz,1
HRR233743_f1.fastq.gz,1
HRR233743_r2.fastq.gz,1
HRR233744_f1.fastq.gz,1
HRR233744_r2.fastq.gz,1
HRR233745_f1.fastq.gz,1
HRR233745_r2.fastq.gz,1
HRR233746_f1.fastq.gz,1
HRR233746_r2.fastq.gz,1
HRR233747_f1.fastq.gz,1
HRR233747_r2.fastq.gz,1
HRR233748_f1.fastq.gz,1
HRR233748_r2.fastq.gz,1
HRR233749_f1.fastq.gz,1
HRR233749_r2.fastq.gz,1
HRR233750_f1.fastq.gz,1
HRR233750_r2.fastq.gz,1
HRR233751_f1.fastq.gz,1
HRR233751_r2.fastq.gz,1
HRR233752_f1.fastq.gz,1
HRR233752_r2.fastq.gz,1
HRR233753_f1.fastq.gz,1
HRR233753_r2.fastq.gz,1
HRR233754_f1.fastq.gz,1
HRR233754_r2.fastq.gz,1
HRR233755_f1.fastq.gz,1
HRR233755_r2.fastq.gz,1
HRR233756_f1.fastq.gz,1
HRR233756_r2.fastq.gz,1
HRR233757_f1.fastq.gz,1
HRR233757_r2.fastq.gz,1
HRR233758_f1.fastq.gz,1
HRR233758_r2.fastq.gz,1
HRR233759_f1.fastq.gz,1
HRR233759_r2.fastq.gz,1
HRR233760_f1.fastq.gz,1
HRR233760_r2.fastq.gz,1
HRR233761_f1.fastq.gz,1
HRR233761_r2.fastq.gz,1
HRR233762_f1.fastq.gz,1
HRR233762_r2.fastq.gz,1
HRR233763_f1.fastq.gz,1
HRR233763_r2.fastq.gz,1
HRR233764_f1.fastq.gz,1
HRR233764_r2.fastq.gz,1
HRR233765_f1.fastq.gz,1
HRR233765_r2.fastq.gz,1
HRR233766_f1.fastq.gz,1
HRR233766_r2.fastq.gz,1
HRR233767_f1.fastq.gz,1
HRR233767_r2.fastq.gz,1
HRR233768_f1.fastq.gz,1
HRR233768_r2.fastq.gz,1
HRR233769_f1.fastq.gz,1
HRR233769_r2.fastq.gz,1
HRR233770_f1.fastq.gz,1
HRR233770_r2.fastq.gz,1
HRR233771_f1.fastq.gz,1
HRR233771_r2.fastq.gz,1
HRR233772_f1.fastq.gz,1
HRR233772_r2.fastq.gz,1
HRR233773_f1.fastq.gz,1
HRR233773_r2.fastq.gz,1
HRR233774_f1.fastq.gz,1
HRR233774_r2.fastq.gz,1
HRR233775_f1.fastq.gz,1
HRR233775_r2.fastq.gz,1
HRR233776_f1.fastq.gz,1
HRR233776_r2.fastq.gz,1
HRR233777_f1.fastq.gz,1
HRR233777_r2.fastq.gz,1
HRR233778_f1.fastq.gz,1
HRR233778_r2.fastq.gz,1
HRR233779_f1.fastq.gz,1
HRR233779_r2.fastq.gz,1
HRR233780_f1.fastq.gz,1
HRR233780_r2.fastq.gz,1
HRR233781_f1.fastq.gz,1
HRR233781_r2.fastq.gz,1
HRR233782_f1.fastq.gz,1
HRR233782_r2.fastq.gz,1
HRR233783_f1.fastq.gz,1
HRR233783_r2.fastq.gz,1
HRR233784_f1.fastq.gz,1
HRR233784_r2.fastq.gz,1
HRR233785_f1.fastq.gz,1
HRR233785_r2.fastq.gz,1
HRR233786_f1.fastq.gz,1
HRR233786_r2.fastq.gz,1
HRR233787_f1.fastq.gz,1
HRR233787_r2.fastq.gz,1
HRR233788_f1.fastq.gz,1
HRR233788_r2.fastq.gz,1
HRR233789_f1.fastq.gz,1
HRR233789_r2.fastq.gz,1
HRR233790_f1.fastq.gz,1
HRR233790_r2.fastq.gz,1
HRR233791_f1.fastq.gz,1
HRR233791_r2.fastq.gz,1
HRR233792_f1.fastq.gz,1
HRR233792_r2.fastq.gz,1
HRR233793_f1.fastq.gz,1
HRR233793_r2.fastq.gz,1
HRR233794_f1.fastq.gz,1
HRR233794_r2.fastq.gz,1
HRR233795_f1.fastq.gz,1
HRR233795_r2.fastq.gz,1
HRR233796_f1.fastq.gz,1
HRR233796_r2.fastq.gz,1
HRR233797_f1.fastq.gz,1
HRR233797_r2.fastq.gz,1
HRR233798_f1.fastq.gz,1
HRR233798_r2.fastq.gz,1
HRR233799_f1.fastq.gz,1
HRR233799_r2.fastq.gz,1
HRR233800_f1.fastq.gz,1
HRR233800_r2.fastq.gz,1
HRR233801_f1.fastq.gz,1
HRR233801_r2.fastq.gz,1
HRR233802_f1.fastq.gz,1
HRR233802_r2.fastq.gz,1
HRR233803_f1.fastq.gz,1
HRR233803_r2.fastq.gz,1
HRR233804_f1.fastq.gz,1
HRR233804_r2.fastq.gz,1
HRR233805_f1.fastq.gz,1
HRR233805_r2.fastq.gz,1
HRR233806_f1.fastq.gz,1
HRR233806_r2.fastq.gz,1
HRR233807_f1.fastq.gz,1
HRR233807_r2.fastq.gz,1
HRR233808_f1.fastq.gz,1
HRR233808_r2.fastq.gz,1
HRR233809_f1.fastq.gz,1
HRR233809_r2.fastq.gz,1
HRR233810_f1.fastq.gz,1
HRR233810_r2.fastq.gz,1
HRR233811_f1.fastq.gz,1
HRR233811_r2.fastq.gz,1
HRR233812_f1.fastq.gz,1
HRR233812_r2.fastq.gz,1
HRR233813_f1.fastq.gz,1
HRR233813_r2.fastq.gz,1
HRR233814_f1.fastq.gz,1
HRR233814_r2.fastq.gz,1
HRR233815_f1.fastq.gz,1
HRR233815_r2.fastq.gz,1
HRR233816_f1.fastq.gz,1
HRR233816_r2.fastq.gz,1
HRR233817_f1.fastq.gz,1
HRR233817_r2.fastq.gz,1
HRR233818_f1.fastq.gz,1
HRR233818_r2.fastq.gz,1
HRR233819_f1.fastq.gz,1
HRR233819_r2.fastq.gz,1
HRR233820_f1.fastq.gz,1
HRR233820_r2.fastq.gz,1
HRR233821_f1.fastq.gz,1
HRR233821_r2.fastq.gz,1
HRR233822_f1.fastq.gz,1
HRR233822_r2.fastq.gz,1
HRR233823_f1.fastq.gz,1
HRR233823_r2.fastq.gz,1
HRR233824_f1.fastq.gz,1
HRR233824_r2.fastq.gz,1
HRR233825_f1.fastq.gz,1
HRR233825_r2.fastq.gz,1
HRR233826_f1.fastq.gz,1
HRR233826_r2.fastq.gz,1
HRR233827_f1.fastq.gz,1
HRR233827_r2.fastq.gz,1
HRR233828_f1.fastq.gz,1
HRR233828_r2.fastq.gz,1
HRR233829_f1.fastq.gz,1
HRR233829_r2.fastq.gz,1
HRR233830_f1.fastq.gz,1
HRR233830_r2.fastq.gz,1
HRR233831_f1.fastq.gz,1
HRR233831_r2.fastq.gz,1
HRR233832_f1.fastq.gz,1
HRR233832_r2.fastq.gz,1
HRR233833_f1.fastq.gz,1
HRR233833_r2.fastq.gz,1
HRR233834_f1.fastq.gz,1
HRR233834_r2.fastq.gz,1
HRR233835_f1.fastq.gz,1
HRR233835_r2.fastq.gz,1
HRR233836_f1.fastq.gz,1
HRR233836_r2.fastq.gz,1
HRR233837_f1.fastq.gz,1
HRR233837_r2.fastq.gz,1
HRR233838_f1.fastq.gz,1
HRR233838_r2.fastq.gz,1
HRR233839_f1.fastq.gz,1
HRR233839_r2.fastq.gz,1
HRR233840_f1.fastq.gz,1
HRR233840_r2.fastq.gz,1
HRR233841_f1.fastq.gz,1
HRR233841_r2.fastq.gz,1
HRR233842_f1.fastq.gz,1
HRR233842_r2.fastq.gz,1
HRR233843_f1.fastq.gz,1
HRR233843_r2.fastq.gz,1
HRR233844_f1.fastq.gz,1
HRR233844_r2.fastq.gz,1
HRR233845_f1.fastq.gz,1
HRR233845_r2.fastq.gz,1
HRR233846_f1.fastq.gz,1
HRR233846_r2.fastq.gz,1
HRR233847_f1.fastq.gz,1
HRR233847_r2.fastq.gz,1
HRR233848_f1.fastq.gz,1
HRR233848_r2.fastq.gz,1
HRR233849_f1.fastq.gz,1
HRR233849_r2.fastq.gz,1
HRR233850_f1.fastq.gz,1
HRR233850_r2.fastq.gz,1
HRR233851_f1.fastq.gz,1
HRR233851_r2.fastq.gz,1
HRR233852_f1.fastq.gz,1
HRR233852_r2.fastq.gz,1
HRR233853_f1.fastq.gz,1
HRR233853_r2.fastq.gz,1
HRR233854_f1.fastq.gz,1
HRR233854_r2.fastq.gz,1
HRR233855_f1.fastq.gz,1
HRR233855_r2.fastq.gz,1
HRR233856_f1.fastq.gz,1
HRR233856_r2.fastq.gz,1
HRR233857_f1.fastq.gz,1
HRR233857_r2.fastq.gz,1
HRR233858_f1.fastq.gz,1
HRR233858_r2.fastq.gz,1
HRR233859_f1.fastq.gz,1
HRR233859_r2.fastq.gz,1
HRR233860_f1.fastq.gz,1
HRR233860_r2.fastq.gz,1
HRR233861_f1.fastq.gz,1
HRR233861_r2.fastq.gz,1
HRR233862_f1.fastq.gz,1
HRR233862_r2.fastq.gz,1
HRR233863_f1.fastq.gz,1
HRR233863_r2.fastq.gz,1
HRR233864_f1.fastq.gz,1
HRR233864_r2.fastq.gz,1
HRR233865_f1.fastq.gz,1
HRR233865_r2.fastq.gz,1
HRR233866_f1.fastq.gz,1
HRR233866_r2.fastq.gz,1
HRR233867_f1.fastq.gz,1
HRR233867_r2.fastq.gz,1
HRR233868_f1.fastq.gz,1
HRR233868_r2.fastq.gz,1
HRR233869_f1.fastq.gz,1
HRR233869_r2.fastq.gz,1
HRR233870_f1.fastq.gz,1
HRR233870_r2.fastq.gz,1
HRR233871_f1.fastq.gz,1
HRR233871_r2.fastq.gz,1
HRR233872_f1.fastq.gz,1
HRR233872_r2.fastq.gz,1
HRR233873_f1.fastq.gz,1
HRR233873_r2.fastq.gz,1
HRR233874_f1.fastq.gz,1
HRR233874_r2.fastq.gz,1
HRR233875_f1.fastq.gz,1
HRR233875_r2.fastq.gz,1
HRR233876_f1.fastq.gz,1
HRR233876_r2.fastq.gz,1
HRR233877_f1.fastq.gz,1
HRR233877_r2.fastq.gz,1
HRR233878_f1.fastq.gz,1
HRR233878_r2.fastq.gz,1
HRR233879_f1.fastq.gz,1
HRR233879_r2.fastq.gz,1
HRR233880_f1.fastq.gz,1
HRR233880_r2.fastq.gz,1
HRR233881_f1.fastq.gz,1
HRR233881_r2.fastq.gz,1
HRR233882_f1.fastq.gz,1
HRR233882_r2.fastq.gz,1
HRR233883_f1.fastq.gz,1
HRR233883_r2.fastq.gz,1
HRR233884_f1.fastq.gz,1
HRR233884_r2.fastq.gz,1
HRR233885_f1.fastq.gz,1
HRR233885_r2.fastq.gz,1
HRR233886_f1.fastq.gz,1
HRR233886_r2.fastq.gz,1
HRR233887_f1.fastq.gz,1
HRR233887_r2.fastq.gz,1
HRR233888_f1.fastq.gz,1
HRR233888_r2.fastq.gz,1
HRR233889_f1.fastq.gz,1
HRR233889_r2.fastq.gz,1
HRR233890_f1.fastq.gz,1
HRR233890_r2.fastq.gz,1
HRR233891_f1.fastq.gz,1
HRR233891_r2.fastq.gz,1
HRR233892_f1.fastq.gz,1
HRR233892_r2.fastq.gz,1
HRR233893_f1.fastq.gz,1
HRR233893_r2.fastq.gz,1
HRR233894_f1.fastq.gz,1
HRR233894_r2.fastq.gz,1
HRR233895_f1.fastq.gz,1
HRR233895_r2.fastq.gz,1
HRR233896_f1.fastq.gz,1
HRR233896_r2.fastq.gz,1
HRR233897_f1.fastq.gz,1
HRR233897_r2.fastq.gz,1
HRR233898_f1.fastq.gz,1
HRR233898_r2.fastq.gz,1
HRR233899_f1.fastq.gz,1
HRR233899_r2.fastq.gz,1
HRR233900_f1.fastq.gz,1
HRR233900_r2.fastq.gz,1
HRR233901_f1.fastq.gz,1
HRR233901_r2.fastq.gz,1
HRR233902_f1.fastq.gz,1
HRR233902_r2.fastq.gz,1
HRR233903_f1.fastq.gz,1
HRR233903_r2.fastq.gz,1
HRR233904_f1.fastq.gz,1
HRR233904_r2.fastq.gz,1
HRR233905_f1.fastq.gz,1
HRR233905_r2.fastq.gz,1
HRR233906_f1.fastq.gz,1
HRR233906_r2.fastq.gz,1
HRR233907_f1.fastq.gz,1
HRR233907_r2.fastq.gz,1
HRR233908_f1.fastq.gz,1
HRR233908_r2.fastq.gz,1
HRR233909_f1.fastq.gz,1
HRR233909_r2.fastq.gz,1
HRR233910_f1.fastq.gz,1
HRR233910_r2.fastq.gz,1
HRR233911_f1.fastq.gz,1
HRR233911_r2.fastq.gz,1
HRR233912_f1.fastq.gz,1
HRR233912_r2.fastq.gz,1
HRR233913_f1.fastq.gz,1
HRR233913_r2.fastq.gz,1
HRR233914_f1.fastq.gz,1
HRR233914_r2.fastq.gz,1
HRR233915_f1.fastq.gz,1
HRR233915_r2.fastq.gz,1
HRR233916_f1.fastq.gz,1
HRR233916_r2.fastq.gz,1
HRR233917_f1.fastq.gz,1
HRR233917_r2.fastq.gz,1
HRR233918_f1.fastq.gz,1
HRR233918_r2.fastq.gz,1
HRR233919_f1.fastq.gz,1
HRR233919_r2.fastq.gz,1
HRR233920_f1.fastq.gz,1
HRR233920_r2.fastq.gz,1
HRR233921_f1.fastq.gz,1
HRR233921_r2.fastq.gz,1
HRR233922_f1.fastq.gz,1
HRR233922_r2.fastq.gz,1
HRR233923_f1.fastq.gz,1
HRR233923_r2.fastq.gz,1
HRR233924_f1.fastq.gz,1
HRR233924_r2.fastq.gz,1
HRR233925_f1.fastq.gz,1
HRR233925_r2.fastq.gz,1
HRR233926_f1.fastq.gz,1
HRR233926_r2.fastq.gz,1
HRR233927_f1.fastq.gz,1
HRR233927_r2.fastq.gz,1
HRR233928_f1.fastq.gz,1
HRR233928_r2.fastq.gz,1
HRR233929_f1.fastq.gz,1
HRR233929_r2.fastq.gz,1
HRR233930_f1.fastq.gz,1
HRR233930_r2.fastq.gz,1
HRR233931_f1.fastq.gz,1
HRR233931_r2.fastq.gz,1
HRR233932_f1.fastq.gz,1
HRR233932_r2.fastq.gz,1
HRR233933_f1.fastq.gz,1
HRR233933_r2.fastq.gz,1
HRR233934_f1.fastq.gz,1
HRR233934_r2.fastq.gz,1
HRR233935_f1.fastq.gz,1
HRR233935_r2.fastq.gz,1
HRR233936_f1.fastq.gz,1
HRR233936_r2.fastq.gz,1
HRR233937_f1.fastq.gz,1
HRR233937_r2.fastq.gz,1
HRR233938_f1.fastq.gz,1
HRR233938_r2.fastq.gz,1
HRR233939_f1.fastq.gz,1
HRR233939_r2.fastq.gz,1
HRR233940_f1.fastq.gz,1
HRR233940_r2.fastq.gz,1
HRR233941_f1.fastq.gz,1
HRR233941_r2.fastq.gz,1
HRR233942_f1.fastq.gz,1
HRR233942_r2.fastq.gz,1
HRR233943_f1.fastq.gz,1
HRR233943_r2.fastq.gz,1
HRR233944_f1.fastq.gz,1
HRR233944_r2.fastq.gz,1
HRR233945_f1.fastq.gz,1
HRR233945_r2.fastq.gz,1
HRR233946_f1.fastq.gz,1
HRR233946_r2.fastq.gz,1
HRR233947_f1.fastq.gz,1
HRR233947_r2.fastq.gz,1
HRR233948_f1.fastq.gz,1
HRR233948_r2.fastq.gz,1
HRR233949_f1.fastq.gz,1
HRR233949_r2.fastq.gz,1
HRR233950_f1.fastq.gz,1
HRR233950_r2.fastq.gz,1
HRR233951_f1.fastq.gz,1
HRR233951_r2.fastq.gz,1
HRR233952_f1.fastq.gz,1
HRR233952_r2.fastq.gz,1
HRR233953_f1.fastq.gz,1
HRR233953_r2.fastq.gz,1
HRR233954_f1.fastq.gz,1
HRR233954_r2.fastq.gz,1
HRR233955_f1.fastq.gz,1
HRR233955_r2.fastq.gz,1
HRR233956_f1.fastq.gz,1
HRR233956_r2.fastq.gz,1
HRR233957_f1.fastq.gz,1
HRR233957_r2.fastq.gz,1
HRR233958_f1.fastq.gz,1
HRR233958_r2.fastq.gz,1
HRR233959_f1.fastq.gz,1
HRR233959_r2.fastq.gz,1
HRR233960_f1.fastq.gz,1
HRR233960_r2.fastq.gz,1
HRR233961_f1.fastq.gz,1
HRR233961_r2.fastq.gz,1
HRR233962_f1.fastq.gz,1
HRR233962_r2.fastq.gz,1
HRR233963_f1.fastq.gz,1
HRR233963_r2.fastq.gz,1
HRR233964_f1.fastq.gz,1
HRR233964_r2.fastq.gz,1
HRR233965_f1.fastq.gz,1
HRR233965_r2.fastq.gz,1
HRR233966_f1.fastq.gz,1
HRR233966_r2.fastq.gz,1
HRR233967_f1.fastq.gz,1
HRR233967_r2.fastq.gz,1
HRR233968_f1.fastq.gz,1
HRR233968_r2.fastq.gz,1
HRR233969_f1.fastq.gz,1
HRR233969_r2.fastq.gz,1
HRR233970_f1.fastq.gz,1
HRR233970_r2.fastq.gz,1
HRR233971_f1.fastq.gz,1
HRR233971_r2.fastq.gz,1
HRR233972_f1.fastq.gz,1
HRR233972_r2.fastq.gz,1
HRR233973_f1.fastq.gz,1
HRR233973_r2.fastq.gz,1
HRR233974_f1.fastq.gz,1
HRR233974_r2.fastq.gz,1
HRR233975_f1.fastq.gz,1
HRR233975_r2.fastq.gz,1
HRR233976_f1.fastq.gz,1
HRR233976_r2.fastq.gz,1
HRR233977_f1.fastq.gz,1
HRR233977_r2.fastq.gz,1
HRR233978_f1.fastq.gz,1
HRR233978_r2.fastq.gz,1
HRR233979_f1.fastq.gz,1
HRR233979_r2.fastq.gz,1
HRR233980_f1.fastq.gz,1
HRR233980_r2.fastq.gz,1
HRR233981_f1.fastq.gz,1
HRR233981_r2.fastq.gz,1
HRR233982_f1.fastq.gz,1
HRR233982_r2.fastq.gz,1
HRR233983_f1.fastq.gz,1
HRR233983_r2.fastq.gz,1
HRR233984_f1.fastq.gz,1
HRR233984_r2.fastq.gz,1
HRR233985_f1.fastq.gz,1
HRR233985_r2.fastq.gz,1
HRR233986_f1.fastq.gz,1
HRR233986_r2.fastq.gz,1
HRR233987_f1.fastq.gz,1
HRR233987_r2.fastq.gz,1
HRR233988_f1.fastq.gz,1
HRR233988_r2.fastq.gz,1
HRR233989_f1.fastq.gz,1
HRR233989_r2.fastq.gz,1
HRR233990_f1.fastq.gz,1
HRR233990_r2.fastq.gz,1
HRR233991_f1.fastq.gz,1
HRR233991_r2.fastq.gz,1
HRR233992_f1.fastq.gz,1
HRR233992_r2.fastq.gz,1
HRR233993_f1.fastq.gz,1
HRR233993_r2.fastq.gz,1
HRR233994_f1.fastq.gz,1
HRR233994_r2.fastq.gz,1
HRR233995_f1.fastq.gz,1
HRR233995_r2.fastq.gz,1
HRR233996_f1.fastq.gz,1
HRR233996_r2.fastq.gz,1
HRR233997_f1.fastq.gz,1
HRR233997_r2.fastq.gz,1
HRR233998_f1.fastq.gz,1
HRR233998_r2.fastq.gz,1
HRR233999_f1.fastq.gz,1
HRR233999_r2.fastq.gz,1
HRR234000_f1.fastq.gz,1
HRR234000_r2.fastq.gz,1
HRR234001_f1.fastq.gz,1
HRR234001_r2.fastq.gz,1
HRR234002_f1.fastq.gz,1
HRR234002_r2.fastq.gz,1
HRR234003_f1.fastq.gz,1
HRR234003_r2.fastq.gz,1
HRR234004_f1.fastq.gz,1
HRR234004_r2.fastq.gz,1
HRR234005_f1.fastq.gz,1
HRR234005_r2.fastq.gz,1
HRR234006_f1.fastq.gz,1
HRR234006_r2.fastq.gz,1
HRR234007_f1.fastq.gz,1
HRR234007_r2.fastq.gz,1
HRR234008_f1.fastq.gz,1
HRR234008_r2.fastq.gz,1
HRR234009_f1.fastq.gz,1
HRR234009_r2.fastq.gz,1
HRR234010_f1.fastq.gz,1
HRR234010_r2.fastq.gz,1
HRR234011_f1.fastq.gz,1
HRR234011_r2.fastq.gz,1
HRR234012_f1.fastq.gz,1
HRR234012_r2.fastq.gz,1
HRR234013_f1.fastq.gz,1
HRR234013_r2.fastq.gz,1
HRR234014_f1.fastq.gz,1
HRR234014_r2.fastq.gz,1
HRR234015_f1.fastq.gz,1
HRR234015_r2.fastq.gz,1
HRR234016_f1.fastq.gz,1
HRR234016_r2.fastq.gz,1
HRR234017_f1.fastq.gz,1
HRR234017_r2.fastq.gz,1
HRR234018_f1.fastq.gz,1
HRR234018_r2.fastq.gz,1
HRR234019_f1.fastq.gz,1
HRR234019_r2.fastq.gz,1
HRR234020_f1.fastq.gz,1
HRR234020_r2.fastq.gz,1
HRR234021_f1.fastq.gz,1
HRR234021_r2.fastq.gz,1
HRR234022_f1.fastq.gz,1
HRR234022_r2.fastq.gz,1
HRR234023_f1.fastq.gz,1
HRR234023_r2.fastq.gz,1
HRR234024_f1.fastq.gz,1
HRR234024_r2.fastq.gz,1
HRR234025_f1.fastq.gz,1
HRR234025_r2.fastq.gz,1
HRR234026_f1.fastq.gz,1
HRR234026_r2.fastq.gz,1
HRR234027_f1.fastq.gz,1
HRR234027_r2.fastq.gz,1
HRR234028_f1.fastq.gz,1
HRR234028_r2.fastq.gz,1
HRR234029_f1.fastq.gz,1
HRR234029_r2.fastq.gz,1
HRR234030_f1.fastq.gz,1
HRR234030_r2.fastq.gz,1
HRR234031_f1.fastq.gz,1
HRR234031_r2.fastq.gz,1
HRR234032_f1.fastq.gz,1
HRR234032_r2.fastq.gz,1
HRR234033_f1.fastq.gz,1
HRR234033_r2.fastq.gz,1
HRR234034_f1.fastq.gz,1
HRR234034_r2.fastq.gz,1
HRR234035_f1.fastq.gz,1
HRR234035_r2.fastq.gz,1
HRR234036_f1.fastq.gz,1
HRR234036_r2.fastq.gz,1
HRR234037_f1.fastq.gz,1
HRR234037_r2.fastq.gz,1
HRR234038_f1.fastq.gz,1
HRR234038_r2.fastq.gz,1
HRR234039_f1.fastq.gz,1
HRR234039_r2.fastq.gz,1
HRR234040_f1.fastq.gz,1
HRR234040_r2.fastq.gz,1
HRR234041_f1.fastq.gz,1
HRR234041_r2.fastq.gz,1
HRR234042_f1.fastq.gz,1
HRR234042_r2.fastq.gz,1
HRR234043_f1.fastq.gz,1
HRR234043_r2.fastq.gz,1
HRR234044_f1.fastq.gz,1
HRR234044_r2.fastq.gz,1
HRR234045_f1.fastq.gz,1
HRR234045_r2.fastq.gz,1
HRR234046_f1.fastq.gz,1
HRR234046_r2.fastq.gz,1
HRR234047_f1.fastq.gz,1
HRR234047_r2.fastq.gz,1
HRR234048_f1.fastq.gz,1
HRR234048_r2.fastq.gz,1
HRR234049_f1.fastq.gz,1
HRR234049_r2.fastq.gz,1
HRR234050_f1.fastq.gz,1
HRR234050_r2.fastq.gz,1
HRR234051_f1.fastq.gz,1
HRR234051_r2.fastq.gz,1
HRR234052_f1.fastq.gz,1
HRR234052_r2.fastq.gz,1
HRR234053_f1.fastq.gz,1
HRR234053_r2.fastq.gz,1
HRR234054_f1.fastq.gz,1
HRR234054_r2.fastq.gz,1
HRR234055_f1.fastq.gz,1
HRR234055_r2.fastq.gz,1
HRR234056_f1.fastq.gz,1
HRR234056_r2.fastq.gz,1
HRR234057_f1.fastq.gz,1
HRR234057_r2.fastq.gz,1
HRR234058_f1.fastq.gz,1
HRR234058_r2.fastq.gz,1
HRR234059_f1.fastq.gz,1
HRR234059_r2.fastq.gz,1
HRR234060_f1.fastq.gz,1
HRR234060_r2.fastq.gz,1
HRR234061_f1.fastq.gz,1
HRR234061_r2.fastq.gz,1
HRR234062_f1.fastq.gz,1
HRR234062_r2.fastq.gz,1
HRR234063_f1.fastq.gz,1
HRR234063_r2.fastq.gz,1
HRR234064_f1.fastq.gz,1
HRR234064_r2.fastq.gz,1
HRR234065_f1.fastq.gz,1
HRR234065_r2.fastq.gz,1
HRR234066_f1.fastq.gz,1
HRR234066_r2.fastq.gz,1
HRR234067_f1.fastq.gz,1
HRR234067_r2.fastq.gz,1
HRR234068_f1.fastq.gz,1
HRR234068_r2.fastq.gz,1
HRR234069_f1.fastq.gz,1
HRR234069_r2.fastq.gz,1
HRR234070_f1.fastq.gz,1
HRR234070_r2.fastq.gz,1
HRR234071_f1.fastq.gz,1
HRR234071_r2.fastq.gz,1
HRR234072_f1.fastq.gz,1
HRR234072_r2.fastq.gz,1
HRR234073_f1.fastq.gz,1
HRR234073_r2.fastq.gz,1
HRR234074_f1.fastq.gz,1
HRR234074_r2.fastq.gz,1
HRR234075_f1.fastq.gz,1
HRR234075_r2.fastq.gz,1
HRR234076_f1.fastq.gz,1
HRR234076_r2.fastq.gz,1
HRR234077_f1.fastq.gz,1
HRR234077_r2.fastq.gz,1
HRR234078_f1.fastq.gz,1
HRR234078_r2.fastq.gz,1
HRR234079_f1.fastq.gz,1
HRR234079_r2.fastq.gz,1
HRR234080_f1.fastq.gz,1
HRR234080_r2.fastq.gz,1
HRR234081_f1.fastq.gz,1
HRR234081_r2.fastq.gz,1
HRR234082_f1.fastq.gz,1
HRR234082_r2.fastq.gz,1
HRR234083_f1.fastq.gz,1
HRR234083_r2.fastq.gz,1
HRR234084_f1.fastq.gz,1
HRR234084_r2.fastq.gz,1
HRR234085_f1.fastq.gz,1
HRR234085_r2.fastq.gz,1
HRR234086_f1.fastq.gz,1
HRR234086_r2.fastq.gz,1
HRR234087_f1.fastq.gz,1
HRR234087_r2.fastq.gz,1
HRR234088_f1.fastq.gz,1
HRR234088_r2.fastq.gz,1
HRR234089_f1.fastq.gz,1
HRR234089_r2.fastq.gz,1
HRR234090_f1.fastq.gz,1
HRR234090_r2.fastq.gz,1
HRR234091_f1.fastq.gz,1
HRR234091_r2.fastq.gz,1
HRR234092_f1.fastq.gz,1
HRR234092_r2.fastq.gz,1
HRR234093_f1.fastq.gz,1
HRR234093_r2.fastq.gz,1
HRR234094_f1.fastq.gz,1
HRR234094_r2.fastq.gz,1
HRR234095_f1.fastq.gz,1
HRR234095_r2.fastq.gz,1
HRR234096_f1.fastq.gz,1
HRR234096_r2.fastq.gz,1
HRR234097_f1.fastq.gz,1
HRR234097_r2.fastq.gz,1
HRR234098_f1.fastq.gz,1
HRR234098_r2.fastq.gz,1
HRR234099_f1.fastq.gz,1
HRR234099_r2.fastq.gz,1
HRR234100_f1.fastq.gz,1
HRR234100_r2.fastq.gz,1
HRR234101_f1.fastq.gz,1
HRR234101_r2.fastq.gz,1
HRR234102_f1.fastq.gz,1
HRR234102_r2.fastq.gz,1
HRR234103_f1.fastq.gz,1
HRR234103_r2.fastq.gz,1
HRR234104_f1.fastq.gz,1
HRR234104_r2.fastq.gz,1
HRR234105_f1.fastq.gz,1
HRR234105_r2.fastq.gz,1
HRR234106_f1.fastq.gz,1
HRR234106_r2.fastq.gz,1
HRR234107_f1.fastq.gz,1
HRR234107_r2.fastq.gz,1
HRR234108_f1.fastq.gz,1
HRR234108_r2.fastq.gz,1
HRR234109_f1.fastq.gz,1
HRR234109_r2.fastq.gz,1
HRR234110_f1.fastq.gz,1
HRR234110_r2.fastq.gz,1
HRR234111_f1.fastq.gz,1
HRR234111_r2.fastq.gz,1
HRR234112_f1.fastq.gz,1
HRR234112_r2.fastq.gz,1
HRR234113_f1.fastq.gz,1
HRR234113_r2.fastq.gz,1
HRR234114_f1.fastq.gz,1
HRR234114_r2.fastq.gz,1
HRR234115_f1.fastq.gz,1
HRR234115_r2.fastq.gz,1
HRR234116_f1.fastq.gz,1
HRR234116_r2.fastq.gz,1
HRR234117_f1.fastq.gz,1
HRR234117_r2.fastq.gz,1
HRR234118_f1.fastq.gz,1
HRR234118_r2.fastq.gz,1
HRR234119_f1.fastq.gz,1
HRR234119_r2.fastq.gz,1
HRR234120_f1.fastq.gz,1
HRR234120_r2.fastq.gz,1
HRR234121_f1.fastq.gz,1
HRR234121_r2.fastq.gz,1
HRR234122_f1.fastq.gz,1
HRR234122_r2.fastq.gz,1
HRR234123_f1.fastq.gz,1
HRR234123_r2.fastq.gz,1
HRR234124_f1.fastq.gz,1
HRR234124_r2.fastq.gz,1
HRR234125_f1.fastq.gz,1
HRR234125_r2.fastq.gz,1
HRR234126_f1.fastq.gz,1
HRR234126_r2.fastq.gz,1
HRR234127_f1.fastq.gz,1
HRR234127_r2.fastq.gz,1
HRR234128_f1.fastq.gz,1
HRR234128_r2.fastq.gz,1
HRR234129_f1.fastq.gz,1
HRR234129_r2.fastq.gz,1
HRR234130_f1.fastq.gz,1
HRR234130_r2.fastq.gz,1
HRR234131_f1.fastq.gz,1
HRR234131_r2.fastq.gz,1
HRR234132_f1.fastq.gz,1
HRR234132_r2.fastq.gz,1
HRR234133_f1.fastq.gz,1
HRR234133_r2.fastq.gz,1
HRR234134_f1.fastq.gz,1
HRR234134_r2.fastq.gz,1
HRR234135_f1.fastq.gz,1
HRR234135_r2.fastq.gz,1
HRR234136_f1.fastq.gz,1
HRR234136_r2.fastq.gz,1
HRR234137_f1.fastq.gz,1
HRR234137_r2.fastq.gz,1
HRR234138_f1.fastq.gz,1
HRR234138_r2.fastq.gz,1
HRR234139_f1.fastq.gz,1
HRR234139_r2.fastq.gz,1
HRR234140_f1.fastq.gz,1
HRR234140_r2.fastq.gz,1
HRR234141_f1.fastq.gz,1
HRR234141_r2.fastq.gz,1
HRR234142_f1.fastq.gz,1
HRR234142_r2.fastq.gz,1
HRR234143_f1.fastq.gz,1
HRR234143_r2.fastq.gz,1
HRR234144_f1.fastq.gz,1
HRR234144_r2.fastq.gz,1
HRR234145_f1.fastq.gz,1
HRR234145_r2.fastq.gz,1
HRR234146_f1.fastq.gz,1
HRR234146_r2.fastq.gz,1
HRR234147_f1.fastq.gz,1
HRR234147_r2.fastq.gz,1
HRR234148_f1.fastq.gz,1
HRR234148_r2.fastq.gz,1
HRR234149_f1.fastq.gz,1
HRR234149_r2.fastq.gz,1
HRR234150_f1.fastq.gz,1
HRR234150_r2.fastq.gz,1
HRR234151_f1.fastq.gz,1
HRR234151_r2.fastq.gz,1
HRR234152_f1.fastq.gz,1
HRR234152_r2.fastq.gz,1
HRR234153_f1.fastq.gz,1
HRR234153_r2.fastq.gz,1
HRR234154_f1.fastq.gz,1
HRR234154_r2.fastq.gz,1
HRR234155_f1.fastq.gz,1
HRR234155_r2.fastq.gz,1
HRR234156_f1.fastq.gz,1
HRR234156_r2.fastq.gz,1
HRR234157_f1.fastq.gz,1
HRR234157_r2.fastq.gz,1
HRR234158_f1.fastq.gz,1
HRR234158_r2.fastq.gz,1
HRR234159_f1.fastq.gz,1
HRR234159_r2.fastq.gz,1
HRR234160_f1.fastq.gz,1
HRR234160_r2.fastq.gz,1
HRR234161_f1.fastq.gz,1
HRR234161_r2.fastq.gz,1
HRR234162_f1.fastq.gz,1
HRR234162_r2.fastq.gz,1
HRR234163_f1.fastq.gz,1
HRR234163_r2.fastq.gz,1
HRR234164_f1.fastq.gz,1
HRR234164_r2.fastq.gz,1
HRR234165_f1.fastq.gz,1
HRR234165_r2.fastq.gz,1
HRR234166_f1.fastq.gz,1
HRR234166_r2.fastq.gz,1
HRR234167_f1.fastq.gz,1
HRR234167_r2.fastq.gz,1
HRR234168_f1.fastq.gz,1
HRR234168_r2.fastq.gz,1
HRR234169_f1.fastq.gz,1
HRR234169_r2.fastq.gz,1
HRR234170_f1.fastq.gz,1
HRR234170_r2.fastq.gz,1
HRR234171_f1.fastq.gz,1
HRR234171_r2.fastq.gz,1
HRR234172_f1.fastq.gz,1
HRR234172_r2.fastq.gz,1
HRR234173_f1.fastq.gz,1
HRR234173_r2.fastq.gz,1
HRR234174_f1.fastq.gz,1
HRR234174_r2.fastq.gz,1
HRR234175_f1.fastq.gz,1
HRR234175_r2.fastq.gz,1
HRR234176_f1.fastq.gz,1
HRR234176_r2.fastq.gz,1
HRR234177_f1.fastq.gz,1
HRR234177_r2.fastq.gz,1
HRR234178_f1.fastq.gz,1
HRR234178_r2.fastq.gz,1
HRR234179_f1.fastq.gz,1
HRR234179_r2.fastq.gz,1
HRR234180_f1.fastq.gz,1
HRR234180_r2.fastq.gz,1
HRR234181_f1.fastq.gz,1
HRR234181_r2.fastq.gz,1
HRR234182_f1.fastq.gz,1
HRR234182_r2.fastq.gz,1
HRR234183_f1.fastq.gz,1
HRR234183_r2.fastq.gz,1
HRR234184_f1.fastq.gz,1
HRR234184_r2.fastq.gz,1
HRR234185_f1.fastq.gz,1
HRR234185_r2.fastq.gz,1
HRR234186_f1.fastq.gz,1
HRR234186_r2.fastq.gz,1
HRR234187_f1.fastq.gz,1
HRR234187_r2.fastq.gz,1
HRR234188_f1.fastq.gz,1
HRR234188_r2.fastq.gz,1
HRR234189_f1.fastq.gz,1
HRR234189_r2.fastq.gz,1
HRR234190_f1.fastq.gz,1
HRR234190_r2.fastq.gz,1
HRR234191_f1.fastq.gz,1
HRR234191_r2.fastq.gz,1
HRR234192_f1.fastq.gz,1
HRR234192_r2.fastq.gz,1
HRR234193_f1.fastq.gz,1
HRR234193_r2.fastq.gz,1
HRR234194_f1.fastq.gz,1
HRR234194_r2.fastq.gz,1
HRR234195_f1.fastq.gz,1
HRR234195_r2.fastq.gz,1
HRR234196_f1.fastq.gz,1
HRR234196_r2.fastq.gz,1
HRR234197_f1.fastq.gz,1
HRR234197_r2.fastq.gz,1
HRR234198_f1.fastq.gz,1
HRR234198_r2.fastq.gz,1
HRR234199_f1.fastq.gz,1
HRR234199_r2.fastq.gz,1
HRR234200_f1.fastq.gz,1
HRR234200_r2.fastq.gz,1
HRR234201_f1.fastq.gz,1
HRR234201_r2.fastq.gz,1
HRR234202_f1.fastq.gz,1
HRR234202_r2.fastq.gz,1
HRR234203_f1.fastq.gz,1
HRR234203_r2.fastq.gz,1
HRR234204_f1.fastq.gz,1
HRR234204_r2.fastq.gz,1
HRR234205_f1.fastq.gz,1
HRR234205_r2.fastq.gz,1
HRR234206_f1.fastq.gz,1
HRR234206_r2.fastq.gz,1
HRR234207_f1.fastq.gz,1
HRR234207_r2.fastq.gz,1
HRR234208_f1.fastq.gz,1
HRR234208_r2.fastq.gz,1
HRR234209_f1.fastq.gz,1
HRR234209_r2.fastq.gz,1
HRR234210_f1.fastq.gz,1
HRR234210_r2.fastq.gz,1
HRR234211_f1.fastq.gz,1
HRR234211_r2.fastq.gz,1
HRR234212_f1.fastq.gz,1
HRR234212_r2.fastq.gz,1
HRR234213_f1.fastq.gz,1
HRR234213_r2.fastq.gz,1
HRR234214_f1.fastq.gz,1
HRR234214_r2.fastq.gz,1
HRR234215_f1.fastq.gz,1
HRR234215_r2.fastq.gz,1
HRR234216_f1.fastq.gz,1
HRR234216_r2.fastq.gz,1
HRR234217_f1.fastq.gz,1
HRR234217_r2.fastq.gz,1
HRR234218_f1.fastq.gz,1
HRR234218_r2.fastq.gz,1
HRR234219_f1.fastq.gz,1
HRR234219_r2.fastq.gz,1
HRR234220_f1.fastq.gz,1
HRR234220_r2.fastq.gz,1
HRR234221_f1.fastq.gz,1
HRR234221_r2.fastq.gz,1
HRR234222_f1.fastq.gz,1
HRR234222_r2.fastq.gz,1
HRR234223_f1.fastq.gz,1
HRR234223_r2.fastq.gz,1
HRR234224_f1.fastq.gz,1
HRR234224_r2.fastq.gz,1
HRR234225_f1.fastq.gz,1
HRR234225_r2.fastq.gz,1
HRR234226_f1.fastq.gz,1
HRR234226_r2.fastq.gz,1
HRR234227_f1.fastq.gz,1
HRR234227_r2.fastq.gz,1
HRR234228_f1.fastq.gz,1
HRR234228_r2.fastq.gz,1
HRR234229_f1.fastq.gz,1
HRR234229_r2.fastq.gz,1
HRR234230_f1.fastq.gz,1
HRR234230_r2.fastq.gz,1
HRR234231_f1.fastq.gz,1
HRR234231_r2.fastq.gz,1
HRR234232_f1.fastq.gz,1
HRR234232_r2.fastq.gz,1
HRR234233_f1.fastq.gz,1
HRR234233_r2.fastq.gz,1
HRR234234_f1.fastq.gz,1
HRR234234_r2.fastq.gz,1
HRR234235_f1.fastq.gz,1
HRR234235_r2.fastq.gz,1
HRR234236_f1.fastq.gz,1
HRR234236_r2.fastq.gz,1
HRR234237_f1.fastq.gz,1
HRR234237_r2.fastq.gz,1
HRR234238_f1.fastq.gz,1
HRR234238_r2.fastq.gz,1
HRR234239_f1.fastq.gz,1
HRR234239_r2.fastq.gz,1
HRR234240_f1.fastq.gz,1
HRR234240_r2.fastq.gz,1
HRR234241_f1.fastq.gz,1
HRR234241_r2.fastq.gz,1
HRR234242_f1.fastq.gz,1
HRR234242_r2.fastq.gz,1
HRR234243_f1.fastq.gz,1
HRR234243_r2.fastq.gz,1
HRR234244_f1.fastq.gz,1
HRR234244_r2.fastq.gz,1
HRR234245_f1.fastq.gz,1
HRR234245_r2.fastq.gz,1
HRR234246_f1.fastq.gz,1
HRR234246_r2.fastq.gz,1
HRR234247_f1.fastq.gz,1
HRR234247_r2.fastq.gz,1
HRR234248_f1.fastq.gz,1
HRR234248_r2.fastq.gz,1
HRR234249_f1.fastq.gz,1
HRR234249_r2.fastq.gz,1
HRR234250_f1.fastq.gz,1
HRR234250_r2.fastq.gz,1
HRR234251_f1.fastq.gz,1
HRR234251_r2.fastq.gz,1
HRR234252_f1.fastq.gz,1
HRR234252_r2.fastq.gz,1
HRR234253_f1.fastq.gz,1
HRR234253_r2.fastq.gz,1
HRR234254_f1.fastq.gz,1
HRR234254_r2.fastq.gz,1
HRR234255_f1.fastq.gz,1
HRR234255_r2.fastq.gz,1
HRR234256_f1.fastq.gz,1
HRR234256_r2.fastq.gz,1
HRR234257_f1.fastq.gz,1
HRR234257_r2.fastq.gz,1
HRR234258_f1.fastq.gz,1
HRR234258_r2.fastq.gz,1
HRR234259_f1.fastq.gz,1
HRR234259_r2.fastq.gz,1
HRR234260_f1.fastq.gz,1
HRR234260_r2.fastq.gz,1
HRR234261_f1.fastq.gz,1
HRR234261_r2.fastq.gz,1
HRR234262_f1.fastq.gz,1
HRR234262_r2.fastq.gz,1
HRR234263_f1.fastq.gz,1
HRR234263_r2.fastq.gz,1
HRR234264_f1.fastq.gz,1
HRR234264_r2.fastq.gz,1
HRR234265_f1.fastq.gz,1
HRR234265_r2.fastq.gz,1
HRR234266_f1.fastq.gz,1
HRR234266_r2.fastq.gz,1
HRR234267_f1.fastq.gz,1
HRR234267_r2.fastq.gz,1
HRR234268_f1.fastq.gz,1
HRR234268_r2.fastq.gz,1
HRR234269_f1.fastq.gz,1
HRR234269_r2.fastq.gz,1
HRR234270_f1.fastq.gz,1
HRR234270_r2.fastq.gz,1
HRR234271_f1.fastq.gz,1
HRR234271_r2.fastq.gz,1
HRR234272_f1.fastq.gz,1
HRR234272_r2.fastq.gz,1
HRR234273_f1.fastq.gz,1
HRR234273_r2.fastq.gz,1
HRR234274_f1.fastq.gz,1
HRR234274_r2.fastq.gz,1
HRR234275_f1.fastq.gz,1
HRR234275_r2.fastq.gz,1
HRR234276_f1.fastq.gz,1
HRR234276_r2.fastq.gz,1
HRR234277_f1.fastq.gz,1
HRR234277_r2.fastq.gz,1
HRR234278_f1.fastq.gz,1
HRR234278_r2.fastq.gz,1
HRR234279_f1.fastq.gz,1
HRR234279_r2.fastq.gz,1
HRR234280_f1.fastq.gz,1
HRR234280_r2.fastq.gz,1
HRR234281_f1.fastq.gz,1
HRR234281_r2.fastq.gz,1
HRR234282_f1.fastq.gz,1
HRR234282_r2.fastq.gz,1
HRR234283_f1.fastq.gz,1
HRR234283_r2.fastq.gz,1
HRR234284_f1.fastq.gz,1
HRR234284_r2.fastq.gz,1
HRR234285_f1.fastq.gz,1
HRR234285_r2.fastq.gz,1
HRR234286_f1.fastq.gz,1
HRR234286_r2.fastq.gz,1
HRR234287_f1.fastq.gz,1
HRR234287_r2.fastq.gz,1
HRR234288_f1.fastq.gz,1
HRR234288_r2.fastq.gz,1
HRR234289_f1.fastq.gz,1
HRR234289_r2.fastq.gz,1
HRR234290_f1.fastq.gz,1
HRR234290_r2.fastq.gz,1
HRR234291_f1.fastq.gz,1
HRR234291_r2.fastq.gz,1
HRR234292_f1.fastq.gz,1
HRR234292_r2.fastq.gz,1
HRR234293_f1.fastq.gz,1
HRR234293_r2.fastq.gz,1
HRR234294_f1.fastq.gz,1
HRR234294_r2.fastq.gz,1
HRR234295_f1.fastq.gz,1
HRR234295_r2.fastq.gz,1
HRR234296_f1.fastq.gz,1
HRR234296_r2.fastq.gz,1
HRR234297_f1.fastq.gz,1
HRR234297_r2.fastq.gz,1
HRR234298_f1.fastq.gz,1
HRR234298_r2.fastq.gz,1
HRR234299_f1.fastq.gz,1
HRR234299_r2.fastq.gz,1
HRR234300_f1.fastq.gz,1
HRR234300_r2.fastq.gz,1
HRR234301_f1.fastq.gz,1
HRR234301_r2.fastq.gz,1
HRR234302_f1.fastq.gz,1
HRR234302_r2.fastq.gz,1
HRR234303_f1.fastq.gz,1
HRR234303_r2.fastq.gz,1
HRR234304_f1.fastq.gz,1
HRR234304_r2.fastq.gz,1
HRR234305_f1.fastq.gz,1
HRR234305_r2.fastq.gz,1
HRR234306_f1.fastq.gz,1
HRR234306_r2.fastq.gz,1
HRR234307_f1.fastq.gz,1
HRR234307_r2.fastq.gz,1
HRR234308_f1.fastq.gz,1
HRR234308_r2.fastq.gz,1
HRR234309_f1.fastq.gz,1
HRR234309_r2.fastq.gz,1
HRR234310_f1.fastq.gz,1
HRR234310_r2.fastq.gz,1
HRR234311_f1.fastq.gz,1
HRR234311_r2.fastq.gz,1
HRR234312_f1.fastq.gz,1
HRR234312_r2.fastq.gz,1
HRR234313_f1.fastq.gz,1
HRR234313_r2.fastq.gz,1
HRR234314_f1.fastq.gz,1
HRR234314_r2.fastq.gz,1
HRR234315_f1.fastq.gz,1
HRR234315_r2.fastq.gz,1
HRR234316_f1.fastq.gz,1
HRR234316_r2.fastq.gz,1
HRR234317_f1.fastq.gz,1
HRR234317_r2.fastq.gz,1
HRR234318_f1.fastq.gz,1
HRR234318_r2.fastq.gz,1
HRR234319_f1.fastq.gz,1
HRR234319_r2.fastq.gz,1
HRR234320_f1.fastq.gz,1
HRR234320_r2.fastq.gz,1
HRR234321_f1.fastq.gz,1
HRR234321_r2.fastq.gz,1
HRR234322_f1.fastq.gz,1
HRR234322_r2.fastq.gz,1
HRR234323_f1.fastq.gz,1
HRR234323_r2.fastq.gz,1
HRR234324_f1.fastq.gz,1
HRR234324_r2.fastq.gz,1
HRR234325_f1.fastq.gz,1
HRR234325_r2.fastq.gz,1
HRR234326_f1.fastq.gz,1
HRR234326_r2.fastq.gz,1
HRR234327_f1.fastq.gz,1
HRR234327_r2.fastq.gz,1
HRR234328_f1.fastq.gz,1
HRR234328_r2.fastq.gz,1
HRR234329_f1.fastq.gz,1
HRR234329_r2.fastq.gz,1
HRR234330_f1.fastq.gz,1
HRR234330_r2.fastq.gz,1
HRR234331_f1.fastq.gz,1
HRR234331_r2.fastq.gz,1
HRR234332_f1.fastq.gz,1
HRR234332_r2.fastq.gz,1
HRR234333_f1.fastq.gz,1
HRR234333_r2.fastq.gz,1
HRR234334_f1.fastq.gz,1
HRR234334_r2.fastq.gz,1
HRR234335_f1.fastq.gz,1
HRR234335_r2.fastq.gz,1
HRR234336_f1.fastq.gz,1
HRR234336_r2.fastq.gz,1
HRR234337_f1.fastq.gz,1
HRR234337_r2.fastq.gz,1
HRR234338_f1.fastq.gz,1
HRR234338_r2.fastq.gz,1
HRR234339_f1.fastq.gz,1
HRR234339_r2.fastq.gz,1
HRR234340_f1.fastq.gz,1
HRR234340_r2.fastq.gz,1
HRR234341_f1.fastq.gz,1
HRR234341_r2.fastq.gz,1
HRR234342_f1.fastq.gz,1
HRR234342_r2.fastq.gz,1
HRR234343_f1.fastq.gz,1
HRR234343_r2.fastq.gz,1
HRR234344_f1.fastq.gz,1
HRR234344_r2.fastq.gz,1
HRR234345_f1.fastq.gz,1
HRR234345_r2.fastq.gz,1
HRR234346_f1.fastq.gz,1
HRR234346_r2.fastq.gz,1
HRR234347_f1.fastq.gz,1
HRR234347_r2.fastq.gz,1
HRR234348_f1.fastq.gz,1
HRR234348_r2.fastq.gz,1
HRR234349_f1.fastq.gz,1
HRR234349_r2.fastq.gz,1
HRR234350_f1.fastq.gz,1
HRR234350_r2.fastq.gz,1
HRR234351_f1.fastq.gz,1
HRR234351_r2.fastq.gz,1
HRR234352_f1.fastq.gz,1
HRR234352_r2.fastq.gz,1
HRR234353_f1.fastq.gz,1
HRR234353_r2.fastq.gz,1
HRR234354_f1.fastq.gz,1
HRR234354_r2.fastq.gz,1
HRR234355_f1.fastq.gz,1
HRR234355_r2.fastq.gz,1
HRR234356_f1.fastq.gz,1
HRR234356_r2.fastq.gz,1
HRR234357_f1.fastq.gz,1
HRR234357_r2.fastq.gz,1
HRR234358_f1.fastq.gz,1
HRR234358_r2.fastq.gz,1
HRR234359_f1.fastq.gz,1
HRR234359_r2.fastq.gz,1
HRR234360_f1.fastq.gz,1
HRR234360_r2.fastq.gz,1
HRR234361_f1.fastq.gz,1
HRR234361_r2.fastq.gz,1
HRR234362_f1.fastq.gz,1
HRR234362_r2.fastq.gz,1
HRR234363_f1.fastq.gz,1
HRR234363_r2.fastq.gz,1
HRR234364_f1.fastq.gz,1
HRR234364_r2.fastq.gz,1
HRR234365_f1.fastq.gz,1
HRR234365_r2.fastq.gz,1
HRR234366_f1.fastq.gz,1
HRR234366_r2.fastq.gz,1
HRR234367_f1.fastq.gz,1
HRR234367_r2.fastq.gz,1
HRR234368_f1.fastq.gz,1
HRR234368_r2.fastq.gz,1
HRR234369_f1.fastq.gz,1
HRR234369_r2.fastq.gz,1
HRR234370_f1.fastq.gz,1
HRR234370_r2.fastq.gz,1
HRR234371_f1.fastq.gz,1
HRR234371_r2.fastq.gz,1
HRR234372_f1.fastq.gz,1
HRR234372_r2.fastq.gz,1
HRR234373_f1.fastq.gz,1
HRR234373_r2.fastq.gz,1
HRR234374_f1.fastq.gz,1
HRR234374_r2.fastq.gz,1
HRR234375_f1.fastq.gz,1
HRR234375_r2.fastq.gz,1
HRR234376_f1.fastq.gz,1
HRR234376_r2.fastq.gz,1
HRR234377_f1.fastq.gz,1
HRR234377_r2.fastq.gz,1
HRR234378_f1.fastq.gz,1
HRR234378_r2.fastq.gz,1
HRR234379_f1.fastq.gz,1
HRR234379_r2.fastq.gz,1
HRR234380_f1.fastq.gz,1
HRR234380_r2.fastq.gz,1
HRR234381_f1.fastq.gz,1
HRR234381_r2.fastq.gz,1
HRR234382_f1.fastq.gz,1
HRR234382_r2.fastq.gz,1
HRR234383_f1.fastq.gz,1
HRR234383_r2.fastq.gz,1
HRR234384_f1.fastq.gz,1
HRR234384_r2.fastq.gz,1
HRR234385_f1.fastq.gz,1
HRR234385_r2.fastq.gz,1
HRR234386_f1.fastq.gz,1
HRR234386_r2.fastq.gz,1
HRR234387_f1.fastq.gz,1
HRR234387_r2.fastq.gz,1
HRR234388_f1.fastq.gz,1
HRR234388_r2.fastq.gz,1
HRR234389_f1.fastq.gz,1
HRR234389_r2.fastq.gz,1
HRR234390_f1.fastq.gz,1
HRR234390_r2.fastq.gz,1
HRR234391_f1.fastq.gz,1
HRR234391_r2.fastq.gz,1
HRR234392_f1.fastq.gz,1
HRR234392_r2.fastq.gz,1
HRR234393_f1.fastq.gz,1
HRR234393_r2.fastq.gz,1
HRR234394_f1.fastq.gz,1
HRR234394_r2.fastq.gz,1
HRR234395_f1.fastq.gz,1
HRR234395_r2.fastq.gz,1
HRR234396_f1.fastq.gz,1
HRR234396_r2.fastq.gz,1
HRR234397_f1.fastq.gz,1
HRR234397_r2.fastq.gz,1
HRR234398_f1.fastq.gz,1
HRR234398_r2.fastq.gz,1
HRR234399_f1.fastq.gz,1
HRR234399_r2.fastq.gz,1
HRR234400_f1.fastq.gz,1
HRR234400_r2.fastq.gz,1
HRR234401_f1.fastq.gz,1
HRR234401_r2.fastq.gz,1
HRR234402_f1.fastq.gz,1
HRR234402_r2.fastq.gz,1
HRR234403_f1.fastq.gz,1
HRR234403_r2.fastq.gz,1
HRR234404_f1.fastq.gz,1
HRR234404_r2.fastq.gz,1
HRR234405_f1.fastq.gz,1
HRR234405_r2.fastq.gz,1
HRR234406_f1.fastq.gz,1
HRR234406_r2.fastq.gz,1
HRR234407_f1.fastq.gz,1
HRR234407_r2.fastq.gz,1
HRR234408_f1.fastq.gz,1
HRR234408_r2.fastq.gz,1
HRR234409_f1.fastq.gz,1
HRR234409_r2.fastq.gz,1
HRR234410_f1.fastq.gz,1
HRR234410_r2.fastq.gz,1
HRR234411_f1.fastq.gz,1
HRR234411_r2.fastq.gz,1
HRR234412_f1.fastq.gz,1
HRR234412_r2.fastq.gz,1
HRR234413_f1.fastq.gz,1
HRR234413_r2.fastq.gz,1
HRR234414_f1.fastq.gz,1
HRR234414_r2.fastq.gz,1
HRR234415_f1.fastq.gz,1
HRR234415_r2.fastq.gz,1
HRR234416_f1.fastq.gz,1
HRR234416_r2.fastq.gz,1
HRR234417_f1.fastq.gz,1
HRR234417_r2.fastq.gz,1
HRR234418_f1.fastq.gz,1
HRR234418_r2.fastq.gz,1
HRR234419_f1.fastq.gz,1
HRR234419_r2.fastq.gz,1
HRR234420_f1.fastq.gz,1
HRR234420_r2.fastq.gz,1
HRR234421_f1.fastq.gz,1
HRR234421_r2.fastq.gz,1
HRR234422_f1.fastq.gz,1
HRR234422_r2.fastq.gz,1
HRR234423_f1.fastq.gz,1
HRR234423_r2.fastq.gz,1
HRR234424_f1.fastq.gz,1
HRR234424_r2.fastq.gz,1
HRR234425_f1.fastq.gz,1
HRR234425_r2.fastq.gz,1
HRR234426_f1.fastq.gz,1
HRR234426_r2.fastq.gz,1
HRR234427_f1.fastq.gz,1
HRR234427_r2.fastq.gz,1
HRR234428_f1.fastq.gz,1
HRR234428_r2.fastq.gz,1
HRR234429_f1.fastq.gz,1
HRR234429_r2.fastq.gz,1
HRR234430_f1.fastq.gz,1
HRR234430_r2.fastq.gz,1
HRR234431_f1.fastq.gz,1
HRR234431_r2.fastq.gz,1
HRR234432_f1.fastq.gz,1
HRR234432_r2.fastq.gz,1
HRR234433_f1.fastq.gz,1
HRR234433_r2.fastq.gz,1
HRR234434_f1.fastq.gz,1
HRR234434_r2.fastq.gz,1
HRR234435_f1.fastq.gz,1
HRR234435_r2.fastq.gz,1
HRR234436_f1.fastq.gz,1
HRR234436_r2.fastq.gz,1
HRR234437_f1.fastq.gz,1
HRR234437_r2.fastq.gz,1
HRR234438_f1.fastq.gz,1
HRR234438_r2.fastq.gz,1
HRR234439_f1.fastq.gz,1
HRR234439_r2.fastq.gz,1
HRR234440_f1.fastq.gz,1
HRR234440_r2.fastq.gz,1
HRR234441_f1.fastq.gz,1
HRR234441_r2.fastq.gz,1
HRR234442_f1.fastq.gz,1
HRR234442_r2.fastq.gz,1
HRR234443_f1.fastq.gz,1
HRR234443_r2.fastq.gz,1
HRR234444_f1.fastq.gz,1
HRR234444_r2.fastq.gz,1
HRR234445_f1.fastq.gz,1
HRR234445_r2.fastq.gz,1
HRR234446_f1.fastq.gz,1
HRR234446_r2.fastq.gz,1
HRR234447_f1.fastq.gz,1
HRR234447_r2.fastq.gz,1
HRR234448_f1.fastq.gz,1
HRR234448_r2.fastq.gz,1
HRR234449_f1.fastq.gz,1
HRR234449_r2.fastq.gz,1
HRR234450_f1.fastq.gz,1
HRR234450_r2.fastq.gz,1
HRR234451_f1.fastq.gz,1
HRR234451_r2.fastq.gz,1
HRR234452_f1.fastq.gz,1
HRR234452_r2.fastq.gz,1
HRR234453_f1.fastq.gz,1
HRR234453_r2.fastq.gz,1
HRR234454_f1.fastq.gz,1
HRR234454_r2.fastq.gz,1
HRR234455_f1.fastq.gz,1
HRR234455_r2.fastq.gz,1
HRR234456_f1.fastq.gz,1
HRR234456_r2.fastq.gz,1
HRR234457_f1.fastq.gz,1
HRR234457_r2.fastq.gz,1
HRR234458_f1.fastq.gz,1
HRR234458_r2.fastq.gz,1
HRR234459_f1.fastq.gz,1
HRR234459_r2.fastq.gz,1
HRR234460_f1.fastq.gz,1
HRR234460_r2.fastq.gz,1
HRR234461_f1.fastq.gz,1
HRR234461_r2.fastq.gz,1
HRR234462_f1.fastq.gz,1
HRR234462_r2.fastq.gz,1
HRR234463_f1.fastq.gz,1
HRR234463_r2.fastq.gz,1
HRR234464_f1.fastq.gz,1
HRR234464_r2.fastq.gz,1
HRR234465_f1.fastq.gz,1
HRR234465_r2.fastq.gz,1
HRR234466_f1.fastq.gz,1
HRR234466_r2.fastq.gz,1
HRR234467_f1.fastq.gz,1
HRR234467_r2.fastq.gz,1
HRR234468_f1.fastq.gz,1
HRR234468_r2.fastq.gz,1
HRR234469_f1.fastq.gz,1
HRR234469_r2.fastq.gz,1
HRR234470_f1.fastq.gz,1
HRR234470_r2.fastq.gz,1
HRR234471_f1.fastq.gz,1
HRR234471_r2.fastq.gz,1
HRR234472_f1.fastq.gz,1
HRR234472_r2.fastq.gz,1
HRR234473_f1.fastq.gz,1
HRR234473_r2.fastq.gz,1
HRR234474_f1.fastq.gz,1
HRR234474_r2.fastq.gz,1
HRR234475_f1.fastq.gz,1
HRR234475_r2.fastq.gz,1
HRR234476_f1.fastq.gz,1
HRR234476_r2.fastq.gz,1
HRR234477_f1.fastq.gz,1
HRR234477_r2.fastq.gz,1
HRR234478_f1.fastq.gz,1
HRR234478_r2.fastq.gz,1
HRR234479_f1.fastq.gz,1
HRR234479_r2.fastq.gz,1
HRR234480_f1.fastq.gz,1
HRR234480_r2.fastq.gz,1
HRR234481_f1.fastq.gz,1
HRR234481_r2.fastq.gz,1
HRR234482_f1.fastq.gz,1
HRR234482_r2.fastq.gz,1
HRR234483_f1.fastq.gz,1
HRR234483_r2.fastq.gz,1
HRR234484_f1.fastq.gz,1
HRR234484_r2.fastq.gz,1
HRR234485_f1.fastq.gz,1
HRR234485_r2.fastq.gz,1
HRR234486_f1.fastq.gz,1
HRR234486_r2.fastq.gz,1
HRR234487_f1.fastq.gz,1
HRR234487_r2.fastq.gz,1
HRR234488_f1.fastq.gz,1
HRR234488_r2.fastq.gz,1
HRR234489_f1.fastq.gz,1
HRR234489_r2.fastq.gz,1
HRR234490_f1.fastq.gz,1
HRR234490_r2.fastq.gz,1
HRR234491_f1.fastq.gz,1
HRR234491_r2.fastq.gz,1
HRR234492_f1.fastq.gz,1
HRR234492_r2.fastq.gz,1
HRR234493_f1.fastq.gz,1
HRR234493_r2.fastq.gz,1
HRR234494_f1.fastq.gz,1
HRR234494_r2.fastq.gz,1
HRR234495_f1.fastq.gz,1
HRR234495_r2.fastq.gz,1
HRR234496_f1.fastq.gz,1
HRR234496_r2.fastq.gz,1
HRR234497_f1.fastq.gz,1
HRR234497_r2.fastq.gz,1
HRR234498_f1.fastq.gz,1
HRR234498_r2.fastq.gz,1
HRR234499_f1.fastq.gz,1
HRR234499_r2.fastq.gz,1
HRR234500_f1.fastq.gz,1
HRR234500_r2.fastq.gz,1
HRR234501_f1.fastq.gz,1
HRR234501_r2.fastq.gz,1
HRR234502_f1.fastq.gz,1
HRR234502_r2.fastq.gz,1
HRR234503_f1.fastq.gz,1
HRR234503_r2.fastq.gz,1
HRR234504_f1.fastq.gz,1
HRR234504_r2.fastq.gz,1
HRR234505_f1.fastq.gz,1
HRR234505_r2.fastq.gz,1
HRR234506_f1.fastq.gz,1
HRR234506_r2.fastq.gz,1
HRR234507_f1.fastq.gz,1
HRR234507_r2.fastq.gz,1
HRR234508_f1.fastq.gz,1
HRR234508_r2.fastq.gz,1
HRR234509_f1.fastq.gz,1
HRR234509_r2.fastq.gz,1
HRR234510_f1.fastq.gz,1
HRR234510_r2.fastq.gz,1
HRR234511_f1.fastq.gz,1
HRR234511_r2.fastq.gz,1
HRR234512_f1.fastq.gz,1
HRR234512_r2.fastq.gz,1
HRR234513_f1.fastq.gz,1
HRR234513_r2.fastq.gz,1
HRR234514_f1.fastq.gz,1
HRR234514_r2.fastq.gz,1
HRR234515_f1.fastq.gz,1
HRR234515_r2.fastq.gz,1
HRR234516_f1.fastq.gz,1
HRR234516_r2.fastq.gz,1
HRR234517_f1.fastq.gz,1
HRR234517_r2.fastq.gz,1
HRR234518_f1.fastq.gz,1
HRR234518_r2.fastq.gz,1
HRR234519_f1.fastq.gz,1
HRR234519_r2.fastq.gz,1
HRR234520_f1.fastq.gz,1
HRR234520_r2.fastq.gz,1
HRR234521_f1.fastq.gz,1
HRR234521_r2.fastq.gz,1
HRR234522_f1.fastq.gz,1
HRR234522_r2.fastq.gz,1
HRR234523_f1.fastq.gz,1
HRR234523_r2.fastq.gz,1
HRR234524_f1.fastq.gz,1
HRR234524_r2.fastq.gz,1
HRR234525_f1.fastq.gz,1
HRR234525_r2.fastq.gz,1
HRR234526_f1.fastq.gz,1
HRR234526_r2.fastq.gz,1
HRR234527_f1.fastq.gz,1
HRR234527_r2.fastq.gz,1
HRR234528_f1.fastq.gz,1
HRR234528_r2.fastq.gz,1
HRR234529_f1.fastq.gz,1
HRR234529_r2.fastq.gz,1
HRR234530_f1.fastq.gz,1
HRR234530_r2.fastq.gz,1
HRR234531_f1.fastq.gz,1
HRR234531_r2.fastq.gz,1
HRR234532_f1.fastq.gz,1
HRR234532_r2.fastq.gz,1
HRR234533_f1.fastq.gz,1
HRR234533_r2.fastq.gz,1
HRR234534_f1.fastq.gz,1
HRR234534_r2.fastq.gz,1
HRR234535_f1.fastq.gz,1
HRR234535_r2.fastq.gz,1
HRR234536_f1.fastq.gz,1
HRR234536_r2.fastq.gz,1
HRR234537_f1.fastq.gz,1
HRR234537_r2.fastq.gz,1
HRR234538_f1.fastq.gz,1
HRR234538_r2.fastq.gz,1
HRR234539_f1.fastq.gz,1
HRR234539_r2.fastq.gz,1
HRR234540_f1.fastq.gz,1
HRR234540_r2.fastq.gz,1
HRR234541_f1.fastq.gz,1
HRR234541_r2.fastq.gz,1
HRR234542_f1.fastq.gz,1
HRR234542_r2.fastq.gz,1
HRR234543_f1.fastq.gz,1
HRR234543_r2.fastq.gz,1
HRR234544_f1.fastq.gz,1
HRR234544_r2.fastq.gz,1
HRR234545_f1.fastq.gz,1
HRR234545_r2.fastq.gz,1
HRR234546_f1.fastq.gz,1
HRR234546_r2.fastq.gz,1
HRR234547_f1.fastq.gz,1
HRR234547_r2.fastq.gz,1
HRR234548_f1.fastq.gz,1
HRR234548_r2.fastq.gz,1
HRR234549_f1.fastq.gz,1
HRR234549_r2.fastq.gz,1
HRR234550_f1.fastq.gz,1
HRR234550_r2.fastq.gz,1
HRR234551_f1.fastq.gz,1
HRR234551_r2.fastq.gz,1
HRR234552_f1.fastq.gz,1
HRR234552_r2.fastq.gz,1
HRR234553_f1.fastq.gz,1
HRR234553_r2.fastq.gz,1
HRR234554_f1.fastq.gz,1
HRR234554_r2.fastq.gz,1
HRR234555_f1.fastq.gz,1
HRR234555_r2.fastq.gz,1
HRR234556_f1.fastq.gz,1
HRR234556_r2.fastq.gz,1
HRR234557_f1.fastq.gz,1
HRR234557_r2.fastq.gz,1
HRR234558_f1.fastq.gz,1
HRR234558_r2.fastq.gz,1
HRR234559_f1.fastq.gz,1
HRR234559_r2.fastq.gz,1
HRR234560_f1.fastq.gz,1
HRR234560_r2.fastq.gz,1
HRR234561_f1.fastq.gz,1
HRR234561_r2.fastq.gz,1
HRR234562_f1.fastq.gz,1
HRR234562_r2.fastq.gz,1
HRR234563_f1.fastq.gz,1
HRR234563_r2.fastq.gz,1
HRR234564_f1.fastq.gz,1
HRR234564_r2.fastq.gz,1
HRR234565_f1.fastq.gz,1
HRR234565_r2.fastq.gz,1
HRR234566_f1.fastq.gz,1
HRR234566_r2.fastq.gz,1
HRR234567_f1.fastq.gz,1
HRR234567_r2.fastq.gz,1
HRR234568_f1.fastq.gz,1
HRR234568_r2.fastq.gz,1
HRR234569_f1.fastq.gz,1
HRR234569_r2.fastq.gz,1
HRR234570_f1.fastq.gz,1
HRR234570_r2.fastq.gz,1
HRR234571_f1.fastq.gz,1
HRR234571_r2.fastq.gz,1
HRR234572_f1.fastq.gz,1
HRR234572_r2.fastq.gz,1
HRR234573_f1.fastq.gz,1
HRR234573_r2.fastq.gz,1
HRR234574_f1.fastq.gz,1
HRR234574_r2.fastq.gz,1
HRR234575_f1.fastq.gz,1
HRR234575_r2.fastq.gz,1
HRR234576_f1.fastq.gz,1
HRR234576_r2.fastq.gz,1
HRR234577_f1.fastq.gz,1
HRR234577_r2.fastq.gz,1
HRR234578_f1.fastq.gz,1
HRR234578_r2.fastq.gz,1
HRR234579_f1.fastq.gz,1
HRR234579_r2.fastq.gz,1
HRR234580_f1.fastq.gz,1
HRR234580_r2.fastq.gz,1
HRR234581_f1.fastq.gz,1
HRR234581_r2.fastq.gz,1
HRR234582_f1.fastq.gz,1
HRR234582_r2.fastq.gz,1
HRR234583_f1.fastq.gz,1
HRR234583_r2.fastq.gz,1
HRR234584_f1.fastq.gz,1
HRR234584_r2.fastq.gz,1
HRR234585_f1.fastq.gz,1
HRR234585_r2.fastq.gz,1
HRR234586_f1.fastq.gz,1
HRR234586_r2.fastq.gz,1
HRR234587_f1.fastq.gz,1
HRR234587_r2.fastq.gz,1
HRR234588_f1.fastq.gz,1
HRR234588_r2.fastq.gz,1
HRR234589_f1.fastq.gz,1
HRR234589_r2.fastq.gz,1
HRR234590_f1.fastq.gz,1
HRR234590_r2.fastq.gz,1
HRR234591_f1.fastq.gz,1
HRR234591_r2.fastq.gz,1
HRR234592_f1.fastq.gz,1
HRR234592_r2.fastq.gz,1
HRR234593_f1.fastq.gz,1
HRR234593_r2.fastq.gz,1
HRR234594_f1.fastq.gz,1
HRR234594_r2.fastq.gz,1
HRR234595_f1.fastq.gz,1
HRR234595_r2.fastq.gz,1
HRR234596_f1.fastq.gz,1
HRR234596_r2.fastq.gz,1
HRR234597_f1.fastq.gz,1
HRR234597_r2.fastq.gz,1
HRR234598_f1.fastq.gz,1
HRR234598_r2.fastq.gz,1
HRR234599_f1.fastq.gz,1
HRR234599_r2.fastq.gz,1
HRR234600_f1.fastq.gz,1
HRR234600_r2.fastq.gz,1
HRR234601_f1.fastq.gz,1
HRR234601_r2.fastq.gz,1
HRR234602_f1.fastq.gz,1
HRR234602_r2.fastq.gz,1
HRR234603_f1.fastq.gz,1
HRR234603_r2.fastq.gz,1
HRR234604_f1.fastq.gz,1
HRR234604_r2.fastq.gz,1
HRR234605_f1.fastq.gz,1
HRR234605_r2.fastq.gz,1
HRR234606_f1.fastq.gz,1
HRR234606_r2.fastq.gz,1
HRR234607_f1.fastq.gz,1
HRR234607_r2.fastq.gz,1
HRR234608_f1.fastq.gz,1
HRR234608_r2.fastq.gz,1
HRR234609_f1.fastq.gz,1
HRR234609_r2.fastq.gz,1
HRR234610_f1.fastq.gz,1
HRR234610_r2.fastq.gz,1
HRR234611_f1.fastq.gz,1
HRR234611_r2.fastq.gz,1
HRR234612_f1.fastq.gz,1
HRR234612_r2.fastq.gz,1
HRR234613_f1.fastq.gz,1
HRR234613_r2.fastq.gz,1
HRR234614_f1.fastq.gz,1
HRR234614_r2.fastq.gz,1
HRR234615_f1.fastq.gz,1
HRR234615_r2.fastq.gz,1
HRR234616_f1.fastq.gz,1
HRR234616_r2.fastq.gz,1
HRR234617_f1.fastq.gz,1
HRR234617_r2.fastq.gz,1
HRR234618_f1.fastq.gz,1
HRR234618_r2.fastq.gz,1
HRR234619_f1.fastq.gz,1
HRR234619_r2.fastq.gz,1
HRR234620_f1.fastq.gz,1
HRR234620_r2.fastq.gz,1
HRR234621_f1.fastq.gz,1
HRR234621_r2.fastq.gz,1
HRR234622_f1.fastq.gz,1
HRR234622_r2.fastq.gz,1
HRR234623_f1.fastq.gz,1
HRR234623_r2.fastq.gz,1
HRR234624_f1.fastq.gz,1
HRR234624_r2.fastq.gz,1
HRR234625_f1.fastq.gz,1
HRR234625_r2.fastq.gz,1
HRR234626_f1.fastq.gz,1
HRR234626_r2.fastq.gz,1
HRR234627_f1.fastq.gz,1
HRR234627_r2.fastq.gz,1
HRR234628_f1.fastq.gz,1
HRR234628_r2.fastq.gz,1
HRR234629_f1.fastq.gz,1
HRR234629_r2.fastq.gz,1
HRR234630_f1.fastq.gz,1
HRR234630_r2.fastq.gz,1
HRR234631_f1.fastq.gz,1
HRR234631_r2.fastq.gz,1
HRR234632_f1.fastq.gz,1
HRR234632_r2.fastq.gz,1
HRR234633_f1.fastq.gz,1
HRR234633_r2.fastq.gz,1
HRR234634_f1.fastq.gz,1
HRR234634_r2.fastq.gz,1
HRR234635_f1.fastq.gz,1
HRR234635_r2.fastq.gz,1
HRR234636_f1.fastq.gz,1
HRR234636_r2.fastq.gz,1
HRR234637_f1.fastq.gz,1
HRR234637_r2.fastq.gz,1
HRR234638_f1.fastq.gz,1
HRR234638_r2.fastq.gz,1
HRR234639_f1.fastq.gz,1
HRR234639_r2.fastq.gz,1
HRR234640_f1.fastq.gz,1
HRR234640_r2.fastq.gz,1
HRR234641_f1.fastq.gz,1
HRR234641_r2.fastq.gz,1
HRR234642_f1.fastq.gz,1
HRR234642_r2.fastq.gz,1
HRR234643_f1.fastq.gz,1
HRR234643_r2.fastq.gz,1
HRR234644_f1.fastq.gz,1
HRR234644_r2.fastq.gz,1
HRR234645_f1.fastq.gz,1
HRR234645_r2.fastq.gz,1
HRR234646_f1.fastq.gz,1
HRR234646_r2.fastq.gz,1
HRR234647_f1.fastq.gz,1
HRR234647_r2.fastq.gz,1
HRR234648_f1.fastq.gz,1
HRR234648_r2.fastq.gz,1
HRR234649_f1.fastq.gz,1
HRR234649_r2.fastq.gz,1
HRR234650_f1.fastq.gz,1
HRR234650_r2.fastq.gz,1
HRR234651_f1.fastq.gz,1
HRR234651_r2.fastq.gz,1
HRR234652_f1.fastq.gz,1
HRR234652_r2.fastq.gz,1
HRR234653_f1.fastq.gz,1
HRR234653_r2.fastq.gz,1
HRR234654_f1.fastq.gz,1
HRR234654_r2.fastq.gz,1
HRR234655_f1.fastq.gz,1
HRR234655_r2.fastq.gz,1
HRR234656_f1.fastq.gz,1
HRR234656_r2.fastq.gz,1
HRR234657_f1.fastq.gz,1
HRR234657_r2.fastq.gz,1
HRR234658_f1.fastq.gz,1
HRR234658_r2.fastq.gz,1
HRR234659_f1.fastq.gz,1
HRR234659_r2.fastq.gz,1
HRR234660_f1.fastq.gz,1
HRR234660_r2.fastq.gz,1
HRR234661_f1.fastq.gz,1
HRR234661_r2.fastq.gz,1
HRR234662_f1.fastq.gz,1
HRR234662_r2.fastq.gz,1
HRR234663_f1.fastq.gz,1
HRR234663_r2.fastq.gz,1
HRR234664_f1.fastq.gz,1
HRR234664_r2.fastq.gz,1
HRR234665_f1.fastq.gz,1
HRR234665_r2.fastq.gz,1
HRR234666_f1.fastq.gz,1
HRR234666_r2.fastq.gz,1
HRR234667_f1.fastq.gz,1
HRR234667_r2.fastq.gz,1
HRR234668_f1.fastq.gz,1
HRR234668_r2.fastq.gz,1
HRR234669_f1.fastq.gz,1
HRR234669_r2.fastq.gz,1
HRR234670_f1.fastq.gz,1
HRR234670_r2.fastq.gz,1
HRR234671_f1.fastq.gz,1
HRR234671_r2.fastq.gz,1
HRR234672_f1.fastq.gz,1
HRR234672_r2.fastq.gz,1
HRR234673_f1.fastq.gz,1
HRR234673_r2.fastq.gz,1
HRR365657_f1.fastq.gz,1
HRR365657_r2.fastq.gz,1
HRR365658_f1.fastq.gz,1
HRR365658_r2.fastq.gz,1
HRR365659_f1.fastq.gz,1
HRR365659_r2.fastq.gz,1
HRR365660_f1.fastq.gz,1
HRR365660_r2.fastq.gz,1
HRR365661_f1.fastq.gz,1
HRR365661_r2.fastq.gz,1
HRR366756_f1.fq.gz,1
HRR366756_r2.fq.gz,1
HRR366757_f1.fq.gz,1
HRR366757_r2.fq.gz,1
HRR365662_f1.fastq.gz,1
HRR365662_r2.fastq.gz,1
HRR365663_f1.fq.gz,1
HRR365663_r2.fq.gz,1
HRR365664_f1.fastq.gz,1
HRR365664_r2.fastq.gz,1
HRR365665_f1.fq.gz,1
HRR365665_r2.fq.gz,1
HRR365667_f1.fastq.gz,1
HRR365667_r2.fastq.gz,1
HRR365666_f1.fq.gz,1
HRR365666_r2.fq.gz,1
HRR365669_f1.fastq.gz,1
HRR365669_r2.fastq.gz,1
HRR365668_f1.fq.gz,1
HRR365668_r2.fq.gz,1
HRR365671_f1.fastq.gz,1
HRR365671_r2.fastq.gz,1
HRR365670_f1.fq.gz,1
HRR365670_r2.fq.gz,1
HRR365672_f1.fastq.gz,1
HRR365672_r2.fastq.gz,1
HRR366758_f1.fq.gz,1
HRR366758_r2.fq.gz,1
HRR365673_f1.fastq.gz,1
HRR365673_r2.fastq.gz,1
HRR365674_f1.fastq.gz,1
HRR365674_r2.fastq.gz,1
HRR365675_f1.fq.gz,1
HRR365675_r2.fq.gz,1
HRR365676_f1.fastq.gz,1
HRR365676_r2.fastq.gz,1
HRR365677_f1.fq.gz,1
HRR365677_r2.fq.gz,1
HRR365678_f1.fastq.gz,1
HRR365678_r2.fastq.gz,1
HRR365679_f1.fq.gz,1
HRR365679_r2.fq.gz,1
HRR365681_f1.fastq.gz,1
HRR365681_r2.fastq.gz,1
HRR365680_f1.fq.gz,1
HRR365680_r2.fq.gz,1
HRR365683_f1.fastq.gz,1
HRR365683_r2.fastq.gz,1
HRR365682_f1.fq.gz,1
HRR365682_r2.fq.gz,1
HRR365685_f1.fastq.gz,1
HRR365685_r2.fastq.gz,1
HRR365684_f1.fq.gz,1
HRR365684_r2.fq.gz,1
HRR365687_f1.fastq.gz,1
HRR365687_r2.fastq.gz,1
HRR365686_f1.fq.gz,1
HRR365686_r2.fq.gz,1
HRR365688_f1.fastq.gz,1
HRR365688_r2.fastq.gz,1
HRR366759_f1.fq.gz,1
HRR366759_r2.fq.gz,1
HRR365689_f1.fastq.gz,1
HRR365689_r2.fastq.gz,1
HRR366760_f1.fq.gz,1
HRR366760_r2.fq.gz,1
HRR365691_f1.fastq.gz,1
HRR365691_r2.fastq.gz,1
HRR365690_f1.fq.gz,1
HRR365690_r2.fq.gz,1
HRR365693_f1.fastq.gz,1
HRR365693_r2.fastq.gz,1
HRR365692_f1.fq.gz,1
HRR365692_r2.fq.gz,1
HRR365695_f1.fastq.gz,1
HRR365695_r2.fastq.gz,1
HRR365694_f1.fq.gz,1
HRR365694_r2.fq.gz,1
HRR365697_f1.fastq.gz,1
HRR365697_r2.fastq.gz,1
HRR365696_f1.fq.gz,1
HRR365696_r2.fq.gz,1
HRR365699_f1.fastq.gz,1
HRR365699_r2.fastq.gz,1
HRR365698_f1.fq.gz,1
HRR365698_r2.fq.gz,1
HRR365700_f1.fastq.gz,1
HRR365700_r2.fastq.gz,1
HRR365701_f1.fq.gz,1
HRR365701_r2.fq.gz,1
HRR365702_f1.fastq.gz,1
HRR365702_r2.fastq.gz,1
HRR365704_f1.fastq.gz,1
HRR365704_r2.fastq.gz,1
HRR365703_f1.fq.gz,1
HRR365703_r2.fq.gz,1
HRR365706_f1.fastq.gz,1
HRR365706_r2.fastq.gz,1
HRR365705_f1.fq.gz,1
HRR365705_r2.fq.gz,1
HRR365708_f1.fastq.gz,1
HRR365708_r2.fastq.gz,1
HRR365707_f1.fq.gz,1
HRR365707_r2.fq.gz,1
HRR365709_f1.fastq.gz,1
HRR365709_r2.fastq.gz,1
HRR366761_f1.fq.gz,1
HRR366761_r2.fq.gz,1
HRR365710_f1.fastq.gz,1
HRR365710_r2.fastq.gz,1
HRR365711_f1.fq.gz,1
HRR365711_r2.fq.gz,1
HRR365713_f1.fastq.gz,1
HRR365713_r2.fastq.gz,1
HRR365712_f1.fq.gz,1
HRR365712_r2.fq.gz,1
HRR365715_f1.fastq.gz,1
HRR365715_r2.fastq.gz,1
HRR365714_f1.fq.gz,1
HRR365714_r2.fq.gz,1
HRR365717_f1.fastq.gz,1
HRR365717_r2.fastq.gz,1
HRR365716_f1.fq.gz,1
HRR365716_r2.fq.gz,1
HRR365718_f1.fastq.gz,1
HRR365718_r2.fastq.gz,1
HRR366762_f1.fq.gz,1
HRR366762_r2.fq.gz,1
HRR365719_f1.fastq.gz,1
HRR365719_r2.fastq.gz,1
HRR365720_f1.fq.gz,1
HRR365720_r2.fq.gz,1
HRR365722_f1.fastq.gz,1
HRR365722_r2.fastq.gz,1
HRR365721_f1.fq.gz,1
HRR365721_r2.fq.gz,1
HRR365724_f1.fastq.gz,1
HRR365724_r2.fastq.gz,1
HRR365723_f1.fq.gz,1
HRR365723_r2.fq.gz,1
HRR365725_f1.fastq.gz,1
HRR365725_r2.fastq.gz,1
HRR365727_f1.fastq.gz,1
HRR365727_r2.fastq.gz,1
HRR365726_f1.fq.gz,1
HRR365726_r2.fq.gz,1
HRR365728_f1.fastq.gz,1
HRR365728_r2.fastq.gz,1
HRR365729_f1.fq.gz,1
HRR365729_r2.fq.gz,1
HRR365731_f1.fastq.gz,1
HRR365731_r2.fastq.gz,1
HRR365730_f1.fq.gz,1
HRR365730_r2.fq.gz,1
HRR365732_f1.fastq.gz,1
HRR365732_r2.fastq.gz,1
HRR365733_f1.fastq.gz,1
HRR365733_r2.fastq.gz,1
HRR365735_f1.fastq.gz,1
HRR365735_r2.fastq.gz,1
HRR365734_f1.fq.gz,1
HRR365734_r2.fq.gz,1
HRR365736_f1.fastq.gz,1
HRR365736_r2.fastq.gz,1
HRR365737_f1.fq.gz,1
HRR365737_r2.fq.gz,1
HRR365738_f1.fastq.gz,1
HRR365738_r2.fastq.gz,1
HRR365739_f1.fq.gz,1
HRR365739_r2.fq.gz,1
HRR365740_f1.fastq.gz,1
HRR365740_r2.fastq.gz,1
HRR366763_f1.fq.gz,1
HRR366763_r2.fq.gz,1
HRR365742_f1.fastq.gz,1
HRR365742_r2.fastq.gz,1
HRR365741_f1.fq.gz,1
HRR365741_r2.fq.gz,1
HRR365744_f1.fastq.gz,1
HRR365744_r2.fastq.gz,1
HRR365743_f1.fq.gz,1
HRR365743_r2.fq.gz,1
HRR365746_f1.fastq.gz,1
HRR365746_r2.fastq.gz,1
HRR365745_f1.fq.gz,1
HRR365745_r2.fq.gz,1
HRR365748_f1.fastq.gz,1
HRR365748_r2.fastq.gz,1
HRR365747_f1.fq.gz,1
HRR365747_r2.fq.gz,1
HRR365750_f1.fastq.gz,1
HRR365750_r2.fastq.gz,1
HRR365749_f1.fq.gz,1
HRR365749_r2.fq.gz,1
HRR365751_f1.fastq.gz,1
HRR365751_r2.fastq.gz,1
HRR366764_f1.fq.gz,1
HRR366764_r2.fq.gz,1
HRR365753_f1.fastq.gz,1
HRR365753_r2.fastq.gz,1
HRR365752_f1.fq.gz,1
HRR365752_r2.fq.gz,1
HRR365755_f1.fastq.gz,1
HRR365755_r2.fastq.gz,1
HRR365754_f1.fq.gz,1
HRR365754_r2.fq.gz,1
HRR365756_f1.fastq.gz,1
HRR365756_r2.fastq.gz,1
HRR365757_f1.fastq.gz,1
HRR365757_r2.fastq.gz,1
HRR365758_f1.fq.gz,1
HRR365758_r2.fq.gz,1
HRR365759_f1.fastq.gz,1
HRR365759_r2.fastq.gz,1
HRR365760_f1.fq.gz,1
HRR365760_r2.fq.gz,1
HRR365761_f1.fastq.gz,1
HRR365761_r2.fastq.gz,1
HRR365762_f1.fq.gz,1
HRR365762_r2.fq.gz,1
HRR365763_f1.fastq.gz,1
HRR365763_r2.fastq.gz,1
HRR366765_f1.fq.gz,1
HRR366765_r2.fq.gz,1
HRR365764_f1.fastq.gz,1
HRR365764_r2.fastq.gz,1
HRR365765_f1.fq.gz,1
HRR365765_r2.fq.gz,1
HRR365766_f1.fastq.gz,1
HRR365766_r2.fastq.gz,1
HRR365767_f1.fastq.gz,1
HRR365767_r2.fastq.gz,1
HRR365768_f1.fastq.gz,1
HRR365768_r2.fastq.gz,1
HRR365769_f1.fq.gz,1
HRR365769_r2.fq.gz,1
HRR365770_f1.fastq.gz,1
HRR365770_r2.fastq.gz,1
HRR365771_f1.fq.gz,1
HRR365771_r2.fq.gz,1
HRR365773_f1.fastq.gz,1
HRR365773_r2.fastq.gz,1
HRR365772_f1.fq.gz,1
HRR365772_r2.fq.gz,1
HRR365774_f1.fastq.gz,1
HRR365774_r2.fastq.gz,1
HRR365775_f1.fq.gz,1
HRR365775_r2.fq.gz,1
HRR365776_f1.fastq.gz,1
HRR365776_r2.fastq.gz,1
HRR366766_f1.fq.gz,1
HRR366766_r2.fq.gz,1
HRR365777_f1.fastq.gz,1
HRR365777_r2.fastq.gz,1
HRR366767_f1.fq.gz,1
HRR366767_r2.fq.gz,1
HRR365778_f1.fastq.gz,1
HRR365778_r2.fastq.gz,1
HRR365779_f1.fq.gz,1
HRR365779_r2.fq.gz,1
HRR365781_f1.fastq.gz,1
HRR365781_r2.fastq.gz,1
HRR365780_f1.fq.gz,1
HRR365780_r2.fq.gz,1
HRR365783_f1.fastq.gz,1
HRR365783_r2.fastq.gz,1
HRR365782_f1.fq.gz,1
HRR365782_r2.fq.gz,1
HRR365785_f1.fastq.gz,1
HRR365785_r2.fastq.gz,1
HRR365784_f1.fq.gz,1
HRR365784_r2.fq.gz,1
HRR365786_f1.fastq.gz,1
HRR365786_r2.fastq.gz,1
HRR366768_f1.fq.gz,1
HRR366768_r2.fq.gz,1
HRR365787_f1.fastq.gz,1
HRR365787_r2.fastq.gz,1
HRR365788_f1.fq.gz,1
HRR365788_r2.fq.gz,1
HRR365789_f1.fastq.gz,1
HRR365789_r2.fastq.gz,1
HRR365790_f1.fq.gz,1
HRR365790_r2.fq.gz,1
HRR365792_f1.fastq.gz,1
HRR365792_r2.fastq.gz,1
HRR365791_f1.fq.gz,1
HRR365791_r2.fq.gz,1
HRR365794_f1.fastq.gz,1
HRR365794_r2.fastq.gz,1
HRR365793_f1.fq.gz,1
HRR365793_r2.fq.gz,1
HRR365795_f1.fastq.gz,1
HRR365795_r2.fastq.gz,1
HRR365796_f1.fastq.gz,1
HRR365796_r2.fastq.gz,1
HRR365797_f1.fq.gz,1
HRR365797_r2.fq.gz,1
HRR365798_f1.fastq.gz,1
HRR365798_r2.fastq.gz,1
HRR365799_f1.fastq.gz,1
HRR365799_r2.fastq.gz,1
HRR365800_f1.fq.gz,1
HRR365800_r2.fq.gz,1
HRR365801_f1.fastq.gz,1
HRR365801_r2.fastq.gz,1
HRR365802_f1.fq.gz,1
HRR365802_r2.fq.gz,1
HRR365803_f1.fastq.gz,1
HRR365803_r2.fastq.gz,1
HRR365804_f1.fq.gz,1
HRR365804_r2.fq.gz,1
HRR365805_f1.fastq.gz,1
HRR365805_r2.fastq.gz,1
HRR365806_f1.fq.gz,1
HRR365806_r2.fq.gz,1
HRR365807_f1.fastq.gz,1
HRR365807_r2.fastq.gz,1
HRR365808_f1.fq.gz,1
HRR365808_r2.fq.gz,1
HRR365809_f1.fastq.gz,1
HRR365809_r2.fastq.gz,1
HRR365810_f1.fq.gz,1
HRR365810_r2.fq.gz,1
HRR365811_f1.fastq.gz,1
HRR365811_r2.fastq.gz,1
HRR366769_f1.fq.gz,1
HRR366769_r2.fq.gz,1
HRR365812_f1.fastq.gz,1
HRR365812_r2.fastq.gz,1
HRR365813_f1.fq.gz,1
HRR365813_r2.fq.gz,1
HRR365814_f1.fastq.gz,1
HRR365814_r2.fastq.gz,1
HRR365815_f1.fq.gz,1
HRR365815_r2.fq.gz,1
HRR365816_f1.fastq.gz,1
HRR365816_r2.fastq.gz,1
HRR365817_f1.fq.gz,1
HRR365817_r2.fq.gz,1
HRR365818_f1.fastq.gz,1
HRR365818_r2.fastq.gz,1
HRR365819_f1.fq.gz,1
HRR365819_r2.fq.gz,1
HRR365820_f1.fastq.gz,1
HRR365820_r2.fastq.gz,1
HRR365821_f1.fq.gz,1
HRR365821_r2.fq.gz,1
HRR365822_f1.fastq.gz,1
HRR365822_r2.fastq.gz,1
HRR366770_f1.fq.gz,1
HRR366770_r2.fq.gz,1
HRR365824_f1.fastq.gz,1
HRR365824_r2.fastq.gz,1
HRR365823_f1.fq.gz,1
HRR365823_r2.fq.gz,1
HRR365826_f1.fastq.gz,1
HRR365826_r2.fastq.gz,1
HRR365825_f1.fq.gz,1
HRR365825_r2.fq.gz,1
HRR365827_f1.fastq.gz,1
HRR365827_r2.fastq.gz,1
HRR365828_f1.fq.gz,1
HRR365828_r2.fq.gz,1
HRR365829_f1.fastq.gz,1
HRR365829_r2.fastq.gz,1
HRR365830_f1.fastq.gz,1
HRR365830_r2.fastq.gz,1
HRR366771_f1.fq.gz,1
HRR366771_r2.fq.gz,1
HRR365831_f1.fastq.gz,1
HRR365831_r2.fastq.gz,1
HRR365832_f1.fq.gz,1
HRR365832_r2.fq.gz,1
HRR365835_f1.fastq.gz,1
HRR365835_r2.fastq.gz,1
HRR366772_f1.fq.gz,1
HRR366772_r2.fq.gz,1
HRR365836_f1.fastq.gz,1
HRR365836_r2.fastq.gz,1
HRR365837_f1.fastq.gz,1
HRR365837_r2.fastq.gz,1
HRR365833_f1.fastq.gz,1
HRR365833_r2.fastq.gz,1
HRR365834_f1.fastq.gz,1
HRR365834_r2.fastq.gz,1
HRR365838_f1.fastq.gz,1
HRR365838_r2.fastq.gz,1
HRR365839_f1.fq.gz,1
HRR365839_r2.fq.gz,1
HRR365840_f1.fastq.gz,1
HRR365840_r2.fastq.gz,1
HRR365841_f1.fq.gz,1
HRR365841_r2.fq.gz,1
HRR365842_f1.fastq.gz,1
HRR365842_r2.fastq.gz,1
HRR365843_f1.fq.gz,1
HRR365843_r2.fq.gz,1
HRR365844_f1.fastq.gz,1
HRR365844_r2.fastq.gz,1
HRR365845_f1.fq.gz,1
HRR365845_r2.fq.gz,1
HRR365846_f1.fastq.gz,1
HRR365846_r2.fastq.gz,1
HRR366773_f1.fq.gz,1
HRR366773_r2.fq.gz,1
HRR365847_f1.fastq.gz,1
HRR365847_r2.fastq.gz,1
HRR365848_f1.fq.gz,1
HRR365848_r2.fq.gz,1
HRR365849_f1.fastq.gz,1
HRR365849_r2.fastq.gz,1
HRR365850_f1.fq.gz,1
HRR365850_r2.fq.gz,1
HRR365851_f1.fastq.gz,1
HRR365851_r2.fastq.gz,1
HRR365852_f1.fq.gz,1
HRR365852_r2.fq.gz,1
HRR365854_f1.fastq.gz,1
HRR365854_r2.fastq.gz,1
HRR365853_f1.fq.gz,1
HRR365853_r2.fq.gz,1
HRR365855_f1.fastq.gz,1
HRR365855_r2.fastq.gz,1
HRR366774_f1.fq.gz,1
HRR366774_r2.fq.gz,1
HRR365856_f1.fastq.gz,1
HRR365856_r2.fastq.gz,1
HRR366775_f1.fq.gz,1
HRR366775_r2.fq.gz,1
HRR365857_f1.fastq.gz,1
HRR365857_r2.fastq.gz,1
HRR365858_f1.fq.gz,1
HRR365858_r2.fq.gz,1
HRR365859_f1.fastq.gz,1
HRR365859_r2.fastq.gz,1
HRR365860_f1.fq.gz,1
HRR365860_r2.fq.gz,1
HRR365861_f1.fastq.gz,1
HRR365861_r2.fastq.gz,1
HRR365862_f1.fastq.gz,1
HRR365862_r2.fastq.gz,1
HRR365863_f1.fastq.gz,1
HRR365863_r2.fastq.gz,1
HRR365864_f1.fq.gz,1
HRR365864_r2.fq.gz,1
HRR365865_f1.fastq.gz,1
HRR365865_r2.fastq.gz,1
HRR365866_f1.fq.gz,1
HRR365866_r2.fq.gz,1
HRR365867_f1.fastq.gz,1
HRR365867_r2.fastq.gz,1
HRR365868_f1.fq.gz,1
HRR365868_r2.fq.gz,1
HRR365869_f1.fastq.gz,1
HRR365869_r2.fastq.gz,1
HRR365870_f1.fq.gz,1
HRR365870_r2.fq.gz,1
HRR365871_f1.fastq.gz,1
HRR365871_r2.fastq.gz,1
HRR365872_f1.fq.gz,1
HRR365872_r2.fq.gz,1
HRR365873_f1.fastq.gz,1
HRR365873_r2.fastq.gz,1
HRR366776_f1.fq.gz,1
HRR366776_r2.fq.gz,1
HRR365874_f1.fastq.gz,1
HRR365874_r2.fastq.gz,1
HRR365875_f1.fastq.gz,1
HRR365875_r2.fastq.gz,1
HRR365876_f1.fastq.gz,1
HRR365876_r2.fastq.gz,1
HRR365877_f1.fastq.gz,1
HRR365877_r2.fastq.gz,1
HRR365878_f1.fastq.gz,1
HRR365878_r2.fastq.gz,1
HRR365879_f1.fastq.gz,1
HRR365879_r2.fastq.gz,1
HRR365880_f1.fq.gz,1
HRR365880_r2.fq.gz,1
HRR365881_f1.fastq.gz,1
HRR365881_r2.fastq.gz,1
HRR366777_f1.fq.gz,1
HRR366777_r2.fq.gz,1
HRR365882_f1.fastq.gz,1
HRR365882_r2.fastq.gz,1
HRR365883_f1.fastq.gz,1
HRR365883_r2.fastq.gz,1
HRR365884_f1.fastq.gz,1
HRR365884_r2.fastq.gz,1
HRR365885_f1.fastq.gz,1
HRR365885_r2.fastq.gz,1
HRR365886_f1.fastq.gz,1
HRR365886_r2.fastq.gz,1
HRR365887_f1.fq.gz,1
HRR365887_r2.fq.gz,1
HRR365888_f1.fastq.gz,1
HRR365888_r2.fastq.gz,1
HRR365889_f1.fq.gz,1
HRR365889_r2.fq.gz,1
HRR365890_f1.fastq.gz,1
HRR365890_r2.fastq.gz,1
HRR365891_f1.fq.gz,1
HRR365891_r2.fq.gz,1
HRR365892_f1.fastq.gz,1
HRR365892_r2.fastq.gz,1
HRR365893_f1.fq.gz,1
HRR365893_r2.fq.gz,1
HRR365894_f1.fastq.gz,1
HRR365894_r2.fastq.gz,1
HRR366778_f1.fq.gz,1
HRR366778_r2.fq.gz,1
HRR365895_f1.fastq.gz,1
HRR365895_r2.fastq.gz,1
HRR365896_f1.fq.gz,1
HRR365896_r2.fq.gz,1
HRR365897_f1.fastq.gz,1
HRR365897_r2.fastq.gz,1
HRR365898_f1.fastq.gz,1
HRR365898_r2.fastq.gz,1
HRR365899_f1.fq.gz,1
HRR365899_r2.fq.gz,1
HRR365900_f1.fastq.gz,1
HRR365900_r2.fastq.gz,1
HRR365901_f1.fastq.gz,1
HRR365901_r2.fastq.gz,1
HRR365902_f1.fq.gz,1
HRR365902_r2.fq.gz,1
HRR365903_f1.fastq.gz,1
HRR365903_r2.fastq.gz,1
HRR365904_f1.fastq.gz,1
HRR365904_r2.fastq.gz,1
HRR365905_f1.fq.gz,1
HRR365905_r2.fq.gz,1
HRR365906_f1.fastq.gz,1
HRR365906_r2.fastq.gz,1
HRR365907_f1.fq.gz,1
HRR365907_r2.fq.gz,1
HRR365908_f1.fastq.gz,1
HRR365908_r2.fastq.gz,1
HRR365909_f1.fq.gz,1
HRR365909_r2.fq.gz,1
HRR365910_f1.fastq.gz,1
HRR365910_r2.fastq.gz,1
HRR366779_f1.fq.gz,1
HRR366779_r2.fq.gz,1
HRR365911_f1.fastq.gz,1
HRR365911_r2.fastq.gz,1
HRR365912_f1.fq.gz,1
HRR365912_r2.fq.gz,1
HRR365913_f1.fastq.gz,1
HRR365913_r2.fastq.gz,1
HRR365914_f1.fq.gz,1
HRR365914_r2.fq.gz,1
HRR365915_f1.fastq.gz,1
HRR365915_r2.fastq.gz,1
HRR365916_f1.fq.gz,1
HRR365916_r2.fq.gz,1
HRR365917_f1.fastq.gz,1
HRR365917_r2.fastq.gz,1
HRR365918_f1.fq.gz,1
HRR365918_r2.fq.gz,1
HRR365919_f1.fastq.gz,1
HRR365919_r2.fastq.gz,1
HRR365920_f1.fq.gz,1
HRR365920_r2.fq.gz,1
HRR365921_f1.fastq.gz,1
HRR365921_r2.fastq.gz,1
HRR365922_f1.fq.gz,1
HRR365922_r2.fq.gz,1
HRR365923_f1.fastq.gz,1
HRR365923_r2.fastq.gz,1
HRR365924_f1.fq.gz,1
HRR365924_r2.fq.gz,1
HRR365925_f1.fastq.gz,1
HRR365925_r2.fastq.gz,1
HRR365926_f1.fastq.gz,1
HRR365926_r2.fastq.gz,1
HRR365927_f1.fastq.gz,1
HRR365927_r2.fastq.gz,1
HRR365928_f1.fq.gz,1
HRR365928_r2.fq.gz,1
HRR365929_f1.fq.gz,1
HRR365929_r2.fq.gz,1
HRR365930_f1.fastq.gz,1
HRR365930_r2.fastq.gz,1
HRR365931_f1.fq.gz,1
HRR365931_r2.fq.gz,1
HRR365932_f1.fastq.gz,1
HRR365932_r2.fastq.gz,1
HRR365933_f1.fastq.gz,1
HRR365933_r2.fastq.gz,1
HRR365934_f1.fq.gz,1
HRR365934_r2.fq.gz,1
HRR365935_f1.fastq.gz,1
HRR365935_r2.fastq.gz,1
HRR365936_f1.fq.gz,1
HRR365936_r2.fq.gz,1
HRR365937_f1.fastq.gz,1
HRR365937_r2.fastq.gz,1
HRR365938_f1.fastq.gz,1
HRR365938_r2.fastq.gz,1
HRR366780_f1.fq.gz,1
HRR366780_r2.fq.gz,1
HRR365939_f1.fastq.gz,1
HRR365939_r2.fastq.gz,1
HRR365940_f1.fq.gz,1
HRR365940_r2.fq.gz,1
HRR365941_f1.fastq.gz,1
HRR365941_r2.fastq.gz,1
HRR365942_f1.fq.gz,1
HRR365942_r2.fq.gz,1
HRR365943_f1.fastq.gz,1
HRR365943_r2.fastq.gz,1
HRR365944_f1.fq.gz,1
HRR365944_r2.fq.gz,1
HRR365945_f1.fastq.gz,1
HRR365945_r2.fastq.gz,1
HRR365946_f1.fastq.gz,1
HRR365946_r2.fastq.gz,1
HRR365947_f1.fq.gz,1
HRR365947_r2.fq.gz,1
HRR365948_f1.fastq.gz,1
HRR365948_r2.fastq.gz,1
HRR365949_f1.fq.gz,1
HRR365949_r2.fq.gz,1
HRR365951_f1.fastq.gz,1
HRR365951_r2.fastq.gz,1
HRR365950_f1.fq.gz,1
HRR365950_r2.fq.gz,1
HRR365953_f1.fastq.gz,1
HRR365953_r2.fastq.gz,1
HRR365952_f1.fq.gz,1
HRR365952_r2.fq.gz,1
HRR365955_f1.fastq.gz,1
HRR365955_r2.fastq.gz,1
HRR365954_f1.fq.gz,1
HRR365954_r2.fq.gz,1
HRR365957_f1.fastq.gz,1
HRR365957_r2.fastq.gz,1
HRR365956_f1.fq.gz,1
HRR365956_r2.fq.gz,1
HRR365958_f1.fastq.gz,1
HRR365958_r2.fastq.gz,1
HRR365960_f1.fastq.gz,1
HRR365960_r2.fastq.gz,1
HRR365959_f1.fq.gz,1
HRR365959_r2.fq.gz,1
HRR365961_f1.fastq.gz,1
HRR365961_r2.fastq.gz,1
HRR366781_f1.fq.gz,1
HRR366781_r2.fq.gz,1
HRR365962_f1.fastq.gz,1
HRR365962_r2.fastq.gz,1
HRR365963_f1.fq.gz,1
HRR365963_r2.fq.gz,1
HRR365965_f1.fastq.gz,1
HRR365965_r2.fastq.gz,1
HRR365964_f1.fq.gz,1
HRR365964_r2.fq.gz,1
HRR365966_f1.fastq.gz,1
HRR365966_r2.fastq.gz,1
HRR366782_f1.fq.gz,1
HRR366782_r2.fq.gz,1
HRR365967_f1.fastq.gz,1
HRR365967_r2.fastq.gz,1
HRR365968_f1.fq.gz,1
HRR365968_r2.fq.gz,1
HRR365970_f1.fastq.gz,1
HRR365970_r2.fastq.gz,1
HRR365969_f1.fq.gz,1
HRR365969_r2.fq.gz,1
HRR365971_f1.fastq.gz,1
HRR365971_r2.fastq.gz,1
HRR366783_f1.fq.gz,1
HRR366783_r2.fq.gz,1
HRR365972_f1.fastq.gz,1
HRR365972_r2.fastq.gz,1
HRR365973_f1.fq.gz,1
HRR365973_r2.fq.gz,1
HRR365974_f1.fastq.gz,1
HRR365974_r2.fastq.gz,1
HRR366784_f1.fq.gz,1
HRR366784_r2.fq.gz,1
HRR365976_f1.fastq.gz,1
HRR365976_r2.fastq.gz,1
HRR365975_f1.fq.gz,1
HRR365975_r2.fq.gz,1
HRR365978_f1.fastq.gz,1
HRR365978_r2.fastq.gz,1
HRR365977_f1.fq.gz,1
HRR365977_r2.fq.gz,1
HRR365979_f1.fastq.gz,1
HRR365979_r2.fastq.gz,1
HRR365980_f1.fq.gz,1
HRR365980_r2.fq.gz,1
HRR365981_f1.fastq.gz,1
HRR365981_r2.fastq.gz,1
HRR365982_f1.fq.gz,1
HRR365982_r2.fq.gz,1
HRR365984_f1.fastq.gz,1
HRR365984_r2.fastq.gz,1
HRR365983_f1.fq.gz,1
HRR365983_r2.fq.gz,1
HRR365985_f1.fastq.gz,1
HRR365985_r2.fastq.gz,1
HRR366785_f1.fq.gz,1
HRR366785_r2.fq.gz,1
HRR365987_f1.fastq.gz,1
HRR365987_r2.fastq.gz,1
HRR365986_f1.fq.gz,1
HRR365986_r2.fq.gz,1
HRR365989_f1.fastq.gz,1
HRR365989_r2.fastq.gz,1
HRR365988_f1.fq.gz,1
HRR365988_r2.fq.gz,1
HRR365990_f1.fastq.gz,1
HRR365990_r2.fastq.gz,1
HRR365991_f1.fastq.gz,1
HRR365991_r2.fastq.gz,1
HRR365993_f1.fastq.gz,1
HRR365993_r2.fastq.gz,1
HRR365992_f1.fq.gz,1
HRR365992_r2.fq.gz,1
HRR365995_f1.fastq.gz,1
HRR365995_r2.fastq.gz,1
HRR365994_f1.fq.gz,1
HRR365994_r2.fq.gz,1
HRR365996_f1.fastq.gz,1
HRR365996_r2.fastq.gz,1
HRR365998_f1.fastq.gz,1
HRR365998_r2.fastq.gz,1
HRR365997_f1.fq.gz,1
HRR365997_r2.fq.gz,1
HRR366000_f1.fastq.gz,1
HRR366000_r2.fastq.gz,1
HRR365999_f1.fq.gz,1
HRR365999_r2.fq.gz,1
HRR366002_f1.fastq.gz,1
HRR366002_r2.fastq.gz,1
HRR366001_f1.fq.gz,1
HRR366001_r2.fq.gz,1
HRR366003_f1.fastq.gz,1
HRR366003_r2.fastq.gz,1
HRR366005_f1.fastq.gz,1
HRR366005_r2.fastq.gz,1
HRR366004_f1.fq.gz,1
HRR366004_r2.fq.gz,1
HRR366007_f1.fastq.gz,1
HRR366007_r2.fastq.gz,1
HRR366006_f1.fq.gz,1
HRR366006_r2.fq.gz,1
HRR366009_f1.fastq.gz,1
HRR366009_r2.fastq.gz,1
HRR366008_f1.fq.gz,1
HRR366008_r2.fq.gz,1
HRR366011_f1.fastq.gz,1
HRR366011_r2.fastq.gz,1
HRR366010_f1.fq.gz,1
HRR366010_r2.fq.gz,1
HRR366013_f1.fastq.gz,1
HRR366013_r2.fastq.gz,1
HRR366012_f1.fq.gz,1
HRR366012_r2.fq.gz,1
HRR366014_f1.fastq.gz,1
HRR366014_r2.fastq.gz,1
HRR366016_f1.fastq.gz,1
HRR366016_r2.fastq.gz,1
HRR366015_f1.fq.gz,1
HRR366015_r2.fq.gz,1
HRR366018_f1.fastq.gz,1
HRR366018_r2.fastq.gz,1
HRR366017_f1.fq.gz,1
HRR366017_r2.fq.gz,1
HRR366019_f1.fastq.gz,1
HRR366019_r2.fastq.gz,1
HRR366020_f1.fastq.gz,1
HRR366020_r2.fastq.gz,1
HRR366022_f1.fastq.gz,1
HRR366022_r2.fastq.gz,1
HRR366021_f1.fq.gz,1
HRR366021_r2.fq.gz,1
HRR366023_f1.fastq.gz,1
HRR366023_r2.fastq.gz,1
HRR366024_f1.fq.gz,1
HRR366024_r2.fq.gz,1
HRR366025_f1.fastq.gz,1
HRR366025_r2.fastq.gz,1
HRR366026_f1.fastq.gz,1
HRR366026_r2.fastq.gz,1
HRR366027_f1.fastq.gz,1
HRR366027_r2.fastq.gz,1
HRR366028_f1.fastq.gz,1
HRR366028_r2.fastq.gz,1
HRR366029_f1.fastq.gz,1
HRR366029_r2.fastq.gz,1
HRR366030_f1.fastq.gz,1
HRR366030_r2.fastq.gz,1
HRR366031_f1.fq.gz,1
HRR366031_r2.fq.gz,1
HRR366033_f1.fastq.gz,1
HRR366033_r2.fastq.gz,1
HRR366032_f1.fq.gz,1
HRR366032_r2.fq.gz,1
HRR366034_f1.fastq.gz,1
HRR366034_r2.fastq.gz,1
HRR366035_f1.fastq.gz,1
HRR366035_r2.fastq.gz,1
HRR366036_f1.fastq.gz,1
HRR366036_r2.fastq.gz,1
HRR366037_f1.fastq.gz,1
HRR366037_r2.fastq.gz,1
HRR366038_f1.fq.gz,1
HRR366038_r2.fq.gz,1
HRR366039_f1.fastq.gz,1
HRR366039_r2.fastq.gz,1
HRR366041_f1.fastq.gz,1
HRR366041_r2.fastq.gz,1
HRR366040_f1.fq.gz,1
HRR366040_r2.fq.gz,1
HRR366042_f1.fastq.gz,1
HRR366042_r2.fastq.gz,1
HRR366043_f1.fastq.gz,1
HRR366043_r2.fastq.gz,1
HRR366044_f1.fastq.gz,1
HRR366044_r2.fastq.gz,1
HRR366045_f1.fastq.gz,1
HRR366045_r2.fastq.gz,1
HRR366046_f1.fastq.gz,1
HRR366046_r2.fastq.gz,1
HRR366047_f1.fq.gz,1
HRR366047_r2.fq.gz,1
HRR366048_f1.fastq.gz,1
HRR366048_r2.fastq.gz,1
HRR366049_f1.fastq.gz,1
HRR366049_r2.fastq.gz,1
HRR366050_f1.fastq.gz,1
HRR366050_r2.fastq.gz,1
HRR366051_f1.fq.gz,1
HRR366051_r2.fq.gz,1
HRR366052_f1.fastq.gz,1
HRR366052_r2.fastq.gz,1
HRR366053_f1.fq.gz,1
HRR366053_r2.fq.gz,1
HRR366055_f1.fastq.gz,1
HRR366055_r2.fastq.gz,1
HRR366054_f1.fq.gz,1
HRR366054_r2.fq.gz,1
HRR366056_f1.fastq.gz,1
HRR366056_r2.fastq.gz,1
HRR366786_f1.fq.gz,1
HRR366786_r2.fq.gz,1
HRR366058_f1.fastq.gz,1
HRR366058_r2.fastq.gz,1
HRR366057_f1.fq.gz,1
HRR366057_r2.fq.gz,1
HRR366059_f1.fastq.gz,1
HRR366059_r2.fastq.gz,1
HRR366060_f1.fq.gz,1
HRR366060_r2.fq.gz,1
HRR366061_f1.fastq.gz,1
HRR366061_r2.fastq.gz,1
HRR366062_f1.fastq.gz,1
HRR366062_r2.fastq.gz,1
HRR366063_f1.fastq.gz,1
HRR366063_r2.fastq.gz,1
HRR366064_f1.fastq.gz,1
HRR366064_r2.fastq.gz,1
HRR366787_f1.fq.gz,1
HRR366787_r2.fq.gz,1
HRR366065_f1.fastq.gz,1
HRR366065_r2.fastq.gz,1
HRR366788_f1.fq.gz,1
HRR366788_r2.fq.gz,1
HRR366066_f1.fastq.gz,1
HRR366066_r2.fastq.gz,1
HRR366067_f1.fq.gz,1
HRR366067_r2.fq.gz,1
HRR366068_f1.fastq.gz,1
HRR366068_r2.fastq.gz,1
HRR366069_f1.fastq.gz,1
HRR366069_r2.fastq.gz,1
HRR366070_f1.fastq.gz,1
HRR366070_r2.fastq.gz,1
HRR366071_f1.fastq.gz,1
HRR366071_r2.fastq.gz,1
HRR366072_f1.fastq.gz,1
HRR366072_r2.fastq.gz,1
HRR366789_f1.fq.gz,1
HRR366789_r2.fq.gz,1
HRR366074_f1.fastq.gz,1
HRR366074_r2.fastq.gz,1
HRR366073_f1.fq.gz,1
HRR366073_r2.fq.gz,1
HRR366075_f1.fastq.gz,1
HRR366075_r2.fastq.gz,1
HRR366076_f1.fq.gz,1
HRR366076_r2.fq.gz,1
HRR366077_f1.fastq.gz,1
HRR366077_r2.fastq.gz,1
HRR366790_f1.fq.gz,1
HRR366790_r2.fq.gz,1
HRR366079_f1.fastq.gz,1
HRR366079_r2.fastq.gz,1
HRR366078_f1.fq.gz,1
HRR366078_r2.fq.gz,1
HRR366081_f1.fastq.gz,1
HRR366081_r2.fastq.gz,1
HRR366080_f1.fq.gz,1
HRR366080_r2.fq.gz,1
HRR366083_f1.fastq.gz,1
HRR366083_r2.fastq.gz,1
HRR366082_f1.fq.gz,1
HRR366082_r2.fq.gz,1
HRR366084_f1.fastq.gz,1
HRR366084_r2.fastq.gz,1
HRR366086_f1.fastq.gz,1
HRR366086_r2.fastq.gz,1
HRR366085_f1.fq.gz,1
HRR366085_r2.fq.gz,1
HRR366088_f1.fastq.gz,1
HRR366088_r2.fastq.gz,1
HRR366087_f1.fq.gz,1
HRR366087_r2.fq.gz,1
HRR366089_f1.fastq.gz,1
HRR366089_r2.fastq.gz,1
HRR366090_f1.fastq.gz,1
HRR366090_r2.fastq.gz,1
HRR366791_f1.fq.gz,1
HRR366791_r2.fq.gz,1
HRR366092_f1.fastq.gz,1
HRR366092_r2.fastq.gz,1
HRR366091_f1.fq.gz,1
HRR366091_r2.fq.gz,1
HRR366093_f1.fastq.gz,1
HRR366093_r2.fastq.gz,1
HRR366792_f1.fq.gz,1
HRR366792_r2.fq.gz,1
HRR366094_f1.fastq.gz,1
HRR366094_r2.fastq.gz,1
HRR366095_f1.fq.gz,1
HRR366095_r2.fq.gz,1
HRR366096_f1.fastq.gz,1
HRR366096_r2.fastq.gz,1
HRR366097_f1.fq.gz,1
HRR366097_r2.fq.gz,1
HRR366099_f1.fastq.gz,1
HRR366099_r2.fastq.gz,1
HRR366098_f1.fq.gz,1
HRR366098_r2.fq.gz,1
HRR366100_f1.fastq.gz,1
HRR366100_r2.fastq.gz,1
HRR366793_f1.fq.gz,1
HRR366793_r2.fq.gz,1
HRR366101_f1.fastq.gz,1
HRR366101_r2.fastq.gz,1
HRR366103_f1.fastq.gz,1
HRR366103_r2.fastq.gz,1
HRR366102_f1.fq.gz,1
HRR366102_r2.fq.gz,1
HRR366105_f1.fastq.gz,1
HRR366105_r2.fastq.gz,1
HRR366104_f1.fq.gz,1
HRR366104_r2.fq.gz,1
HRR366106_f1.fastq.gz,1
HRR366106_r2.fastq.gz,1
HRR366107_f1.fq.gz,1
HRR366107_r2.fq.gz,1
HRR366109_f1.fastq.gz,1
HRR366109_r2.fastq.gz,1
HRR366108_f1.fq.gz,1
HRR366108_r2.fq.gz,1
HRR366110_f1.fq.gz,1
HRR366110_r2.fq.gz,1
HRR366111_f1.fastq.gz,1
HRR366111_r2.fastq.gz,1
HRR366113_f1.fastq.gz,1
HRR366113_r2.fastq.gz,1
HRR366112_f1.fq.gz,1
HRR366112_r2.fq.gz,1
HRR366170_f1.fastq.gz,1
HRR366170_r2.fastq.gz,1
HRR366171_f1.fastq.gz,1
HRR366171_r2.fastq.gz,1
HRR366172_f1.fq.gz,1
HRR366172_r2.fq.gz,1
HRR366189_f1.fastq.gz,1
HRR366189_r2.fastq.gz,1
HRR366191_f1.fastq.gz,1
HRR366191_r2.fastq.gz,1
HRR366190_f1.fq.gz,1
HRR366190_r2.fq.gz,1
HRR366192_f1.fastq.gz,1
HRR366192_r2.fastq.gz,1
HRR366194_f1.fastq.gz,1
HRR366194_r2.fastq.gz,1
HRR366193_f1.fq.gz,1
HRR366193_r2.fq.gz,1
HRR366195_f1.fastq.gz,1
HRR366195_r2.fastq.gz,1
HRR366196_f1.fastq.gz,1
HRR366196_r2.fastq.gz,1
HRR366197_f1.fq.gz,1
HRR366197_r2.fq.gz,1
HRR366198_f1.fastq.gz,1
HRR366198_r2.fastq.gz,1
HRR366200_f1.fastq.gz,1
HRR366200_r2.fastq.gz,1
HRR366199_f1.fq.gz,1
HRR366199_r2.fq.gz,1
HRR366201_f1.fastq.gz,1
HRR366201_r2.fastq.gz,1
HRR366203_f1.fastq.gz,1
HRR366203_r2.fastq.gz,1
HRR366202_f1.fq.gz,1
HRR366202_r2.fq.gz,1
HRR366204_f1.fastq.gz,1
HRR366204_r2.fastq.gz,1
HRR366205_f1.fastq.gz,1
HRR366205_r2.fastq.gz,1
HRR366206_f1.fq.gz,1
HRR366206_r2.fq.gz,1
HRR366207_f1.fastq.gz,1
HRR366207_r2.fastq.gz,1
HRR366209_f1.fastq.gz,1
HRR366209_r2.fastq.gz,1
HRR366208_f1.fq.gz,1
HRR366208_r2.fq.gz,1
HRR366210_f1.fastq.gz,1
HRR366210_r2.fastq.gz,1
HRR366211_f1.fastq.gz,1
HRR366211_r2.fastq.gz,1
HRR366212_f1.fq.gz,1
HRR366212_r2.fq.gz,1
HRR366213_f1.fastq.gz,1
HRR366213_r2.fastq.gz,1
HRR366214_f1.fastq.gz,1
HRR366214_r2.fastq.gz,1
HRR366215_f1.fq.gz,1
HRR366215_r2.fq.gz,1
HRR366216_f1.fastq.gz,1
HRR366216_r2.fastq.gz,1
HRR366217_f1.fastq.gz,1
HRR366217_r2.fastq.gz,1
HRR366218_f1.fq.gz,1
HRR366218_r2.fq.gz,1
HRR366219_f1.fastq.gz,1
HRR366219_r2.fastq.gz,1
HRR366220_f1.fastq.gz,1
HRR366220_r2.fastq.gz,1
HRR366221_f1.fq.gz,1
HRR366221_r2.fq.gz,1
HRR366222_f1.fastq.gz,1
HRR366222_r2.fastq.gz,1
HRR366223_f1.fastq.gz,1
HRR366223_r2.fastq.gz,1
HRR366224_f1.fq.gz,1
HRR366224_r2.fq.gz,1
HRR366225_f1.fastq.gz,1
HRR366225_r2.fastq.gz,1
HRR366226_f1.fastq.gz,1
HRR366226_r2.fastq.gz,1
HRR366227_f1.fq.gz,1
HRR366227_r2.fq.gz,1
HRR366228_f1.fastq.gz,1
HRR366228_r2.fastq.gz,1
HRR366229_f1.fastq.gz,1
HRR366229_r2.fastq.gz,1
HRR366230_f1.fq.gz,1
HRR366230_r2.fq.gz,1
HRR366231_f1.fastq.gz,1
HRR366231_r2.fastq.gz,1
HRR366232_f1.fastq.gz,1
HRR366232_r2.fastq.gz,1
HRR366233_f1.fq.gz,1
HRR366233_r2.fq.gz,1
HRR366234_f1.fastq.gz,1
HRR366234_r2.fastq.gz,1
HRR366235_f1.fastq.gz,1
HRR366235_r2.fastq.gz,1
HRR366236_f1.fq.gz,1
HRR366236_r2.fq.gz,1
HRR366237_f1.fastq.gz,1
HRR366237_r2.fastq.gz,1
HRR366238_f1.fastq.gz,1
HRR366238_r2.fastq.gz,1
HRR366239_f1.fq.gz,1
HRR366239_r2.fq.gz,1
HRR366240_f1.fastq.gz,1
HRR366240_r2.fastq.gz,1
HRR366241_f1.fastq.gz,1
HRR366241_r2.fastq.gz,1
HRR366242_f1.fq.gz,1
HRR366242_r2.fq.gz,1
HRR366243_f1.fastq.gz,1
HRR366243_r2.fastq.gz,1
HRR366244_f1.fastq.gz,1
HRR366244_r2.fastq.gz,1
HRR366245_f1.fq.gz,1
HRR366245_r2.fq.gz,1
HRR366246_f1.fastq.gz,1
HRR366246_r2.fastq.gz,1
HRR366247_f1.fastq.gz,1
HRR366247_r2.fastq.gz,1
HRR366248_f1.fq.gz,1
HRR366248_r2.fq.gz,1
HRR366249_f1.fastq.gz,1
HRR366249_r2.fastq.gz,1
HRR366250_f1.fastq.gz,1
HRR366250_r2.fastq.gz,1
HRR366251_f1.fq.gz,1
HRR366251_r2.fq.gz,1
HRR366252_f1.fastq.gz,1
HRR366252_r2.fastq.gz,1
HRR366253_f1.fastq.gz,1
HRR366253_r2.fastq.gz,1
HRR366254_f1.fq.gz,1
HRR366254_r2.fq.gz,1
HRR366255_f1.fastq.gz,1
HRR366255_r2.fastq.gz,1
HRR366256_f1.fastq.gz,1
HRR366256_r2.fastq.gz,1
HRR366257_f1.fq.gz,1
HRR366257_r2.fq.gz,1
HRR366258_f1.fastq.gz,1
HRR366258_r2.fastq.gz,1
HRR366259_f1.fastq.gz,1
HRR366259_r2.fastq.gz,1
HRR366260_f1.fq.gz,1
HRR366260_r2.fq.gz,1
HRR366261_f1.fastq.gz,1
HRR366261_r2.fastq.gz,1
HRR366262_f1.fastq.gz,1
HRR366262_r2.fastq.gz,1
HRR366263_f1.fq.gz,1
HRR366263_r2.fq.gz,1
HRR366273_f1.fastq.gz,1
HRR366273_r2.fastq.gz,1
HRR366274_f1.fastq.gz,1
HRR366274_r2.fastq.gz,1
HRR366275_f1.fq.gz,1
HRR366275_r2.fq.gz,1
HRR366276_f1.fastq.gz,1
HRR366276_r2.fastq.gz,1
HRR366277_f1.fastq.gz,1
HRR366277_r2.fastq.gz,1
HRR366278_f1.fq.gz,1
HRR366278_r2.fq.gz,1
HRR366279_f1.fastq.gz,1
HRR366279_r2.fastq.gz,1
HRR366280_f1.fastq.gz,1
HRR366280_r2.fastq.gz,1
HRR366281_f1.fq.gz,1
HRR366281_r2.fq.gz,1
HRR366282_f1.fastq.gz,1
HRR366282_r2.fastq.gz,1
HRR366283_f1.fastq.gz,1
HRR366283_r2.fastq.gz,1
HRR366284_f1.fq.gz,1
HRR366284_r2.fq.gz,1
HRR366285_f1.fastq.gz,1
HRR366285_r2.fastq.gz,1
HRR366286_f1.fastq.gz,1
HRR366286_r2.fastq.gz,1
HRR366287_f1.fq.gz,1
HRR366287_r2.fq.gz,1
HRR366288_f1.fastq.gz,1
HRR366288_r2.fastq.gz,1
HRR366289_f1.fastq.gz,1
HRR366289_r2.fastq.gz,1
HRR366290_f1.fq.gz,1
HRR366290_r2.fq.gz,1
HRR366533_f1.fastq.gz,1
HRR366533_r2.fastq.gz,1
HRR366534_f1.fastq.gz,1
HRR366534_r2.fastq.gz,1
HRR366535_f1.fastq.gz,1
HRR366535_r2.fastq.gz,1
HRR366536_f1.fastq.gz,1
HRR366536_r2.fastq.gz,1
HRR366537_f1.fastq.gz,1
HRR366537_r2.fastq.gz,1
HRR366538_f1.fastq.gz,1
HRR366538_r2.fastq.gz,1
HRR366539_f1.fastq.gz,1
HRR366539_r2.fastq.gz,1
HRR366540_f1.fastq.gz,1
HRR366540_r2.fastq.gz,1
HRR366541_f1.fastq.gz,1
HRR366541_r2.fastq.gz,1
HRR366542_f1.fastq.gz,1
HRR366542_r2.fastq.gz,1
HRR366543_f1.fastq.gz,1
HRR366543_r2.fastq.gz,1
HRR366544_f1.fastq.gz,1
HRR366544_r2.fastq.gz,1
HRR366545_f1.fastq.gz,1
HRR366545_r2.fastq.gz,1
HRR366546_f1.fastq.gz,1
HRR366546_r2.fastq.gz,1
HRR366547_f1.fastq.gz,1
HRR366547_r2.fastq.gz,1
HRR366548_f1.fastq.gz,1
HRR366548_r2.fastq.gz,1
HRR366549_f1.fastq.gz,1
HRR366549_r2.fastq.gz,1
HRR366550_f1.fastq.gz,1
HRR366550_r2.fastq.gz,1
HRR366551_f1.fastq.gz,1
HRR366551_r2.fastq.gz,1
HRR366552_f1.fastq.gz,1
HRR366552_r2.fastq.gz,1
HRR366553_f1.fastq.gz,1
HRR366553_r2.fastq.gz,1
HRR366554_f1.fastq.gz,1
HRR366554_r2.fastq.gz,1
HRR366555_f1.fastq.gz,1
HRR366555_r2.fastq.gz,1
HRR366556_f1.fastq.gz,1
HRR366556_r2.fastq.gz,1
HRR366557_f1.fastq.gz,1
HRR366557_r2.fastq.gz,1
HRR366558_f1.fastq.gz,1
HRR366558_r2.fastq.gz,1
HRR366559_f1.fastq.gz,1
HRR366559_r2.fastq.gz,1
HRR366560_f1.fastq.gz,1
HRR366560_r2.fastq.gz,1
HRR366561_f1.fastq.gz,1
HRR366561_r2.fastq.gz,1
HRR366562_f1.fastq.gz,1
HRR366562_r2.fastq.gz,1
HRR366563_f1.fastq.gz,1
HRR366563_r2.fastq.gz,1
HRR366564_f1.fastq.gz,1
HRR366564_r2.fastq.gz,1
HRR366565_f1.fastq.gz,1
HRR366565_r2.fastq.gz,1
HRR366566_f1.fastq.gz,1
HRR366566_r2.fastq.gz,1
HRR366567_f1.fastq.gz,1
HRR366567_r2.fastq.gz,1
HRR366568_f1.fastq.gz,1
HRR366568_r2.fastq.gz,1
HRR366569_f1.fastq.gz,1
HRR366569_r2.fastq.gz,1
HRR366570_f1.fastq.gz,1
HRR366570_r2.fastq.gz,1
HRR366571_f1.fastq.gz,1
HRR366571_r2.fastq.gz,1
HRR366572_f1.fastq.gz,1
HRR366572_r2.fastq.gz,1
HRR366573_f1.fastq.gz,1
HRR366573_r2.fastq.gz,1
HRR366574_f1.fastq.gz,1
HRR366574_r2.fastq.gz,1
HRR366575_f1.fastq.gz,1
HRR366575_r2.fastq.gz,1
HRR366576_f1.fastq.gz,1
HRR366576_r2.fastq.gz,1
HRR366577_f1.fastq.gz,1
HRR366577_r2.fastq.gz,1
HRR366578_f1.fastq.gz,1
HRR366578_r2.fastq.gz,1
HRR366579_f1.fastq.gz,1
HRR366579_r2.fastq.gz,1
HRR366580_f1.fastq.gz,1
HRR366580_r2.fastq.gz,1
HRR366581_f1.fastq.gz,1
HRR366581_r2.fastq.gz,1
HRR366582_f1.fastq.gz,1
HRR366582_r2.fastq.gz,1
HRR366583_f1.fastq.gz,1
HRR366583_r2.fastq.gz,1
HRR366584_f1.fastq.gz,1
HRR366584_r2.fastq.gz,1
HRR366585_f1.fastq.gz,1
HRR366585_r2.fastq.gz,1
HRR366586_f1.fastq.gz,1
HRR366586_r2.fastq.gz,1
HRR366587_f1.fastq.gz,1
HRR366587_r2.fastq.gz,1
HRR366588_f1.fastq.gz,1
HRR366588_r2.fastq.gz,1
HRR366589_f1.fastq.gz,1
HRR366589_r2.fastq.gz,1
HRR366590_f1.fastq.gz,1
HRR366590_r2.fastq.gz,1
HRR366591_f1.fastq.gz,1
HRR366591_r2.fastq.gz,1
HRR366592_f1.fastq.gz,1
HRR366592_r2.fastq.gz,1
HRR366593_f1.fastq.gz,1
HRR366593_r2.fastq.gz,1
HRR366594_f1.fastq.gz,1
HRR366594_r2.fastq.gz,1
HRR366595_f1.fastq.gz,1
HRR366595_r2.fastq.gz,1
HRR366596_f1.fastq.gz,1
HRR366596_r2.fastq.gz,1
HRR366597_f1.fastq.gz,1
HRR366597_r2.fastq.gz,1
HRR366598_f1.fastq.gz,1
HRR366598_r2.fastq.gz,1
HRR366599_f1.fastq.gz,1
HRR366599_r2.fastq.gz,1
HRR366600_f1.fastq.gz,1
HRR366600_r2.fastq.gz,1
HRR366601_f1.fastq.gz,1
HRR366601_r2.fastq.gz,1
HRR366602_f1.fastq.gz,1
HRR366602_r2.fastq.gz,1
HRR366603_f1.fastq.gz,1
HRR366603_r2.fastq.gz,1
HRR366604_f1.fastq.gz,1
HRR366604_r2.fastq.gz,1
HRR366605_f1.fastq.gz,1
HRR366605_r2.fastq.gz,1
HRR366606_f1.fastq.gz,1
HRR366606_r2.fastq.gz,1
HRR366607_f1.fastq.gz,1
HRR366607_r2.fastq.gz,1
HRR366608_f1.fastq.gz,1
HRR366608_r2.fastq.gz,1
HRR366609_f1.fastq.gz,1
HRR366609_r2.fastq.gz,1
HRR366610_f1.fastq.gz,1
HRR366610_r2.fastq.gz,1
HRR366611_f1.fastq.gz,1
HRR366611_r2.fastq.gz,1
HRR366612_f1.fastq.gz,1
HRR366612_r2.fastq.gz,1
HRR366613_f1.fastq.gz,1
HRR366613_r2.fastq.gz,1
HRR366614_f1.fastq.gz,1
HRR366614_r2.fastq.gz,1
HRR366615_f1.fastq.gz,1
HRR366615_r2.fastq.gz,1
HRR366616_f1.fastq.gz,1
HRR366616_r2.fastq.gz,1
HRR366617_f1.fastq.gz,1
HRR366617_r2.fastq.gz,1
HRR366618_f1.fastq.gz,1
HRR366618_r2.fastq.gz,1
HRR366619_f1.fastq.gz,1
HRR366619_r2.fastq.gz,1
HRR366620_f1.fastq.gz,1
HRR366620_r2.fastq.gz,1
HRR366621_f1.fastq.gz,1
HRR366621_r2.fastq.gz,1
HRR366622_f1.fastq.gz,1
HRR366622_r2.fastq.gz,1
HRR366623_f1.fastq.gz,1
HRR366623_r2.fastq.gz,1
HRR366624_f1.fastq.gz,1
HRR366624_r2.fastq.gz,1
HRR366625_f1.fastq.gz,1
HRR366625_r2.fastq.gz,1
HRR366626_f1.fastq.gz,1
HRR366626_r2.fastq.gz,1
HRR366627_f1.fastq.gz,1
HRR366627_r2.fastq.gz,1
HRR366628_f1.fastq.gz,1
HRR366628_r2.fastq.gz,1
HRR366629_f1.fastq.gz,1
HRR366629_r2.fastq.gz,1
HRR366630_f1.fastq.gz,1
HRR366630_r2.fastq.gz,1
HRR366631_f1.fastq.gz,1
HRR366631_r2.fastq.gz,1
HRR366632_f1.fastq.gz,1
HRR366632_r2.fastq.gz,1
HRR366633_f1.fastq.gz,1
HRR366633_r2.fastq.gz,1
HRR366634_f1.fastq.gz,1
HRR366634_r2.fastq.gz,1
HRR366635_f1.fastq.gz,1
HRR366635_r2.fastq.gz,1
HRR366636_f1.fastq.gz,1
HRR366636_r2.fastq.gz,1
HRR366637_f1.fastq.gz,1
HRR366637_r2.fastq.gz,1
HRR366638_f1.fastq.gz,1
HRR366638_r2.fastq.gz,1
HRR366639_f1.fastq.gz,1
HRR366639_r2.fastq.gz,1
HRR366640_f1.fastq.gz,1
HRR366640_r2.fastq.gz,1
HRR366641_f1.fastq.gz,1
HRR366641_r2.fastq.gz,1
HRR366642_f1.fastq.gz,1
HRR366642_r2.fastq.gz,1
HRR366643_f1.fastq.gz,1
HRR366643_r2.fastq.gz,1
HRR366644_f1.fastq.gz,1
HRR366644_r2.fastq.gz,1
HRR366645_f1.fastq.gz,1
HRR366645_r2.fastq.gz,1
HRR366646_f1.fastq.gz,1
HRR366646_r2.fastq.gz,1
HRR366647_f1.fastq.gz,1
HRR366647_r2.fastq.gz,1
HRR366648_f1.fastq.gz,1
HRR366648_r2.fastq.gz,1
HRR366649_f1.fastq.gz,1
HRR366649_r2.fastq.gz,1
HRR366650_f1.fastq.gz,1
HRR366650_r2.fastq.gz,1
HRR366651_f1.fastq.gz,1
HRR366651_r2.fastq.gz,1
HRR366652_f1.fastq.gz,1
HRR366652_r2.fastq.gz,1
HRR366653_f1.fastq.gz,1
HRR366653_r2.fastq.gz,1
HRR366654_f1.fastq.gz,1
HRR366654_r2.fastq.gz,1
HRR366655_f1.fastq.gz,1
HRR366655_r2.fastq.gz,1
HRR366656_f1.fastq.gz,1
HRR366656_r2.fastq.gz,1
HRR366657_f1.fastq.gz,1
HRR366657_r2.fastq.gz,1
HRR366658_f1.fastq.gz,1
HRR366658_r2.fastq.gz,1
HRR366659_f1.fastq.gz,1
HRR366659_r2.fastq.gz,1
HRR366660_f1.fastq.gz,1
HRR366660_r2.fastq.gz,1
HRR366661_f1.fastq.gz,1
HRR366661_r2.fastq.gz,1
HRR366662_f1.fastq.gz,1
HRR366662_r2.fastq.gz,1
HRR366663_f1.fastq.gz,1
HRR366663_r2.fastq.gz,1
HRR366664_f1.fastq.gz,1
HRR366664_r2.fastq.gz,1
HRR366665_f1.fastq.gz,1
HRR366665_r2.fastq.gz,1
HRR366666_f1.fastq.gz,1
HRR366666_r2.fastq.gz,1
HRR366667_f1.fastq.gz,1
HRR366667_r2.fastq.gz,1
HRR366668_f1.fastq.gz,1
HRR366668_r2.fastq.gz,1
HRR366669_f1.fastq.gz,1
HRR366669_r2.fastq.gz,1
HRR366670_f1.fastq.gz,1
HRR366670_r2.fastq.gz,1
HRR366671_f1.fastq.gz,1
HRR366671_r2.fastq.gz,1
HRR366672_f1.fastq.gz,1
HRR366672_r2.fastq.gz,1
HRR366673_f1.fastq.gz,1
HRR366673_r2.fastq.gz,1
HRR366674_f1.fastq.gz,1
HRR366674_r2.fastq.gz,1
HRR366675_f1.fastq.gz,1
HRR366675_r2.fastq.gz,1
HRR366676_f1.fastq.gz,1
HRR366676_r2.fastq.gz,1
HRR366677_f1.fastq.gz,1
HRR366677_r2.fastq.gz,1
HRR366678_f1.fastq.gz,1
HRR366678_r2.fastq.gz,1
HRR366679_f1.fastq.gz,1
HRR366679_r2.fastq.gz,1
HRR366680_f1.fastq.gz,1
HRR366680_r2.fastq.gz,1
HRR366681_f1.fastq.gz,1
HRR366681_r2.fastq.gz,1
HRR366682_f1.fastq.gz,1
HRR366682_r2.fastq.gz,1
HRR366683_f1.fastq.gz,1
HRR366683_r2.fastq.gz,1
HRR366684_f1.fastq.gz,1
HRR366684_r2.fastq.gz,1
HRR366685_f1.fastq.gz,1
HRR366685_r2.fastq.gz,1
HRR366686_f1.fastq.gz,1
HRR366686_r2.fastq.gz,1
HRR366687_f1.fastq.gz,1
HRR366687_r2.fastq.gz,1
HRR366688_f1.fastq.gz,1
HRR366688_r2.fastq.gz,1
HRR366689_f1.fastq.gz,1
HRR366689_r2.fastq.gz,1
HRR366690_f1.fastq.gz,1
HRR366690_r2.fastq.gz,1
HRR366691_f1.fastq.gz,1
HRR366691_r2.fastq.gz,1
HRR366692_f1.fastq.gz,1
HRR366692_r2.fastq.gz,1
HRR366693_f1.fastq.gz,1
HRR366693_r2.fastq.gz,1
HRR366694_f1.fastq.gz,1
HRR366694_r2.fastq.gz,1
HRR366695_f1.fastq.gz,1
HRR366695_r2.fastq.gz,1
HRR366696_f1.fastq.gz,1
HRR366696_r2.fastq.gz,1
HRR366697_f1.fastq.gz,1
HRR366697_r2.fastq.gz,1
HRR366698_f1.fastq.gz,1
HRR366698_r2.fastq.gz,1
HRR366699_f1.fastq.gz,1
HRR366699_r2.fastq.gz,1
HRR366700_f1.fastq.gz,1
HRR366700_r2.fastq.gz,1
HRR366701_f1.fastq.gz,1
HRR366701_r2.fastq.gz,1
HRR366702_f1.fastq.gz,1
HRR366702_r2.fastq.gz,1
HRR366703_f1.fastq.gz,1
HRR366703_r2.fastq.gz,1
HRR366704_f1.fastq.gz,1
HRR366704_r2.fastq.gz,1
HRR366705_f1.fastq.gz,1
HRR366705_r2.fastq.gz,1
HRR366706_f1.fastq.gz,1
HRR366706_r2.fastq.gz,1
HRR366707_f1.fastq.gz,1
HRR366707_r2.fastq.gz,1
HRR366708_f1.fastq.gz,1
HRR366708_r2.fastq.gz,1
HRR366709_f1.fastq.gz,1
HRR366709_r2.fastq.gz,1
HRR366710_f1.fastq.gz,1
HRR366710_r2.fastq.gz,1
HRR366711_f1.fastq.gz,1
HRR366711_r2.fastq.gz,1
HRR366712_f1.fastq.gz,1
HRR366712_r2.fastq.gz,1
HRR366713_f1.fastq.gz,1
HRR366713_r2.fastq.gz,1
HRR366714_f1.fastq.gz,1
HRR366714_r2.fastq.gz,1
HRR366715_f1.fastq.gz,1
HRR366715_r2.fastq.gz,1
HRR366716_f1.fastq.gz,1
HRR366716_r2.fastq.gz,1
HRR366717_f1.fastq.gz,1
HRR366717_r2.fastq.gz,1
HRR366718_f1.fastq.gz,1
HRR366718_r2.fastq.gz,1
HRR366719_f1.fastq.gz,1
HRR366719_r2.fastq.gz,1
HRR366720_f1.fastq.gz,1
HRR366720_r2.fastq.gz,1
HRR366721_f1.fastq.gz,1
HRR366721_r2.fastq.gz,1
HRR366722_f1.fastq.gz,1
HRR366722_r2.fastq.gz,1
HRR366723_f1.fastq.gz,1
HRR366723_r2.fastq.gz,1
HRR366724_f1.fastq.gz,1
HRR366724_r2.fastq.gz,1
HRR366725_f1.fastq.gz,1
HRR366725_r2.fastq.gz,1
HRR366726_f1.fastq.gz,1
HRR366726_r2.fastq.gz,1
HRR366727_f1.fastq.gz,1
HRR366727_r2.fastq.gz,1
HRR366728_f1.fastq.gz,1
HRR366728_r2.fastq.gz,1
HRR366729_f1.fastq.gz,1
HRR366729_r2.fastq.gz,1
HRR366730_f1.fastq.gz,1
HRR366730_r2.fastq.gz,1
HRR366731_f1.fastq.gz,1
HRR366731_r2.fastq.gz,1
HRR366732_f1.fastq.gz,1
HRR366732_r2.fastq.gz,1
HRR366733_f1.fastq.gz,1
HRR366733_r2.fastq.gz,1
HRR366734_f1.fastq.gz,1
HRR366734_r2.fastq.gz,1
HRR366735_f1.fastq.gz,1
HRR366735_r2.fastq.gz,1
HRR366736_f1.fastq.gz,1
HRR366736_r2.fastq.gz,1
HRR366737_f1.fastq.gz,1
HRR366737_r2.fastq.gz,1
HRR366738_f1.fastq.gz,1
HRR366738_r2.fastq.gz,1
HRR366739_f1.fastq.gz,1
HRR366739_r2.fastq.gz,1
HRR366740_f1.fastq.gz,1
HRR366740_r2.fastq.gz,1
HRR366741_f1.fastq.gz,1
HRR366741_r2.fastq.gz,1
HRR366742_f1.fastq.gz,1
HRR366742_r2.fastq.gz,1
HRR366743_f1.fastq.gz,1
HRR366743_r2.fastq.gz,1
HRR366744_f1.fastq.gz,1
HRR366744_r2.fastq.gz,1
HRR366745_f1.fastq.gz,1
HRR366745_r2.fastq.gz,1
HRR366746_f1.fastq.gz,1
HRR366746_r2.fastq.gz,1
HRR366747_f1.fastq.gz,1
HRR366747_r2.fastq.gz,1
HRR366748_f1.fastq.gz,1
HRR366748_r2.fastq.gz,1
HRR366749_f1.fastq.gz,1
HRR366749_r2.fastq.gz,1
HRR366750_f1.fastq.gz,1
HRR366750_r2.fastq.gz,1
HRR366751_f1.fastq.gz,1
HRR366751_r2.fastq.gz,1
HRR366752_f1.fastq.gz,1
HRR366752_r2.fastq.gz,1
HRR366753_f1.fastq.gz,1
HRR366753_r2.fastq.gz,1
HRR366754_f1.fastq.gz,1
HRR366754_r2.fastq.gz,1
HRR366755_f1.fastq.gz,1
HRR366755_r2.fastq.gz,1
HRR1402616_f1.fastq.gz,1
HRR1402616_r2.fastq.gz,1
HRR1402797_f1.fastq.gz,1
HRR1402797_r2.fastq.gz,1
HRR1402617_f1.fastq.gz,1
HRR1402617_r2.fastq.gz,1
HRR1402798_f1.fastq.gz,1
HRR1402798_r2.fastq.gz,1
HRR1402618_f1.fastq.gz,1
HRR1402618_r2.fastq.gz,1
HRR1402799_f1.fastq.gz,1
HRR1402799_r2.fastq.gz,1
HRR1402619_f1.fastq.gz,1
HRR1402619_r2.fastq.gz,1
HRR1402800_f1.fastq.gz,1
HRR1402800_r2.fastq.gz,1
HRR1402801_f1.fastq.gz,1
HRR1402801_r2.fastq.gz,1
HRR1402620_f1.fastq.gz,1
HRR1402620_r2.fastq.gz,1
HRR1402802_f1.fastq.gz,1
HRR1402802_r2.fastq.gz,1
HRR1402621_f1.fastq.gz,1
HRR1402621_r2.fastq.gz,1
HRR1402622_f1.fastq.gz,1
HRR1402622_r2.fastq.gz,1
HRR1402803_f1.fastq.gz,1
HRR1402803_r2.fastq.gz,1
HRR1402623_f1.fastq.gz,1
HRR1402623_r2.fastq.gz,1
HRR1402624_f1.fastq.gz,1
HRR1402624_r2.fastq.gz,1
HRR1402804_f1.fastq.gz,1
HRR1402804_r2.fastq.gz,1
HRR1402625_f1.fastq.gz,1
HRR1402625_r2.fastq.gz,1
HRR1402626_f1.fastq.gz,1
HRR1402626_r2.fastq.gz,1
HRR1402805_f1.fastq.gz,1
HRR1402805_r2.fastq.gz,1
HRR1402627_f1.fastq.gz,1
HRR1402627_r2.fastq.gz,1
HRR1402806_f1.fastq.gz,1
HRR1402806_r2.fastq.gz,1
HRR1402628_f1.fastq.gz,1
HRR1402628_r2.fastq.gz,1
HRR1402807_f1.fastq.gz,1
HRR1402807_r2.fastq.gz,1
HRR1402629_f1.fastq.gz,1
HRR1402629_r2.fastq.gz,1
HRR1402808_f1.fastq.gz,1
HRR1402808_r2.fastq.gz,1
HRR1402630_f1.fastq.gz,1
HRR1402630_r2.fastq.gz,1
HRR1402809_f1.fastq.gz,1
HRR1402809_r2.fastq.gz,1
HRR1402631_f1.fastq.gz,1
HRR1402631_r2.fastq.gz,1
HRR1402632_f1.fastq.gz,1
HRR1402632_r2.fastq.gz,1
HRR1402810_f1.fastq.gz,1
HRR1402810_r2.fastq.gz,1
HRR1402811_f1.fastq.gz,1
HRR1402811_r2.fastq.gz,1
HRR1402633_f1.fastq.gz,1
HRR1402633_r2.fastq.gz,1
HRR1402812_f1.fastq.gz,1
HRR1402812_r2.fastq.gz,1
HRR1402634_f1.fastq.gz,1
HRR1402634_r2.fastq.gz,1
HRR1402813_f1.fastq.gz,1
HRR1402813_r2.fastq.gz,1
HRR1402635_f1.fastq.gz,1
HRR1402635_r2.fastq.gz,1
HRR1402814_f1.fastq.gz,1
HRR1402814_r2.fastq.gz,1
HRR1402815_f1.fastq.gz,1
HRR1402815_r2.fastq.gz,1
HRR1402636_f1.fastq.gz,1
HRR1402636_r2.fastq.gz,1
HRR1402816_f1.fastq.gz,1
HRR1402816_r2.fastq.gz,1
HRR1402637_f1.fastq.gz,1
HRR1402637_r2.fastq.gz,1
HRR1402817_f1.fastq.gz,1
HRR1402817_r2.fastq.gz,1
HRR1402638_f1.fastq.gz,1
HRR1402638_r2.fastq.gz,1
HRR1402818_f1.fastq.gz,1
HRR1402818_r2.fastq.gz,1
HRR1402639_f1.fastq.gz,1
HRR1402639_r2.fastq.gz,1
HRR1402640_f1.fastq.gz,1
HRR1402640_r2.fastq.gz,1
HRR1402819_f1.fastq.gz,1
HRR1402819_r2.fastq.gz,1
HRR1402820_f1.fastq.gz,1
HRR1402820_r2.fastq.gz,1
HRR1402641_f1.fastq.gz,1
HRR1402641_r2.fastq.gz,1
HRR1402821_f1.fastq.gz,1
HRR1402821_r2.fastq.gz,1
HRR1402642_f1.fastq.gz,1
HRR1402642_r2.fastq.gz,1
HRR1402822_f1.fastq.gz,1
HRR1402822_r2.fastq.gz,1
HRR1402643_f1.fastq.gz,1
HRR1402643_r2.fastq.gz,1
HRR1402823_f1.fastq.gz,1
HRR1402823_r2.fastq.gz,1
HRR1402824_f1.fastq.gz,1
HRR1402824_r2.fastq.gz,1
HRR1402644_f1.fastq.gz,1
HRR1402644_r2.fastq.gz,1
HRR1402825_f1.fastq.gz,1
HRR1402825_r2.fastq.gz,1
HRR1402645_f1.fastq.gz,1
HRR1402645_r2.fastq.gz,1
HRR1402826_f1.fastq.gz,1
HRR1402826_r2.fastq.gz,1
HRR1402827_f1.fastq.gz,1
HRR1402827_r2.fastq.gz,1
HRR1402646_f1.fastq.gz,1
HRR1402646_r2.fastq.gz,1
HRR1402828_f1.fastq.gz,1
HRR1402828_r2.fastq.gz,1
HRR1402829_f1.fastq.gz,1
HRR1402829_r2.fastq.gz,1
HRR1402647_f1.fastq.gz,1
HRR1402647_r2.fastq.gz,1
HRR1402830_f1.fastq.gz,1
HRR1402830_r2.fastq.gz,1
HRR1402648_f1.fastq.gz,1
HRR1402648_r2.fastq.gz,1
HRR1402831_f1.fastq.gz,1
HRR1402831_r2.fastq.gz,1
HRR1402649_f1.fastq.gz,1
HRR1402649_r2.fastq.gz,1
HRR1402832_f1.fastq.gz,1
HRR1402832_r2.fastq.gz,1
HRR1402650_f1.fastq.gz,1
HRR1402650_r2.fastq.gz,1
HRR1402833_f1.fastq.gz,1
HRR1402833_r2.fastq.gz,1
HRR1402834_f1.fastq.gz,1
HRR1402834_r2.fastq.gz,1
HRR1402651_f1.fastq.gz,1
HRR1402651_r2.fastq.gz,1
HRR1402835_f1.fastq.gz,1
HRR1402835_r2.fastq.gz,1
HRR1402836_f1.fastq.gz,1
HRR1402836_r2.fastq.gz,1
HRR1402652_f1.fastq.gz,1
HRR1402652_r2.fastq.gz,1
HRR1402653_f1.fastq.gz,1
HRR1402653_r2.fastq.gz,1
HRR1402837_f1.fastq.gz,1
HRR1402837_r2.fastq.gz,1
HRR1402838_f1.fastq.gz,1
HRR1402838_r2.fastq.gz,1
HRR1402654_f1.fastq.gz,1
HRR1402654_r2.fastq.gz,1
HRR1402839_f1.fastq.gz,1
HRR1402839_r2.fastq.gz,1
HRR1402840_f1.fastq.gz,1
HRR1402840_r2.fastq.gz,1
HRR1402655_f1.fastq.gz,1
HRR1402655_r2.fastq.gz,1
HRR1402656_f1.fastq.gz,1
HRR1402656_r2.fastq.gz,1
HRR1402841_f1.fastq.gz,1
HRR1402841_r2.fastq.gz,1
HRR1402657_f1.fastq.gz,1
HRR1402657_r2.fastq.gz,1
HRR1402842_f1.fastq.gz,1
HRR1402842_r2.fastq.gz,1
HRR1402658_f1.fastq.gz,1
HRR1402658_r2.fastq.gz,1
HRR1402843_f1.fastq.gz,1
HRR1402843_r2.fastq.gz,1
HRR1402844_f1.fastq.gz,1
HRR1402844_r2.fastq.gz,1
HRR1402659_f1.fastq.gz,1
HRR1402659_r2.fastq.gz,1
HRR1402845_f1.fastq.gz,1
HRR1402845_r2.fastq.gz,1
HRR1402660_f1.fastq.gz,1
HRR1402660_r2.fastq.gz,1
HRR1402846_f1.fastq.gz,1
HRR1402846_r2.fastq.gz,1
HRR1402661_f1.fastq.gz,1
HRR1402661_r2.fastq.gz,1
HRR1402662_f1.fastq.gz,1
HRR1402662_r2.fastq.gz,1
HRR1402663_f1.fastq.gz,1
HRR1402663_r2.fastq.gz,1
HRR1402847_f1.fastq.gz,1
HRR1402847_r2.fastq.gz,1
HRR1402664_f1.fastq.gz,1
HRR1402664_r2.fastq.gz,1
HRR1402665_f1.fastq.gz,1
HRR1402665_r2.fastq.gz,1
HRR1402848_f1.fastq.gz,1
HRR1402848_r2.fastq.gz,1
HRR1402666_f1.fastq.gz,1
HRR1402666_r2.fastq.gz,1
HRR1402849_f1.fastq.gz,1
HRR1402849_r2.fastq.gz,1
HRR1402667_f1.fastq.gz,1
HRR1402667_r2.fastq.gz,1
HRR1402850_f1.fastq.gz,1
HRR1402850_r2.fastq.gz,1
HRR1402668_f1.fastq.gz,1
HRR1402668_r2.fastq.gz,1
HRR1402851_f1.fastq.gz,1
HRR1402851_r2.fastq.gz,1
HRR1402669_f1.fastq.gz,1
HRR1402669_r2.fastq.gz,1
HRR1402852_f1.fastq.gz,1
HRR1402852_r2.fastq.gz,1
HRR1402853_f1.fastq.gz,1
HRR1402853_r2.fastq.gz,1
HRR1402670_f1.fastq.gz,1
HRR1402670_r2.fastq.gz,1
HRR1402854_f1.fastq.gz,1
HRR1402854_r2.fastq.gz,1
HRR1402855_f1.fastq.gz,1
HRR1402855_r2.fastq.gz,1
HRR1402671_f1.fastq.gz,1
HRR1402671_r2.fastq.gz,1
HRR1402856_f1.fastq.gz,1
HRR1402856_r2.fastq.gz,1
HRR1402857_f1.fastq.gz,1
HRR1402857_r2.fastq.gz,1
HRR1402672_f1.fastq.gz,1
HRR1402672_r2.fastq.gz,1
HRR1402673_f1.fastq.gz,1
HRR1402673_r2.fastq.gz,1
HRR1402858_f1.fastq.gz,1
HRR1402858_r2.fastq.gz,1
HRR1402859_f1.fastq.gz,1
HRR1402859_r2.fastq.gz,1
HRR1402674_f1.fastq.gz,1
HRR1402674_r2.fastq.gz,1
HRR1402860_f1.fastq.gz,1
HRR1402860_r2.fastq.gz,1
HRR1402861_f1.fastq.gz,1
HRR1402861_r2.fastq.gz,1
HRR1402675_f1.fastq.gz,1
HRR1402675_r2.fastq.gz,1
HRR1402862_f1.fastq.gz,1
HRR1402862_r2.fastq.gz,1
HRR1402863_f1.fastq.gz,1
HRR1402863_r2.fastq.gz,1
HRR1402676_f1.fastq.gz,1
HRR1402676_r2.fastq.gz,1
HRR1402864_f1.fastq.gz,1
HRR1402864_r2.fastq.gz,1
HRR1402677_f1.fastq.gz,1
HRR1402677_r2.fastq.gz,1
HRR1402865_f1.fastq.gz,1
HRR1402865_r2.fastq.gz,1
HRR1402678_f1.fastq.gz,1
HRR1402678_r2.fastq.gz,1
HRR1402679_f1.fastq.gz,1
HRR1402679_r2.fastq.gz,1
HRR1402866_f1.fastq.gz,1
HRR1402866_r2.fastq.gz,1
HRR1402680_f1.fastq.gz,1
HRR1402680_r2.fastq.gz,1
HRR1402867_f1.fastq.gz,1
HRR1402867_r2.fastq.gz,1
HRR1402681_f1.fastq.gz,1
HRR1402681_r2.fastq.gz,1
HRR1402682_f1.fastq.gz,1
HRR1402682_r2.fastq.gz,1
HRR1402683_f1.fastq.gz,1
HRR1402683_r2.fastq.gz,1
HRR1402868_f1.fastq.gz,1
HRR1402868_r2.fastq.gz,1
HRR1402869_f1.fastq.gz,1
HRR1402869_r2.fastq.gz,1
HRR1402684_f1.fastq.gz,1
HRR1402684_r2.fastq.gz,1
HRR1402685_f1.fastq.gz,1
HRR1402685_r2.fastq.gz,1
HRR1402686_f1.fastq.gz,1
HRR1402686_r2.fastq.gz,1
HRR1402687_f1.fastq.gz,1
HRR1402687_r2.fastq.gz,1
HRR1402870_f1.fastq.gz,1
HRR1402870_r2.fastq.gz,1
HRR1402871_f1.fastq.gz,1
HRR1402871_r2.fastq.gz,1
HRR1402688_f1.fastq.gz,1
HRR1402688_r2.fastq.gz,1
HRR1402689_f1.fastq.gz,1
HRR1402689_r2.fastq.gz,1
HRR1402690_f1.fastq.gz,1
HRR1402690_r2.fastq.gz,1
HRR1402872_f1.fastq.gz,1
HRR1402872_r2.fastq.gz,1
HRR1402873_f1.fastq.gz,1
HRR1402873_r2.fastq.gz,1
HRR1402691_f1.fastq.gz,1
HRR1402691_r2.fastq.gz,1
HRR1402874_f1.fastq.gz,1
HRR1402874_r2.fastq.gz,1
HRR1402875_f1.fastq.gz,1
HRR1402875_r2.fastq.gz,1
HRR1402692_f1.fastq.gz,1
HRR1402692_r2.fastq.gz,1
HRR1402693_f1.fastq.gz,1
HRR1402693_r2.fastq.gz,1
HRR1402694_f1.fastq.gz,1
HRR1402694_r2.fastq.gz,1
HRR1402876_f1.fastq.gz,1
HRR1402876_r2.fastq.gz,1
HRR1402877_f1.fastq.gz,1
HRR1402877_r2.fastq.gz,1
HRR1402695_f1.fastq.gz,1
HRR1402695_r2.fastq.gz,1
HRR1402696_f1.fastq.gz,1
HRR1402696_r2.fastq.gz,1
HRR1402697_f1.fastq.gz,1
HRR1402697_r2.fastq.gz,1
HRR1402878_f1.fastq.gz,1
HRR1402878_r2.fastq.gz,1
HRR1402698_f1.fastq.gz,1
HRR1402698_r2.fastq.gz,1
HRR1402879_f1.fastq.gz,1
HRR1402879_r2.fastq.gz,1
HRR1402699_f1.fastq.gz,1
HRR1402699_r2.fastq.gz,1
HRR1402880_f1.fastq.gz,1
HRR1402880_r2.fastq.gz,1
HRR1402881_f1.fastq.gz,1
HRR1402881_r2.fastq.gz,1
HRR1402700_f1.fastq.gz,1
HRR1402700_r2.fastq.gz,1
HRR1402701_f1.fastq.gz,1
HRR1402701_r2.fastq.gz,1
HRR1402702_f1.fastq.gz,1
HRR1402702_r2.fastq.gz,1
HRR1402703_f1.fastq.gz,1
HRR1402703_r2.fastq.gz,1
HRR1402882_f1.fastq.gz,1
HRR1402882_r2.fastq.gz,1
HRR1402883_f1.fastq.gz,1
HRR1402883_r2.fastq.gz,1
HRR1402704_f1.fastq.gz,1
HRR1402704_r2.fastq.gz,1
HRR1402884_f1.fastq.gz,1
HRR1402884_r2.fastq.gz,1
HRR1402885_f1.fastq.gz,1
HRR1402885_r2.fastq.gz,1
HRR1402705_f1.fastq.gz,1
HRR1402705_r2.fastq.gz,1
HRR1402886_f1.fastq.gz,1
HRR1402886_r2.fastq.gz,1
HRR1402887_f1.fastq.gz,1
HRR1402887_r2.fastq.gz,1
HRR1402706_f1.fastq.gz,1
HRR1402706_r2.fastq.gz,1
HRR1402707_f1.fastq.gz,1
HRR1402707_r2.fastq.gz,1
HRR1402888_f1.fastq.gz,1
HRR1402888_r2.fastq.gz,1
HRR1402708_f1.fastq.gz,1
HRR1402708_r2.fastq.gz,1
HRR1402709_f1.fastq.gz,1
HRR1402709_r2.fastq.gz,1
HRR1402889_f1.fastq.gz,1
HRR1402889_r2.fastq.gz,1
HRR1402890_f1.fastq.gz,1
HRR1402890_r2.fastq.gz,1
HRR1402710_f1.fastq.gz,1
HRR1402710_r2.fastq.gz,1
HRR1402891_f1.fastq.gz,1
HRR1402891_r2.fastq.gz,1
HRR1402892_f1.fastq.gz,1
HRR1402892_r2.fastq.gz,1
HRR1402711_f1.fastq.gz,1
HRR1402711_r2.fastq.gz,1
HRR1402712_f1.fastq.gz,1
HRR1402712_r2.fastq.gz,1
HRR1402713_f1.fastq.gz,1
HRR1402713_r2.fastq.gz,1
HRR1402893_f1.fastq.gz,1
HRR1402893_r2.fastq.gz,1
HRR1402714_f1.fastq.gz,1
HRR1402714_r2.fastq.gz,1
HRR1402894_f1.fastq.gz,1
HRR1402894_r2.fastq.gz,1
HRR1402895_f1.fastq.gz,1
HRR1402895_r2.fastq.gz,1
HRR1402715_f1.fastq.gz,1
HRR1402715_r2.fastq.gz,1
HRR1402896_f1.fastq.gz,1
HRR1402896_r2.fastq.gz,1
HRR1402897_f1.fastq.gz,1
HRR1402897_r2.fastq.gz,1
HRR1402716_f1.fastq.gz,1
HRR1402716_r2.fastq.gz,1
HRR1402898_f1.fastq.gz,1
HRR1402898_r2.fastq.gz,1
HRR1402899_f1.fastq.gz,1
HRR1402899_r2.fastq.gz,1
HRR1402717_f1.fastq.gz,1
HRR1402717_r2.fastq.gz,1
HRR1402900_f1.fastq.gz,1
HRR1402900_r2.fastq.gz,1
HRR1402718_f1.fastq.gz,1
HRR1402718_r2.fastq.gz,1
HRR1402901_f1.fastq.gz,1
HRR1402901_r2.fastq.gz,1
HRR1402902_f1.fastq.gz,1
HRR1402902_r2.fastq.gz,1
HRR1402719_f1.fastq.gz,1
HRR1402719_r2.fastq.gz,1
HRR1402903_f1.fastq.gz,1
HRR1402903_r2.fastq.gz,1
HRR1402904_f1.fastq.gz,1
HRR1402904_r2.fastq.gz,1
HRR1402720_f1.fastq.gz,1
HRR1402720_r2.fastq.gz,1
HRR1402905_f1.fastq.gz,1
HRR1402905_r2.fastq.gz,1
HRR1402906_f1.fastq.gz,1
HRR1402906_r2.fastq.gz,1
HRR1402721_f1.fastq.gz,1
HRR1402721_r2.fastq.gz,1
HRR1402722_f1.fastq.gz,1
HRR1402722_r2.fastq.gz,1
HRR1402907_f1.fastq.gz,1
HRR1402907_r2.fastq.gz,1
HRR1402723_f1.fastq.gz,1
HRR1402723_r2.fastq.gz,1
HRR1402908_f1.fastq.gz,1
HRR1402908_r2.fastq.gz,1
HRR1402909_f1.fastq.gz,1
HRR1402909_r2.fastq.gz,1
HRR1402724_f1.fastq.gz,1
HRR1402724_r2.fastq.gz,1
HRR1402910_f1.fastq.gz,1
HRR1402910_r2.fastq.gz,1
HRR1402725_f1.fastq.gz,1
HRR1402725_r2.fastq.gz,1
HRR1402726_f1.fastq.gz,1
HRR1402726_r2.fastq.gz,1
HRR1402911_f1.fastq.gz,1
HRR1402911_r2.fastq.gz,1
HRR1402727_f1.fastq.gz,1
HRR1402727_r2.fastq.gz,1
HRR1402728_f1.fastq.gz,1
HRR1402728_r2.fastq.gz,1
HRR1402729_f1.fastq.gz,1
HRR1402729_r2.fastq.gz,1
HRR1402912_f1.fastq.gz,1
HRR1402912_r2.fastq.gz,1
HRR1402730_f1.fastq.gz,1
HRR1402730_r2.fastq.gz,1
HRR1402913_f1.fastq.gz,1
HRR1402913_r2.fastq.gz,1
HRR1402731_f1.fastq.gz,1
HRR1402731_r2.fastq.gz,1
HRR1402914_f1.fastq.gz,1
HRR1402914_r2.fastq.gz,1
HRR1402732_f1.fastq.gz,1
HRR1402732_r2.fastq.gz,1
HRR1402915_f1.fastq.gz,1
HRR1402915_r2.fastq.gz,1
HRR1402733_f1.fastq.gz,1
HRR1402733_r2.fastq.gz,1
HRR1402916_f1.fastq.gz,1
HRR1402916_r2.fastq.gz,1
HRR1402734_f1.fastq.gz,1
HRR1402734_r2.fastq.gz,1
HRR1402917_f1.fastq.gz,1
HRR1402917_r2.fastq.gz,1
HRR1402735_f1.fastq.gz,1
HRR1402735_r2.fastq.gz,1
HRR1402918_f1.fastq.gz,1
HRR1402918_r2.fastq.gz,1
HRR1402736_f1.fastq.gz,1
HRR1402736_r2.fastq.gz,1
HRR1402737_f1.fastq.gz,1
HRR1402737_r2.fastq.gz,1
HRR1402919_f1.fastq.gz,1
HRR1402919_r2.fastq.gz,1
HRR1402738_f1.fastq.gz,1
HRR1402738_r2.fastq.gz,1
HRR1402920_f1.fastq.gz,1
HRR1402920_r2.fastq.gz,1
HRR1402739_f1.fastq.gz,1
HRR1402739_r2.fastq.gz,1
HRR1402921_f1.fastq.gz,1
HRR1402921_r2.fastq.gz,1
HRR1402740_f1.fastq.gz,1
HRR1402740_r2.fastq.gz,1
HRR1402922_f1.fastq.gz,1
HRR1402922_r2.fastq.gz,1
HRR1402741_f1.fastq.gz,1
HRR1402741_r2.fastq.gz,1
HRR1402923_f1.fastq.gz,1
HRR1402923_r2.fastq.gz,1
HRR1402924_f1.fastq.gz,1
HRR1402924_r2.fastq.gz,1
HRR1402742_f1.fastq.gz,1
HRR1402742_r2.fastq.gz,1
HRR1402925_f1.fastq.gz,1
HRR1402925_r2.fastq.gz,1
HRR1402926_f1.fastq.gz,1
HRR1402926_r2.fastq.gz,1
HRR1402743_f1.fastq.gz,1
HRR1402743_r2.fastq.gz,1
HRR1402744_f1.fastq.gz,1
HRR1402744_r2.fastq.gz,1
HRR1402927_f1.fastq.gz,1
HRR1402927_r2.fastq.gz,1
HRR1402745_f1.fastq.gz,1
HRR1402745_r2.fastq.gz,1
HRR1402928_f1.fastq.gz,1
HRR1402928_r2.fastq.gz,1
HRR1402746_f1.fastq.gz,1
HRR1402746_r2.fastq.gz,1
HRR1402929_f1.fastq.gz,1
HRR1402929_r2.fastq.gz,1
HRR1402930_f1.fastq.gz,1
HRR1402930_r2.fastq.gz,1
HRR1402747_f1.fastq.gz,1
HRR1402747_r2.fastq.gz,1
HRR1402931_f1.fastq.gz,1
HRR1402931_r2.fastq.gz,1
HRR1402932_f1.fastq.gz,1
HRR1402932_r2.fastq.gz,1
HRR1402748_f1.fastq.gz,1
HRR1402748_r2.fastq.gz,1
HRR1402933_f1.fastq.gz,1
HRR1402933_r2.fastq.gz,1
HRR1402934_f1.fastq.gz,1
HRR1402934_r2.fastq.gz,1
HRR1402749_f1.fastq.gz,1
HRR1402749_r2.fastq.gz,1
HRR1402750_f1.fastq.gz,1
HRR1402750_r2.fastq.gz,1
HRR1402935_f1.fastq.gz,1
HRR1402935_r2.fastq.gz,1
HRR1402751_f1.fastq.gz,1
HRR1402751_r2.fastq.gz,1
HRR1402936_f1.fastq.gz,1
HRR1402936_r2.fastq.gz,1
HRR1402937_f1.fastq.gz,1
HRR1402937_r2.fastq.gz,1
HRR1402752_f1.fastq.gz,1
HRR1402752_r2.fastq.gz,1
HRR1402753_f1.fastq.gz,1
HRR1402753_r2.fastq.gz,1
HRR1402754_f1.fastq.gz,1
HRR1402754_r2.fastq.gz,1
HRR1402755_f1.fastq.gz,1
HRR1402755_r2.fastq.gz,1
HRR1402938_f1.fastq.gz,1
HRR1402938_r2.fastq.gz,1
HRR1402939_f1.fastq.gz,1
HRR1402939_r2.fastq.gz,1
HRR1402756_f1.fastq.gz,1
HRR1402756_r2.fastq.gz,1
HRR1402757_f1.fastq.gz,1
HRR1402757_r2.fastq.gz,1
HRR1402940_f1.fastq.gz,1
HRR1402940_r2.fastq.gz,1
HRR1402758_f1.fastq.gz,1
HRR1402758_r2.fastq.gz,1
HRR1402941_f1.fastq.gz,1
HRR1402941_r2.fastq.gz,1
HRR1402759_f1.fastq.gz,1
HRR1402759_r2.fastq.gz,1
HRR1402942_f1.fastq.gz,1
HRR1402942_r2.fastq.gz,1
HRR1402943_f1.fastq.gz,1
HRR1402943_r2.fastq.gz,1
HRR1402760_f1.fastq.gz,1
HRR1402760_r2.fastq.gz,1
HRR1402944_f1.fastq.gz,1
HRR1402944_r2.fastq.gz,1
HRR1402761_f1.fastq.gz,1
HRR1402761_r2.fastq.gz,1
HRR1402945_f1.fastq.gz,1
HRR1402945_r2.fastq.gz,1
HRR1402762_f1.fastq.gz,1
HRR1402762_r2.fastq.gz,1
HRR1402946_f1.fastq.gz,1
HRR1402946_r2.fastq.gz,1
HRR1402763_f1.fastq.gz,1
HRR1402763_r2.fastq.gz,1
HRR1402947_f1.fastq.gz,1
HRR1402947_r2.fastq.gz,1
HRR1402764_f1.fastq.gz,1
HRR1402764_r2.fastq.gz,1
HRR1402948_f1.fastq.gz,1
HRR1402948_r2.fastq.gz,1
HRR1402765_f1.fastq.gz,1
HRR1402765_r2.fastq.gz,1
HRR1402949_f1.fastq.gz,1
HRR1402949_r2.fastq.gz,1
HRR1402766_f1.fastq.gz,1
HRR1402766_r2.fastq.gz,1
HRR1402767_f1.fastq.gz,1
HRR1402767_r2.fastq.gz,1
HRR1402950_f1.fastq.gz,1
HRR1402950_r2.fastq.gz,1
HRR1402768_f1.fastq.gz,1
HRR1402768_r2.fastq.gz,1
HRR1402951_f1.fastq.gz,1
HRR1402951_r2.fastq.gz,1
HRR1402769_f1.fastq.gz,1
HRR1402769_r2.fastq.gz,1
HRR1402770_f1.fastq.gz,1
HRR1402770_r2.fastq.gz,1
HRR1402952_f1.fastq.gz,1
HRR1402952_r2.fastq.gz,1
HRR1402953_f1.fastq.gz,1
HRR1402953_r2.fastq.gz,1
HRR1402771_f1.fastq.gz,1
HRR1402771_r2.fastq.gz,1
HRR1402954_f1.fastq.gz,1
HRR1402954_r2.fastq.gz,1
HRR1402772_f1.fastq.gz,1
HRR1402772_r2.fastq.gz,1
HRR1402773_f1.fastq.gz,1
HRR1402773_r2.fastq.gz,1
HRR1402955_f1.fastq.gz,1
HRR1402955_r2.fastq.gz,1
HRR1402774_f1.fastq.gz,1
HRR1402774_r2.fastq.gz,1
HRR1402956_f1.fastq.gz,1
HRR1402956_r2.fastq.gz,1
HRR1402775_f1.fastq.gz,1
HRR1402775_r2.fastq.gz,1
HRR1402957_f1.fastq.gz,1
HRR1402957_r2.fastq.gz,1
HRR1402776_f1.fastq.gz,1
HRR1402776_r2.fastq.gz,1
HRR1402958_f1.fastq.gz,1
HRR1402958_r2.fastq.gz,1
HRR1402777_f1.fastq.gz,1
HRR1402777_r2.fastq.gz,1
HRR1402959_f1.fastq.gz,1
HRR1402959_r2.fastq.gz,1
HRR1402960_f1.fastq.gz,1
HRR1402960_r2.fastq.gz,1
HRR1402778_f1.fastq.gz,1
HRR1402778_r2.fastq.gz,1
HRR1402961_f1.fastq.gz,1
HRR1402961_r2.fastq.gz,1
HRR1402779_f1.fastq.gz,1
HRR1402779_r2.fastq.gz,1
HRR1402962_f1.fastq.gz,1
HRR1402962_r2.fastq.gz,1
HRR1402780_f1.fastq.gz,1
HRR1402780_r2.fastq.gz,1
HRR1402963_f1.fastq.gz,1
HRR1402963_r2.fastq.gz,1
HRR1402781_f1.fastq.gz,1
HRR1402781_r2.fastq.gz,1
HRR1402964_f1.fastq.gz,1
HRR1402964_r2.fastq.gz,1
HRR1402965_f1.fastq.gz,1
HRR1402965_r2.fastq.gz,1
HRR1402782_f1.fastq.gz,1
HRR1402782_r2.fastq.gz,1
HRR1402966_f1.fastq.gz,1
HRR1402966_r2.fastq.gz,1
HRR1402967_f1.fastq.gz,1
HRR1402967_r2.fastq.gz,1
HRR1402783_f1.fastq.gz,1
HRR1402783_r2.fastq.gz,1
HRR1402968_f1.fastq.gz,1
HRR1402968_r2.fastq.gz,1
HRR1402969_f1.fastq.gz,1
HRR1402969_r2.fastq.gz,1
HRR1402784_f1.fastq.gz,1
HRR1402784_r2.fastq.gz,1
HRR1402785_f1.fastq.gz,1
HRR1402785_r2.fastq.gz,1
HRR1402970_f1.fastq.gz,1
HRR1402970_r2.fastq.gz,1
HRR1402971_f1.fastq.gz,1
HRR1402971_r2.fastq.gz,1
HRR1402786_f1.fastq.gz,1
HRR1402786_r2.fastq.gz,1
HRR1402787_f1.fastq.gz,1
HRR1402787_r2.fastq.gz,1
HRR1402972_f1.fastq.gz,1
HRR1402972_r2.fastq.gz,1
HRR1402788_f1.fastq.gz,1
HRR1402788_r2.fastq.gz,1
HRR1402789_f1.fastq.gz,1
HRR1402789_r2.fastq.gz,1
HRR1402973_f1.fastq.gz,1
HRR1402973_r2.fastq.gz,1
HRR1402790_f1.fastq.gz,1
HRR1402790_r2.fastq.gz,1
HRR1402974_f1.fastq.gz,1
HRR1402974_r2.fastq.gz,1
HRR1402975_f1.fastq.gz,1
HRR1402975_r2.fastq.gz,1
HRR1402791_f1.fastq.gz,1
HRR1402791_r2.fastq.gz,1
HRR1402792_f1.fastq.gz,1
HRR1402792_r2.fastq.gz,1
HRR1402976_f1.fastq.gz,1
HRR1402976_r2.fastq.gz,1
HRR1402977_f1.fastq.gz,1
HRR1402977_r2.fastq.gz,1
HRR1402793_f1.fastq.gz,1
HRR1402793_r2.fastq.gz,1
HRR1402794_f1.fastq.gz,1
HRR1402794_r2.fastq.gz,1
HRR1402978_f1.fastq.gz,1
HRR1402978_r2.fastq.gz,1
HRR1402979_f1.fastq.gz,1
HRR1402979_r2.fastq.gz,1
HRR1402795_f1.fastq.gz,1
HRR1402795_r2.fastq.gz,1
HRR1402796_f1.fastq.gz,1
HRR1402796_r2.fastq.gz,1
HRR1402980_f1.fastq.gz,1
HRR1402980_r2.fastq.gz,1
HRR1402981_f1.fastq.gz,1
HRR1402981_r2.fastq.gz,1
HRR572934_f1.fq.gz,1
HRR572934_r2.fq.gz,1
HRR572935_f1.fq.gz,1
HRR572935_r2.fq.gz,1
HRR572936_f1.fq.gz,1
HRR572936_r2.fq.gz,1
HRR572937_f1.fq.gz,1
HRR572937_r2.fq.gz,1
HRR572938_f1.fq.gz,1
HRR572938_r2.fq.gz,1
HRR572939_f1.fq.gz,1
HRR572939_r2.fq.gz,1
HRR572940_f1.fq.gz,1
HRR572940_r2.fq.gz,1
HRR572941_f1.fq.gz,1
HRR572941_r2.fq.gz,1
HRR572942_f1.fq.gz,1
HRR572942_r2.fq.gz,1
HRR572943_f1.fq.gz,1
HRR572943_r2.fq.gz,1
HRR572944_f1.fq.gz,1
HRR572944_r2.fq.gz,1
HRR572945_f1.fq.gz,1
HRR572945_r2.fq.gz,1
HRR572946_f1.fq.gz,1
HRR572946_r2.fq.gz,1
HRR572947_f1.fq.gz,1
HRR572947_r2.fq.gz,1
HRR572948_f1.fq.gz,1
HRR572948_r2.fq.gz,1
HRR572949_f1.fq.gz,1
HRR572949_r2.fq.gz,1
HRR572950_f1.fq.gz,1
HRR572950_r2.fq.gz,1
HRR572951_f1.fq.gz,1
HRR572951_r2.fq.gz,1
HRR572952_f1.fq.gz,1
HRR572952_r2.fq.gz,1
HRR572953_f1.fq.gz,1
HRR572953_r2.fq.gz,1
HRR572954_f1.fq.gz,1
HRR572954_r2.fq.gz,1
HRR572955_f1.fq.gz,1
HRR572955_r2.fq.gz,1
HRR572956_f1.fq.gz,1
HRR572956_r2.fq.gz,1
HRR572957_f1.fq.gz,1
HRR572957_r2.fq.gz,1
HRR572958_f1.fq.gz,1
HRR572958_r2.fq.gz,1
HRR572959_f1.fq.gz,1
HRR572959_r2.fq.gz,1
HRR572960_f1.fq.gz,1
HRR572960_r2.fq.gz,1
HRR572961_f1.fq.gz,1
HRR572961_r2.fq.gz,1
HRR572962_f1.fq.gz,1
HRR572962_r2.fq.gz,1
HRR572963_f1.fq.gz,1
HRR572963_r2.fq.gz,1
HRR572964_f1.fq.gz,1
HRR572964_r2.fq.gz,1
HRR572965_f1.fq.gz,1
HRR572965_r2.fq.gz,1
HRR572966_f1.fq.gz,1
HRR572966_r2.fq.gz,1
HRR572967_f1.fq.gz,1
HRR572967_r2.fq.gz,1
HRR572968_f1.fq.gz,1
HRR572968_r2.fq.gz,1
HRR572969_f1.fq.gz,1
HRR572969_r2.fq.gz,1
HRR572970_f1.fq.gz,1
HRR572970_r2.fq.gz,1
HRR572971_f1.fq.gz,1
HRR572971_r2.fq.gz,1
HRR572972_f1.fq.gz,1
HRR572972_r2.fq.gz,1
HRR572973_f1.fq.gz,1
HRR572973_r2.fq.gz,1
HRR572974_f1.fq.gz,1
HRR572974_r2.fq.gz,1
HRR572975_f1.fq.gz,1
HRR572975_r2.fq.gz,1
HRR572976_f1.fq.gz,1
HRR572976_r2.fq.gz,1
HRR572977_f1.fq.gz,1
HRR572977_r2.fq.gz,1
HRR572978_f1.fq.gz,1
HRR572978_r2.fq.gz,1
HRR572979_f1.fq.gz,1
HRR572979_r2.fq.gz,1
HRR572980_f1.fq.gz,1
HRR572980_r2.fq.gz,1
HRR572981_f1.fq.gz,1
HRR572981_r2.fq.gz,1
HRR572982_f1.fq.gz,1
HRR572982_r2.fq.gz,1
HRR572983_f1.fq.gz,1
HRR572983_r2.fq.gz,1
HRR572984_f1.fq.gz,1
HRR572984_r2.fq.gz,1
HRR572985_f1.fq.gz,1
HRR572985_r2.fq.gz,1
HRR572986_f1.fq.gz,1
HRR572986_r2.fq.gz,1
HRR572987_f1.fq.gz,1
HRR572987_r2.fq.gz,1
HRR572988_f1.fq.gz,1
HRR572988_r2.fq.gz,1
HRR572989_f1.fq.gz,1
HRR572989_r2.fq.gz,1
HRR572990_f1.fq.gz,1
HRR572990_r2.fq.gz,1
HRR572991_f1.fq.gz,1
HRR572991_r2.fq.gz,1
HRR572992_f1.fq.gz,1
HRR572992_r2.fq.gz,1
HRR572993_f1.fq.gz,1
HRR572993_r2.fq.gz,1
HRR572994_f1.fq.gz,1
HRR572994_r2.fq.gz,1
HRR572995_f1.fq.gz,1
HRR572995_r2.fq.gz,1
HRR572996_f1.fq.gz,1
HRR572996_r2.fq.gz,1
HRR572997_f1.fq.gz,1
HRR572997_r2.fq.gz,1
HRR572998_f1.fq.gz,1
HRR572998_r2.fq.gz,1
HRR572999_f1.fq.gz,1
HRR572999_r2.fq.gz,1
HRR573000_f1.fq.gz,1
HRR573000_r2.fq.gz,1
HRR573001_f1.fq.gz,1
HRR573001_r2.fq.gz,1
HRR573002_f1.fq.gz,1
HRR573002_r2.fq.gz,1
HRR573003_f1.fq.gz,1
HRR573003_r2.fq.gz,1
HRR573004_f1.fq.gz,1
HRR573004_r2.fq.gz,1
HRR573005_f1.fq.gz,1
HRR573005_r2.fq.gz,1
HRR573006_f1.fq.gz,1
HRR573006_r2.fq.gz,1
HRR573007_f1.fq.gz,1
HRR573007_r2.fq.gz,1
HRR573008_f1.fq.gz,1
HRR573008_r2.fq.gz,1
HRR573009_f1.fq.gz,1
HRR573009_r2.fq.gz,1
HRR573010_f1.fq.gz,1
HRR573010_r2.fq.gz,1
HRR573011_f1.fq.gz,1
HRR573011_r2.fq.gz,1
HRR573012_f1.fq.gz,1
HRR573012_r2.fq.gz,1
HRR573013_f1.fq.gz,1
HRR573013_r2.fq.gz,1
HRR573014_f1.fq.gz,1
HRR573014_r2.fq.gz,1
HRR573015_f1.fq.gz,1
HRR573015_r2.fq.gz,1
HRR573016_f1.fq.gz,1
HRR573016_r2.fq.gz,1
HRR573017_f1.fq.gz,1
HRR573017_r2.fq.gz,1
HRR573018_f1.fq.gz,1
HRR573018_r2.fq.gz,1
HRR573019_f1.fq.gz,1
HRR573019_r2.fq.gz,1
HRR573020_f1.fq.gz,1
HRR573020_r2.fq.gz,1
HRR573021_f1.fq.gz,1
HRR573021_r2.fq.gz,1
HRR573022_f1.fq.gz,1
HRR573022_r2.fq.gz,1
HRR573023_f1.fq.gz,1
HRR573023_r2.fq.gz,1
HRR573024_f1.fq.gz,1
HRR573024_r2.fq.gz,1
HRR573025_f1.fq.gz,1
HRR573025_r2.fq.gz,1
HRR573026_f1.fq.gz,1
HRR573026_r2.fq.gz,1
HRR573027_f1.fq.gz,1
HRR573027_r2.fq.gz,1
HRR573028_f1.fq.gz,1
HRR573028_r2.fq.gz,1
HRR573029_f1.fq.gz,1
HRR573029_r2.fq.gz,1
HRR573030_f1.fq.gz,1
HRR573030_r2.fq.gz,1
HRR573031_f1.fq.gz,1
HRR573031_r2.fq.gz,1
HRR573032_f1.fq.gz,1
HRR573032_r2.fq.gz,1
HRR573033_f1.fq.gz,1
HRR573033_r2.fq.gz,1
HRR573034_f1.fq.gz,1
HRR573034_r2.fq.gz,1
HRR573035_f1.fq.gz,1
HRR573035_r2.fq.gz,1
HRR573036_f1.fq.gz,1
HRR573036_r2.fq.gz,1
HRR573037_f1.fq.gz,1
HRR573037_r2.fq.gz,1
HRR573038_f1.fq.gz,1
HRR573038_r2.fq.gz,1
HRR573039_f1.fq.gz,1
HRR573039_r2.fq.gz,1
HRR573040_f1.fq.gz,1
HRR573040_r2.fq.gz,1
HRR573041_f1.fq.gz,1
HRR573041_r2.fq.gz,1
HRR573042_f1.fq.gz,1
HRR573042_r2.fq.gz,1
HRR573043_f1.fq.gz,1
HRR573043_r2.fq.gz,1
HRR573044_f1.fq.gz,1
HRR573044_r2.fq.gz,1
HRR573045_f1.fq.gz,1
HRR573045_r2.fq.gz,1
HRR573046_f1.fq.gz,1
HRR573046_r2.fq.gz,1
HRR573047_f1.fq.gz,1
HRR573047_r2.fq.gz,1
HRR573048_f1.fq.gz,1
HRR573048_r2.fq.gz,1
HRR573049_f1.fq.gz,1
HRR573049_r2.fq.gz,1
HRR573050_f1.fq.gz,1
HRR573050_r2.fq.gz,1
HRR573051_f1.fq.gz,1
HRR573051_r2.fq.gz,1
HRR573052_f1.fq.gz,1
HRR573052_r2.fq.gz,1
HRR573053_f1.fq.gz,1
HRR573053_r2.fq.gz,1
HRR573054_f1.fq.gz,1
HRR573054_r2.fq.gz,1
HRR573055_f1.fq.gz,1
HRR573055_r2.fq.gz,1
HRR573056_f1.fq.gz,1
HRR573056_r2.fq.gz,1
HRR573057_f1.fq.gz,1
HRR573057_r2.fq.gz,1
HRR573058_f1.fq.gz,1
HRR573058_r2.fq.gz,1
HRR573059_f1.fq.gz,1
HRR573059_r2.fq.gz,1
HRR573060_f1.fq.gz,1
HRR573060_r2.fq.gz,1
HRR573061_f1.fq.gz,1
HRR573061_r2.fq.gz,1
HRR573062_f1.fq.gz,1
HRR573062_r2.fq.gz,1
HRR573063_f1.fq.gz,1
HRR573063_r2.fq.gz,1
HRR573064_f1.fq.gz,1
HRR573064_r2.fq.gz,1
HRR573065_f1.fq.gz,1
HRR573065_r2.fq.gz,1
HRR573066_f1.fq.gz,1
HRR573066_r2.fq.gz,1
HRR573067_f1.fq.gz,1
HRR573067_r2.fq.gz,1
HRR573068_f1.fq.gz,1
HRR573068_r2.fq.gz,1
HRR573069_f1.fq.gz,1
HRR573069_r2.fq.gz,1
HRR573070_f1.fq.gz,1
HRR573070_r2.fq.gz,1
HRR573071_f1.fq.gz,1
HRR573071_r2.fq.gz,1
HRR573072_f1.fq.gz,1
HRR573072_r2.fq.gz,1
HRR573073_f1.fq.gz,1
HRR573073_r2.fq.gz,1
HRR573074_f1.fq.gz,1
HRR573074_r2.fq.gz,1
HRR573075_f1.fq.gz,1
HRR573075_r2.fq.gz,1
HRR573076_f1.fq.gz,1
HRR573076_r2.fq.gz,1
HRR573077_f1.fq.gz,1
HRR573077_r2.fq.gz,1
HRR573078_f1.fq.gz,1
HRR573078_r2.fq.gz,1
HRR573079_f1.fq.gz,1
HRR573079_r2.fq.gz,1
HRR573080_f1.fq.gz,1
HRR573080_r2.fq.gz,1
HRR573081_f1.fq.gz,1
HRR573081_r2.fq.gz,1
HRR573082_f1.fq.gz,1
HRR573082_r2.fq.gz,1
HRR573083_f1.fq.gz,1
HRR573083_r2.fq.gz,1
HRR573084_f1.fq.gz,1
HRR573084_r2.fq.gz,1
HRR573085_f1.fq.gz,1
HRR573085_r2.fq.gz,1
HRR573086_f1.fq.gz,1
HRR573086_r2.fq.gz,1
HRR573087_f1.fq.gz,1
HRR573087_r2.fq.gz,1
HRR573088_f1.fq.gz,1
HRR573088_r2.fq.gz,1
HRR573089_f1.fq.gz,1
HRR573089_r2.fq.gz,1
HRR573090_f1.fq.gz,1
HRR573090_r2.fq.gz,1
HRR573091_f1.fq.gz,1
HRR573091_r2.fq.gz,1
HRR573092_f1.fq.gz,1
HRR573092_r2.fq.gz,1
HRR573093_f1.fq.gz,1
HRR573093_r2.fq.gz,1
HRR573094_f1.fq.gz,1
HRR573094_r2.fq.gz,1
HRR573095_f1.fq.gz,1
HRR573095_r2.fq.gz,1
HRR573096_f1.fq.gz,1
HRR573096_r2.fq.gz,1
HRR573097_f1.fq.gz,1
HRR573097_r2.fq.gz,1
HRR573098_f1.fq.gz,1
HRR573098_r2.fq.gz,1
HRR573099_f1.fq.gz,1
HRR573099_r2.fq.gz,1
HRR573100_f1.fq.gz,1
HRR573100_r2.fq.gz,1
HRR573101_f1.fq.gz,1
HRR573101_r2.fq.gz,1
HRR573102_f1.fq.gz,1
HRR573102_r2.fq.gz,1
HRR573103_f1.fq.gz,1
HRR573103_r2.fq.gz,1
HRR573104_f1.fq.gz,1
HRR573104_r2.fq.gz,1
HRR573105_f1.fq.gz,1
HRR573105_r2.fq.gz,1
HRR573106_f1.fq.gz,1
HRR573106_r2.fq.gz,1
HRR573107_f1.fq.gz,1
HRR573107_r2.fq.gz,1
HRR573108_f1.fq.gz,1
HRR573108_r2.fq.gz,1
HRR573109_f1.fq.gz,1
HRR573109_r2.fq.gz,1
HRR573110_f1.fq.gz,1
HRR573110_r2.fq.gz,1
HRR573111_f1.fq.gz,1
HRR573111_r2.fq.gz,1
HRR573112_f1.fq.gz,1
HRR573112_r2.fq.gz,1
HRR573113_f1.fq.gz,1
HRR573113_r2.fq.gz,1
HRR573114_f1.fq.gz,1
HRR573114_r2.fq.gz,1
HRR573115_f1.fq.gz,1
HRR573115_r2.fq.gz,1
HRR573116_f1.fq.gz,1
HRR573116_r2.fq.gz,1
HRR573117_f1.fq.gz,1
HRR573117_r2.fq.gz,1
HRR573118_f1.fq.gz,1
HRR573118_r2.fq.gz,1
HRR573119_f1.fq.gz,1
HRR573119_r2.fq.gz,1
HRR573120_f1.fq.gz,1
HRR573120_r2.fq.gz,1
HRR573121_f1.fq.gz,1
HRR573121_r2.fq.gz,1
HRR573122_f1.fq.gz,1
HRR573122_r2.fq.gz,1
HRR573123_f1.fq.gz,1
HRR573123_r2.fq.gz,1
HRR573124_f1.fq.gz,1
HRR573124_r2.fq.gz,1
HRR573125_f1.fq.gz,1
HRR573125_r2.fq.gz,1
HRR573126_f1.fq.gz,1
HRR573126_r2.fq.gz,1
HRR573127_f1.fq.gz,1
HRR573127_r2.fq.gz,1
HRR573128_f1.fq.gz,1
HRR573128_r2.fq.gz,1
HRR573129_f1.fq.gz,1
HRR573129_r2.fq.gz,1
HRR573130_f1.fq.gz,1
HRR573130_r2.fq.gz,1
HRR573131_f1.fq.gz,1
HRR573131_r2.fq.gz,1
HRR573132_f1.fq.gz,1
HRR573132_r2.fq.gz,1
HRR573133_f1.fq.gz,1
HRR573133_r2.fq.gz,1
HRR573134_f1.fq.gz,1
HRR573134_r2.fq.gz,1
HRR573135_f1.fq.gz,1
HRR573135_r2.fq.gz,1
HRR573136_f1.fq.gz,1
HRR573136_r2.fq.gz,1
HRR573137_f1.fq.gz,1
HRR573137_r2.fq.gz,1
HRR573138_f1.fq.gz,1
HRR573138_r2.fq.gz,1
HRR573139_f1.fq.gz,1
HRR573139_r2.fq.gz,1
HRR573140_f1.fq.gz,1
HRR573140_r2.fq.gz,1
HRR573141_f1.fq.gz,1
HRR573141_r2.fq.gz,1
HRR573142_f1.fq.gz,1
HRR573142_r2.fq.gz,1
HRR573143_f1.fq.gz,1
HRR573143_r2.fq.gz,1
HRR573144_f1.fq.gz,1
HRR573144_r2.fq.gz,1
HRR573145_f1.fq.gz,1
HRR573145_r2.fq.gz,1
HRR573146_f1.fq.gz,1
HRR573146_r2.fq.gz,1
HRR573147_f1.fq.gz,1
HRR573147_r2.fq.gz,1
HRR573148_f1.fq.gz,1
HRR573148_r2.fq.gz,1
HRR573149_f1.fq.gz,1
HRR573149_r2.fq.gz,1
HRR573150_f1.fq.gz,1
HRR573150_r2.fq.gz,1
HRR573151_f1.fq.gz,1
HRR573151_r2.fq.gz,1
HRR573152_f1.fq.gz,1
HRR573152_r2.fq.gz,1
HRR573153_f1.fq.gz,1
HRR573153_r2.fq.gz,1
HRR573154_f1.fq.gz,1
HRR573154_r2.fq.gz,1
HRR573155_f1.fq.gz,1
HRR573155_r2.fq.gz,1
HRR573156_f1.fq.gz,1
HRR573156_r2.fq.gz,1
HRR573157_f1.fq.gz,1
HRR573157_r2.fq.gz,1
HRR573158_f1.fq.gz,1
HRR573158_r2.fq.gz,1
HRR573159_f1.fq.gz,1
HRR573159_r2.fq.gz,1
HRR573160_f1.fq.gz,1
HRR573160_r2.fq.gz,1
HRR573161_f1.fq.gz,1
HRR573161_r2.fq.gz,1
HRR573162_f1.fq.gz,1
HRR573162_r2.fq.gz,1
HRR573163_f1.fq.gz,1
HRR573163_r2.fq.gz,1
HRR573164_f1.fq.gz,1
HRR573164_r2.fq.gz,1
HRR573165_f1.fq.gz,1
HRR573165_r2.fq.gz,1
HRR573166_f1.fq.gz,1
HRR573166_r2.fq.gz,1
HRR573167_f1.fq.gz,1
HRR573167_r2.fq.gz,1
HRR573168_f1.fq.gz,1
HRR573168_r2.fq.gz,1
HRR573169_f1.fq.gz,1
HRR573169_r2.fq.gz,1
HRR573170_f1.fq.gz,1
HRR573170_r2.fq.gz,1
HRR573171_f1.fq.gz,1
HRR573171_r2.fq.gz,1
HRR573172_f1.fq.gz,1
HRR573172_r2.fq.gz,1
HRR573173_f1.fq.gz,1
HRR573173_r2.fq.gz,1
HRR573174_f1.fq.gz,1
HRR573174_r2.fq.gz,1
HRR573175_f1.fq.gz,1
HRR573175_r2.fq.gz,1
HRR573176_f1.fq.gz,1
HRR573176_r2.fq.gz,1
HRR573177_f1.fq.gz,1
HRR573177_r2.fq.gz,1
HRR573178_f1.fq.gz,1
HRR573178_r2.fq.gz,1
HRR573179_f1.fq.gz,1
HRR573179_r2.fq.gz,1
HRR573180_f1.fq.gz,1
HRR573180_r2.fq.gz,1
HRR573181_f1.fq.gz,1
HRR573181_r2.fq.gz,1
HRR573182_f1.fq.gz,1
HRR573182_r2.fq.gz,1
HRR573183_f1.fq.gz,1
HRR573183_r2.fq.gz,1
HRR573184_f1.fq.gz,1
HRR573184_r2.fq.gz,1
HRR573185_f1.fq.gz,1
HRR573185_r2.fq.gz,1
HRR573186_f1.fq.gz,1
HRR573186_r2.fq.gz,1
HRR573187_f1.fq.gz,1
HRR573187_r2.fq.gz,1
HRR573188_f1.fq.gz,1
HRR573188_r2.fq.gz,1
HRR573189_f1.fq.gz,1
HRR573189_r2.fq.gz,1
HRR573190_f1.fq.gz,1
HRR573190_r2.fq.gz,1
HRR573191_f1.fq.gz,1
HRR573191_r2.fq.gz,1
HRR573192_f1.fq.gz,1
HRR573192_r2.fq.gz,1
HRR573193_f1.fq.gz,1
HRR573193_r2.fq.gz,1
HRR573194_f1.fq.gz,1
HRR573194_r2.fq.gz,1
HRR573195_f1.fq.gz,1
HRR573195_r2.fq.gz,1
HRR573196_f1.fq.gz,1
HRR573196_r2.fq.gz,1
HRR573197_f1.fq.gz,1
HRR573197_r2.fq.gz,1
HRR573198_f1.fq.gz,1
HRR573198_r2.fq.gz,1
HRR573199_f1.fq.gz,1
HRR573199_r2.fq.gz,1
HRR573200_f1.fq.gz,1
HRR573200_r2.fq.gz,1
HRR573201_f1.fq.gz,1
HRR573201_r2.fq.gz,1
HRR573202_f1.fq.gz,1
HRR573202_r2.fq.gz,1
HRR573203_f1.fq.gz,1
HRR573203_r2.fq.gz,1
HRR573204_f1.fq.gz,1
HRR573204_r2.fq.gz,1
HRR573205_f1.fq.gz,1
HRR573205_r2.fq.gz,1
HRR573206_f1.fq.gz,1
HRR573206_r2.fq.gz,1
HRR573207_f1.fq.gz,1
HRR573207_r2.fq.gz,1
HRR573208_f1.fq.gz,1
HRR573208_r2.fq.gz,1
HRR573209_f1.fq.gz,1
HRR573209_r2.fq.gz,1
HRR573210_f1.fq.gz,1
HRR573210_r2.fq.gz,1
HRR573211_f1.fq.gz,1
HRR573211_r2.fq.gz,1
HRR573212_f1.fq.gz,1
HRR573212_r2.fq.gz,1
HRR573213_f1.fq.gz,1
HRR573213_r2.fq.gz,1
HRR573214_f1.fq.gz,1
HRR573214_r2.fq.gz,1
HRR573215_f1.fq.gz,1
HRR573215_r2.fq.gz,1
HRR573216_f1.fq.gz,1
HRR573216_r2.fq.gz,1
HRR573217_f1.fq.gz,1
HRR573217_r2.fq.gz,1
HRR573218_f1.fq.gz,1
HRR573218_r2.fq.gz,1
HRR573219_f1.fq.gz,1
HRR573219_r2.fq.gz,1
HRR573220_f1.fq.gz,1
HRR573220_r2.fq.gz,1
HRR573221_f1.fq.gz,1
HRR573221_r2.fq.gz,1
HRR573222_f1.fq.gz,1
HRR573222_r2.fq.gz,1
HRR573223_f1.fq.gz,1
HRR573223_r2.fq.gz,1
HRR573224_f1.fq.gz,1
HRR573224_r2.fq.gz,1
HRR573225_f1.fq.gz,1
HRR573225_r2.fq.gz,1
HRR573226_f1.fq.gz,1
HRR573226_r2.fq.gz,1
HRR573227_f1.fq.gz,1
HRR573227_r2.fq.gz,1
HRR573228_f1.fq.gz,1
HRR573228_r2.fq.gz,1
HRR573229_f1.fq.gz,1
HRR573229_r2.fq.gz,1
HRR573230_f1.fq.gz,1
HRR573230_r2.fq.gz,1
HRR573231_f1.fq.gz,1
HRR573231_r2.fq.gz,1
HRR573232_f1.fq.gz,1
HRR573232_r2.fq.gz,1
HRR573233_f1.fq.gz,1
HRR573233_r2.fq.gz,1
HRR573234_f1.fq.gz,1
HRR573234_r2.fq.gz,1
HRR573235_f1.fq.gz,1
HRR573235_r2.fq.gz,1
HRR573236_f1.fq.gz,1
HRR573236_r2.fq.gz,1
HRR573237_f1.fq.gz,1
HRR573237_r2.fq.gz,1
HRR573238_f1.fq.gz,1
HRR573238_r2.fq.gz,1
HRR573239_f1.fq.gz,1
HRR573239_r2.fq.gz,1
HRR573240_f1.fq.gz,1
HRR573240_r2.fq.gz,1
HRR573241_f1.fq.gz,1
HRR573241_r2.fq.gz,1
HRR573242_f1.fq.gz,1
HRR573242_r2.fq.gz,1
HRR573243_f1.fq.gz,1
HRR573243_r2.fq.gz,1
HRR573244_f1.fq.gz,1
HRR573244_r2.fq.gz,1
HRR573245_f1.fq.gz,1
HRR573245_r2.fq.gz,1
HRR573246_f1.fq.gz,1
HRR573246_r2.fq.gz,1
HRR573247_f1.fq.gz,1
HRR573247_r2.fq.gz,1
HRR573248_f1.fq.gz,1
HRR573248_r2.fq.gz,1
HRR573249_f1.fq.gz,1
HRR573249_r2.fq.gz,1
HRR573250_f1.fq.gz,1
HRR573250_r2.fq.gz,1
HRR573251_f1.fq.gz,1
HRR573251_r2.fq.gz,1
HRR573252_f1.fq.gz,1
HRR573252_r2.fq.gz,1
HRR573253_f1.fq.gz,1
HRR573253_r2.fq.gz,1
HRR573254_f1.fq.gz,1
HRR573254_r2.fq.gz,1
HRR573255_f1.fq.gz,1
HRR573255_r2.fq.gz,1
HRR573256_f1.fq.gz,1
HRR573256_r2.fq.gz,1
HRR573257_f1.fq.gz,1
HRR573257_r2.fq.gz,1
HRR573258_f1.fq.gz,1
HRR573258_r2.fq.gz,1
HRR573259_f1.fq.gz,1
HRR573259_r2.fq.gz,1
HRR573260_f1.fq.gz,1
HRR573260_r2.fq.gz,1
HRR573261_f1.fq.gz,1
HRR573261_r2.fq.gz,1
HRR573262_f1.fq.gz,1
HRR573262_r2.fq.gz,1
HRR573263_f1.fq.gz,1
HRR573263_r2.fq.gz,1
HRR573264_f1.fq.gz,1
HRR573264_r2.fq.gz,1
HRR573265_f1.fq.gz,1
HRR573265_r2.fq.gz,1
HRR573266_f1.fq.gz,1
HRR573266_r2.fq.gz,1
HRR573267_f1.fq.gz,1
HRR573267_r2.fq.gz,1
HRR573268_f1.fq.gz,1
HRR573268_r2.fq.gz,1
HRR573269_f1.fq.gz,1
HRR573269_r2.fq.gz,1
HRR573270_f1.fq.gz,1
HRR573270_r2.fq.gz,1
HRR573271_f1.fq.gz,1
HRR573271_r2.fq.gz,1
HRR757543_f1.fastq.gz,1
HRR757543_r2.fastq.gz,1
HRR757853_f1.fastq.gz,1
HRR757853_r2.fastq.gz,1
HRR757544_f1.fastq.gz,1
HRR757544_r2.fastq.gz,1
HRR757854_f1.fastq.gz,1
HRR757854_r2.fastq.gz,1
HRR757545_f1.fastq.gz,1
HRR757545_r2.fastq.gz,1
HRR757855_f1.fastq.gz,1
HRR757855_r2.fastq.gz,1
HRR757546_f1.fastq.gz,1
HRR757546_r2.fastq.gz,1
HRR757856_f1.fastq.gz,1
HRR757856_r2.fastq.gz,1
HRR757547_f1.fastq.gz,1
HRR757547_r2.fastq.gz,1
HRR757857_f1.fastq.gz,1
HRR757857_r2.fastq.gz,1
HRR757548_f1.fastq.gz,1
HRR757548_r2.fastq.gz,1
HRR757858_f1.fastq.gz,1
HRR757858_r2.fastq.gz,1
HRR757549_f1.fastq.gz,1
HRR757549_r2.fastq.gz,1
HRR757859_f1.fastq.gz,1
HRR757859_r2.fastq.gz,1
HRR757550_f1.fastq.gz,1
HRR757550_r2.fastq.gz,1
HRR757860_f1.fastq.gz,1
HRR757860_r2.fastq.gz,1
HRR757551_f1.fastq.gz,1
HRR757551_r2.fastq.gz,1
HRR757861_f1.fastq.gz,1
HRR757861_r2.fastq.gz,1
HRR757552_f1.fastq.gz,1
HRR757552_r2.fastq.gz,1
HRR757862_f1.fastq.gz,1
HRR757862_r2.fastq.gz,1
HRR757553_f1.fastq.gz,1
HRR757553_r2.fastq.gz,1
HRR757863_f1.fastq.gz,1
HRR757863_r2.fastq.gz,1
HRR757554_f1.fastq.gz,1
HRR757554_r2.fastq.gz,1
HRR757864_f1.fastq.gz,1
HRR757864_r2.fastq.gz,1
HRR757555_f1.fastq.gz,1
HRR757555_r2.fastq.gz,1
HRR757865_f1.fastq.gz,1
HRR757865_r2.fastq.gz,1
HRR757556_f1.fastq.gz,1
HRR757556_r2.fastq.gz,1
HRR757866_f1.fastq.gz,1
HRR757866_r2.fastq.gz,1
HRR757557_f1.fastq.gz,1
HRR757557_r2.fastq.gz,1
HRR757867_f1.fastq.gz,1
HRR757867_r2.fastq.gz,1
HRR757558_f1.fastq.gz,1
HRR757558_r2.fastq.gz,1
HRR757868_f1.fastq.gz,1
HRR757868_r2.fastq.gz,1
HRR757559_f1.fastq.gz,1
HRR757559_r2.fastq.gz,1
HRR757869_f1.fastq.gz,1
HRR757869_r2.fastq.gz,1
HRR757560_f1.fastq.gz,1
HRR757560_r2.fastq.gz,1
HRR757870_f1.fastq.gz,1
HRR757870_r2.fastq.gz,1
HRR757561_f1.fastq.gz,1
HRR757561_r2.fastq.gz,1
HRR757871_f1.fastq.gz,1
HRR757871_r2.fastq.gz,1
HRR757562_f1.fastq.gz,1
HRR757562_r2.fastq.gz,1
HRR757872_f1.fastq.gz,1
HRR757872_r2.fastq.gz,1
HRR757873_f1.fastq.gz,1
HRR757873_r2.fastq.gz,1
HRR757874_f1.fastq.gz,1
HRR757874_r2.fastq.gz,1
HRR757565_f1.fastq.gz,1
HRR757565_r2.fastq.gz,1
HRR757875_f1.fastq.gz,1
HRR757875_r2.fastq.gz,1
HRR757566_f1.fastq.gz,1
HRR757566_r2.fastq.gz,1
HRR757876_f1.fastq.gz,1
HRR757876_r2.fastq.gz,1
HRR757567_f1.fastq.gz,1
HRR757567_r2.fastq.gz,1
HRR757877_f1.fastq.gz,1
HRR757877_r2.fastq.gz,1
HRR757568_f1.fastq.gz,1
HRR757568_r2.fastq.gz,1
HRR757878_f1.fastq.gz,1
HRR757878_r2.fastq.gz,1
HRR757569_f1.fastq.gz,1
HRR757569_r2.fastq.gz,1
HRR757879_f1.fastq.gz,1
HRR757879_r2.fastq.gz,1
HRR757570_f1.fastq.gz,1
HRR757570_r2.fastq.gz,1
HRR757880_f1.fastq.gz,1
HRR757880_r2.fastq.gz,1
HRR757571_f1.fastq.gz,1
HRR757571_r2.fastq.gz,1
HRR757881_f1.fastq.gz,1
HRR757881_r2.fastq.gz,1
HRR757572_f1.fastq.gz,1
HRR757572_r2.fastq.gz,1
HRR757882_f1.fastq.gz,1
HRR757882_r2.fastq.gz,1
HRR757573_f1.fastq.gz,1
HRR757573_r2.fastq.gz,1
HRR757883_f1.fastq.gz,1
HRR757883_r2.fastq.gz,1
HRR757574_f1.fastq.gz,1
HRR757574_r2.fastq.gz,1
HRR757884_f1.fastq.gz,1
HRR757884_r2.fastq.gz,1
HRR757575_f1.fastq.gz,1
HRR757575_r2.fastq.gz,1
HRR757885_f1.fastq.gz,1
HRR757885_r2.fastq.gz,1
HRR757576_f1.fastq.gz,1
HRR757576_r2.fastq.gz,1
HRR757886_f1.fastq.gz,1
HRR757886_r2.fastq.gz,1
HRR757887_f1.fastq.gz,1
HRR757887_r2.fastq.gz,1
HRR757888_f1.fastq.gz,1
HRR757888_r2.fastq.gz,1
HRR757579_f1.fastq.gz,1
HRR757579_r2.fastq.gz,1
HRR757889_f1.fastq.gz,1
HRR757889_r2.fastq.gz,1
HRR757580_f1.fastq.gz,1
HRR757580_r2.fastq.gz,1
HRR757890_f1.fastq.gz,1
HRR757890_r2.fastq.gz,1
HRR757581_f1.fastq.gz,1
HRR757581_r2.fastq.gz,1
HRR757891_f1.fastq.gz,1
HRR757891_r2.fastq.gz,1
HRR757582_f1.fastq.gz,1
HRR757582_r2.fastq.gz,1
HRR757892_f1.fastq.gz,1
HRR757892_r2.fastq.gz,1
HRR757583_f1.fastq.gz,1
HRR757583_r2.fastq.gz,1
HRR757893_f1.fastq.gz,1
HRR757893_r2.fastq.gz,1
HRR757584_f1.fastq.gz,1
HRR757584_r2.fastq.gz,1
HRR757894_f1.fastq.gz,1
HRR757894_r2.fastq.gz,1
HRR757585_f1.fastq.gz,1
HRR757585_r2.fastq.gz,1
HRR757895_f1.fastq.gz,1
HRR757895_r2.fastq.gz,1
HRR757586_f1.fastq.gz,1
HRR757586_r2.fastq.gz,1
HRR757896_f1.fastq.gz,1
HRR757896_r2.fastq.gz,1
HRR757587_f1.fastq.gz,1
HRR757587_r2.fastq.gz,1
HRR757897_f1.fastq.gz,1
HRR757897_r2.fastq.gz,1
HRR757588_f1.fastq.gz,1
HRR757588_r2.fastq.gz,1
HRR757898_f1.fastq.gz,1
HRR757898_r2.fastq.gz,1
HRR757589_f1.fastq.gz,1
HRR757589_r2.fastq.gz,1
HRR757899_f1.fastq.gz,1
HRR757899_r2.fastq.gz,1
HRR757900_f1.fastq.gz,1
HRR757900_r2.fastq.gz,1
HRR757591_f1.fastq.gz,1
HRR757591_r2.fastq.gz,1
HRR757901_f1.fastq.gz,1
HRR757901_r2.fastq.gz,1
HRR757592_f1.fastq.gz,1
HRR757592_r2.fastq.gz,1
HRR757902_f1.fastq.gz,1
HRR757902_r2.fastq.gz,1
HRR757593_f1.fastq.gz,1
HRR757593_r2.fastq.gz,1
HRR757903_f1.fastq.gz,1
HRR757903_r2.fastq.gz,1
HRR757594_f1.fastq.gz,1
HRR757594_r2.fastq.gz,1
HRR757904_f1.fastq.gz,1
HRR757904_r2.fastq.gz,1
HRR757595_f1.fastq.gz,1
HRR757595_r2.fastq.gz,1
HRR757905_f1.fastq.gz,1
HRR757905_r2.fastq.gz,1
HRR757596_f1.fastq.gz,1
HRR757596_r2.fastq.gz,1
HRR757906_f1.fastq.gz,1
HRR757906_r2.fastq.gz,1
HRR757597_f1.fastq.gz,1
HRR757597_r2.fastq.gz,1
HRR757907_f1.fastq.gz,1
HRR757907_r2.fastq.gz,1
HRR757908_f1.fastq.gz,1
HRR757908_r2.fastq.gz,1
HRR757599_f1.fastq.gz,1
HRR757599_r2.fastq.gz,1
HRR757909_f1.fastq.gz,1
HRR757909_r2.fastq.gz,1
HRR757600_f1.fastq.gz,1
HRR757600_r2.fastq.gz,1
HRR757910_f1.fastq.gz,1
HRR757910_r2.fastq.gz,1
HRR757601_f1.fastq.gz,1
HRR757601_r2.fastq.gz,1
HRR757911_f1.fastq.gz,1
HRR757911_r2.fastq.gz,1
HRR757602_f1.fastq.gz,1
HRR757602_r2.fastq.gz,1
HRR757912_f1.fastq.gz,1
HRR757912_r2.fastq.gz,1
HRR757603_f1.fastq.gz,1
HRR757603_r2.fastq.gz,1
HRR757913_f1.fastq.gz,1
HRR757913_r2.fastq.gz,1
HRR757604_f1.fastq.gz,1
HRR757604_r2.fastq.gz,1
HRR757914_f1.fastq.gz,1
HRR757914_r2.fastq.gz,1
HRR757605_f1.fastq.gz,1
HRR757605_r2.fastq.gz,1
HRR757915_f1.fastq.gz,1
HRR757915_r2.fastq.gz,1
HRR757606_f1.fastq.gz,1
HRR757606_r2.fastq.gz,1
HRR757916_f1.fastq.gz,1
HRR757916_r2.fastq.gz,1
HRR757607_f1.fastq.gz,1
HRR757607_r2.fastq.gz,1
HRR757917_f1.fastq.gz,1
HRR757917_r2.fastq.gz,1
HRR757608_f1.fastq.gz,1
HRR757608_r2.fastq.gz,1
HRR757918_f1.fastq.gz,1
HRR757918_r2.fastq.gz,1
HRR757609_f1.fastq.gz,1
HRR757609_r2.fastq.gz,1
HRR757919_f1.fastq.gz,1
HRR757919_r2.fastq.gz,1
HRR757610_f1.fastq.gz,1
HRR757610_r2.fastq.gz,1
HRR757920_f1.fastq.gz,1
HRR757920_r2.fastq.gz,1
HRR757611_f1.fastq.gz,1
HRR757611_r2.fastq.gz,1
HRR757921_f1.fastq.gz,1
HRR757921_r2.fastq.gz,1
HRR757612_f1.fastq.gz,1
HRR757612_r2.fastq.gz,1
HRR757922_f1.fastq.gz,1
HRR757922_r2.fastq.gz,1
HRR757613_f1.fastq.gz,1
HRR757613_r2.fastq.gz,1
HRR757923_f1.fastq.gz,1
HRR757923_r2.fastq.gz,1
HRR757614_f1.fastq.gz,1
HRR757614_r2.fastq.gz,1
HRR757924_f1.fastq.gz,1
HRR757924_r2.fastq.gz,1
HRR757615_f1.fastq.gz,1
HRR757615_r2.fastq.gz,1
HRR757925_f1.fastq.gz,1
HRR757925_r2.fastq.gz,1
HRR757616_f1.fastq.gz,1
HRR757616_r2.fastq.gz,1
HRR757926_f1.fastq.gz,1
HRR757926_r2.fastq.gz,1
HRR757617_f1.fastq.gz,1
HRR757617_r2.fastq.gz,1
HRR757927_f1.fastq.gz,1
HRR757927_r2.fastq.gz,1
HRR757618_f1.fastq.gz,1
HRR757618_r2.fastq.gz,1
HRR757928_f1.fastq.gz,1
HRR757928_r2.fastq.gz,1
HRR757619_f1.fastq.gz,1
HRR757619_r2.fastq.gz,1
HRR757929_f1.fastq.gz,1
HRR757929_r2.fastq.gz,1
HRR757620_f1.fastq.gz,1
HRR757620_r2.fastq.gz,1
HRR757930_f1.fastq.gz,1
HRR757930_r2.fastq.gz,1
HRR757621_f1.fastq.gz,1
HRR757621_r2.fastq.gz,1
HRR757931_f1.fastq.gz,1
HRR757931_r2.fastq.gz,1
HRR757622_f1.fastq.gz,1
HRR757622_r2.fastq.gz,1
HRR757932_f1.fastq.gz,1
HRR757932_r2.fastq.gz,1
HRR757623_f1.fastq.gz,1
HRR757623_r2.fastq.gz,1
HRR757933_f1.fastq.gz,1
HRR757933_r2.fastq.gz,1
HRR757624_f1.fastq.gz,1
HRR757624_r2.fastq.gz,1
HRR757934_f1.fastq.gz,1
HRR757934_r2.fastq.gz,1
HRR757625_f1.fastq.gz,1
HRR757625_r2.fastq.gz,1
HRR757935_f1.fastq.gz,1
HRR757935_r2.fastq.gz,1
HRR757626_f1.fastq.gz,1
HRR757626_r2.fastq.gz,1
HRR757936_f1.fastq.gz,1
HRR757936_r2.fastq.gz,1
HRR757627_f1.fastq.gz,1
HRR757627_r2.fastq.gz,1
HRR757937_f1.fastq.gz,1
HRR757937_r2.fastq.gz,1
HRR757628_f1.fastq.gz,1
HRR757628_r2.fastq.gz,1
HRR757938_f1.fastq.gz,1
HRR757938_r2.fastq.gz,1
HRR757629_f1.fastq.gz,1
HRR757629_r2.fastq.gz,1
HRR757939_f1.fastq.gz,1
HRR757939_r2.fastq.gz,1
HRR757630_f1.fastq.gz,1
HRR757630_r2.fastq.gz,1
HRR757940_f1.fastq.gz,1
HRR757940_r2.fastq.gz,1
HRR757631_f1.fastq.gz,1
HRR757631_r2.fastq.gz,1
HRR757941_f1.fastq.gz,1
HRR757941_r2.fastq.gz,1
HRR757632_f1.fastq.gz,1
HRR757632_r2.fastq.gz,1
HRR757942_f1.fastq.gz,1
HRR757942_r2.fastq.gz,1
HRR757633_f1.fastq.gz,1
HRR757633_r2.fastq.gz,1
HRR757943_f1.fastq.gz,1
HRR757943_r2.fastq.gz,1
HRR757634_f1.fastq.gz,1
HRR757634_r2.fastq.gz,1
HRR757944_f1.fastq.gz,1
HRR757944_r2.fastq.gz,1
HRR757635_f1.fastq.gz,1
HRR757635_r2.fastq.gz,1
HRR757945_f1.fastq.gz,1
HRR757945_r2.fastq.gz,1
HRR757636_f1.fastq.gz,1
HRR757636_r2.fastq.gz,1
HRR757946_f1.fastq.gz,1
HRR757946_r2.fastq.gz,1
HRR757637_f1.fastq.gz,1
HRR757637_r2.fastq.gz,1
HRR757947_f1.fastq.gz,1
HRR757947_r2.fastq.gz,1
HRR757638_f1.fastq.gz,1
HRR757638_r2.fastq.gz,1
HRR757948_f1.fastq.gz,1
HRR757948_r2.fastq.gz,1
HRR757949_f1.fastq.gz,1
HRR757949_r2.fastq.gz,1
HRR757640_f1.fastq.gz,1
HRR757640_r2.fastq.gz,1
HRR757950_f1.fastq.gz,1
HRR757950_r2.fastq.gz,1
HRR757641_f1.fastq.gz,1
HRR757641_r2.fastq.gz,1
HRR757951_f1.fastq.gz,1
HRR757951_r2.fastq.gz,1
HRR757642_f1.fastq.gz,1
HRR757642_r2.fastq.gz,1
HRR757952_f1.fastq.gz,1
HRR757952_r2.fastq.gz,1
HRR757643_f1.fastq.gz,1
HRR757643_r2.fastq.gz,1
HRR757953_f1.fastq.gz,1
HRR757953_r2.fastq.gz,1
HRR757644_f1.fastq.gz,1
HRR757644_r2.fastq.gz,1
HRR757954_f1.fastq.gz,1
HRR757954_r2.fastq.gz,1
HRR757645_f1.fastq.gz,1
HRR757645_r2.fastq.gz,1
HRR757955_f1.fastq.gz,1
HRR757955_r2.fastq.gz,1
HRR757646_f1.fastq.gz,1
HRR757646_r2.fastq.gz,1
HRR757956_f1.fastq.gz,1
HRR757956_r2.fastq.gz,1
HRR757647_f1.fastq.gz,1
HRR757647_r2.fastq.gz,1
HRR757957_f1.fastq.gz,1
HRR757957_r2.fastq.gz,1
HRR757648_f1.fastq.gz,1
HRR757648_r2.fastq.gz,1
HRR757958_f1.fastq.gz,1
HRR757958_r2.fastq.gz,1
HRR757649_f1.fastq.gz,1
HRR757649_r2.fastq.gz,1
HRR757959_f1.fastq.gz,1
HRR757959_r2.fastq.gz,1
HRR757650_f1.fastq.gz,1
HRR757650_r2.fastq.gz,1
HRR757960_f1.fastq.gz,1
HRR757960_r2.fastq.gz,1
HRR757651_f1.fastq.gz,1
HRR757651_r2.fastq.gz,1
HRR757961_f1.fastq.gz,1
HRR757961_r2.fastq.gz,1
HRR757652_f1.fastq.gz,1
HRR757652_r2.fastq.gz,1
HRR757962_f1.fastq.gz,1
HRR757962_r2.fastq.gz,1
HRR757653_f1.fastq.gz,1
HRR757653_r2.fastq.gz,1
HRR757963_f1.fastq.gz,1
HRR757963_r2.fastq.gz,1
HRR757654_f1.fastq.gz,1
HRR757654_r2.fastq.gz,1
HRR757964_f1.fastq.gz,1
HRR757964_r2.fastq.gz,1
HRR757965_f1.fastq.gz,1
HRR757965_r2.fastq.gz,1
HRR757656_f1.fastq.gz,1
HRR757656_r2.fastq.gz,1
HRR757966_f1.fastq.gz,1
HRR757966_r2.fastq.gz,1
HRR757657_f1.fastq.gz,1
HRR757657_r2.fastq.gz,1
HRR757967_f1.fastq.gz,1
HRR757967_r2.fastq.gz,1
HRR757658_f1.fastq.gz,1
HRR757658_r2.fastq.gz,1
HRR757968_f1.fastq.gz,1
HRR757968_r2.fastq.gz,1
HRR757659_f1.fastq.gz,1
HRR757659_r2.fastq.gz,1
HRR757969_f1.fastq.gz,1
HRR757969_r2.fastq.gz,1
HRR757660_f1.fastq.gz,1
HRR757660_r2.fastq.gz,1
HRR757970_f1.fastq.gz,1
HRR757970_r2.fastq.gz,1
HRR757661_f1.fastq.gz,1
HRR757661_r2.fastq.gz,1
HRR757971_f1.fastq.gz,1
HRR757971_r2.fastq.gz,1
HRR757662_f1.fastq.gz,1
HRR757662_r2.fastq.gz,1
HRR757972_f1.fastq.gz,1
HRR757972_r2.fastq.gz,1
HRR757663_f1.fastq.gz,1
HRR757663_r2.fastq.gz,1
HRR757973_f1.fastq.gz,1
HRR757973_r2.fastq.gz,1
HRR757664_f1.fastq.gz,1
HRR757664_r2.fastq.gz,1
HRR757974_f1.fastq.gz,1
HRR757974_r2.fastq.gz,1
HRR757665_f1.fastq.gz,1
HRR757665_r2.fastq.gz,1
HRR757975_f1.fastq.gz,1
HRR757975_r2.fastq.gz,1
HRR757666_f1.fastq.gz,1
HRR757666_r2.fastq.gz,1
HRR757976_f1.fastq.gz,1
HRR757976_r2.fastq.gz,1
HRR757667_f1.fastq.gz,1
HRR757667_r2.fastq.gz,1
HRR757977_f1.fastq.gz,1
HRR757977_r2.fastq.gz,1
HRR757668_f1.fastq.gz,1
HRR757668_r2.fastq.gz,1
HRR757978_f1.fastq.gz,1
HRR757978_r2.fastq.gz,1
HRR757979_f1.fastq.gz,1
HRR757979_r2.fastq.gz,1
HRR757670_f1.fastq.gz,1
HRR757670_r2.fastq.gz,1
HRR757980_f1.fastq.gz,1
HRR757980_r2.fastq.gz,1
HRR757671_f1.fastq.gz,1
HRR757671_r2.fastq.gz,1
HRR757981_f1.fastq.gz,1
HRR757981_r2.fastq.gz,1
HRR757672_f1.fastq.gz,1
HRR757672_r2.fastq.gz,1
HRR757982_f1.fastq.gz,1
HRR757982_r2.fastq.gz,1
HRR757673_f1.fastq.gz,1
HRR757673_r2.fastq.gz,1
HRR757983_f1.fastq.gz,1
HRR757983_r2.fastq.gz,1
HRR757674_f1.fastq.gz,1
HRR757674_r2.fastq.gz,1
HRR757984_f1.fastq.gz,1
HRR757984_r2.fastq.gz,1
HRR757985_f1.fastq.gz,1
HRR757985_r2.fastq.gz,1
HRR757986_f1.fastq.gz,1
HRR757986_r2.fastq.gz,1
HRR757677_f1.fastq.gz,1
HRR757677_r2.fastq.gz,1
HRR757987_f1.fastq.gz,1
HRR757987_r2.fastq.gz,1
HRR757678_f1.fastq.gz,1
HRR757678_r2.fastq.gz,1
HRR757988_f1.fastq.gz,1
HRR757988_r2.fastq.gz,1
HRR757989_f1.fastq.gz,1
HRR757989_r2.fastq.gz,1
HRR757680_f1.fastq.gz,1
HRR757680_r2.fastq.gz,1
HRR757990_f1.fastq.gz,1
HRR757990_r2.fastq.gz,1
HRR757681_f1.fastq.gz,1
HRR757681_r2.fastq.gz,1
HRR757991_f1.fastq.gz,1
HRR757991_r2.fastq.gz,1
HRR757682_f1.fastq.gz,1
HRR757682_r2.fastq.gz,1
HRR757992_f1.fastq.gz,1
HRR757992_r2.fastq.gz,1
HRR757683_f1.fastq.gz,1
HRR757683_r2.fastq.gz,1
HRR757993_f1.fastq.gz,1
HRR757993_r2.fastq.gz,1
HRR757684_f1.fastq.gz,1
HRR757684_r2.fastq.gz,1
HRR757994_f1.fastq.gz,1
HRR757994_r2.fastq.gz,1
HRR757995_f1.fastq.gz,1
HRR757995_r2.fastq.gz,1
HRR757686_f1.fastq.gz,1
HRR757686_r2.fastq.gz,1
HRR757996_f1.fastq.gz,1
HRR757996_r2.fastq.gz,1
HRR757997_f1.fastq.gz,1
HRR757997_r2.fastq.gz,1
HRR757998_f1.fastq.gz,1
HRR757998_r2.fastq.gz,1
HRR757999_f1.fastq.gz,1
HRR757999_r2.fastq.gz,1
HRR758000_f1.fastq.gz,1
HRR758000_r2.fastq.gz,1
HRR758001_f1.fastq.gz,1
HRR758001_r2.fastq.gz,1
HRR758002_f1.fastq.gz,1
HRR758002_r2.fastq.gz,1
HRR758003_f1.fastq.gz,1
HRR758003_r2.fastq.gz,1
HRR758004_f1.fastq.gz,1
HRR758004_r2.fastq.gz,1
HRR758005_f1.fastq.gz,1
HRR758005_r2.fastq.gz,1
HRR758006_f1.fastq.gz,1
HRR758006_r2.fastq.gz,1
HRR758007_f1.fastq.gz,1
HRR758007_r2.fastq.gz,1
HRR757698_f1.fastq.gz,1
HRR757698_r2.fastq.gz,1
HRR758008_f1.fastq.gz,1
HRR758008_r2.fastq.gz,1
HRR757699_f1.fastq.gz,1
HRR757699_r2.fastq.gz,1
HRR758009_f1.fastq.gz,1
HRR758009_r2.fastq.gz,1
HRR757700_f1.fastq.gz,1
HRR757700_r2.fastq.gz,1
HRR758010_f1.fastq.gz,1
HRR758010_r2.fastq.gz,1
HRR757701_f1.fastq.gz,1
HRR757701_r2.fastq.gz,1
HRR758011_f1.fastq.gz,1
HRR758011_r2.fastq.gz,1
HRR757702_f1.fastq.gz,1
HRR757702_r2.fastq.gz,1
HRR758012_f1.fastq.gz,1
HRR758012_r2.fastq.gz,1
HRR757703_f1.fastq.gz,1
HRR757703_r2.fastq.gz,1
HRR758013_f1.fastq.gz,1
HRR758013_r2.fastq.gz,1
HRR757704_f1.fastq.gz,1
HRR757704_r2.fastq.gz,1
HRR758014_f1.fastq.gz,1
HRR758014_r2.fastq.gz,1
HRR758015_f1.fastq.gz,1
HRR758015_r2.fastq.gz,1
HRR758016_f1.fastq.gz,1
HRR758016_r2.fastq.gz,1
HRR758017_f1.fastq.gz,1
HRR758017_r2.fastq.gz,1
HRR758018_f1.fastq.gz,1
HRR758018_r2.fastq.gz,1
HRR757709_f1.fastq.gz,1
HRR757709_r2.fastq.gz,1
HRR758019_f1.fastq.gz,1
HRR758019_r2.fastq.gz,1
HRR757710_f1.fastq.gz,1
HRR757710_r2.fastq.gz,1
HRR758020_f1.fastq.gz,1
HRR758020_r2.fastq.gz,1
HRR758021_f1.fastq.gz,1
HRR758021_r2.fastq.gz,1
HRR758022_f1.fastq.gz,1
HRR758022_r2.fastq.gz,1
HRR758023_f1.fastq.gz,1
HRR758023_r2.fastq.gz,1
HRR758024_f1.fastq.gz,1
HRR758024_r2.fastq.gz,1
HRR757715_f1.fastq.gz,1
HRR757715_r2.fastq.gz,1
HRR758025_f1.fastq.gz,1
HRR758025_r2.fastq.gz,1
HRR757716_f1.fastq.gz,1
HRR757716_r2.fastq.gz,1
HRR758026_f1.fastq.gz,1
HRR758026_r2.fastq.gz,1
HRR757717_f1.fastq.gz,1
HRR757717_r2.fastq.gz,1
HRR758027_f1.fastq.gz,1
HRR758027_r2.fastq.gz,1
HRR757718_f1.fastq.gz,1
HRR757718_r2.fastq.gz,1
HRR758028_f1.fastq.gz,1
HRR758028_r2.fastq.gz,1
HRR757719_f1.fastq.gz,1
HRR757719_r2.fastq.gz,1
HRR758029_f1.fastq.gz,1
HRR758029_r2.fastq.gz,1
HRR757720_f1.fastq.gz,1
HRR757720_r2.fastq.gz,1
HRR758030_f1.fastq.gz,1
HRR758030_r2.fastq.gz,1
HRR757721_f1.fastq.gz,1
HRR757721_r2.fastq.gz,1
HRR758031_f1.fastq.gz,1
HRR758031_r2.fastq.gz,1
HRR757722_f1.fastq.gz,1
HRR757722_r2.fastq.gz,1
HRR758032_f1.fastq.gz,1
HRR758032_r2.fastq.gz,1
HRR757723_f1.fastq.gz,1
HRR757723_r2.fastq.gz,1
HRR758033_f1.fastq.gz,1
HRR758033_r2.fastq.gz,1
HRR757724_f1.fastq.gz,1
HRR757724_r2.fastq.gz,1
HRR758034_f1.fastq.gz,1
HRR758034_r2.fastq.gz,1
HRR758035_f1.fastq.gz,1
HRR758035_r2.fastq.gz,1
HRR758036_f1.fastq.gz,1
HRR758036_r2.fastq.gz,1
HRR758037_f1.fastq.gz,1
HRR758037_r2.fastq.gz,1
HRR758038_f1.fastq.gz,1
HRR758038_r2.fastq.gz,1
HRR757729_f1.fastq.gz,1
HRR757729_r2.fastq.gz,1
HRR758039_f1.fastq.gz,1
HRR758039_r2.fastq.gz,1
HRR757730_f1.fastq.gz,1
HRR757730_r2.fastq.gz,1
HRR758040_f1.fastq.gz,1
HRR758040_r2.fastq.gz,1
HRR758041_f1.fastq.gz,1
HRR758041_r2.fastq.gz,1
HRR758042_f1.fastq.gz,1
HRR758042_r2.fastq.gz,1
HRR757733_f1.fastq.gz,1
HRR757733_r2.fastq.gz,1
HRR758043_f1.fastq.gz,1
HRR758043_r2.fastq.gz,1
HRR757734_f1.fastq.gz,1
HRR757734_r2.fastq.gz,1
HRR758044_f1.fastq.gz,1
HRR758044_r2.fastq.gz,1
HRR757735_f1.fastq.gz,1
HRR757735_r2.fastq.gz,1
HRR758045_f1.fastq.gz,1
HRR758045_r2.fastq.gz,1
HRR758046_f1.fastq.gz,1
HRR758046_r2.fastq.gz,1
HRR757737_f1.fastq.gz,1
HRR757737_r2.fastq.gz,1
HRR758047_f1.fastq.gz,1
HRR758047_r2.fastq.gz,1
HRR757738_f1.fastq.gz,1
HRR757738_r2.fastq.gz,1
HRR758048_f1.fastq.gz,1
HRR758048_r2.fastq.gz,1
HRR757739_f1.fastq.gz,1
HRR757739_r2.fastq.gz,1
HRR758049_f1.fastq.gz,1
HRR758049_r2.fastq.gz,1
HRR757740_f1.fastq.gz,1
HRR757740_r2.fastq.gz,1
HRR758050_f1.fastq.gz,1
HRR758050_r2.fastq.gz,1
HRR757741_f1.fastq.gz,1
HRR757741_r2.fastq.gz,1
HRR758051_f1.fastq.gz,1
HRR758051_r2.fastq.gz,1
HRR757742_f1.fastq.gz,1
HRR757742_r2.fastq.gz,1
HRR758052_f1.fastq.gz,1
HRR758052_r2.fastq.gz,1
HRR757743_f1.fastq.gz,1
HRR757743_r2.fastq.gz,1
HRR758053_f1.fastq.gz,1
HRR758053_r2.fastq.gz,1
HRR757744_f1.fastq.gz,1
HRR757744_r2.fastq.gz,1
HRR758054_f1.fastq.gz,1
HRR758054_r2.fastq.gz,1
HRR757745_f1.fastq.gz,1
HRR757745_r2.fastq.gz,1
HRR758055_f1.fastq.gz,1
HRR758055_r2.fastq.gz,1
HRR757746_f1.fastq.gz,1
HRR757746_r2.fastq.gz,1
HRR758056_f1.fastq.gz,1
HRR758056_r2.fastq.gz,1
HRR757747_f1.fastq.gz,1
HRR757747_r2.fastq.gz,1
HRR758057_f1.fastq.gz,1
HRR758057_r2.fastq.gz,1
HRR757748_f1.fastq.gz,1
HRR757748_r2.fastq.gz,1
HRR758058_f1.fastq.gz,1
HRR758058_r2.fastq.gz,1
HRR757749_f1.fastq.gz,1
HRR757749_r2.fastq.gz,1
HRR758059_f1.fastq.gz,1
HRR758059_r2.fastq.gz,1
HRR757750_f1.fastq.gz,1
HRR757750_r2.fastq.gz,1
HRR758060_f1.fastq.gz,1
HRR758060_r2.fastq.gz,1
HRR757751_f1.fastq.gz,1
HRR757751_r2.fastq.gz,1
HRR758061_f1.fastq.gz,1
HRR758061_r2.fastq.gz,1
HRR757752_f1.fastq.gz,1
HRR757752_r2.fastq.gz,1
HRR758062_f1.fastq.gz,1
HRR758062_r2.fastq.gz,1
HRR757753_f1.fastq.gz,1
HRR757753_r2.fastq.gz,1
HRR758063_f1.fastq.gz,1
HRR758063_r2.fastq.gz,1
HRR757754_f1.fastq.gz,1
HRR757754_r2.fastq.gz,1
HRR758064_f1.fastq.gz,1
HRR758064_r2.fastq.gz,1
HRR757755_f1.fastq.gz,1
HRR757755_r2.fastq.gz,1
HRR758065_f1.fastq.gz,1
HRR758065_r2.fastq.gz,1
HRR757756_f1.fastq.gz,1
HRR757756_r2.fastq.gz,1
HRR758066_f1.fastq.gz,1
HRR758066_r2.fastq.gz,1
HRR758067_f1.fastq.gz,1
HRR758067_r2.fastq.gz,1
HRR758068_f1.fastq.gz,1
HRR758068_r2.fastq.gz,1
HRR757759_f1.fastq.gz,1
HRR757759_r2.fastq.gz,1
HRR758069_f1.fastq.gz,1
HRR758069_r2.fastq.gz,1
HRR757760_f1.fastq.gz,1
HRR757760_r2.fastq.gz,1
HRR758070_f1.fastq.gz,1
HRR758070_r2.fastq.gz,1
HRR757761_f1.fastq.gz,1
HRR757761_r2.fastq.gz,1
HRR758071_f1.fastq.gz,1
HRR758071_r2.fastq.gz,1
HRR757762_f1.fastq.gz,1
HRR757762_r2.fastq.gz,1
HRR758072_f1.fastq.gz,1
HRR758072_r2.fastq.gz,1
HRR757763_f1.fastq.gz,1
HRR757763_r2.fastq.gz,1
HRR758073_f1.fastq.gz,1
HRR758073_r2.fastq.gz,1
HRR757764_f1.fastq.gz,1
HRR757764_r2.fastq.gz,1
HRR758074_f1.fastq.gz,1
HRR758074_r2.fastq.gz,1
HRR757765_f1.fastq.gz,1
HRR757765_r2.fastq.gz,1
HRR758075_f1.fastq.gz,1
HRR758075_r2.fastq.gz,1
HRR757766_f1.fastq.gz,1
HRR757766_r2.fastq.gz,1
HRR758076_f1.fastq.gz,1
HRR758076_r2.fastq.gz,1
HRR757767_f1.fastq.gz,1
HRR757767_r2.fastq.gz,1
HRR758077_f1.fastq.gz,1
HRR758077_r2.fastq.gz,1
HRR757768_f1.fastq.gz,1
HRR757768_r2.fastq.gz,1
HRR758078_f1.fastq.gz,1
HRR758078_r2.fastq.gz,1
HRR757769_f1.fastq.gz,1
HRR757769_r2.fastq.gz,1
HRR758079_f1.fastq.gz,1
HRR758079_r2.fastq.gz,1
HRR757770_f1.fastq.gz,1
HRR757770_r2.fastq.gz,1
HRR758080_f1.fastq.gz,1
HRR758080_r2.fastq.gz,1
HRR757771_f1.fastq.gz,1
HRR757771_r2.fastq.gz,1
HRR758081_f1.fastq.gz,1
HRR758081_r2.fastq.gz,1
HRR757772_f1.fastq.gz,1
HRR757772_r2.fastq.gz,1
HRR758082_f1.fastq.gz,1
HRR758082_r2.fastq.gz,1
HRR757773_f1.fastq.gz,1
HRR757773_r2.fastq.gz,1
HRR758083_f1.fastq.gz,1
HRR758083_r2.fastq.gz,1
HRR757774_f1.fastq.gz,1
HRR757774_r2.fastq.gz,1
HRR758084_f1.fastq.gz,1
HRR758084_r2.fastq.gz,1
HRR757775_f1.fastq.gz,1
HRR757775_r2.fastq.gz,1
HRR758085_f1.fastq.gz,1
HRR758085_r2.fastq.gz,1
HRR757776_f1.fastq.gz,1
HRR757776_r2.fastq.gz,1
HRR758086_f1.fastq.gz,1
HRR758086_r2.fastq.gz,1
HRR757777_f1.fastq.gz,1
HRR757777_r2.fastq.gz,1
HRR758087_f1.fastq.gz,1
HRR758087_r2.fastq.gz,1
HRR757778_f1.fastq.gz,1
HRR757778_r2.fastq.gz,1
HRR758088_f1.fastq.gz,1
HRR758088_r2.fastq.gz,1
HRR757779_f1.fastq.gz,1
HRR757779_r2.fastq.gz,1
HRR758089_f1.fastq.gz,1
HRR758089_r2.fastq.gz,1
HRR757780_f1.fastq.gz,1
HRR757780_r2.fastq.gz,1
HRR758090_f1.fastq.gz,1
HRR758090_r2.fastq.gz,1
HRR757781_f1.fastq.gz,1
HRR757781_r2.fastq.gz,1
HRR758091_f1.fastq.gz,1
HRR758091_r2.fastq.gz,1
HRR757782_f1.fastq.gz,1
HRR757782_r2.fastq.gz,1
HRR758092_f1.fastq.gz,1
HRR758092_r2.fastq.gz,1
HRR757783_f1.fastq.gz,1
HRR757783_r2.fastq.gz,1
HRR758093_f1.fastq.gz,1
HRR758093_r2.fastq.gz,1
HRR757784_f1.fastq.gz,1
HRR757784_r2.fastq.gz,1
HRR758094_f1.fastq.gz,1
HRR758094_r2.fastq.gz,1
HRR757785_f1.fastq.gz,1
HRR757785_r2.fastq.gz,1
HRR758095_f1.fastq.gz,1
HRR758095_r2.fastq.gz,1
HRR757786_f1.fastq.gz,1
HRR757786_r2.fastq.gz,1
HRR758096_f1.fastq.gz,1
HRR758096_r2.fastq.gz,1
HRR757787_f1.fastq.gz,1
HRR757787_r2.fastq.gz,1
HRR758097_f1.fastq.gz,1
HRR758097_r2.fastq.gz,1
HRR757788_f1.fastq.gz,1
HRR757788_r2.fastq.gz,1
HRR758098_f1.fastq.gz,1
HRR758098_r2.fastq.gz,1
HRR757789_f1.fastq.gz,1
HRR757789_r2.fastq.gz,1
HRR758099_f1.fastq.gz,1
HRR758099_r2.fastq.gz,1
HRR757790_f1.fastq.gz,1
HRR757790_r2.fastq.gz,1
HRR758100_f1.fastq.gz,1
HRR758100_r2.fastq.gz,1
HRR757791_f1.fastq.gz,1
HRR757791_r2.fastq.gz,1
HRR758101_f1.fastq.gz,1
HRR758101_r2.fastq.gz,1
HRR757792_f1.fastq.gz,1
HRR757792_r2.fastq.gz,1
HRR758102_f1.fastq.gz,1
HRR758102_r2.fastq.gz,1
HRR757793_f1.fastq.gz,1
HRR757793_r2.fastq.gz,1
HRR758103_f1.fastq.gz,1
HRR758103_r2.fastq.gz,1
HRR757794_f1.fastq.gz,1
HRR757794_r2.fastq.gz,1
HRR758104_f1.fastq.gz,1
HRR758104_r2.fastq.gz,1
HRR757795_f1.fastq.gz,1
HRR757795_r2.fastq.gz,1
HRR758105_f1.fastq.gz,1
HRR758105_r2.fastq.gz,1
HRR757796_f1.fastq.gz,1
HRR757796_r2.fastq.gz,1
HRR758106_f1.fastq.gz,1
HRR758106_r2.fastq.gz,1
HRR757797_f1.fastq.gz,1
HRR757797_r2.fastq.gz,1
HRR758107_f1.fastq.gz,1
HRR758107_r2.fastq.gz,1
HRR757798_f1.fastq.gz,1
HRR757798_r2.fastq.gz,1
HRR758108_f1.fastq.gz,1
HRR758108_r2.fastq.gz,1
HRR757799_f1.fastq.gz,1
HRR757799_r2.fastq.gz,1
HRR758109_f1.fastq.gz,1
HRR758109_r2.fastq.gz,1
HRR757800_f1.fastq.gz,1
HRR757800_r2.fastq.gz,1
HRR758110_f1.fastq.gz,1
HRR758110_r2.fastq.gz,1
HRR757801_f1.fastq.gz,1
HRR757801_r2.fastq.gz,1
HRR758111_f1.fastq.gz,1
HRR758111_r2.fastq.gz,1
HRR757802_f1.fastq.gz,1
HRR757802_r2.fastq.gz,1
HRR758112_f1.fastq.gz,1
HRR758112_r2.fastq.gz,1
HRR757803_f1.fastq.gz,1
HRR757803_r2.fastq.gz,1
HRR758113_f1.fastq.gz,1
HRR758113_r2.fastq.gz,1
HRR757804_f1.fastq.gz,1
HRR757804_r2.fastq.gz,1
HRR758114_f1.fastq.gz,1
HRR758114_r2.fastq.gz,1
HRR758115_f1.fastq.gz,1
HRR758115_r2.fastq.gz,1
HRR757806_f1.fastq.gz,1
HRR757806_r2.fastq.gz,1
HRR758116_f1.fastq.gz,1
HRR758116_r2.fastq.gz,1
HRR757807_f1.fastq.gz,1
HRR757807_r2.fastq.gz,1
HRR758117_f1.fastq.gz,1
HRR758117_r2.fastq.gz,1
HRR757808_f1.fastq.gz,1
HRR757808_r2.fastq.gz,1
HRR758118_f1.fastq.gz,1
HRR758118_r2.fastq.gz,1
HRR757809_f1.fastq.gz,1
HRR757809_r2.fastq.gz,1
HRR758119_f1.fastq.gz,1
HRR758119_r2.fastq.gz,1
HRR757810_f1.fastq.gz,1
HRR757810_r2.fastq.gz,1
HRR758120_f1.fastq.gz,1
HRR758120_r2.fastq.gz,1
HRR757811_f1.fastq.gz,1
HRR757811_r2.fastq.gz,1
HRR758121_f1.fastq.gz,1
HRR758121_r2.fastq.gz,1
HRR757812_f1.fastq.gz,1
HRR757812_r2.fastq.gz,1
HRR758122_f1.fastq.gz,1
HRR758122_r2.fastq.gz,1
HRR757813_f1.fastq.gz,1
HRR757813_r2.fastq.gz,1
HRR758123_f1.fastq.gz,1
HRR758123_r2.fastq.gz,1
HRR757814_f1.fastq.gz,1
HRR757814_r2.fastq.gz,1
HRR758124_f1.fastq.gz,1
HRR758124_r2.fastq.gz,1
HRR757815_f1.fastq.gz,1
HRR757815_r2.fastq.gz,1
HRR758125_f1.fastq.gz,1
HRR758125_r2.fastq.gz,1
HRR757816_f1.fastq.gz,1
HRR757816_r2.fastq.gz,1
HRR758126_f1.fastq.gz,1
HRR758126_r2.fastq.gz,1
HRR757817_f1.fastq.gz,1
HRR757817_r2.fastq.gz,1
HRR758127_f1.fastq.gz,1
HRR758127_r2.fastq.gz,1
HRR757818_f1.fastq.gz,1
HRR757818_r2.fastq.gz,1
HRR758128_f1.fastq.gz,1
HRR758128_r2.fastq.gz,1
HRR757819_f1.fastq.gz,1
HRR757819_r2.fastq.gz,1
HRR758129_f1.fastq.gz,1
HRR758129_r2.fastq.gz,1
HRR757820_f1.fastq.gz,1
HRR757820_r2.fastq.gz,1
HRR758130_f1.fastq.gz,1
HRR758130_r2.fastq.gz,1
HRR757821_f1.fastq.gz,1
HRR757821_r2.fastq.gz,1
HRR758131_f1.fastq.gz,1
HRR758131_r2.fastq.gz,1
HRR757822_f1.fastq.gz,1
HRR757822_r2.fastq.gz,1
HRR758132_f1.fastq.gz,1
HRR758132_r2.fastq.gz,1
HRR757823_f1.fastq.gz,1
HRR757823_r2.fastq.gz,1
HRR758133_f1.fastq.gz,1
HRR758133_r2.fastq.gz,1
HRR757824_f1.fastq.gz,1
HRR757824_r2.fastq.gz,1
HRR758134_f1.fastq.gz,1
HRR758134_r2.fastq.gz,1
HRR757825_f1.fastq.gz,1
HRR757825_r2.fastq.gz,1
HRR758135_f1.fastq.gz,1
HRR758135_r2.fastq.gz,1
HRR757826_f1.fastq.gz,1
HRR757826_r2.fastq.gz,1
HRR758136_f1.fastq.gz,1
HRR758136_r2.fastq.gz,1
HRR757827_f1.fastq.gz,1
HRR757827_r2.fastq.gz,1
HRR758137_f1.fastq.gz,1
HRR758137_r2.fastq.gz,1
HRR757828_f1.fastq.gz,1
HRR757828_r2.fastq.gz,1
HRR758138_f1.fastq.gz,1
HRR758138_r2.fastq.gz,1
HRR757829_f1.fastq.gz,1
HRR757829_r2.fastq.gz,1
HRR758139_f1.fastq.gz,1
HRR758139_r2.fastq.gz,1
HRR757830_f1.fastq.gz,1
HRR757830_r2.fastq.gz,1
HRR758140_f1.fastq.gz,1
HRR758140_r2.fastq.gz,1
HRR758141_f1.fastq.gz,1
HRR758141_r2.fastq.gz,1
HRR757832_f1.fastq.gz,1
HRR757832_r2.fastq.gz,1
HRR758142_f1.fastq.gz,1
HRR758142_r2.fastq.gz,1
HRR757833_f1.fastq.gz,1
HRR757833_r2.fastq.gz,1
HRR758143_f1.fastq.gz,1
HRR758143_r2.fastq.gz,1
HRR757834_f1.fastq.gz,1
HRR757834_r2.fastq.gz,1
HRR758144_f1.fastq.gz,1
HRR758144_r2.fastq.gz,1
HRR757835_f1.fastq.gz,1
HRR757835_r2.fastq.gz,1
HRR758145_f1.fastq.gz,1
HRR758145_r2.fastq.gz,1
HRR757836_f1.fastq.gz,1
HRR757836_r2.fastq.gz,1
HRR758146_f1.fastq.gz,1
HRR758146_r2.fastq.gz,1
HRR757837_f1.fastq.gz,1
HRR757837_r2.fastq.gz,1
HRR758147_f1.fastq.gz,1
HRR758147_r2.fastq.gz,1
HRR757838_f1.fastq.gz,1
HRR757838_r2.fastq.gz,1
HRR758148_f1.fastq.gz,1
HRR758148_r2.fastq.gz,1
HRR757839_f1.fastq.gz,1
HRR757839_r2.fastq.gz,1
HRR758149_f1.fastq.gz,1
HRR758149_r2.fastq.gz,1
HRR757840_f1.fastq.gz,1
HRR757840_r2.fastq.gz,1
HRR758150_f1.fastq.gz,1
HRR758150_r2.fastq.gz,1
HRR757841_f1.fastq.gz,1
HRR757841_r2.fastq.gz,1
HRR758151_f1.fastq.gz,1
HRR758151_r2.fastq.gz,1
HRR757842_f1.fastq.gz,1
HRR757842_r2.fastq.gz,1
HRR758152_f1.fastq.gz,1
HRR758152_r2.fastq.gz,1
HRR757843_f1.fastq.gz,1
HRR757843_r2.fastq.gz,1
HRR758153_f1.fastq.gz,1
HRR758153_r2.fastq.gz,1
HRR757844_f1.fastq.gz,1
HRR757844_r2.fastq.gz,1
HRR758154_f1.fastq.gz,1
HRR758154_r2.fastq.gz,1
HRR758155_f1.fastq.gz,1
HRR758155_r2.fastq.gz,1
HRR757846_f1.fastq.gz,1
HRR757846_r2.fastq.gz,1
HRR758156_f1.fastq.gz,1
HRR758156_r2.fastq.gz,1
HRR757847_f1.fastq.gz,1
HRR757847_r2.fastq.gz,1
HRR758157_f1.fastq.gz,1
HRR758157_r2.fastq.gz,1
HRR757848_f1.fastq.gz,1
HRR757848_r2.fastq.gz,1
HRR758158_f1.fastq.gz,1
HRR758158_r2.fastq.gz,1
HRR757849_f1.fastq.gz,1
HRR757849_r2.fastq.gz,1
HRR758159_f1.fastq.gz,1
HRR758159_r2.fastq.gz,1
HRR757850_f1.fastq.gz,1
HRR757850_r2.fastq.gz,1
HRR758160_f1.fastq.gz,1
HRR758160_r2.fastq.gz,1
HRR757851_f1.fastq.gz,1
HRR757851_r2.fastq.gz,1
HRR758161_f1.fastq.gz,1
HRR758161_r2.fastq.gz,1
HRR757852_f1.fastq.gz,1
HRR757852_r2.fastq.gz,1
HRR758162_f1.fastq.gz,1
HRR758162_r2.fastq.gz,1
HRR1320767_f1.fq.gz,1
HRR1320767_r2.fq.gz,1
HRR1321010_f1.fq.gz,1
HRR1321010_r2.fq.gz,1
HRR1320768_f1.fq.gz,1
HRR1320768_r2.fq.gz,1
HRR1321011_f1.fq.gz,1
HRR1321011_r2.fq.gz,1
HRR1320769_f1.fq.gz,1
HRR1320769_r2.fq.gz,1
HRR1321012_f1.fq.gz,1
HRR1321012_r2.fq.gz,1
HRR1320770_f1.fq.gz,1
HRR1320770_r2.fq.gz,1
HRR1321013_f1.fq.gz,1
HRR1321013_r2.fq.gz,1
HRR1320771_f1.fq.gz,1
HRR1320771_r2.fq.gz,1
HRR1321014_f1.fq.gz,1
HRR1321014_r2.fq.gz,1
HRR1320772_f1.fq.gz,1
HRR1320772_r2.fq.gz,1
HRR1321015_f1.fq.gz,1
HRR1321015_r2.fq.gz,1
HRR1320773_f1.fq.gz,1
HRR1320773_r2.fq.gz,1
HRR1321016_f1.fq.gz,1
HRR1321016_r2.fq.gz,1
HRR1320774_f1.fq.gz,1
HRR1320774_r2.fq.gz,1
HRR1321017_f1.fq.gz,1
HRR1321017_r2.fq.gz,1
HRR1320775_f1.fq.gz,1
HRR1320775_r2.fq.gz,1
HRR1321018_f1.fq.gz,1
HRR1321018_r2.fq.gz,1
HRR1320776_f1.fq.gz,1
HRR1320776_r2.fq.gz,1
HRR1321019_f1.fq.gz,1
HRR1321019_r2.fq.gz,1
HRR1320777_f1.fq.gz,1
HRR1320777_r2.fq.gz,1
HRR1321020_f1.fq.gz,1
HRR1321020_r2.fq.gz,1
HRR1320778_f1.fq.gz,1
HRR1320778_r2.fq.gz,1
HRR1321021_f1.fq.gz,1
HRR1321021_r2.fq.gz,1
HRR1320779_f1.fq.gz,1
HRR1320779_r2.fq.gz,1
HRR1321022_f1.fq.gz,1
HRR1321022_r2.fq.gz,1
HRR1320780_f1.fq.gz,1
HRR1320780_r2.fq.gz,1
HRR1321023_f1.fq.gz,1
HRR1321023_r2.fq.gz,1
HRR1320781_f1.fq.gz,1
HRR1320781_r2.fq.gz,1
HRR1321024_f1.fq.gz,1
HRR1321024_r2.fq.gz,1
HRR1320782_f1.fq.gz,1
HRR1320782_r2.fq.gz,1
HRR1321025_f1.fq.gz,1
HRR1321025_r2.fq.gz,1
HRR1320783_f1.fq.gz,1
HRR1320783_r2.fq.gz,1
HRR1321026_f1.fq.gz,1
HRR1321026_r2.fq.gz,1
HRR1320784_f1.fq.gz,1
HRR1320784_r2.fq.gz,1
HRR1321027_f1.fq.gz,1
HRR1321027_r2.fq.gz,1
HRR1320785_f1.fq.gz,1
HRR1320785_r2.fq.gz,1
HRR1321028_f1.fq.gz,1
HRR1321028_r2.fq.gz,1
HRR1320786_f1.fq.gz,1
HRR1320786_r2.fq.gz,1
HRR1321029_f1.fq.gz,1
HRR1321029_r2.fq.gz,1
HRR1320787_f1.fq.gz,1
HRR1320787_r2.fq.gz,1
HRR1321030_f1.fq.gz,1
HRR1321030_r2.fq.gz,1
HRR1320788_f1.fq.gz,1
HRR1320788_r2.fq.gz,1
HRR1321031_f1.fq.gz,1
HRR1321031_r2.fq.gz,1
HRR1320789_f1.fq.gz,1
HRR1320789_r2.fq.gz,1
HRR1321032_f1.fq.gz,1
HRR1321032_r2.fq.gz,1
HRR1320790_f1.fq.gz,1
HRR1320790_r2.fq.gz,1
HRR1321033_f1.fq.gz,1
HRR1321033_r2.fq.gz,1
HRR1320791_f1.fq.gz,1
HRR1320791_r2.fq.gz,1
HRR1321034_f1.fq.gz,1
HRR1321034_r2.fq.gz,1
HRR1320792_f1.fq.gz,1
HRR1320792_r2.fq.gz,1
HRR1321035_f1.fq.gz,1
HRR1321035_r2.fq.gz,1
HRR1320793_f1.fq.gz,1
HRR1320793_r2.fq.gz,1
HRR1321036_f1.fq.gz,1
HRR1321036_r2.fq.gz,1
HRR1320794_f1.fq.gz,1
HRR1320794_r2.fq.gz,1
HRR1321037_f1.fq.gz,1
HRR1321037_r2.fq.gz,1
HRR1320795_f1.fq.gz,1
HRR1320795_r2.fq.gz,1
HRR1321038_f1.fq.gz,1
HRR1321038_r2.fq.gz,1
HRR1320796_f1.fq.gz,1
HRR1320796_r2.fq.gz,1
HRR1321039_f1.fq.gz,1
HRR1321039_r2.fq.gz,1
HRR1320797_f1.fq.gz,1
HRR1320797_r2.fq.gz,1
HRR1321040_f1.fq.gz,1
HRR1321040_r2.fq.gz,1
HRR1320798_f1.fq.gz,1
HRR1320798_r2.fq.gz,1
HRR1321041_f1.fq.gz,1
HRR1321041_r2.fq.gz,1
HRR1320799_f1.fq.gz,1
HRR1320799_r2.fq.gz,1
HRR1321042_f1.fq.gz,1
HRR1321042_r2.fq.gz,1
HRR1320800_f1.fq.gz,1
HRR1320800_r2.fq.gz,1
HRR1321043_f1.fq.gz,1
HRR1321043_r2.fq.gz,1
HRR1320801_f1.fq.gz,1
HRR1320801_r2.fq.gz,1
HRR1321044_f1.fq.gz,1
HRR1321044_r2.fq.gz,1
HRR1320802_f1.fq.gz,1
HRR1320802_r2.fq.gz,1
HRR1321045_f1.fq.gz,1
HRR1321045_r2.fq.gz,1
HRR1320803_f1.fq.gz,1
HRR1320803_r2.fq.gz,1
HRR1321046_f1.fq.gz,1
HRR1321046_r2.fq.gz,1
HRR1320804_f1.fq.gz,1
HRR1320804_r2.fq.gz,1
HRR1321047_f1.fq.gz,1
HRR1321047_r2.fq.gz,1
HRR1320805_f1.fq.gz,1
HRR1320805_r2.fq.gz,1
HRR1321048_f1.fq.gz,1
HRR1321048_r2.fq.gz,1
HRR1320806_f1.fq.gz,1
HRR1320806_r2.fq.gz,1
HRR1321049_f1.fq.gz,1
HRR1321049_r2.fq.gz,1
HRR1320807_f1.fq.gz,1
HRR1320807_r2.fq.gz,1
HRR1321050_f1.fq.gz,1
HRR1321050_r2.fq.gz,1
HRR1320808_f1.fq.gz,1
HRR1320808_r2.fq.gz,1
HRR1321051_f1.fq.gz,1
HRR1321051_r2.fq.gz,1
HRR1320809_f1.fq.gz,1
HRR1320809_r2.fq.gz,1
HRR1321052_f1.fq.gz,1
HRR1321052_r2.fq.gz,1
HRR1320810_f1.fq.gz,1
HRR1320810_r2.fq.gz,1
HRR1321053_f1.fq.gz,1
HRR1321053_r2.fq.gz,1
HRR1320811_f1.fq.gz,1
HRR1320811_r2.fq.gz,1
HRR1321054_f1.fq.gz,1
HRR1321054_r2.fq.gz,1
HRR1320812_f1.fq.gz,1
HRR1320812_r2.fq.gz,1
HRR1321055_f1.fq.gz,1
HRR1321055_r2.fq.gz,1
HRR1320813_f1.fq.gz,1
HRR1320813_r2.fq.gz,1
HRR1321056_f1.fq.gz,1
HRR1321056_r2.fq.gz,1
HRR1320814_f1.fq.gz,1
HRR1320814_r2.fq.gz,1
HRR1321057_f1.fq.gz,1
HRR1321057_r2.fq.gz,1
HRR1320815_f1.fq.gz,1
HRR1320815_r2.fq.gz,1
HRR1321058_f1.fq.gz,1
HRR1321058_r2.fq.gz,1
HRR1320816_f1.fq.gz,1
HRR1320816_r2.fq.gz,1
HRR1321059_f1.fq.gz,1
HRR1321059_r2.fq.gz,1
HRR1320817_f1.fq.gz,1
HRR1320817_r2.fq.gz,1
HRR1321060_f1.fq.gz,1
HRR1321060_r2.fq.gz,1
HRR1320818_f1.fq.gz,1
HRR1320818_r2.fq.gz,1
HRR1321061_f1.fq.gz,1
HRR1321061_r2.fq.gz,1
HRR1320819_f1.fq.gz,1
HRR1320819_r2.fq.gz,1
HRR1321062_f1.fq.gz,1
HRR1321062_r2.fq.gz,1
HRR1320820_f1.fq.gz,1
HRR1320820_r2.fq.gz,1
HRR1321063_f1.fq.gz,1
HRR1321063_r2.fq.gz,1
HRR1320821_f1.fq.gz,1
HRR1320821_r2.fq.gz,1
HRR1321064_f1.fq.gz,1
HRR1321064_r2.fq.gz,1
HRR1320822_f1.fq.gz,1
HRR1320822_r2.fq.gz,1
HRR1321065_f1.fq.gz,1
HRR1321065_r2.fq.gz,1
HRR1320823_f1.fq.gz,1
HRR1320823_r2.fq.gz,1
HRR1321066_f1.fq.gz,1
HRR1321066_r2.fq.gz,1
HRR1320824_f1.fq.gz,1
HRR1320824_r2.fq.gz,1
HRR1321067_f1.fq.gz,1
HRR1321067_r2.fq.gz,1
HRR1320825_f1.fq.gz,1
HRR1320825_r2.fq.gz,1
HRR1321068_f1.fq.gz,1
HRR1321068_r2.fq.gz,1
HRR1320826_f1.fq.gz,1
HRR1320826_r2.fq.gz,1
HRR1321069_f1.fq.gz,1
HRR1321069_r2.fq.gz,1
HRR1320827_f1.fq.gz,1
HRR1320827_r2.fq.gz,1
HRR1321070_f1.fq.gz,1
HRR1321070_r2.fq.gz,1
HRR1320828_f1.fq.gz,1
HRR1320828_r2.fq.gz,1
HRR1321071_f1.fq.gz,1
HRR1321071_r2.fq.gz,1
HRR1320829_f1.fq.gz,1
HRR1320829_r2.fq.gz,1
HRR1321072_f1.fq.gz,1
HRR1321072_r2.fq.gz,1
HRR1320830_f1.fq.gz,1
HRR1320830_r2.fq.gz,1
HRR1321073_f1.fq.gz,1
HRR1321073_r2.fq.gz,1
HRR1320831_f1.fq.gz,1
HRR1320831_r2.fq.gz,1
HRR1321074_f1.fq.gz,1
HRR1321074_r2.fq.gz,1
HRR1320832_f1.fq.gz,1
HRR1320832_r2.fq.gz,1
HRR1321075_f1.fq.gz,1
HRR1321075_r2.fq.gz,1
HRR1320833_f1.fq.gz,1
HRR1320833_r2.fq.gz,1
HRR1321076_f1.fq.gz,1
HRR1321076_r2.fq.gz,1
HRR1320834_f1.fq.gz,1
HRR1320834_r2.fq.gz,1
HRR1321077_f1.fq.gz,1
HRR1321077_r2.fq.gz,1
HRR1320835_f1.fq.gz,1
HRR1320835_r2.fq.gz,1
HRR1321078_f1.fq.gz,1
HRR1321078_r2.fq.gz,1
HRR1320836_f1.fq.gz,1
HRR1320836_r2.fq.gz,1
HRR1321079_f1.fq.gz,1
HRR1321079_r2.fq.gz,1
HRR1320837_f1.fq.gz,1
HRR1320837_r2.fq.gz,1
HRR1321080_f1.fq.gz,1
HRR1321080_r2.fq.gz,1
HRR1320838_f1.fq.gz,1
HRR1320838_r2.fq.gz,1
HRR1321081_f1.fq.gz,1
HRR1321081_r2.fq.gz,1
HRR1320839_f1.fq.gz,1
HRR1320839_r2.fq.gz,1
HRR1321082_f1.fq.gz,1
HRR1321082_r2.fq.gz,1
HRR1320840_f1.fq.gz,1
HRR1320840_r2.fq.gz,1
HRR1321083_f1.fq.gz,1
HRR1321083_r2.fq.gz,1
HRR1320841_f1.fq.gz,1
HRR1320841_r2.fq.gz,1
HRR1321084_f1.fq.gz,1
HRR1321084_r2.fq.gz,1
HRR1320842_f1.fq.gz,1
HRR1320842_r2.fq.gz,1
HRR1321085_f1.fq.gz,1
HRR1321085_r2.fq.gz,1
HRR1320843_f1.fq.gz,1
HRR1320843_r2.fq.gz,1
HRR1321086_f1.fq.gz,1
HRR1321086_r2.fq.gz,1
HRR1320844_f1.fq.gz,1
HRR1320844_r2.fq.gz,1
HRR1320845_f1.fq.gz,1
HRR1320845_r2.fq.gz,1
HRR1321087_f1.fq.gz,1
HRR1321087_r2.fq.gz,1
HRR1320846_f1.fq.gz,1
HRR1320846_r2.fq.gz,1
HRR1321088_f1.fq.gz,1
HRR1321088_r2.fq.gz,1
HRR1320847_f1.fq.gz,1
HRR1320847_r2.fq.gz,1
HRR1321089_f1.fq.gz,1
HRR1321089_r2.fq.gz,1
HRR1320848_f1.fq.gz,1
HRR1320848_r2.fq.gz,1
HRR1321090_f1.fq.gz,1
HRR1321090_r2.fq.gz,1
HRR1320849_f1.fq.gz,1
HRR1320849_r2.fq.gz,1
HRR1321091_f1.fq.gz,1
HRR1321091_r2.fq.gz,1
HRR1320850_f1.fq.gz,1
HRR1320850_r2.fq.gz,1
HRR1321092_f1.fq.gz,1
HRR1321092_r2.fq.gz,1
HRR1320851_f1.fq.gz,1
HRR1320851_r2.fq.gz,1
HRR1321093_f1.fq.gz,1
HRR1321093_r2.fq.gz,1
HRR1320852_f1.fq.gz,1
HRR1320852_r2.fq.gz,1
HRR1321094_f1.fq.gz,1
HRR1321094_r2.fq.gz,1
HRR1320853_f1.fq.gz,1
HRR1320853_r2.fq.gz,1
HRR1321095_f1.fq.gz,1
HRR1321095_r2.fq.gz,1
HRR1320854_f1.fq.gz,1
HRR1320854_r2.fq.gz,1
HRR1321096_f1.fq.gz,1
HRR1321096_r2.fq.gz,1
HRR1320855_f1.fq.gz,1
HRR1320855_r2.fq.gz,1
HRR1321097_f1.fq.gz,1
HRR1321097_r2.fq.gz,1
HRR1320856_f1.fq.gz,1
HRR1320856_r2.fq.gz,1
HRR1321098_f1.fq.gz,1
HRR1321098_r2.fq.gz,1
HRR1320857_f1.fq.gz,1
HRR1320857_r2.fq.gz,1
HRR1321099_f1.fq.gz,1
HRR1321099_r2.fq.gz,1
HRR1320858_f1.fq.gz,1
HRR1320858_r2.fq.gz,1
HRR1321100_f1.fq.gz,1
HRR1321100_r2.fq.gz,1
HRR1320859_f1.fq.gz,1
HRR1320859_r2.fq.gz,1
HRR1321101_f1.fq.gz,1
HRR1321101_r2.fq.gz,1
HRR1320860_f1.fq.gz,1
HRR1320860_r2.fq.gz,1
HRR1321102_f1.fq.gz,1
HRR1321102_r2.fq.gz,1
HRR1320861_f1.fq.gz,1
HRR1320861_r2.fq.gz,1
HRR1321103_f1.fq.gz,1
HRR1321103_r2.fq.gz,1
HRR1320862_f1.fq.gz,1
HRR1320862_r2.fq.gz,1
HRR1321104_f1.fq.gz,1
HRR1321104_r2.fq.gz,1
HRR1320863_f1.fq.gz,1
HRR1320863_r2.fq.gz,1
HRR1321105_f1.fq.gz,1
HRR1321105_r2.fq.gz,1
HRR1320864_f1.fq.gz,1
HRR1320864_r2.fq.gz,1
HRR1321106_f1.fq.gz,1
HRR1321106_r2.fq.gz,1
HRR1320865_f1.fq.gz,1
HRR1320865_r2.fq.gz,1
HRR1321107_f1.fq.gz,1
HRR1321107_r2.fq.gz,1
HRR1320866_f1.fq.gz,1
HRR1320866_r2.fq.gz,1
HRR1321108_f1.fq.gz,1
HRR1321108_r2.fq.gz,1
HRR1320867_f1.fq.gz,1
HRR1320867_r2.fq.gz,1
HRR1321109_f1.fq.gz,1
HRR1321109_r2.fq.gz,1
HRR1320868_f1.fq.gz,1
HRR1320868_r2.fq.gz,1
HRR1321110_f1.fq.gz,1
HRR1321110_r2.fq.gz,1
HRR1320869_f1.fq.gz,1
HRR1320869_r2.fq.gz,1
HRR1321111_f1.fq.gz,1
HRR1321111_r2.fq.gz,1
HRR1320870_f1.fq.gz,1
HRR1320870_r2.fq.gz,1
HRR1321112_f1.fq.gz,1
HRR1321112_r2.fq.gz,1
HRR1320871_f1.fq.gz,1
HRR1320871_r2.fq.gz,1
HRR1321113_f1.fq.gz,1
HRR1321113_r2.fq.gz,1
HRR1320872_f1.fq.gz,1
HRR1320872_r2.fq.gz,1
HRR1321114_f1.fq.gz,1
HRR1321114_r2.fq.gz,1
HRR1320873_f1.fq.gz,1
HRR1320873_r2.fq.gz,1
HRR1321115_f1.fq.gz,1
HRR1321115_r2.fq.gz,1
HRR1320874_f1.fq.gz,1
HRR1320874_r2.fq.gz,1
HRR1321116_f1.fq.gz,1
HRR1321116_r2.fq.gz,1
HRR1320875_f1.fq.gz,1
HRR1320875_r2.fq.gz,1
HRR1321117_f1.fq.gz,1
HRR1321117_r2.fq.gz,1
HRR1320876_f1.fq.gz,1
HRR1320876_r2.fq.gz,1
HRR1321118_f1.fq.gz,1
HRR1321118_r2.fq.gz,1
HRR1320877_f1.fq.gz,1
HRR1320877_r2.fq.gz,1
HRR1321119_f1.fq.gz,1
HRR1321119_r2.fq.gz,1
HRR1320878_f1.fq.gz,1
HRR1320878_r2.fq.gz,1
HRR1321120_f1.fq.gz,1
HRR1321120_r2.fq.gz,1
HRR1320879_f1.fq.gz,1
HRR1320879_r2.fq.gz,1
HRR1321121_f1.fq.gz,1
HRR1321121_r2.fq.gz,1
HRR1320880_f1.fq.gz,1
HRR1320880_r2.fq.gz,1
HRR1321122_f1.fq.gz,1
HRR1321122_r2.fq.gz,1
HRR1320881_f1.fq.gz,1
HRR1320881_r2.fq.gz,1
HRR1321123_f1.fq.gz,1
HRR1321123_r2.fq.gz,1
HRR1320882_f1.fq.gz,1
HRR1320882_r2.fq.gz,1
HRR1321124_f1.fq.gz,1
HRR1321124_r2.fq.gz,1
HRR1320883_f1.fq.gz,1
HRR1320883_r2.fq.gz,1
HRR1321125_f1.fq.gz,1
HRR1321125_r2.fq.gz,1
HRR1320884_f1.fq.gz,1
HRR1320884_r2.fq.gz,1
HRR1321126_f1.fq.gz,1
HRR1321126_r2.fq.gz,1
HRR1320885_f1.fq.gz,1
HRR1320885_r2.fq.gz,1
HRR1321127_f1.fq.gz,1
HRR1321127_r2.fq.gz,1
HRR1320886_f1.fq.gz,1
HRR1320886_r2.fq.gz,1
HRR1321128_f1.fq.gz,1
HRR1321128_r2.fq.gz,1
HRR1320887_f1.fq.gz,1
HRR1320887_r2.fq.gz,1
HRR1321129_f1.fq.gz,1
HRR1321129_r2.fq.gz,1
HRR1320888_f1.fq.gz,1
HRR1320888_r2.fq.gz,1
HRR1321130_f1.fq.gz,1
HRR1321130_r2.fq.gz,1
HRR1320889_f1.fq.gz,1
HRR1320889_r2.fq.gz,1
HRR1321131_f1.fq.gz,1
HRR1321131_r2.fq.gz,1
HRR1320890_f1.fq.gz,1
HRR1320890_r2.fq.gz,1
HRR1321132_f1.fq.gz,1
HRR1321132_r2.fq.gz,1
HRR1320891_f1.fq.gz,1
HRR1320891_r2.fq.gz,1
HRR1321133_f1.fq.gz,1
HRR1321133_r2.fq.gz,1
HRR1320892_f1.fq.gz,1
HRR1320892_r2.fq.gz,1
HRR1321134_f1.fq.gz,1
HRR1321134_r2.fq.gz,1
HRR1320893_f1.fq.gz,1
HRR1320893_r2.fq.gz,1
HRR1321135_f1.fq.gz,1
HRR1321135_r2.fq.gz,1
HRR1320894_f1.fq.gz,1
HRR1320894_r2.fq.gz,1
HRR1321136_f1.fq.gz,1
HRR1321136_r2.fq.gz,1
HRR1320895_f1.fq.gz,1
HRR1320895_r2.fq.gz,1
HRR1321137_f1.fq.gz,1
HRR1321137_r2.fq.gz,1
HRR1320896_f1.fq.gz,1
HRR1320896_r2.fq.gz,1
HRR1321138_f1.fq.gz,1
HRR1321138_r2.fq.gz,1
HRR1320897_f1.fq.gz,1
HRR1320897_r2.fq.gz,1
HRR1321139_f1.fq.gz,1
HRR1321139_r2.fq.gz,1
HRR1320898_f1.fq.gz,1
HRR1320898_r2.fq.gz,1
HRR1321140_f1.fq.gz,1
HRR1321140_r2.fq.gz,1
HRR1320899_f1.fq.gz,1
HRR1320899_r2.fq.gz,1
HRR1321141_f1.fq.gz,1
HRR1321141_r2.fq.gz,1
HRR1320900_f1.fq.gz,1
HRR1320900_r2.fq.gz,1
HRR1321142_f1.fq.gz,1
HRR1321142_r2.fq.gz,1
HRR1320901_f1.fq.gz,1
HRR1320901_r2.fq.gz,1
HRR1321143_f1.fq.gz,1
HRR1321143_r2.fq.gz,1
HRR1320902_f1.fq.gz,1
HRR1320902_r2.fq.gz,1
HRR1321144_f1.fq.gz,1
HRR1321144_r2.fq.gz,1
HRR1320903_f1.fq.gz,1
HRR1320903_r2.fq.gz,1
HRR1321145_f1.fq.gz,1
HRR1321145_r2.fq.gz,1
HRR1320904_f1.fq.gz,1
HRR1320904_r2.fq.gz,1
HRR1321146_f1.fq.gz,1
HRR1321146_r2.fq.gz,1
HRR1320905_f1.fq.gz,1
HRR1320905_r2.fq.gz,1
HRR1321147_f1.fq.gz,1
HRR1321147_r2.fq.gz,1
HRR1320906_f1.fq.gz,1
HRR1320906_r2.fq.gz,1
HRR1321148_f1.fq.gz,1
HRR1321148_r2.fq.gz,1
HRR1320907_f1.fq.gz,1
HRR1320907_r2.fq.gz,1
HRR1321149_f1.fq.gz,1
HRR1321149_r2.fq.gz,1
HRR1320908_f1.fq.gz,1
HRR1320908_r2.fq.gz,1
HRR1321150_f1.fq.gz,1
HRR1321150_r2.fq.gz,1
HRR1320909_f1.fq.gz,1
HRR1320909_r2.fq.gz,1
HRR1321151_f1.fq.gz,1
HRR1321151_r2.fq.gz,1
HRR1320910_f1.fq.gz,1
HRR1320910_r2.fq.gz,1
HRR1321152_f1.fq.gz,1
HRR1321152_r2.fq.gz,1
HRR1320911_f1.fq.gz,1
HRR1320911_r2.fq.gz,1
HRR1321153_f1.fq.gz,1
HRR1321153_r2.fq.gz,1
HRR1320912_f1.fq.gz,1
HRR1320912_r2.fq.gz,1
HRR1321154_f1.fq.gz,1
HRR1321154_r2.fq.gz,1
HRR1320913_f1.fq.gz,1
HRR1320913_r2.fq.gz,1
HRR1321155_f1.fq.gz,1
HRR1321155_r2.fq.gz,1
HRR1320914_f1.fq.gz,1
HRR1320914_r2.fq.gz,1
HRR1321156_f1.fq.gz,1
HRR1321156_r2.fq.gz,1
HRR1320915_f1.fq.gz,1
HRR1320915_r2.fq.gz,1
HRR1321157_f1.fq.gz,1
HRR1321157_r2.fq.gz,1
HRR1320916_f1.fq.gz,1
HRR1320916_r2.fq.gz,1
HRR1321158_f1.fq.gz,1
HRR1321158_r2.fq.gz,1
HRR1320917_f1.fq.gz,1
HRR1320917_r2.fq.gz,1
HRR1321159_f1.fq.gz,1
HRR1321159_r2.fq.gz,1
HRR1320918_f1.fq.gz,1
HRR1320918_r2.fq.gz,1
HRR1321160_f1.fq.gz,1
HRR1321160_r2.fq.gz,1
HRR1320919_f1.fq.gz,1
HRR1320919_r2.fq.gz,1
HRR1321161_f1.fq.gz,1
HRR1321161_r2.fq.gz,1
HRR1320920_f1.fq.gz,1
HRR1320920_r2.fq.gz,1
HRR1321162_f1.fq.gz,1
HRR1321162_r2.fq.gz,1
HRR1320921_f1.fq.gz,1
HRR1320921_r2.fq.gz,1
HRR1321163_f1.fq.gz,1
HRR1321163_r2.fq.gz,1
HRR1320922_f1.fq.gz,1
HRR1320922_r2.fq.gz,1
HRR1321164_f1.fq.gz,1
HRR1321164_r2.fq.gz,1
HRR1320923_f1.fq.gz,1
HRR1320923_r2.fq.gz,1
HRR1321165_f1.fq.gz,1
HRR1321165_r2.fq.gz,1
HRR1320924_f1.fq.gz,1
HRR1320924_r2.fq.gz,1
HRR1321166_f1.fq.gz,1
HRR1321166_r2.fq.gz,1
HRR1320925_f1.fq.gz,1
HRR1320925_r2.fq.gz,1
HRR1321167_f1.fq.gz,1
HRR1321167_r2.fq.gz,1
HRR1320926_f1.fq.gz,1
HRR1320926_r2.fq.gz,1
HRR1321168_f1.fq.gz,1
HRR1321168_r2.fq.gz,1
HRR1320927_f1.fq.gz,1
HRR1320927_r2.fq.gz,1
HRR1321169_f1.fq.gz,1
HRR1321169_r2.fq.gz,1
HRR1320928_f1.fq.gz,1
HRR1320928_r2.fq.gz,1
HRR1321170_f1.fq.gz,1
HRR1321170_r2.fq.gz,1
HRR1320929_f1.fq.gz,1
HRR1320929_r2.fq.gz,1
HRR1321171_f1.fq.gz,1
HRR1321171_r2.fq.gz,1
HRR1320930_f1.fq.gz,1
HRR1320930_r2.fq.gz,1
HRR1321172_f1.fq.gz,1
HRR1321172_r2.fq.gz,1
HRR1320931_f1.fq.gz,1
HRR1320931_r2.fq.gz,1
HRR1321173_f1.fq.gz,1
HRR1321173_r2.fq.gz,1
HRR1320932_f1.fq.gz,1
HRR1320932_r2.fq.gz,1
HRR1321174_f1.fq.gz,1
HRR1321174_r2.fq.gz,1
HRR1320933_f1.fq.gz,1
HRR1320933_r2.fq.gz,1
HRR1321175_f1.fq.gz,1
HRR1321175_r2.fq.gz,1
HRR1320934_f1.fq.gz,1
HRR1320934_r2.fq.gz,1
HRR1321176_f1.fq.gz,1
HRR1321176_r2.fq.gz,1
HRR1320935_f1.fq.gz,1
HRR1320935_r2.fq.gz,1
HRR1321177_f1.fq.gz,1
HRR1321177_r2.fq.gz,1
HRR1320936_f1.fq.gz,1
HRR1320936_r2.fq.gz,1
HRR1321178_f1.fq.gz,1
HRR1321178_r2.fq.gz,1
HRR1320937_f1.fq.gz,1
HRR1320937_r2.fq.gz,1
HRR1321179_f1.fq.gz,1
HRR1321179_r2.fq.gz,1
HRR1320938_f1.fq.gz,1
HRR1320938_r2.fq.gz,1
HRR1321180_f1.fq.gz,1
HRR1321180_r2.fq.gz,1
HRR1320939_f1.fq.gz,1
HRR1320939_r2.fq.gz,1
HRR1321181_f1.fq.gz,1
HRR1321181_r2.fq.gz,1
HRR1320940_f1.fq.gz,1
HRR1320940_r2.fq.gz,1
HRR1321182_f1.fq.gz,1
HRR1321182_r2.fq.gz,1
HRR1320941_f1.fq.gz,1
HRR1320941_r2.fq.gz,1
HRR1321183_f1.fq.gz,1
HRR1321183_r2.fq.gz,1
HRR1320942_f1.fq.gz,1
HRR1320942_r2.fq.gz,1
HRR1321184_f1.fq.gz,1
HRR1321184_r2.fq.gz,1
HRR1320943_f1.fq.gz,1
HRR1320943_r2.fq.gz,1
HRR1321185_f1.fq.gz,1
HRR1321185_r2.fq.gz,1
HRR1320944_f1.fq.gz,1
HRR1320944_r2.fq.gz,1
HRR1321186_f1.fq.gz,1
HRR1321186_r2.fq.gz,1
HRR1320945_f1.fq.gz,1
HRR1320945_r2.fq.gz,1
HRR1321187_f1.fq.gz,1
HRR1321187_r2.fq.gz,1
HRR1320946_f1.fq.gz,1
HRR1320946_r2.fq.gz,1
HRR1321188_f1.fq.gz,1
HRR1321188_r2.fq.gz,1
HRR1320947_f1.fq.gz,1
HRR1320947_r2.fq.gz,1
HRR1321189_f1.fq.gz,1
HRR1321189_r2.fq.gz,1
HRR1320948_f1.fq.gz,1
HRR1320948_r2.fq.gz,1
HRR1321190_f1.fq.gz,1
HRR1321190_r2.fq.gz,1
HRR1320949_f1.fq.gz,1
HRR1320949_r2.fq.gz,1
HRR1321191_f1.fq.gz,1
HRR1321191_r2.fq.gz,1
HRR1320950_f1.fq.gz,1
HRR1320950_r2.fq.gz,1
HRR1321192_f1.fq.gz,1
HRR1321192_r2.fq.gz,1
HRR1320951_f1.fq.gz,1
HRR1320951_r2.fq.gz,1
HRR1321193_f1.fq.gz,1
HRR1321193_r2.fq.gz,1
HRR1320952_f1.fq.gz,1
HRR1320952_r2.fq.gz,1
HRR1321194_f1.fq.gz,1
HRR1321194_r2.fq.gz,1
HRR1320953_f1.fq.gz,1
HRR1320953_r2.fq.gz,1
HRR1321195_f1.fq.gz,1
HRR1321195_r2.fq.gz,1
HRR1320954_f1.fq.gz,1
HRR1320954_r2.fq.gz,1
HRR1321196_f1.fq.gz,1
HRR1321196_r2.fq.gz,1
HRR1320955_f1.fq.gz,1
HRR1320955_r2.fq.gz,1
HRR1321197_f1.fq.gz,1
HRR1321197_r2.fq.gz,1
HRR1320956_f1.fq.gz,1
HRR1320956_r2.fq.gz,1
HRR1321198_f1.fq.gz,1
HRR1321198_r2.fq.gz,1
HRR1320957_f1.fq.gz,1
HRR1320957_r2.fq.gz,1
HRR1321199_f1.fq.gz,1
HRR1321199_r2.fq.gz,1
HRR1320958_f1.fq.gz,1
HRR1320958_r2.fq.gz,1
HRR1321200_f1.fq.gz,1
HRR1321200_r2.fq.gz,1
HRR1320959_f1.fq.gz,1
HRR1320959_r2.fq.gz,1
HRR1321201_f1.fq.gz,1
HRR1321201_r2.fq.gz,1
HRR1320960_f1.fq.gz,1
HRR1320960_r2.fq.gz,1
HRR1321202_f1.fq.gz,1
HRR1321202_r2.fq.gz,1
HRR1320961_f1.fq.gz,1
HRR1320961_r2.fq.gz,1
HRR1321203_f1.fq.gz,1
HRR1321203_r2.fq.gz,1
HRR1320962_f1.fq.gz,1
HRR1320962_r2.fq.gz,1
HRR1321204_f1.fq.gz,1
HRR1321204_r2.fq.gz,1
HRR1320963_f1.fq.gz,1
HRR1320963_r2.fq.gz,1
HRR1321205_f1.fq.gz,1
HRR1321205_r2.fq.gz,1
HRR1320964_f1.fq.gz,1
HRR1320964_r2.fq.gz,1
HRR1321206_f1.fq.gz,1
HRR1321206_r2.fq.gz,1
HRR1320965_f1.fq.gz,1
HRR1320965_r2.fq.gz,1
HRR1321207_f1.fq.gz,1
HRR1321207_r2.fq.gz,1
HRR1320966_f1.fq.gz,1
HRR1320966_r2.fq.gz,1
HRR1321208_f1.fq.gz,1
HRR1321208_r2.fq.gz,1
HRR1320967_f1.fq.gz,1
HRR1320967_r2.fq.gz,1
HRR1321209_f1.fq.gz,1
HRR1321209_r2.fq.gz,1
HRR1320968_f1.fq.gz,1
HRR1320968_r2.fq.gz,1
HRR1321210_f1.fq.gz,1
HRR1321210_r2.fq.gz,1
HRR1320969_f1.fq.gz,1
HRR1320969_r2.fq.gz,1
HRR1321211_f1.fq.gz,1
HRR1321211_r2.fq.gz,1
HRR1320970_f1.fq.gz,1
HRR1320970_r2.fq.gz,1
HRR1321212_f1.fq.gz,1
HRR1321212_r2.fq.gz,1
HRR1320971_f1.fq.gz,1
HRR1320971_r2.fq.gz,1
HRR1321213_f1.fq.gz,1
HRR1321213_r2.fq.gz,1
HRR1320972_f1.fq.gz,1
HRR1320972_r2.fq.gz,1
HRR1321214_f1.fq.gz,1
HRR1321214_r2.fq.gz,1
HRR1320973_f1.fq.gz,1
HRR1320973_r2.fq.gz,1
HRR1321215_f1.fq.gz,1
HRR1321215_r2.fq.gz,1
HRR1320974_f1.fq.gz,1
HRR1320974_r2.fq.gz,1
HRR1321216_f1.fq.gz,1
HRR1321216_r2.fq.gz,1
HRR1320975_f1.fq.gz,1
HRR1320975_r2.fq.gz,1
HRR1321217_f1.fq.gz,1
HRR1321217_r2.fq.gz,1
HRR1320976_f1.fq.gz,1
HRR1320976_r2.fq.gz,1
HRR1321218_f1.fq.gz,1
HRR1321218_r2.fq.gz,1
HRR1320977_f1.fq.gz,1
HRR1320977_r2.fq.gz,1
HRR1321219_f1.fq.gz,1
HRR1321219_r2.fq.gz,1
HRR1320978_f1.fq.gz,1
HRR1320978_r2.fq.gz,1
HRR1321220_f1.fq.gz,1
HRR1321220_r2.fq.gz,1
HRR1320979_f1.fq.gz,1
HRR1320979_r2.fq.gz,1
HRR1321221_f1.fq.gz,1
HRR1321221_r2.fq.gz,1
HRR1320980_f1.fq.gz,1
HRR1320980_r2.fq.gz,1
HRR1321222_f1.fq.gz,1
HRR1321222_r2.fq.gz,1
HRR1320981_f1.fq.gz,1
HRR1320981_r2.fq.gz,1
HRR1321223_f1.fq.gz,1
HRR1321223_r2.fq.gz,1
HRR1320982_f1.fq.gz,1
HRR1320982_r2.fq.gz,1
HRR1321224_f1.fq.gz,1
HRR1321224_r2.fq.gz,1
HRR1320983_f1.fq.gz,1
HRR1320983_r2.fq.gz,1
HRR1321225_f1.fq.gz,1
HRR1321225_r2.fq.gz,1
HRR1320984_f1.fq.gz,1
HRR1320984_r2.fq.gz,1
HRR1321226_f1.fq.gz,1
HRR1321226_r2.fq.gz,1
HRR1320985_f1.fq.gz,1
HRR1320985_r2.fq.gz,1
HRR1321227_f1.fq.gz,1
HRR1321227_r2.fq.gz,1
HRR1320986_f1.fq.gz,1
HRR1320986_r2.fq.gz,1
HRR1321228_f1.fq.gz,1
HRR1321228_r2.fq.gz,1
HRR1320987_f1.fq.gz,1
HRR1320987_r2.fq.gz,1
HRR1321229_f1.fq.gz,1
HRR1321229_r2.fq.gz,1
HRR1320988_f1.fq.gz,1
HRR1320988_r2.fq.gz,1
HRR1321230_f1.fq.gz,1
HRR1321230_r2.fq.gz,1
HRR1320989_f1.fq.gz,1
HRR1320989_r2.fq.gz,1
HRR1321231_f1.fq.gz,1
HRR1321231_r2.fq.gz,1
HRR1320990_f1.fq.gz,1
HRR1320990_r2.fq.gz,1
HRR1321232_f1.fq.gz,1
HRR1321232_r2.fq.gz,1
HRR1320991_f1.fq.gz,1
HRR1320991_r2.fq.gz,1
HRR1321233_f1.fq.gz,1
HRR1321233_r2.fq.gz,1
HRR1320992_f1.fq.gz,1
HRR1320992_r2.fq.gz,1
HRR1321234_f1.fq.gz,1
HRR1321234_r2.fq.gz,1
HRR1320993_f1.fq.gz,1
HRR1320993_r2.fq.gz,1
HRR1321235_f1.fq.gz,1
HRR1321235_r2.fq.gz,1
HRR1320994_f1.fq.gz,1
HRR1320994_r2.fq.gz,1
HRR1321236_f1.fq.gz,1
HRR1321236_r2.fq.gz,1
HRR1320995_f1.fq.gz,1
HRR1320995_r2.fq.gz,1
HRR1321237_f1.fq.gz,1
HRR1321237_r2.fq.gz,1
HRR1320996_f1.fq.gz,1
HRR1320996_r2.fq.gz,1
HRR1321238_f1.fq.gz,1
HRR1321238_r2.fq.gz,1
HRR1320997_f1.fq.gz,1
HRR1320997_r2.fq.gz,1
HRR1321239_f1.fq.gz,1
HRR1321239_r2.fq.gz,1
HRR1320998_f1.fq.gz,1
HRR1320998_r2.fq.gz,1
HRR1321240_f1.fq.gz,1
HRR1321240_r2.fq.gz,1
HRR1320999_f1.fq.gz,1
HRR1320999_r2.fq.gz,1
HRR1321241_f1.fq.gz,1
HRR1321241_r2.fq.gz,1
HRR1321000_f1.fq.gz,1
HRR1321000_r2.fq.gz,1
HRR1321242_f1.fq.gz,1
HRR1321242_r2.fq.gz,1
HRR1321001_f1.fq.gz,1
HRR1321001_r2.fq.gz,1
HRR1321243_f1.fq.gz,1
HRR1321243_r2.fq.gz,1
HRR1321002_f1.fq.gz,1
HRR1321002_r2.fq.gz,1
HRR1321244_f1.fq.gz,1
HRR1321244_r2.fq.gz,1
HRR1321003_f1.fq.gz,1
HRR1321003_r2.fq.gz,1
HRR1321245_f1.fq.gz,1
HRR1321245_r2.fq.gz,1
HRR1321004_f1.fq.gz,1
HRR1321004_r2.fq.gz,1
HRR1321246_f1.fq.gz,1
HRR1321246_r2.fq.gz,1
HRR1321005_f1.fq.gz,1
HRR1321005_r2.fq.gz,1
HRR1321247_f1.fq.gz,1
HRR1321247_r2.fq.gz,1
HRR1321006_f1.fq.gz,1
HRR1321006_r2.fq.gz,1
HRR1321248_f1.fq.gz,1
HRR1321248_r2.fq.gz,1
HRR1321007_f1.fq.gz,1
HRR1321007_r2.fq.gz,1
HRR1321249_f1.fq.gz,1
HRR1321249_r2.fq.gz,1
HRR1321008_f1.fq.gz,1
HRR1321008_r2.fq.gz,1
HRR1321250_f1.fq.gz,1
HRR1321250_r2.fq.gz,1
HRR1321009_f1.fq.gz,1
HRR1321009_r2.fq.gz,1
HRR1321251_f1.fq.gz,1
HRR1321251_r2.fq.gz,1
HRR1494221_f1.fastq.gz,1
HRR1494221_r2.fastq.gz,1
HRR1494222_f1.fastq.gz,1
HRR1494222_r2.fastq.gz,1
HRR1493845_f1.fastq.gz,1
HRR1493845_r2.fastq.gz,1
HRR1493846_f1.fastq.gz,1
HRR1493846_r2.fastq.gz,1
HRR1493847_f1.fastq.gz,1
HRR1493847_r2.fastq.gz,1
HRR1493848_f1.fastq.gz,1
HRR1493848_r2.fastq.gz,1
HRR1493849_f1.fastq.gz,1
HRR1493849_r2.fastq.gz,1
HRR1493850_f1.fastq.gz,1
HRR1493850_r2.fastq.gz,1
HRR1493851_f1.fastq.gz,1
HRR1493851_r2.fastq.gz,1
HRR1493852_f1.fastq.gz,1
HRR1493852_r2.fastq.gz,1
HRR1494223_f1.fastq.gz,1
HRR1494223_r2.fastq.gz,1
HRR1493853_f1.fastq.gz,1
HRR1493853_r2.fastq.gz,1
HRR1494224_f1.fastq.gz,1
HRR1494224_r2.fastq.gz,1
HRR1493854_f1.fastq.gz,1
HRR1493854_r2.fastq.gz,1
HRR1494225_f1.fastq.gz,1
HRR1494225_r2.fastq.gz,1
HRR1493855_f1.fastq.gz,1
HRR1493855_r2.fastq.gz,1
HRR1494226_f1.fastq.gz,1
HRR1494226_r2.fastq.gz,1
HRR1493856_f1.fastq.gz,1
HRR1493856_r2.fastq.gz,1
HRR1494227_f1.fastq.gz,1
HRR1494227_r2.fastq.gz,1
HRR1493857_f1.fastq.gz,1
HRR1493857_r2.fastq.gz,1
HRR1494228_f1.fastq.gz,1
HRR1494228_r2.fastq.gz,1
HRR1493861_f1.fastq.gz,1
HRR1493861_r2.fastq.gz,1
HRR1494229_f1.fastq.gz,1
HRR1494229_r2.fastq.gz,1
HRR1493860_f1.fastq.gz,1
HRR1493860_r2.fastq.gz,1
HRR1494230_f1.fastq.gz,1
HRR1494230_r2.fastq.gz,1
HRR1494231_f1.fastq.gz,1
HRR1494231_r2.fastq.gz,1
HRR1493858_f1.fastq.gz,1
HRR1493858_r2.fastq.gz,1
HRR1494232_f1.fastq.gz,1
HRR1494232_r2.fastq.gz,1
HRR1493859_f1.fastq.gz,1
HRR1493859_r2.fastq.gz,1
HRR1494233_f1.fastq.gz,1
HRR1494233_r2.fastq.gz,1
HRR1494234_f1.fastq.gz,1
HRR1494234_r2.fastq.gz,1
HRR1493862_f1.fastq.gz,1
HRR1493862_r2.fastq.gz,1
HRR1494235_f1.fastq.gz,1
HRR1494235_r2.fastq.gz,1
HRR1493863_f1.fastq.gz,1
HRR1493863_r2.fastq.gz,1
HRR1493864_f1.fastq.gz,1
HRR1493864_r2.fastq.gz,1
HRR1493865_f1.fastq.gz,1
HRR1493865_r2.fastq.gz,1
HRR1493866_f1.fastq.gz,1
HRR1493866_r2.fastq.gz,1
HRR1493867_f1.fastq.gz,1
HRR1493867_r2.fastq.gz,1
HRR1493868_f1.fastq.gz,1
HRR1493868_r2.fastq.gz,1
HRR1493869_f1.fastq.gz,1
HRR1493869_r2.fastq.gz,1
HRR1493870_f1.fastq.gz,1
HRR1493870_r2.fastq.gz,1
HRR1493871_f1.fastq.gz,1
HRR1493871_r2.fastq.gz,1
HRR1493872_f1.fastq.gz,1
HRR1493872_r2.fastq.gz,1
HRR1493874_f1.fastq.gz,1
HRR1493874_r2.fastq.gz,1
HRR1494236_f1.fastq.gz,1
HRR1494236_r2.fastq.gz,1
HRR1493877_f1.fastq.gz,1
HRR1493877_r2.fastq.gz,1
HRR1494237_f1.fastq.gz,1
HRR1494237_r2.fastq.gz,1
HRR1493875_f1.fastq.gz,1
HRR1493875_r2.fastq.gz,1
HRR1494238_f1.fastq.gz,1
HRR1494238_r2.fastq.gz,1
HRR1493878_f1.fastq.gz,1
HRR1493878_r2.fastq.gz,1
HRR1494239_f1.fastq.gz,1
HRR1494239_r2.fastq.gz,1
HRR1493873_f1.fastq.gz,1
HRR1493873_r2.fastq.gz,1
HRR1493876_f1.fastq.gz,1
HRR1493876_r2.fastq.gz,1
HRR1493879_f1.fastq.gz,1
HRR1493879_r2.fastq.gz,1
HRR1494240_f1.fastq.gz,1
HRR1494240_r2.fastq.gz,1
HRR1494241_f1.fastq.gz,1
HRR1494241_r2.fastq.gz,1
HRR1493882_f1.fastq.gz,1
HRR1493882_r2.fastq.gz,1
HRR1494242_f1.fastq.gz,1
HRR1494242_r2.fastq.gz,1
HRR1493883_f1.fastq.gz,1
HRR1493883_r2.fastq.gz,1
HRR1494243_f1.fastq.gz,1
HRR1494243_r2.fastq.gz,1
HRR1493880_f1.fastq.gz,1
HRR1493880_r2.fastq.gz,1
HRR1494244_f1.fastq.gz,1
HRR1494244_r2.fastq.gz,1
HRR1493881_f1.fastq.gz,1
HRR1493881_r2.fastq.gz,1
HRR1494245_f1.fastq.gz,1
HRR1494245_r2.fastq.gz,1
HRR1493886_f1.fastq.gz,1
HRR1493886_r2.fastq.gz,1
HRR1494246_f1.fastq.gz,1
HRR1494246_r2.fastq.gz,1
HRR1493887_f1.fastq.gz,1
HRR1493887_r2.fastq.gz,1
HRR1494247_f1.fastq.gz,1
HRR1494247_r2.fastq.gz,1
HRR1493884_f1.fastq.gz,1
HRR1493884_r2.fastq.gz,1
HRR1494248_f1.fastq.gz,1
HRR1494248_r2.fastq.gz,1
HRR1493885_f1.fastq.gz,1
HRR1493885_r2.fastq.gz,1
HRR1494249_f1.fastq.gz,1
HRR1494249_r2.fastq.gz,1
HRR1493888_f1.fastq.gz,1
HRR1493888_r2.fastq.gz,1
HRR1493889_f1.fastq.gz,1
HRR1493889_r2.fastq.gz,1
HRR1494250_f1.fastq.gz,1
HRR1494250_r2.fastq.gz,1
HRR1493890_f1.fastq.gz,1
HRR1493890_r2.fastq.gz,1
HRR1494251_f1.fastq.gz,1
HRR1494251_r2.fastq.gz,1
HRR1493891_f1.fastq.gz,1
HRR1493891_r2.fastq.gz,1
HRR1493894_f1.fastq.gz,1
HRR1493894_r2.fastq.gz,1
HRR1494252_f1.fastq.gz,1
HRR1494252_r2.fastq.gz,1
HRR1493895_f1.fastq.gz,1
HRR1493895_r2.fastq.gz,1
HRR1494253_f1.fastq.gz,1
HRR1494253_r2.fastq.gz,1
HRR1493898_f1.fastq.gz,1
HRR1493898_r2.fastq.gz,1
HRR1494254_f1.fastq.gz,1
HRR1494254_r2.fastq.gz,1
HRR1493892_f1.fastq.gz,1
HRR1493892_r2.fastq.gz,1
HRR1493893_f1.fastq.gz,1
HRR1493893_r2.fastq.gz,1
HRR1493896_f1.fastq.gz,1
HRR1493896_r2.fastq.gz,1
HRR1493897_f1.fastq.gz,1
HRR1493897_r2.fastq.gz,1
HRR1493899_f1.fastq.gz,1
HRR1493899_r2.fastq.gz,1
HRR1493900_f1.fastq.gz,1
HRR1493900_r2.fastq.gz,1
HRR1493901_f1.fastq.gz,1
HRR1493901_r2.fastq.gz,1
HRR1493902_f1.fastq.gz,1
HRR1493902_r2.fastq.gz,1
HRR1493903_f1.fastq.gz,1
HRR1493903_r2.fastq.gz,1
HRR1493905_f1.fastq.gz,1
HRR1493905_r2.fastq.gz,1
HRR1494255_f1.fastq.gz,1
HRR1494255_r2.fastq.gz,1
HRR1493906_f1.fastq.gz,1
HRR1493906_r2.fastq.gz,1
HRR1494256_f1.fastq.gz,1
HRR1494256_r2.fastq.gz,1
HRR1493907_f1.fastq.gz,1
HRR1493907_r2.fastq.gz,1
HRR1494257_f1.fastq.gz,1
HRR1494257_r2.fastq.gz,1
HRR1493908_f1.fastq.gz,1
HRR1493908_r2.fastq.gz,1
HRR1494258_f1.fastq.gz,1
HRR1494258_r2.fastq.gz,1
HRR1493909_f1.fastq.gz,1
HRR1493909_r2.fastq.gz,1
HRR1494259_f1.fastq.gz,1
HRR1494259_r2.fastq.gz,1
HRR1493910_f1.fastq.gz,1
HRR1493910_r2.fastq.gz,1
HRR1494260_f1.fastq.gz,1
HRR1494260_r2.fastq.gz,1
HRR1493904_f1.fastq.gz,1
HRR1493904_r2.fastq.gz,1
HRR1493912_f1.fastq.gz,1
HRR1493912_r2.fastq.gz,1
HRR1494261_f1.fastq.gz,1
HRR1494261_r2.fastq.gz,1
HRR1493913_f1.fastq.gz,1
HRR1493913_r2.fastq.gz,1
HRR1494262_f1.fastq.gz,1
HRR1494262_r2.fastq.gz,1
HRR1493914_f1.fastq.gz,1
HRR1493914_r2.fastq.gz,1
HRR1494263_f1.fastq.gz,1
HRR1494263_r2.fastq.gz,1
HRR1493915_f1.fastq.gz,1
HRR1493915_r2.fastq.gz,1
HRR1494264_f1.fastq.gz,1
HRR1494264_r2.fastq.gz,1
HRR1493916_f1.fastq.gz,1
HRR1493916_r2.fastq.gz,1
HRR1494265_f1.fastq.gz,1
HRR1494265_r2.fastq.gz,1
HRR1493917_f1.fastq.gz,1
HRR1493917_r2.fastq.gz,1
HRR1494266_f1.fastq.gz,1
HRR1494266_r2.fastq.gz,1
HRR1493911_f1.fastq.gz,1
HRR1493911_r2.fastq.gz,1
HRR1493919_f1.fastq.gz,1
HRR1493919_r2.fastq.gz,1
HRR1494267_f1.fastq.gz,1
HRR1494267_r2.fastq.gz,1
HRR1493920_f1.fastq.gz,1
HRR1493920_r2.fastq.gz,1
HRR1494268_f1.fastq.gz,1
HRR1494268_r2.fastq.gz,1
HRR1493921_f1.fastq.gz,1
HRR1493921_r2.fastq.gz,1
HRR1494269_f1.fastq.gz,1
HRR1494269_r2.fastq.gz,1
HRR1493922_f1.fastq.gz,1
HRR1493922_r2.fastq.gz,1
HRR1494270_f1.fastq.gz,1
HRR1494270_r2.fastq.gz,1
HRR1493923_f1.fastq.gz,1
HRR1493923_r2.fastq.gz,1
HRR1494271_f1.fastq.gz,1
HRR1494271_r2.fastq.gz,1
HRR1493924_f1.fastq.gz,1
HRR1493924_r2.fastq.gz,1
HRR1494272_f1.fastq.gz,1
HRR1494272_r2.fastq.gz,1
HRR1493918_f1.fastq.gz,1
HRR1493918_r2.fastq.gz,1
HRR1494273_f1.fastq.gz,1
HRR1494273_r2.fastq.gz,1
HRR1494274_f1.fastq.gz,1
HRR1494274_r2.fastq.gz,1
HRR1493926_f1.fastq.gz,1
HRR1493926_r2.fastq.gz,1
HRR1494275_f1.fastq.gz,1
HRR1494275_r2.fastq.gz,1
HRR1493927_f1.fastq.gz,1
HRR1493927_r2.fastq.gz,1
HRR1494276_f1.fastq.gz,1
HRR1494276_r2.fastq.gz,1
HRR1493928_f1.fastq.gz,1
HRR1493928_r2.fastq.gz,1
HRR1494277_f1.fastq.gz,1
HRR1494277_r2.fastq.gz,1
HRR1493929_f1.fastq.gz,1
HRR1493929_r2.fastq.gz,1
HRR1494278_f1.fastq.gz,1
HRR1494278_r2.fastq.gz,1
HRR1493930_f1.fastq.gz,1
HRR1493930_r2.fastq.gz,1
HRR1494279_f1.fastq.gz,1
HRR1494279_r2.fastq.gz,1
HRR1493931_f1.fastq.gz,1
HRR1493931_r2.fastq.gz,1
HRR1494280_f1.fastq.gz,1
HRR1494280_r2.fastq.gz,1
HRR1493932_f1.fastq.gz,1
HRR1493932_r2.fastq.gz,1
HRR1494281_f1.fastq.gz,1
HRR1494281_r2.fastq.gz,1
HRR1493933_f1.fastq.gz,1
HRR1493933_r2.fastq.gz,1
HRR1494282_f1.fastq.gz,1
HRR1494282_r2.fastq.gz,1
HRR1493925_f1.fastq.gz,1
HRR1493925_r2.fastq.gz,1
HRR1493935_f1.fastq.gz,1
HRR1493935_r2.fastq.gz,1
HRR1494283_f1.fastq.gz,1
HRR1494283_r2.fastq.gz,1
HRR1493936_f1.fastq.gz,1
HRR1493936_r2.fastq.gz,1
HRR1494284_f1.fastq.gz,1
HRR1494284_r2.fastq.gz,1
HRR1493937_f1.fastq.gz,1
HRR1493937_r2.fastq.gz,1
HRR1494285_f1.fastq.gz,1
HRR1494285_r2.fastq.gz,1
HRR1493938_f1.fastq.gz,1
HRR1493938_r2.fastq.gz,1
HRR1494286_f1.fastq.gz,1
HRR1494286_r2.fastq.gz,1
HRR1493939_f1.fastq.gz,1
HRR1493939_r2.fastq.gz,1
HRR1494287_f1.fastq.gz,1
HRR1494287_r2.fastq.gz,1
HRR1493940_f1.fastq.gz,1
HRR1493940_r2.fastq.gz,1
HRR1494288_f1.fastq.gz,1
HRR1494288_r2.fastq.gz,1
HRR1493934_f1.fastq.gz,1
HRR1493934_r2.fastq.gz,1
HRR1494289_f1.fastq.gz,1
HRR1494289_r2.fastq.gz,1
HRR1493942_f1.fastq.gz,1
HRR1493942_r2.fastq.gz,1
HRR1494290_f1.fastq.gz,1
HRR1494290_r2.fastq.gz,1
HRR1493943_f1.fastq.gz,1
HRR1493943_r2.fastq.gz,1
HRR1494291_f1.fastq.gz,1
HRR1494291_r2.fastq.gz,1
HRR1493941_f1.fastq.gz,1
HRR1493941_r2.fastq.gz,1
HRR1494292_f1.fastq.gz,1
HRR1494292_r2.fastq.gz,1
HRR1494293_f1.fastq.gz,1
HRR1494293_r2.fastq.gz,1
HRR1493945_f1.fastq.gz,1
HRR1493945_r2.fastq.gz,1
HRR1494294_f1.fastq.gz,1
HRR1494294_r2.fastq.gz,1
HRR1493946_f1.fastq.gz,1
HRR1493946_r2.fastq.gz,1
HRR1494295_f1.fastq.gz,1
HRR1494295_r2.fastq.gz,1
HRR1493947_f1.fastq.gz,1
HRR1493947_r2.fastq.gz,1
HRR1494296_f1.fastq.gz,1
HRR1494296_r2.fastq.gz,1
HRR1493948_f1.fastq.gz,1
HRR1493948_r2.fastq.gz,1
HRR1494297_f1.fastq.gz,1
HRR1494297_r2.fastq.gz,1
HRR1493944_f1.fastq.gz,1
HRR1493944_r2.fastq.gz,1
HRR1494298_f1.fastq.gz,1
HRR1494298_r2.fastq.gz,1
HRR1494299_f1.fastq.gz,1
HRR1494299_r2.fastq.gz,1
HRR1493950_f1.fastq.gz,1
HRR1493950_r2.fastq.gz,1
HRR1494300_f1.fastq.gz,1
HRR1494300_r2.fastq.gz,1
HRR1493951_f1.fastq.gz,1
HRR1493951_r2.fastq.gz,1
HRR1494301_f1.fastq.gz,1
HRR1494301_r2.fastq.gz,1
HRR1493952_f1.fastq.gz,1
HRR1493952_r2.fastq.gz,1
HRR1494302_f1.fastq.gz,1
HRR1494302_r2.fastq.gz,1
HRR1493953_f1.fastq.gz,1
HRR1493953_r2.fastq.gz,1
HRR1494303_f1.fastq.gz,1
HRR1494303_r2.fastq.gz,1
HRR1493954_f1.fastq.gz,1
HRR1493954_r2.fastq.gz,1
HRR1494304_f1.fastq.gz,1
HRR1494304_r2.fastq.gz,1
HRR1493955_f1.fastq.gz,1
HRR1493955_r2.fastq.gz,1
HRR1494305_f1.fastq.gz,1
HRR1494305_r2.fastq.gz,1
HRR1493949_f1.fastq.gz,1
HRR1493949_r2.fastq.gz,1
HRR1493960_f1.fastq.gz,1
HRR1493960_r2.fastq.gz,1
HRR1494306_f1.fastq.gz,1
HRR1494306_r2.fastq.gz,1
HRR1493958_f1.fastq.gz,1
HRR1493958_r2.fastq.gz,1
HRR1494307_f1.fastq.gz,1
HRR1494307_r2.fastq.gz,1
HRR1493961_f1.fastq.gz,1
HRR1493961_r2.fastq.gz,1
HRR1494308_f1.fastq.gz,1
HRR1494308_r2.fastq.gz,1
HRR1493956_f1.fastq.gz,1
HRR1493956_r2.fastq.gz,1
HRR1493957_f1.fastq.gz,1
HRR1493957_r2.fastq.gz,1
HRR1493959_f1.fastq.gz,1
HRR1493959_r2.fastq.gz,1
HRR1493962_f1.fastq.gz,1
HRR1493962_r2.fastq.gz,1
HRR1493964_f1.fastq.gz,1
HRR1493964_r2.fastq.gz,1
HRR1494309_f1.fastq.gz,1
HRR1494309_r2.fastq.gz,1
HRR1493965_f1.fastq.gz,1
HRR1493965_r2.fastq.gz,1
HRR1494310_f1.fastq.gz,1
HRR1494310_r2.fastq.gz,1
HRR1493967_f1.fastq.gz,1
HRR1493967_r2.fastq.gz,1
HRR1494311_f1.fastq.gz,1
HRR1494311_r2.fastq.gz,1
HRR1493968_f1.fastq.gz,1
HRR1493968_r2.fastq.gz,1
HRR1494312_f1.fastq.gz,1
HRR1494312_r2.fastq.gz,1
HRR1493963_f1.fastq.gz,1
HRR1493963_r2.fastq.gz,1
HRR1494313_f1.fastq.gz,1
HRR1494313_r2.fastq.gz,1
HRR1493966_f1.fastq.gz,1
HRR1493966_r2.fastq.gz,1
HRR1494314_f1.fastq.gz,1
HRR1494314_r2.fastq.gz,1
HRR1493969_f1.fastq.gz,1
HRR1493969_r2.fastq.gz,1
HRR1493970_f1.fastq.gz,1
HRR1493970_r2.fastq.gz,1
HRR1494315_f1.fastq.gz,1
HRR1494315_r2.fastq.gz,1
HRR1493971_f1.fastq.gz,1
HRR1493971_r2.fastq.gz,1
HRR1494316_f1.fastq.gz,1
HRR1494316_r2.fastq.gz,1
HRR1493972_f1.fastq.gz,1
HRR1493972_r2.fastq.gz,1
HRR1494317_f1.fastq.gz,1
HRR1494317_r2.fastq.gz,1
HRR1493973_f1.fastq.gz,1
HRR1493973_r2.fastq.gz,1
HRR1494318_f1.fastq.gz,1
HRR1494318_r2.fastq.gz,1
HRR1493974_f1.fastq.gz,1
HRR1493974_r2.fastq.gz,1
HRR1494319_f1.fastq.gz,1
HRR1494319_r2.fastq.gz,1
HRR1493975_f1.fastq.gz,1
HRR1493975_r2.fastq.gz,1
HRR1494320_f1.fastq.gz,1
HRR1494320_r2.fastq.gz,1
HRR1493976_f1.fastq.gz,1
HRR1493976_r2.fastq.gz,1
HRR1494321_f1.fastq.gz,1
HRR1494321_r2.fastq.gz,1
HRR1493977_f1.fastq.gz,1
HRR1493977_r2.fastq.gz,1
HRR1494322_f1.fastq.gz,1
HRR1494322_r2.fastq.gz,1
HRR1493978_f1.fastq.gz,1
HRR1493978_r2.fastq.gz,1
HRR1493979_f1.fastq.gz,1
HRR1493979_r2.fastq.gz,1
HRR1494323_f1.fastq.gz,1
HRR1494323_r2.fastq.gz,1
HRR1493980_f1.fastq.gz,1
HRR1493980_r2.fastq.gz,1
HRR1494324_f1.fastq.gz,1
HRR1494324_r2.fastq.gz,1
HRR1493981_f1.fastq.gz,1
HRR1493981_r2.fastq.gz,1
HRR1494325_f1.fastq.gz,1
HRR1494325_r2.fastq.gz,1
HRR1493982_f1.fastq.gz,1
HRR1493982_r2.fastq.gz,1
HRR1494326_f1.fastq.gz,1
HRR1494326_r2.fastq.gz,1
HRR1493983_f1.fastq.gz,1
HRR1493983_r2.fastq.gz,1
HRR1494327_f1.fastq.gz,1
HRR1494327_r2.fastq.gz,1
HRR1493984_f1.fastq.gz,1
HRR1493984_r2.fastq.gz,1
HRR1494328_f1.fastq.gz,1
HRR1494328_r2.fastq.gz,1
HRR1493985_f1.fastq.gz,1
HRR1493985_r2.fastq.gz,1
HRR1494329_f1.fastq.gz,1
HRR1494329_r2.fastq.gz,1
HRR1493986_f1.fastq.gz,1
HRR1493986_r2.fastq.gz,1
HRR1494330_f1.fastq.gz,1
HRR1494330_r2.fastq.gz,1
HRR1493987_f1.fastq.gz,1
HRR1493987_r2.fastq.gz,1
HRR1493988_f1.fastq.gz,1
HRR1493988_r2.fastq.gz,1
HRR1494331_f1.fastq.gz,1
HRR1494331_r2.fastq.gz,1
HRR1493989_f1.fastq.gz,1
HRR1493989_r2.fastq.gz,1
HRR1494332_f1.fastq.gz,1
HRR1494332_r2.fastq.gz,1
HRR1493991_f1.fastq.gz,1
HRR1493991_r2.fastq.gz,1
HRR1494333_f1.fastq.gz,1
HRR1494333_r2.fastq.gz,1
HRR1493992_f1.fastq.gz,1
HRR1493992_r2.fastq.gz,1
HRR1494334_f1.fastq.gz,1
HRR1494334_r2.fastq.gz,1
HRR1493993_f1.fastq.gz,1
HRR1493993_r2.fastq.gz,1
HRR1494335_f1.fastq.gz,1
HRR1494335_r2.fastq.gz,1
HRR1493990_f1.fastq.gz,1
HRR1493990_r2.fastq.gz,1
HRR1494336_f1.fastq.gz,1
HRR1494336_r2.fastq.gz,1
HRR1493994_f1.fastq.gz,1
HRR1493994_r2.fastq.gz,1
HRR1493995_f1.fastq.gz,1
HRR1493995_r2.fastq.gz,1
HRR1494337_f1.fastq.gz,1
HRR1494337_r2.fastq.gz,1
HRR1493996_f1.fastq.gz,1
HRR1493996_r2.fastq.gz,1
HRR1494338_f1.fastq.gz,1
HRR1494338_r2.fastq.gz,1
HRR1493997_f1.fastq.gz,1
HRR1493997_r2.fastq.gz,1
HRR1494339_f1.fastq.gz,1
HRR1494339_r2.fastq.gz,1
HRR1493998_f1.fastq.gz,1
HRR1493998_r2.fastq.gz,1
HRR1494340_f1.fastq.gz,1
HRR1494340_r2.fastq.gz,1
HRR1493999_f1.fastq.gz,1
HRR1493999_r2.fastq.gz,1
HRR1494341_f1.fastq.gz,1
HRR1494341_r2.fastq.gz,1
HRR1494000_f1.fastq.gz,1
HRR1494000_r2.fastq.gz,1
HRR1494342_f1.fastq.gz,1
HRR1494342_r2.fastq.gz,1
HRR1494001_f1.fastq.gz,1
HRR1494001_r2.fastq.gz,1
HRR1494002_f1.fastq.gz,1
HRR1494002_r2.fastq.gz,1
HRR1494343_f1.fastq.gz,1
HRR1494343_r2.fastq.gz,1
HRR1494004_f1.fastq.gz,1
HRR1494004_r2.fastq.gz,1
HRR1494344_f1.fastq.gz,1
HRR1494344_r2.fastq.gz,1
HRR1494003_f1.fastq.gz,1
HRR1494003_r2.fastq.gz,1
HRR1494345_f1.fastq.gz,1
HRR1494345_r2.fastq.gz,1
HRR1494005_f1.fastq.gz,1
HRR1494005_r2.fastq.gz,1
HRR1494346_f1.fastq.gz,1
HRR1494346_r2.fastq.gz,1
HRR1494006_f1.fastq.gz,1
HRR1494006_r2.fastq.gz,1
HRR1494347_f1.fastq.gz,1
HRR1494347_r2.fastq.gz,1
HRR1494348_f1.fastq.gz,1
HRR1494348_r2.fastq.gz,1
HRR1494007_f1.fastq.gz,1
HRR1494007_r2.fastq.gz,1
HRR1494349_f1.fastq.gz,1
HRR1494349_r2.fastq.gz,1
HRR1494008_f1.fastq.gz,1
HRR1494008_r2.fastq.gz,1
HRR1494350_f1.fastq.gz,1
HRR1494350_r2.fastq.gz,1
HRR1494009_f1.fastq.gz,1
HRR1494009_r2.fastq.gz,1
HRR1494351_f1.fastq.gz,1
HRR1494351_r2.fastq.gz,1
HRR1494010_f1.fastq.gz,1
HRR1494010_r2.fastq.gz,1
HRR1494352_f1.fastq.gz,1
HRR1494352_r2.fastq.gz,1
HRR1494011_f1.fastq.gz,1
HRR1494011_r2.fastq.gz,1
HRR1494353_f1.fastq.gz,1
HRR1494353_r2.fastq.gz,1
HRR1494012_f1.fastq.gz,1
HRR1494012_r2.fastq.gz,1
HRR1494354_f1.fastq.gz,1
HRR1494354_r2.fastq.gz,1
HRR1494013_f1.fastq.gz,1
HRR1494013_r2.fastq.gz,1
HRR1494355_f1.fastq.gz,1
HRR1494355_r2.fastq.gz,1
HRR1494014_f1.fastq.gz,1
HRR1494014_r2.fastq.gz,1
HRR1494356_f1.fastq.gz,1
HRR1494356_r2.fastq.gz,1
HRR1494015_f1.fastq.gz,1
HRR1494015_r2.fastq.gz,1
HRR1494357_f1.fastq.gz,1
HRR1494357_r2.fastq.gz,1
HRR1494016_f1.fastq.gz,1
HRR1494016_r2.fastq.gz,1
HRR1494358_f1.fastq.gz,1
HRR1494358_r2.fastq.gz,1
HRR1494017_f1.fastq.gz,1
HRR1494017_r2.fastq.gz,1
HRR1494359_f1.fastq.gz,1
HRR1494359_r2.fastq.gz,1
HRR1494360_f1.fastq.gz,1
HRR1494360_r2.fastq.gz,1
HRR1494018_f1.fastq.gz,1
HRR1494018_r2.fastq.gz,1
HRR1494361_f1.fastq.gz,1
HRR1494361_r2.fastq.gz,1
HRR1494019_f1.fastq.gz,1
HRR1494019_r2.fastq.gz,1
HRR1494362_f1.fastq.gz,1
HRR1494362_r2.fastq.gz,1
HRR1494020_f1.fastq.gz,1
HRR1494020_r2.fastq.gz,1
HRR1494363_f1.fastq.gz,1
HRR1494363_r2.fastq.gz,1
HRR1494021_f1.fastq.gz,1
HRR1494021_r2.fastq.gz,1
HRR1494364_f1.fastq.gz,1
HRR1494364_r2.fastq.gz,1
HRR1494022_f1.fastq.gz,1
HRR1494022_r2.fastq.gz,1
HRR1494365_f1.fastq.gz,1
HRR1494365_r2.fastq.gz,1
HRR1494023_f1.fastq.gz,1
HRR1494023_r2.fastq.gz,1
HRR1494366_f1.fastq.gz,1
HRR1494366_r2.fastq.gz,1
HRR1494024_f1.fastq.gz,1
HRR1494024_r2.fastq.gz,1
HRR1494367_f1.fastq.gz,1
HRR1494367_r2.fastq.gz,1
HRR1494025_f1.fastq.gz,1
HRR1494025_r2.fastq.gz,1
HRR1494368_f1.fastq.gz,1
HRR1494368_r2.fastq.gz,1
HRR1494026_f1.fastq.gz,1
HRR1494026_r2.fastq.gz,1
HRR1494369_f1.fastq.gz,1
HRR1494369_r2.fastq.gz,1
HRR1494027_f1.fastq.gz,1
HRR1494027_r2.fastq.gz,1
HRR1494370_f1.fastq.gz,1
HRR1494370_r2.fastq.gz,1
HRR1494028_f1.fastq.gz,1
HRR1494028_r2.fastq.gz,1
HRR1494371_f1.fastq.gz,1
HRR1494371_r2.fastq.gz,1
HRR1494372_f1.fastq.gz,1
HRR1494372_r2.fastq.gz,1
HRR1494029_f1.fastq.gz,1
HRR1494029_r2.fastq.gz,1
HRR1494373_f1.fastq.gz,1
HRR1494373_r2.fastq.gz,1
HRR1494030_f1.fastq.gz,1
HRR1494030_r2.fastq.gz,1
HRR1494374_f1.fastq.gz,1
HRR1494374_r2.fastq.gz,1
HRR1494031_f1.fastq.gz,1
HRR1494031_r2.fastq.gz,1
HRR1494375_f1.fastq.gz,1
HRR1494375_r2.fastq.gz,1
HRR1494032_f1.fastq.gz,1
HRR1494032_r2.fastq.gz,1
HRR1494376_f1.fastq.gz,1
HRR1494376_r2.fastq.gz,1
HRR1494033_f1.fastq.gz,1
HRR1494033_r2.fastq.gz,1
HRR1494377_f1.fastq.gz,1
HRR1494377_r2.fastq.gz,1
HRR1494034_f1.fastq.gz,1
HRR1494034_r2.fastq.gz,1
HRR1494378_f1.fastq.gz,1
HRR1494378_r2.fastq.gz,1
HRR1494035_f1.fastq.gz,1
HRR1494035_r2.fastq.gz,1
HRR1494036_f1.fastq.gz,1
HRR1494036_r2.fastq.gz,1
HRR1494379_f1.fastq.gz,1
HRR1494379_r2.fastq.gz,1
HRR1494039_f1.fastq.gz,1
HRR1494039_r2.fastq.gz,1
HRR1494380_f1.fastq.gz,1
HRR1494380_r2.fastq.gz,1
HRR1494041_f1.fastq.gz,1
HRR1494041_r2.fastq.gz,1
HRR1494381_f1.fastq.gz,1
HRR1494381_r2.fastq.gz,1
HRR1494044_f1.fastq.gz,1
HRR1494044_r2.fastq.gz,1
HRR1494382_f1.fastq.gz,1
HRR1494382_r2.fastq.gz,1
HRR1494037_f1.fastq.gz,1
HRR1494037_r2.fastq.gz,1
HRR1494038_f1.fastq.gz,1
HRR1494038_r2.fastq.gz,1
HRR1494040_f1.fastq.gz,1
HRR1494040_r2.fastq.gz,1
HRR1494042_f1.fastq.gz,1
HRR1494042_r2.fastq.gz,1
HRR1494043_f1.fastq.gz,1
HRR1494043_r2.fastq.gz,1
HRR1494383_f1.fastq.gz,1
HRR1494383_r2.fastq.gz,1
HRR1494045_f1.fastq.gz,1
HRR1494045_r2.fastq.gz,1
HRR1494384_f1.fastq.gz,1
HRR1494384_r2.fastq.gz,1
HRR1494046_f1.fastq.gz,1
HRR1494046_r2.fastq.gz,1
HRR1494047_f1.fastq.gz,1
HRR1494047_r2.fastq.gz,1
HRR1494048_f1.fastq.gz,1
HRR1494048_r2.fastq.gz,1
HRR1494049_f1.fastq.gz,1
HRR1494049_r2.fastq.gz,1
HRR1494050_f1.fastq.gz,1
HRR1494050_r2.fastq.gz,1
HRR1494051_f1.fastq.gz,1
HRR1494051_r2.fastq.gz,1
HRR1494052_f1.fastq.gz,1
HRR1494052_r2.fastq.gz,1
HRR1494053_f1.fastq.gz,1
HRR1494053_r2.fastq.gz,1
HRR1494054_f1.fastq.gz,1
HRR1494054_r2.fastq.gz,1
HRR1494055_f1.fastq.gz,1
HRR1494055_r2.fastq.gz,1
HRR1494056_f1.fastq.gz,1
HRR1494056_r2.fastq.gz,1
HRR1494057_f1.fastq.gz,1
HRR1494057_r2.fastq.gz,1
HRR1494058_f1.fastq.gz,1
HRR1494058_r2.fastq.gz,1
HRR1494059_f1.fastq.gz,1
HRR1494059_r2.fastq.gz,1
HRR1494060_f1.fastq.gz,1
HRR1494060_r2.fastq.gz,1
HRR1494385_f1.fastq.gz,1
HRR1494385_r2.fastq.gz,1
HRR1494386_f1.fastq.gz,1
HRR1494386_r2.fastq.gz,1
HRR1494061_f1.fastq.gz,1
HRR1494061_r2.fastq.gz,1
HRR1494387_f1.fastq.gz,1
HRR1494387_r2.fastq.gz,1
HRR1494062_f1.fastq.gz,1
HRR1494062_r2.fastq.gz,1
HRR1494388_f1.fastq.gz,1
HRR1494388_r2.fastq.gz,1
HRR1494063_f1.fastq.gz,1
HRR1494063_r2.fastq.gz,1
HRR1494389_f1.fastq.gz,1
HRR1494389_r2.fastq.gz,1
HRR1494064_f1.fastq.gz,1
HRR1494064_r2.fastq.gz,1
HRR1494390_f1.fastq.gz,1
HRR1494390_r2.fastq.gz,1
HRR1494065_f1.fastq.gz,1
HRR1494065_r2.fastq.gz,1
HRR1494391_f1.fastq.gz,1
HRR1494391_r2.fastq.gz,1
HRR1494066_f1.fastq.gz,1
HRR1494066_r2.fastq.gz,1
HRR1494392_f1.fastq.gz,1
HRR1494392_r2.fastq.gz,1
HRR1494067_f1.fastq.gz,1
HRR1494067_r2.fastq.gz,1
HRR1494393_f1.fastq.gz,1
HRR1494393_r2.fastq.gz,1
HRR1494068_f1.fastq.gz,1
HRR1494068_r2.fastq.gz,1
HRR1494394_f1.fastq.gz,1
HRR1494394_r2.fastq.gz,1
HRR1494395_f1.fastq.gz,1
HRR1494395_r2.fastq.gz,1
HRR1494070_f1.fastq.gz,1
HRR1494070_r2.fastq.gz,1
HRR1494396_f1.fastq.gz,1
HRR1494396_r2.fastq.gz,1
HRR1494071_f1.fastq.gz,1
HRR1494071_r2.fastq.gz,1
HRR1494397_f1.fastq.gz,1
HRR1494397_r2.fastq.gz,1
HRR1494072_f1.fastq.gz,1
HRR1494072_r2.fastq.gz,1
HRR1494398_f1.fastq.gz,1
HRR1494398_r2.fastq.gz,1
HRR1494073_f1.fastq.gz,1
HRR1494073_r2.fastq.gz,1
HRR1494399_f1.fastq.gz,1
HRR1494399_r2.fastq.gz,1
HRR1494069_f1.fastq.gz,1
HRR1494069_r2.fastq.gz,1
HRR1494400_f1.fastq.gz,1
HRR1494400_r2.fastq.gz,1
HRR1494401_f1.fastq.gz,1
HRR1494401_r2.fastq.gz,1
HRR1494075_f1.fastq.gz,1
HRR1494075_r2.fastq.gz,1
HRR1494402_f1.fastq.gz,1
HRR1494402_r2.fastq.gz,1
HRR1494076_f1.fastq.gz,1
HRR1494076_r2.fastq.gz,1
HRR1494403_f1.fastq.gz,1
HRR1494403_r2.fastq.gz,1
HRR1494077_f1.fastq.gz,1
HRR1494077_r2.fastq.gz,1
HRR1494404_f1.fastq.gz,1
HRR1494404_r2.fastq.gz,1
HRR1494078_f1.fastq.gz,1
HRR1494078_r2.fastq.gz,1
HRR1494405_f1.fastq.gz,1
HRR1494405_r2.fastq.gz,1
HRR1494079_f1.fastq.gz,1
HRR1494079_r2.fastq.gz,1
HRR1494406_f1.fastq.gz,1
HRR1494406_r2.fastq.gz,1
HRR1494080_f1.fastq.gz,1
HRR1494080_r2.fastq.gz,1
HRR1494407_f1.fastq.gz,1
HRR1494407_r2.fastq.gz,1
HRR1494074_f1.fastq.gz,1
HRR1494074_r2.fastq.gz,1
HRR1494082_f1.fastq.gz,1
HRR1494082_r2.fastq.gz,1
HRR1494408_f1.fastq.gz,1
HRR1494408_r2.fastq.gz,1
HRR1494083_f1.fastq.gz,1
HRR1494083_r2.fastq.gz,1
HRR1494409_f1.fastq.gz,1
HRR1494409_r2.fastq.gz,1
HRR1494081_f1.fastq.gz,1
HRR1494081_r2.fastq.gz,1
HRR1494084_f1.fastq.gz,1
HRR1494084_r2.fastq.gz,1
HRR1494085_f1.fastq.gz,1
HRR1494085_r2.fastq.gz,1
HRR1494086_f1.fastq.gz,1
HRR1494086_r2.fastq.gz,1
HRR1494087_f1.fastq.gz,1
HRR1494087_r2.fastq.gz,1
HRR1494088_f1.fastq.gz,1
HRR1494088_r2.fastq.gz,1
HRR1494410_f1.fastq.gz,1
HRR1494410_r2.fastq.gz,1
HRR1494411_f1.fastq.gz,1
HRR1494411_r2.fastq.gz,1
HRR1494412_f1.fastq.gz,1
HRR1494412_r2.fastq.gz,1
HRR1494413_f1.fastq.gz,1
HRR1494413_r2.fastq.gz,1
HRR1494414_f1.fastq.gz,1
HRR1494414_r2.fastq.gz,1
HRR1494415_f1.fastq.gz,1
HRR1494415_r2.fastq.gz,1
HRR1494416_f1.fastq.gz,1
HRR1494416_r2.fastq.gz,1
HRR1494417_f1.fastq.gz,1
HRR1494417_r2.fastq.gz,1
HRR1494418_f1.fastq.gz,1
HRR1494418_r2.fastq.gz,1
HRR1494419_f1.fastq.gz,1
HRR1494419_r2.fastq.gz,1
HRR1494089_f1.fastq.gz,1
HRR1494089_r2.fastq.gz,1
HRR1494420_f1.fastq.gz,1
HRR1494420_r2.fastq.gz,1
HRR1494091_f1.fastq.gz,1
HRR1494091_r2.fastq.gz,1
HRR1494421_f1.fastq.gz,1
HRR1494421_r2.fastq.gz,1
HRR1494090_f1.fastq.gz,1
HRR1494090_r2.fastq.gz,1
HRR1494422_f1.fastq.gz,1
HRR1494422_r2.fastq.gz,1
HRR1494092_f1.fastq.gz,1
HRR1494092_r2.fastq.gz,1
HRR1494423_f1.fastq.gz,1
HRR1494423_r2.fastq.gz,1
HRR1494093_f1.fastq.gz,1
HRR1494093_r2.fastq.gz,1
HRR1494424_f1.fastq.gz,1
HRR1494424_r2.fastq.gz,1
HRR1494425_f1.fastq.gz,1
HRR1494425_r2.fastq.gz,1
HRR1494426_f1.fastq.gz,1
HRR1494426_r2.fastq.gz,1
HRR1494427_f1.fastq.gz,1
HRR1494427_r2.fastq.gz,1
HRR1494428_f1.fastq.gz,1
HRR1494428_r2.fastq.gz,1
HRR1494429_f1.fastq.gz,1
HRR1494429_r2.fastq.gz,1
HRR1494430_f1.fastq.gz,1
HRR1494430_r2.fastq.gz,1
HRR1494431_f1.fastq.gz,1
HRR1494431_r2.fastq.gz,1
HRR1494432_f1.fastq.gz,1
HRR1494432_r2.fastq.gz,1
HRR1494433_f1.fastq.gz,1
HRR1494433_r2.fastq.gz,1
HRR1494434_f1.fastq.gz,1
HRR1494434_r2.fastq.gz,1
HRR1494435_f1.fastq.gz,1
HRR1494435_r2.fastq.gz,1
HRR1494436_f1.fastq.gz,1
HRR1494436_r2.fastq.gz,1
HRR1494437_f1.fastq.gz,1
HRR1494437_r2.fastq.gz,1
HRR1494438_f1.fastq.gz,1
HRR1494438_r2.fastq.gz,1
HRR1494439_f1.fastq.gz,1
HRR1494439_r2.fastq.gz,1
HRR1494440_f1.fastq.gz,1
HRR1494440_r2.fastq.gz,1
HRR1494441_f1.fastq.gz,1
HRR1494441_r2.fastq.gz,1
HRR1494442_f1.fastq.gz,1
HRR1494442_r2.fastq.gz,1
HRR1494443_f1.fastq.gz,1
HRR1494443_r2.fastq.gz,1
HRR1494444_f1.fastq.gz,1
HRR1494444_r2.fastq.gz,1
HRR1494445_f1.fastq.gz,1
HRR1494445_r2.fastq.gz,1
HRR1494446_f1.fastq.gz,1
HRR1494446_r2.fastq.gz,1
HRR1494094_f1.fastq.gz,1
HRR1494094_r2.fastq.gz,1
HRR1494447_f1.fastq.gz,1
HRR1494447_r2.fastq.gz,1
HRR1494095_f1.fastq.gz,1
HRR1494095_r2.fastq.gz,1
HRR1494448_f1.fastq.gz,1
HRR1494448_r2.fastq.gz,1
HRR1494096_f1.fastq.gz,1
HRR1494096_r2.fastq.gz,1
HRR1494449_f1.fastq.gz,1
HRR1494449_r2.fastq.gz,1
HRR1494097_f1.fastq.gz,1
HRR1494097_r2.fastq.gz,1
HRR1494450_f1.fastq.gz,1
HRR1494450_r2.fastq.gz,1
HRR1494098_f1.fastq.gz,1
HRR1494098_r2.fastq.gz,1
HRR1494451_f1.fastq.gz,1
HRR1494451_r2.fastq.gz,1
HRR1494099_f1.fastq.gz,1
HRR1494099_r2.fastq.gz,1
HRR1494452_f1.fastq.gz,1
HRR1494452_r2.fastq.gz,1
HRR1494100_f1.fastq.gz,1
HRR1494100_r2.fastq.gz,1
HRR1494453_f1.fastq.gz,1
HRR1494453_r2.fastq.gz,1
HRR1494454_f1.fastq.gz,1
HRR1494454_r2.fastq.gz,1
HRR1494455_f1.fastq.gz,1
HRR1494455_r2.fastq.gz,1
HRR1494101_f1.fastq.gz,1
HRR1494101_r2.fastq.gz,1
HRR1494456_f1.fastq.gz,1
HRR1494456_r2.fastq.gz,1
HRR1494102_f1.fastq.gz,1
HRR1494102_r2.fastq.gz,1
HRR1494457_f1.fastq.gz,1
HRR1494457_r2.fastq.gz,1
HRR1494103_f1.fastq.gz,1
HRR1494103_r2.fastq.gz,1
HRR1494458_f1.fastq.gz,1
HRR1494458_r2.fastq.gz,1
HRR1494104_f1.fastq.gz,1
HRR1494104_r2.fastq.gz,1
HRR1494459_f1.fastq.gz,1
HRR1494459_r2.fastq.gz,1
HRR1494460_f1.fastq.gz,1
HRR1494460_r2.fastq.gz,1
HRR1494461_f1.fastq.gz,1
HRR1494461_r2.fastq.gz,1
HRR1494462_f1.fastq.gz,1
HRR1494462_r2.fastq.gz,1
HRR1494463_f1.fastq.gz,1
HRR1494463_r2.fastq.gz,1
HRR1494464_f1.fastq.gz,1
HRR1494464_r2.fastq.gz,1
HRR1494465_f1.fastq.gz,1
HRR1494465_r2.fastq.gz,1
HRR1494466_f1.fastq.gz,1
HRR1494466_r2.fastq.gz,1
HRR1494467_f1.fastq.gz,1
HRR1494467_r2.fastq.gz,1
HRR1494468_f1.fastq.gz,1
HRR1494468_r2.fastq.gz,1
HRR1494469_f1.fastq.gz,1
HRR1494469_r2.fastq.gz,1
HRR1494470_f1.fastq.gz,1
HRR1494470_r2.fastq.gz,1
HRR1494105_f1.fastq.gz,1
HRR1494105_r2.fastq.gz,1
HRR1494471_f1.fastq.gz,1
HRR1494471_r2.fastq.gz,1
HRR1494106_f1.fastq.gz,1
HRR1494106_r2.fastq.gz,1
HRR1494472_f1.fastq.gz,1
HRR1494472_r2.fastq.gz,1
HRR1494107_f1.fastq.gz,1
HRR1494107_r2.fastq.gz,1
HRR1494473_f1.fastq.gz,1
HRR1494473_r2.fastq.gz,1
HRR1494108_f1.fastq.gz,1
HRR1494108_r2.fastq.gz,1
HRR1494474_f1.fastq.gz,1
HRR1494474_r2.fastq.gz,1
HRR1494475_f1.fastq.gz,1
HRR1494475_r2.fastq.gz,1
HRR1494476_f1.fastq.gz,1
HRR1494476_r2.fastq.gz,1
HRR1494109_f1.fastq.gz,1
HRR1494109_r2.fastq.gz,1
HRR1494477_f1.fastq.gz,1
HRR1494477_r2.fastq.gz,1
HRR1494110_f1.fastq.gz,1
HRR1494110_r2.fastq.gz,1
HRR1494478_f1.fastq.gz,1
HRR1494478_r2.fastq.gz,1
HRR1494111_f1.fastq.gz,1
HRR1494111_r2.fastq.gz,1
HRR1494479_f1.fastq.gz,1
HRR1494479_r2.fastq.gz,1
HRR1494112_f1.fastq.gz,1
HRR1494112_r2.fastq.gz,1
HRR1494480_f1.fastq.gz,1
HRR1494480_r2.fastq.gz,1
HRR1494113_f1.fastq.gz,1
HRR1494113_r2.fastq.gz,1
HRR1494481_f1.fastq.gz,1
HRR1494481_r2.fastq.gz,1
HRR1494114_f1.fastq.gz,1
HRR1494114_r2.fastq.gz,1
HRR1494482_f1.fastq.gz,1
HRR1494482_r2.fastq.gz,1
HRR1494115_f1.fastq.gz,1
HRR1494115_r2.fastq.gz,1
HRR1494483_f1.fastq.gz,1
HRR1494483_r2.fastq.gz,1
HRR1494116_f1.fastq.gz,1
HRR1494116_r2.fastq.gz,1
HRR1494484_f1.fastq.gz,1
HRR1494484_r2.fastq.gz,1
HRR1494117_f1.fastq.gz,1
HRR1494117_r2.fastq.gz,1
HRR1494485_f1.fastq.gz,1
HRR1494485_r2.fastq.gz,1
HRR1494118_f1.fastq.gz,1
HRR1494118_r2.fastq.gz,1
HRR1494486_f1.fastq.gz,1
HRR1494486_r2.fastq.gz,1
HRR1494487_f1.fastq.gz,1
HRR1494487_r2.fastq.gz,1
HRR1494488_f1.fastq.gz,1
HRR1494488_r2.fastq.gz,1
HRR1494489_f1.fastq.gz,1
HRR1494489_r2.fastq.gz,1
HRR1494490_f1.fastq.gz,1
HRR1494490_r2.fastq.gz,1
HRR1494491_f1.fastq.gz,1
HRR1494491_r2.fastq.gz,1
HRR1494492_f1.fastq.gz,1
HRR1494492_r2.fastq.gz,1
HRR1494493_f1.fastq.gz,1
HRR1494493_r2.fastq.gz,1
HRR1494494_f1.fastq.gz,1
HRR1494494_r2.fastq.gz,1
HRR1494495_f1.fastq.gz,1
HRR1494495_r2.fastq.gz,1
HRR1494496_f1.fastq.gz,1
HRR1494496_r2.fastq.gz,1
HRR1494497_f1.fastq.gz,1
HRR1494497_r2.fastq.gz,1
HRR1494498_f1.fastq.gz,1
HRR1494498_r2.fastq.gz,1
HRR1494499_f1.fastq.gz,1
HRR1494499_r2.fastq.gz,1
HRR1494500_f1.fastq.gz,1
HRR1494500_r2.fastq.gz,1
HRR1494501_f1.fastq.gz,1
HRR1494501_r2.fastq.gz,1
HRR1494502_f1.fastq.gz,1
HRR1494502_r2.fastq.gz,1
HRR1494503_f1.fastq.gz,1
HRR1494503_r2.fastq.gz,1
HRR1494504_f1.fastq.gz,1
HRR1494504_r2.fastq.gz,1
HRR1494505_f1.fastq.gz,1
HRR1494505_r2.fastq.gz,1
HRR1494506_f1.fastq.gz,1
HRR1494506_r2.fastq.gz,1
HRR1494507_f1.fastq.gz,1
HRR1494507_r2.fastq.gz,1
HRR1494508_f1.fastq.gz,1
HRR1494508_r2.fastq.gz,1
HRR1494509_f1.fastq.gz,1
HRR1494509_r2.fastq.gz,1
HRR1494119_f1.fastq.gz,1
HRR1494119_r2.fastq.gz,1
HRR1494510_f1.fastq.gz,1
HRR1494510_r2.fastq.gz,1
HRR1494120_f1.fastq.gz,1
HRR1494120_r2.fastq.gz,1
HRR1494511_f1.fastq.gz,1
HRR1494511_r2.fastq.gz,1
HRR1494121_f1.fastq.gz,1
HRR1494121_r2.fastq.gz,1
HRR1494512_f1.fastq.gz,1
HRR1494512_r2.fastq.gz,1
HRR1494122_f1.fastq.gz,1
HRR1494122_r2.fastq.gz,1
HRR1494513_f1.fastq.gz,1
HRR1494513_r2.fastq.gz,1
HRR1494514_f1.fastq.gz,1
HRR1494514_r2.fastq.gz,1
HRR1494515_f1.fastq.gz,1
HRR1494515_r2.fastq.gz,1
HRR1494123_f1.fastq.gz,1
HRR1494123_r2.fastq.gz,1
HRR1494516_f1.fastq.gz,1
HRR1494516_r2.fastq.gz,1
HRR1494124_f1.fastq.gz,1
HRR1494124_r2.fastq.gz,1
HRR1494517_f1.fastq.gz,1
HRR1494517_r2.fastq.gz,1
HRR1494125_f1.fastq.gz,1
HRR1494125_r2.fastq.gz,1
HRR1494518_f1.fastq.gz,1
HRR1494518_r2.fastq.gz,1
HRR1494126_f1.fastq.gz,1
HRR1494126_r2.fastq.gz,1
HRR1494519_f1.fastq.gz,1
HRR1494519_r2.fastq.gz,1
HRR1494520_f1.fastq.gz,1
HRR1494520_r2.fastq.gz,1
HRR1494521_f1.fastq.gz,1
HRR1494521_r2.fastq.gz,1
HRR1494127_f1.fastq.gz,1
HRR1494127_r2.fastq.gz,1
HRR1494522_f1.fastq.gz,1
HRR1494522_r2.fastq.gz,1
HRR1494128_f1.fastq.gz,1
HRR1494128_r2.fastq.gz,1
HRR1494523_f1.fastq.gz,1
HRR1494523_r2.fastq.gz,1
HRR1494129_f1.fastq.gz,1
HRR1494129_r2.fastq.gz,1
HRR1494524_f1.fastq.gz,1
HRR1494524_r2.fastq.gz,1
HRR1494130_f1.fastq.gz,1
HRR1494130_r2.fastq.gz,1
HRR1494525_f1.fastq.gz,1
HRR1494525_r2.fastq.gz,1
HRR1494526_f1.fastq.gz,1
HRR1494526_r2.fastq.gz,1
HRR1494527_f1.fastq.gz,1
HRR1494527_r2.fastq.gz,1
HRR1494131_f1.fastq.gz,1
HRR1494131_r2.fastq.gz,1
HRR1494132_f1.fastq.gz,1
HRR1494132_r2.fastq.gz,1
HRR1494133_f1.fastq.gz,1
HRR1494133_r2.fastq.gz,1
HRR1494134_f1.fastq.gz,1
HRR1494134_r2.fastq.gz,1
HRR1494528_f1.fastq.gz,1
HRR1494528_r2.fastq.gz,1
HRR1494529_f1.fastq.gz,1
HRR1494529_r2.fastq.gz,1
HRR1494135_f1.fastq.gz,1
HRR1494135_r2.fastq.gz,1
HRR1494136_f1.fastq.gz,1
HRR1494136_r2.fastq.gz,1
HRR1494137_f1.fastq.gz,1
HRR1494137_r2.fastq.gz,1
HRR1494138_f1.fastq.gz,1
HRR1494138_r2.fastq.gz,1
HRR1494139_f1.fastq.gz,1
HRR1494139_r2.fastq.gz,1
HRR1494140_f1.fastq.gz,1
HRR1494140_r2.fastq.gz,1
HRR1494141_f1.fastq.gz,1
HRR1494141_r2.fastq.gz,1
HRR1494142_f1.fastq.gz,1
HRR1494142_r2.fastq.gz,1
HRR1494143_f1.fastq.gz,1
HRR1494143_r2.fastq.gz,1
HRR1494530_f1.fastq.gz,1
HRR1494530_r2.fastq.gz,1
HRR1494144_f1.fastq.gz,1
HRR1494144_r2.fastq.gz,1
HRR1494145_f1.fastq.gz,1
HRR1494145_r2.fastq.gz,1
HRR1494146_f1.fastq.gz,1
HRR1494146_r2.fastq.gz,1
HRR1494147_f1.fastq.gz,1
HRR1494147_r2.fastq.gz,1
HRR1494531_f1.fastq.gz,1
HRR1494531_r2.fastq.gz,1
HRR1494149_f1.fastq.gz,1
HRR1494149_r2.fastq.gz,1
HRR1494532_f1.fastq.gz,1
HRR1494532_r2.fastq.gz,1
HRR1494150_f1.fastq.gz,1
HRR1494150_r2.fastq.gz,1
HRR1494533_f1.fastq.gz,1
HRR1494533_r2.fastq.gz,1
HRR1494151_f1.fastq.gz,1
HRR1494151_r2.fastq.gz,1
HRR1494534_f1.fastq.gz,1
HRR1494534_r2.fastq.gz,1
HRR1494148_f1.fastq.gz,1
HRR1494148_r2.fastq.gz,1
HRR1494535_f1.fastq.gz,1
HRR1494535_r2.fastq.gz,1
HRR1494153_f1.fastq.gz,1
HRR1494153_r2.fastq.gz,1
HRR1494536_f1.fastq.gz,1
HRR1494536_r2.fastq.gz,1
HRR1494152_f1.fastq.gz,1
HRR1494152_r2.fastq.gz,1
HRR1494155_f1.fastq.gz,1
HRR1494155_r2.fastq.gz,1
HRR1494537_f1.fastq.gz,1
HRR1494537_r2.fastq.gz,1
HRR1494154_f1.fastq.gz,1
HRR1494154_r2.fastq.gz,1
HRR1494157_f1.fastq.gz,1
HRR1494157_r2.fastq.gz,1
HRR1494538_f1.fastq.gz,1
HRR1494538_r2.fastq.gz,1
HRR1494156_f1.fastq.gz,1
HRR1494156_r2.fastq.gz,1
HRR1494158_f1.fastq.gz,1
HRR1494158_r2.fastq.gz,1
HRR1494539_f1.fastq.gz,1
HRR1494539_r2.fastq.gz,1
HRR1494159_f1.fastq.gz,1
HRR1494159_r2.fastq.gz,1
HRR1494160_f1.fastq.gz,1
HRR1494160_r2.fastq.gz,1
HRR1494540_f1.fastq.gz,1
HRR1494540_r2.fastq.gz,1
HRR1494161_f1.fastq.gz,1
HRR1494161_r2.fastq.gz,1
HRR1494162_f1.fastq.gz,1
HRR1494162_r2.fastq.gz,1
HRR1494541_f1.fastq.gz,1
HRR1494541_r2.fastq.gz,1
HRR1494163_f1.fastq.gz,1
HRR1494163_r2.fastq.gz,1
HRR1494165_f1.fastq.gz,1
HRR1494165_r2.fastq.gz,1
HRR1494542_f1.fastq.gz,1
HRR1494542_r2.fastq.gz,1
HRR1494164_f1.fastq.gz,1
HRR1494164_r2.fastq.gz,1
HRR1494166_f1.fastq.gz,1
HRR1494166_r2.fastq.gz,1
HRR1494543_f1.fastq.gz,1
HRR1494543_r2.fastq.gz,1
HRR1494167_f1.fastq.gz,1
HRR1494167_r2.fastq.gz,1
HRR1494168_f1.fastq.gz,1
HRR1494168_r2.fastq.gz,1
HRR1494544_f1.fastq.gz,1
HRR1494544_r2.fastq.gz,1
HRR1494169_f1.fastq.gz,1
HRR1494169_r2.fastq.gz,1
HRR1494170_f1.fastq.gz,1
HRR1494170_r2.fastq.gz,1
HRR1494545_f1.fastq.gz,1
HRR1494545_r2.fastq.gz,1
HRR1494171_f1.fastq.gz,1
HRR1494171_r2.fastq.gz,1
HRR1494172_f1.fastq.gz,1
HRR1494172_r2.fastq.gz,1
HRR1494546_f1.fastq.gz,1
HRR1494546_r2.fastq.gz,1
HRR1494173_f1.fastq.gz,1
HRR1494173_r2.fastq.gz,1
HRR1494175_f1.fastq.gz,1
HRR1494175_r2.fastq.gz,1
HRR1494547_f1.fastq.gz,1
HRR1494547_r2.fastq.gz,1
HRR1494174_f1.fastq.gz,1
HRR1494174_r2.fastq.gz,1
HRR1494176_f1.fastq.gz,1
HRR1494176_r2.fastq.gz,1
HRR1494548_f1.fastq.gz,1
HRR1494548_r2.fastq.gz,1
HRR1494177_f1.fastq.gz,1
HRR1494177_r2.fastq.gz,1
HRR1494179_f1.fastq.gz,1
HRR1494179_r2.fastq.gz,1
HRR1494549_f1.fastq.gz,1
HRR1494549_r2.fastq.gz,1
HRR1494180_f1.fastq.gz,1
HRR1494180_r2.fastq.gz,1
HRR1494550_f1.fastq.gz,1
HRR1494550_r2.fastq.gz,1
HRR1494181_f1.fastq.gz,1
HRR1494181_r2.fastq.gz,1
HRR1494551_f1.fastq.gz,1
HRR1494551_r2.fastq.gz,1
HRR1494178_f1.fastq.gz,1
HRR1494178_r2.fastq.gz,1
HRR1494183_f1.fastq.gz,1
HRR1494183_r2.fastq.gz,1
HRR1494552_f1.fastq.gz,1
HRR1494552_r2.fastq.gz,1
HRR1494184_f1.fastq.gz,1
HRR1494184_r2.fastq.gz,1
HRR1494553_f1.fastq.gz,1
HRR1494553_r2.fastq.gz,1
HRR1494185_f1.fastq.gz,1
HRR1494185_r2.fastq.gz,1
HRR1494554_f1.fastq.gz,1
HRR1494554_r2.fastq.gz,1
HRR1494182_f1.fastq.gz,1
HRR1494182_r2.fastq.gz,1
HRR1494186_f1.fastq.gz,1
HRR1494186_r2.fastq.gz,1
HRR1494555_f1.fastq.gz,1
HRR1494555_r2.fastq.gz,1
HRR1494187_f1.fastq.gz,1
HRR1494187_r2.fastq.gz,1
HRR1494556_f1.fastq.gz,1
HRR1494556_r2.fastq.gz,1
HRR1494188_f1.fastq.gz,1
HRR1494188_r2.fastq.gz,1
HRR1494557_f1.fastq.gz,1
HRR1494557_r2.fastq.gz,1
HRR1494190_f1.fastq.gz,1
HRR1494190_r2.fastq.gz,1
HRR1494558_f1.fastq.gz,1
HRR1494558_r2.fastq.gz,1
HRR1494191_f1.fastq.gz,1
HRR1494191_r2.fastq.gz,1
HRR1494559_f1.fastq.gz,1
HRR1494559_r2.fastq.gz,1
HRR1494192_f1.fastq.gz,1
HRR1494192_r2.fastq.gz,1
HRR1494560_f1.fastq.gz,1
HRR1494560_r2.fastq.gz,1
HRR1494189_f1.fastq.gz,1
HRR1494189_r2.fastq.gz,1
HRR1494194_f1.fastq.gz,1
HRR1494194_r2.fastq.gz,1
HRR1494561_f1.fastq.gz,1
HRR1494561_r2.fastq.gz,1
HRR1494195_f1.fastq.gz,1
HRR1494195_r2.fastq.gz,1
HRR1494562_f1.fastq.gz,1
HRR1494562_r2.fastq.gz,1
HRR1494196_f1.fastq.gz,1
HRR1494196_r2.fastq.gz,1
HRR1494563_f1.fastq.gz,1
HRR1494563_r2.fastq.gz,1
HRR1494193_f1.fastq.gz,1
HRR1494193_r2.fastq.gz,1
HRR1494197_f1.fastq.gz,1
HRR1494197_r2.fastq.gz,1
HRR1494564_f1.fastq.gz,1
HRR1494564_r2.fastq.gz,1
HRR1494198_f1.fastq.gz,1
HRR1494198_r2.fastq.gz,1
HRR1494199_f1.fastq.gz,1
HRR1494199_r2.fastq.gz,1
HRR1494565_f1.fastq.gz,1
HRR1494565_r2.fastq.gz,1
HRR1494200_f1.fastq.gz,1
HRR1494200_r2.fastq.gz,1
HRR1494201_f1.fastq.gz,1
HRR1494201_r2.fastq.gz,1
HRR1494566_f1.fastq.gz,1
HRR1494566_r2.fastq.gz,1
HRR1494202_f1.fastq.gz,1
HRR1494202_r2.fastq.gz,1
HRR1494204_f1.fastq.gz,1
HRR1494204_r2.fastq.gz,1
HRR1494567_f1.fastq.gz,1
HRR1494567_r2.fastq.gz,1
HRR1494203_f1.fastq.gz,1
HRR1494203_r2.fastq.gz,1
HRR1494205_f1.fastq.gz,1
HRR1494205_r2.fastq.gz,1
HRR1494568_f1.fastq.gz,1
HRR1494568_r2.fastq.gz,1
HRR1494206_f1.fastq.gz,1
HRR1494206_r2.fastq.gz,1
HRR1494569_f1.fastq.gz,1
HRR1494569_r2.fastq.gz,1
HRR1494207_f1.fastq.gz,1
HRR1494207_r2.fastq.gz,1
HRR1494570_f1.fastq.gz,1
HRR1494570_r2.fastq.gz,1
HRR1494208_f1.fastq.gz,1
HRR1494208_r2.fastq.gz,1
HRR1494571_f1.fastq.gz,1
HRR1494571_r2.fastq.gz,1
HRR1494209_f1.fastq.gz,1
HRR1494209_r2.fastq.gz,1
HRR1494210_f1.fastq.gz,1
HRR1494210_r2.fastq.gz,1
HRR1494572_f1.fastq.gz,1
HRR1494572_r2.fastq.gz,1
HRR1494573_f1.fastq.gz,1
HRR1494573_r2.fastq.gz,1
HRR1494574_f1.fastq.gz,1
HRR1494574_r2.fastq.gz,1
HRR1494575_f1.fastq.gz,1
HRR1494575_r2.fastq.gz,1
HRR1494576_f1.fastq.gz,1
HRR1494576_r2.fastq.gz,1
HRR1494577_f1.fastq.gz,1
HRR1494577_r2.fastq.gz,1
HRR1494578_f1.fastq.gz,1
HRR1494578_r2.fastq.gz,1
HRR1494579_f1.fastq.gz,1
HRR1494579_r2.fastq.gz,1
HRR1494580_f1.fastq.gz,1
HRR1494580_r2.fastq.gz,1
HRR1494581_f1.fastq.gz,1
HRR1494581_r2.fastq.gz,1
HRR1494582_f1.fastq.gz,1
HRR1494582_r2.fastq.gz,1
HRR1494583_f1.fastq.gz,1
HRR1494583_r2.fastq.gz,1
HRR1494584_f1.fastq.gz,1
HRR1494584_r2.fastq.gz,1
HRR1494585_f1.fastq.gz,1
HRR1494585_r2.fastq.gz,1
HRR1494586_f1.fastq.gz,1
HRR1494586_r2.fastq.gz,1
HRR1494587_f1.fastq.gz,1
HRR1494587_r2.fastq.gz,1
HRR1494588_f1.fastq.gz,1
HRR1494588_r2.fastq.gz,1
HRR1494589_f1.fastq.gz,1
HRR1494589_r2.fastq.gz,1
HRR1494590_f1.fastq.gz,1
HRR1494590_r2.fastq.gz,1
HRR1494591_f1.fastq.gz,1
HRR1494591_r2.fastq.gz,1
HRR1494592_f1.fastq.gz,1
HRR1494592_r2.fastq.gz,1
HRR1494593_f1.fastq.gz,1
HRR1494593_r2.fastq.gz,1
HRR1494594_f1.fastq.gz,1
HRR1494594_r2.fastq.gz,1
HRR1494595_f1.fastq.gz,1
HRR1494595_r2.fastq.gz,1
HRR1494596_f1.fastq.gz,1
HRR1494596_r2.fastq.gz,1
HRR1494597_f1.fastq.gz,1
HRR1494597_r2.fastq.gz,1
HRR1494598_f1.fastq.gz,1
HRR1494598_r2.fastq.gz,1
HRR1494211_f1.fastq.gz,1
HRR1494211_r2.fastq.gz,1
HRR1494599_f1.fastq.gz,1
HRR1494599_r2.fastq.gz,1
HRR1494600_f1.fastq.gz,1
HRR1494600_r2.fastq.gz,1
HRR1494212_f1.fastq.gz,1
HRR1494212_r2.fastq.gz,1
HRR1494213_f1.fastq.gz,1
HRR1494213_r2.fastq.gz,1
HRR1494601_f1.fastq.gz,1
HRR1494601_r2.fastq.gz,1
HRR1494214_f1.fastq.gz,1
HRR1494214_r2.fastq.gz,1
HRR1494602_f1.fastq.gz,1
HRR1494602_r2.fastq.gz,1
HRR1494215_f1.fastq.gz,1
HRR1494215_r2.fastq.gz,1
HRR1494216_f1.fastq.gz,1
HRR1494216_r2.fastq.gz,1
HRR1494217_f1.fastq.gz,1
HRR1494217_r2.fastq.gz,1
HRR1494603_f1.fastq.gz,1
HRR1494603_r2.fastq.gz,1
HRR1494604_f1.fastq.gz,1
HRR1494604_r2.fastq.gz,1
HRR1494218_f1.fastq.gz,1
HRR1494218_r2.fastq.gz,1
HRR1494605_f1.fastq.gz,1
HRR1494605_r2.fastq.gz,1
HRR1494606_f1.fastq.gz,1
HRR1494606_r2.fastq.gz,1
HRR1494607_f1.fastq.gz,1
HRR1494607_r2.fastq.gz,1
HRR1494219_f1.fastq.gz,1
HRR1494219_r2.fastq.gz,1
HRR1494220_f1.fastq.gz,1
HRR1494220_r2.fastq.gz,1
HRR1725013_f1.fastq.gz,1
HRR1725013_r2.fastq.gz,1
HRR1725014_f1.fastq.gz,1
HRR1725014_r2.fastq.gz,1
HRR1725015_f1.fastq.gz,1
HRR1725015_r2.fastq.gz,1
HRR1725016_f1.fastq.gz,1
HRR1725016_r2.fastq.gz,1
HRR1725017_f1.fastq.gz,1
HRR1725017_r2.fastq.gz,1
HRR1725018_f1.fastq.gz,1
HRR1725018_r2.fastq.gz,1
HRR1725019_f1.fastq.gz,1
HRR1725019_r2.fastq.gz,1
HRR1725020_f1.fastq.gz,1
HRR1725020_r2.fastq.gz,1
HRR1725021_f1.fastq.gz,1
HRR1725021_r2.fastq.gz,1
HRR1725022_f1.fastq.gz,1
HRR1725022_r2.fastq.gz,1
HRR1725023_f1.fastq.gz,1
HRR1725023_r2.fastq.gz,1
HRR1725024_f1.fastq.gz,1
HRR1725024_r2.fastq.gz,1
HRR1725025_f1.fastq.gz,1
HRR1725025_r2.fastq.gz,1
HRR1725026_f1.fastq.gz,1
HRR1725026_r2.fastq.gz,1
HRR1725027_f1.fastq.gz,1
HRR1725027_r2.fastq.gz,1
HRR1725028_f1.fastq.gz,1
HRR1725028_r2.fastq.gz,1
HRR1725029_f1.fastq.gz,1
HRR1725029_r2.fastq.gz,1
HRR1725030_f1.fastq.gz,1
HRR1725030_r2.fastq.gz,1
HRR1725031_f1.fastq.gz,1
HRR1725031_r2.fastq.gz,1
HRR1725032_f1.fastq.gz,1
HRR1725032_r2.fastq.gz,1
HRR1725033_f1.fastq.gz,1
HRR1725033_r2.fastq.gz,1
HRR1725034_f1.fastq.gz,1
HRR1725034_r2.fastq.gz,1
HRR1725035_f1.fastq.gz,1
HRR1725035_r2.fastq.gz,1
HRR1725036_f1.fastq.gz,1
HRR1725036_r2.fastq.gz,1
HRR1725037_f1.fastq.gz,1
HRR1725037_r2.fastq.gz,1
HRR1725038_f1.fastq.gz,1
HRR1725038_r2.fastq.gz,1
HRR1725039_f1.fastq.gz,1
HRR1725039_r2.fastq.gz,1
HRR1725040_f1.fastq.gz,1
HRR1725040_r2.fastq.gz,1
HRR1725041_f1.fastq.gz,1
HRR1725041_r2.fastq.gz,1
HRR1725042_f1.fastq.gz,1
HRR1725042_r2.fastq.gz,1
HRR1725043_f1.fastq.gz,1
HRR1725043_r2.fastq.gz,1
HRR1725044_f1.fastq.gz,1
HRR1725044_r2.fastq.gz,1
HRR1725045_f1.fastq.gz,1
HRR1725045_r2.fastq.gz,1
HRR1725046_f1.fastq.gz,1
HRR1725046_r2.fastq.gz,1
HRR1725047_f1.fastq.gz,1
HRR1725047_r2.fastq.gz,1
HRR1725048_f1.fastq.gz,1
HRR1725048_r2.fastq.gz,1
HRR1725049_f1.fastq.gz,1
HRR1725049_r2.fastq.gz,1
HRR1725050_f1.fastq.gz,1
HRR1725050_r2.fastq.gz,1
HRR1725051_f1.fastq.gz,1
HRR1725051_r2.fastq.gz,1
HRR1725052_f1.fastq.gz,1
HRR1725052_r2.fastq.gz,1
HRR1725053_f1.fastq.gz,1
HRR1725053_r2.fastq.gz,1
HRR1725054_f1.fastq.gz,1
HRR1725054_r2.fastq.gz,1
HRR1725055_f1.fastq.gz,1
HRR1725055_r2.fastq.gz,1
HRR1725056_f1.fastq.gz,1
HRR1725056_r2.fastq.gz,1
HRR1725057_f1.fastq.gz,1
HRR1725057_r2.fastq.gz,1
HRR1725058_f1.fastq.gz,1
HRR1725058_r2.fastq.gz,1
HRR1725059_f1.fastq.gz,1
HRR1725059_r2.fastq.gz,1
HRR1725060_f1.fastq.gz,1
HRR1725060_r2.fastq.gz,1
HRR1725061_f1.fastq.gz,1
HRR1725061_r2.fastq.gz,1
HRR1725062_f1.fastq.gz,1
HRR1725062_r2.fastq.gz,1
HRR1725063_f1.fastq.gz,1
HRR1725063_r2.fastq.gz,1
HRR1725064_f1.fastq.gz,1
HRR1725064_r2.fastq.gz,1
HRR1725065_f1.fastq.gz,1
HRR1725065_r2.fastq.gz,1
HRR1725066_f1.fastq.gz,1
HRR1725066_r2.fastq.gz,1
HRR1725067_f1.fastq.gz,1
HRR1725067_r2.fastq.gz,1
HRR1725068_f1.fastq.gz,1
HRR1725068_r2.fastq.gz,1
HRR1725069_f1.fastq.gz,1
HRR1725069_r2.fastq.gz,1
HRR1725070_f1.fastq.gz,1
HRR1725070_r2.fastq.gz,1
HRR1725071_f1.fastq.gz,1
HRR1725071_r2.fastq.gz,1
HRR1725072_f1.fastq.gz,1
HRR1725072_r2.fastq.gz,1
HRR1725073_f1.fastq.gz,1
HRR1725073_r2.fastq.gz,1
HRR1725074_f1.fastq.gz,1
HRR1725074_r2.fastq.gz,1
HRR1725075_f1.fastq.gz,1
HRR1725075_r2.fastq.gz,1
HRR1725076_f1.fastq.gz,1
HRR1725076_r2.fastq.gz,1
HRR1725077_f1.fastq.gz,1
HRR1725077_r2.fastq.gz,1
HRR1725078_f1.fastq.gz,1
HRR1725078_r2.fastq.gz,1
HRR1725079_f1.fastq.gz,1
HRR1725079_r2.fastq.gz,1
HRR1725080_f1.fastq.gz,1
HRR1725080_r2.fastq.gz,1
HRR1725000_f1.fastq.gz,1
HRR1725000_r2.fastq.gz,1
HRR1725001_f1.fastq.gz,1
HRR1725001_r2.fastq.gz,1
HRR1725002_f1.fastq.gz,1
HRR1725002_r2.fastq.gz,1
HRR1725003_f1.fastq.gz,1
HRR1725003_r2.fastq.gz,1
HRR1725004_f1.fastq.gz,1
HRR1725004_r2.fastq.gz,1
HRR1725005_f1.fastq.gz,1
HRR1725005_r2.fastq.gz,1
HRR1725006_f1.fastq.gz,1
HRR1725006_r2.fastq.gz,1
HRR1725007_f1.fastq.gz,1
HRR1725007_r2.fastq.gz,1
HRR1725008_f1.fastq.gz,1
HRR1725008_r2.fastq.gz,1
HRR1725009_f1.fastq.gz,1
HRR1725009_r2.fastq.gz,1
HRR1725010_f1.fastq.gz,1
HRR1725010_r2.fastq.gz,1
HRR1725011_f1.fastq.gz,1
HRR1725011_r2.fastq.gz,1
HRR1725012_f1.fastq.gz,1
HRR1725012_r2.fastq.gz,1
HRR1725114_f1.fastq.gz,1
HRR1725114_r2.fastq.gz,1
HRR1725115_f1.fastq.gz,1
HRR1725115_r2.fastq.gz,1
HRR1725116_f1.fastq.gz,1
HRR1725116_r2.fastq.gz,1
HRR1725117_f1.fastq.gz,1
HRR1725117_r2.fastq.gz,1
HRR1725118_f1.fastq.gz,1
HRR1725118_r2.fastq.gz,1
HRR1725119_f1.fastq.gz,1
HRR1725119_r2.fastq.gz,1
HRR1725120_f1.fastq.gz,1
HRR1725120_r2.fastq.gz,1
HRR1725121_f1.fastq.gz,1
HRR1725121_r2.fastq.gz,1
HRR1725122_f1.fastq.gz,1
HRR1725122_r2.fastq.gz,1
HRR1725123_f1.fastq.gz,1
HRR1725123_r2.fastq.gz,1
HRR1725124_f1.fastq.gz,1
HRR1725124_r2.fastq.gz,1
HRR1725125_f1.fastq.gz,1
HRR1725125_r2.fastq.gz,1
HRR1725126_f1.fastq.gz,1
HRR1725126_r2.fastq.gz,1
HRR1725127_f1.fastq.gz,1
HRR1725127_r2.fastq.gz,1
HRR1725128_f1.fastq.gz,1
HRR1725128_r2.fastq.gz,1
HRR1725129_f1.fastq.gz,1
HRR1725129_r2.fastq.gz,1
HRR1725130_f1.fastq.gz,1
HRR1725130_r2.fastq.gz,1
HRR1725131_f1.fastq.gz,1
HRR1725131_r2.fastq.gz,1
HRR1725132_f1.fastq.gz,1
HRR1725132_r2.fastq.gz,1
HRR1725133_f1.fastq.gz,1
HRR1725133_r2.fastq.gz,1
HRR1725134_f1.fastq.gz,1
HRR1725134_r2.fastq.gz,1
HRR1725135_f1.fastq.gz,1
HRR1725135_r2.fastq.gz,1
HRR1725136_f1.fastq.gz,1
HRR1725136_r2.fastq.gz,1
HRR1725137_f1.fastq.gz,1
HRR1725137_r2.fastq.gz,1
HRR1725138_f1.fastq.gz,1
HRR1725138_r2.fastq.gz,1
HRR1725139_f1.fastq.gz,1
HRR1725139_r2.fastq.gz,1
HRR1725140_f1.fastq.gz,1
HRR1725140_r2.fastq.gz,1
HRR1725141_f1.fastq.gz,1
HRR1725141_r2.fastq.gz,1
HRR1725142_f1.fastq.gz,1
HRR1725142_r2.fastq.gz,1
HRR1725143_f1.fastq.gz,1
HRR1725143_r2.fastq.gz,1
HRR1725144_f1.fastq.gz,1
HRR1725144_r2.fastq.gz,1
HRR1725145_f1.fastq.gz,1
HRR1725145_r2.fastq.gz,1
HRR1725146_f1.fastq.gz,1
HRR1725146_r2.fastq.gz,1
HRR1725147_f1.fastq.gz,1
HRR1725147_r2.fastq.gz,1
HRR1725148_f1.fastq.gz,1
HRR1725148_r2.fastq.gz,1
HRR1725149_f1.fastq.gz,1
HRR1725149_r2.fastq.gz,1
HRR1725150_f1.fastq.gz,1
HRR1725150_r2.fastq.gz,1
HRR1725151_f1.fastq.gz,1
HRR1725151_r2.fastq.gz,1
HRR1725152_f1.fastq.gz,1
HRR1725152_r2.fastq.gz,1
HRR1725153_f1.fastq.gz,1
HRR1725153_r2.fastq.gz,1
HRR1725154_f1.fastq.gz,1
HRR1725154_r2.fastq.gz,1
HRR1725155_f1.fastq.gz,1
HRR1725155_r2.fastq.gz,1
HRR1725156_f1.fastq.gz,1
HRR1725156_r2.fastq.gz,1
HRR1725157_f1.fastq.gz,1
HRR1725157_r2.fastq.gz,1
HRR1725158_f1.fastq.gz,1
HRR1725158_r2.fastq.gz,1
HRR1725159_f1.fastq.gz,1
HRR1725159_r2.fastq.gz,1
HRR1725160_f1.fastq.gz,1
HRR1725160_r2.fastq.gz,1
HRR1725161_f1.fastq.gz,1
HRR1725161_r2.fastq.gz,1
HRR1725162_f1.fastq.gz,1
HRR1725162_r2.fastq.gz,1
HRR1725163_f1.fastq.gz,1
HRR1725163_r2.fastq.gz,1
HRR1725164_f1.fastq.gz,1
HRR1725164_r2.fastq.gz,1
HRR1725165_f1.fastq.gz,1
HRR1725165_r2.fastq.gz,1
HRR1725166_f1.fastq.gz,1
HRR1725166_r2.fastq.gz,1
HRR1725167_f1.fastq.gz,1
HRR1725167_r2.fastq.gz,1
HRR1725168_f1.fastq.gz,1
HRR1725168_r2.fastq.gz,1
HRR1725169_f1.fastq.gz,1
HRR1725169_r2.fastq.gz,1
HRR1725170_f1.fastq.gz,1
HRR1725170_r2.fastq.gz,1
HRR1725171_f1.fastq.gz,1
HRR1725171_r2.fastq.gz,1
HRR1725172_f1.fastq.gz,1
HRR1725172_r2.fastq.gz,1
HRR1725173_f1.fastq.gz,1
HRR1725173_r2.fastq.gz,1
HRR1725174_f1.fastq.gz,1
HRR1725174_r2.fastq.gz,1
HRR1725175_f1.fastq.gz,1
HRR1725175_r2.fastq.gz,1
HRR1725176_f1.fastq.gz,1
HRR1725176_r2.fastq.gz,1
HRR1725177_f1.fastq.gz,1
HRR1725177_r2.fastq.gz,1
HRR1725178_f1.fastq.gz,1
HRR1725178_r2.fastq.gz,1
HRR1725179_f1.fastq.gz,1
HRR1725179_r2.fastq.gz,1
HRR1725180_f1.fastq.gz,1
HRR1725180_r2.fastq.gz,1
HRR1725181_f1.fastq.gz,1
HRR1725181_r2.fastq.gz,1
HRR1725182_f1.fastq.gz,1
HRR1725182_r2.fastq.gz,1
HRR1725183_f1.fastq.gz,1
HRR1725183_r2.fastq.gz,1
HRR1725184_f1.fastq.gz,1
HRR1725184_r2.fastq.gz,1
HRR1725185_f1.fastq.gz,1
HRR1725185_r2.fastq.gz,1
HRR1725186_f1.fastq.gz,1
HRR1725186_r2.fastq.gz,1
HRR1725187_f1.fastq.gz,1
HRR1725187_r2.fastq.gz,1
HRR1725188_f1.fastq.gz,1
HRR1725188_r2.fastq.gz,1
HRR1725189_f1.fastq.gz,1
HRR1725189_r2.fastq.gz,1
HRR1725190_f1.fastq.gz,1
HRR1725190_r2.fastq.gz,1
HRR1725191_f1.fastq.gz,1
HRR1725191_r2.fastq.gz,1
HRR1725192_f1.fastq.gz,1
HRR1725192_r2.fastq.gz,1
HRR1725193_f1.fastq.gz,1
HRR1725193_r2.fastq.gz,1
HRR1725194_f1.fastq.gz,1
HRR1725194_r2.fastq.gz,1
HRR1725195_f1.fastq.gz,1
HRR1725195_r2.fastq.gz,1
HRR1725196_f1.fastq.gz,1
HRR1725196_r2.fastq.gz,1
HRR1725197_f1.fastq.gz,1
HRR1725197_r2.fastq.gz,1
HRR1725198_f1.fastq.gz,1
HRR1725198_r2.fastq.gz,1
HRR1725199_f1.fastq.gz,1
HRR1725199_r2.fastq.gz,1
HRR1725200_f1.fastq.gz,1
HRR1725200_r2.fastq.gz,1
HRR1725201_f1.fastq.gz,1
HRR1725201_r2.fastq.gz,1
HRR1725202_f1.fastq.gz,1
HRR1725202_r2.fastq.gz,1
HRR1725203_f1.fastq.gz,1
HRR1725203_r2.fastq.gz,1
HRR1725204_f1.fastq.gz,1
HRR1725204_r2.fastq.gz,1
HRR1725205_f1.fastq.gz,1
HRR1725205_r2.fastq.gz,1
HRR1725206_f1.fastq.gz,1
HRR1725206_r2.fastq.gz,1
HRR1725207_f1.fastq.gz,1
HRR1725207_r2.fastq.gz,1
HRR1725208_f1.fastq.gz,1
HRR1725208_r2.fastq.gz,1
HRR1725209_f1.fastq.gz,1
HRR1725209_r2.fastq.gz,1
HRR1725210_f1.fastq.gz,1
HRR1725210_r2.fastq.gz,1
HRR1725211_f1.fastq.gz,1
HRR1725211_r2.fastq.gz,1
HRR1725212_f1.fastq.gz,1
HRR1725212_r2.fastq.gz,1
HRR1725213_f1.fastq.gz,1
HRR1725213_r2.fastq.gz,1
HRR1725214_f1.fastq.gz,1
HRR1725214_r2.fastq.gz,1
HRR1725215_f1.fastq.gz,1
HRR1725215_r2.fastq.gz,1
HRR1725216_f1.fastq.gz,1
HRR1725216_r2.fastq.gz,1
HRR1725217_f1.fastq.gz,1
HRR1725217_r2.fastq.gz,1
HRR1725218_f1.fastq.gz,1
HRR1725218_r2.fastq.gz,1
HRR1725219_f1.fastq.gz,1
HRR1725219_r2.fastq.gz,1
HRR1725220_f1.fastq.gz,1
HRR1725220_r2.fastq.gz,1
HRR1725221_f1.fastq.gz,1
HRR1725221_r2.fastq.gz,1
HRR1725222_f1.fastq.gz,1
HRR1725222_r2.fastq.gz,1
HRR1725223_f1.fastq.gz,1
HRR1725223_r2.fastq.gz,1
HRR1725224_f1.fastq.gz,1
HRR1725224_r2.fastq.gz,1
HRR1725225_f1.fastq.gz,1
HRR1725225_r2.fastq.gz,1
HRR1725226_f1.fastq.gz,1
HRR1725226_r2.fastq.gz,1
HRR1725227_f1.fastq.gz,1
HRR1725227_r2.fastq.gz,1
HRR1725228_f1.fastq.gz,1
HRR1725228_r2.fastq.gz,1
HRR1725229_f1.fastq.gz,1
HRR1725229_r2.fastq.gz,1
HRR1725230_f1.fastq.gz,1
HRR1725230_r2.fastq.gz,1
HRR1725231_f1.fastq.gz,1
HRR1725231_r2.fastq.gz,1
HRR1725232_f1.fastq.gz,1
HRR1725232_r2.fastq.gz,1
HRR1725233_f1.fastq.gz,1
HRR1725233_r2.fastq.gz,1
HRR1725234_f1.fastq.gz,1
HRR1725234_r2.fastq.gz,1
HRR1725235_f1.fastq.gz,1
HRR1725235_r2.fastq.gz,1
HRR1725236_f1.fastq.gz,1
HRR1725236_r2.fastq.gz,1
HRR1725237_f1.fastq.gz,1
HRR1725237_r2.fastq.gz,1
HRR1725238_f1.fastq.gz,1
HRR1725238_r2.fastq.gz,1
HRR1725239_f1.fastq.gz,1
HRR1725239_r2.fastq.gz,1
HRR1725240_f1.fastq.gz,1
HRR1725240_r2.fastq.gz,1
HRR1725241_f1.fastq.gz,1
HRR1725241_r2.fastq.gz,1
HRR1725242_f1.fastq.gz,1
HRR1725242_r2.fastq.gz,1
HRR1725243_f1.fastq.gz,1
HRR1725243_r2.fastq.gz,1
HRR1725244_f1.fastq.gz,1
HRR1725244_r2.fastq.gz,1
HRR1725245_f1.fastq.gz,1
HRR1725245_r2.fastq.gz,1
HRR1725246_f1.fastq.gz,1
HRR1725246_r2.fastq.gz,1
HRR1725247_f1.fastq.gz,1
HRR1725247_r2.fastq.gz,1
HRR1725248_f1.fastq.gz,1
HRR1725248_r2.fastq.gz,1
HRR1725249_f1.fastq.gz,1
HRR1725249_r2.fastq.gz,1
HRR1725250_f1.fastq.gz,1
HRR1725250_r2.fastq.gz,1
HRR1725251_f1.fastq.gz,1
HRR1725251_r2.fastq.gz,1
HRR1725252_f1.fastq.gz,1
HRR1725252_r2.fastq.gz,1
HRR1725253_f1.fastq.gz,1
HRR1725253_r2.fastq.gz,1
HRR1725254_f1.fastq.gz,1
HRR1725254_r2.fastq.gz,1
HRR1725087_f1.fastq.gz,1
HRR1725087_r2.fastq.gz,1
HRR1725088_f1.fastq.gz,1
HRR1725088_r2.fastq.gz,1
HRR1725089_f1.fastq.gz,1
HRR1725089_r2.fastq.gz,1
HRR1725090_f1.fastq.gz,1
HRR1725090_r2.fastq.gz,1
HRR1725091_f1.fastq.gz,1
HRR1725091_r2.fastq.gz,1
HRR1725092_f1.fastq.gz,1
HRR1725092_r2.fastq.gz,1
HRR1725093_f1.fastq.gz,1
HRR1725093_r2.fastq.gz,1
HRR1725094_f1.fastq.gz,1
HRR1725094_r2.fastq.gz,1
HRR1725095_f1.fastq.gz,1
HRR1725095_r2.fastq.gz,1
HRR1725096_f1.fastq.gz,1
HRR1725096_r2.fastq.gz,1
HRR1725097_f1.fastq.gz,1
HRR1725097_r2.fastq.gz,1
HRR1725098_f1.fastq.gz,1
HRR1725098_r2.fastq.gz,1
HRR1725099_f1.fastq.gz,1
HRR1725099_r2.fastq.gz,1
HRR1725100_f1.fastq.gz,1
HRR1725100_r2.fastq.gz,1
HRR1725101_f1.fastq.gz,1
HRR1725101_r2.fastq.gz,1
HRR1725102_f1.fastq.gz,1
HRR1725102_r2.fastq.gz,1
HRR1725103_f1.fastq.gz,1
HRR1725103_r2.fastq.gz,1
HRR1725104_f1.fastq.gz,1
HRR1725104_r2.fastq.gz,1
HRR1725105_f1.fastq.gz,1
HRR1725105_r2.fastq.gz,1
HRR1725106_f1.fastq.gz,1
HRR1725106_r2.fastq.gz,1
HRR1725107_f1.fastq.gz,1
HRR1725107_r2.fastq.gz,1
HRR1725108_f1.fastq.gz,1
HRR1725108_r2.fastq.gz,1
HRR1725109_f1.fastq.gz,1
HRR1725109_r2.fastq.gz,1
HRR1725110_f1.fastq.gz,1
HRR1725110_r2.fastq.gz,1
HRR1725111_f1.fastq.gz,1
HRR1725111_r2.fastq.gz,1
HRR1725112_f1.fastq.gz,1
HRR1725112_r2.fastq.gz,1
HRR1725113_f1.fastq.gz,1
HRR1725113_r2.fastq.gz,1
