sample_accession,specimen_types,tissue_type
HRS023383,Blood,Normal
HRS023384,Blood,Normal
HRS023385,Blood,Normal
HRS023386,Blood,Normal
HRS023387,Blood,Normal
HRS023388,Blood,Normal
HRS023389,Blood,Normal
HRS023390,Blood,Normal
HRS023391,Blood,Normal
HRS023392,Blood,Normal
HRS023393,Blood,Normal
HRS023394,Blood,Normal
HRS023395,Blood,Normal
HRS023396,Blood,Normal
HRS023397,Blood,Normal
HRS023398,Blood,Normal
HRS023399,Blood,Normal
HRS023400,Blood,Normal
HRS023401,Blood,Normal
HRS023402,Blood,Normal
HRS023403,Blood,Normal
HRS023404,Blood,Normal
HRS023405,Blood,Normal
HRS023406,Blood,Normal
HRS023407,Blood,Normal
HRS023408,Blood,Normal
HRS023409,Blood,Normal
HRS023410,Blood,Normal
HRS023411,Blood,Normal
HRS023412,Blood,Normal
HRS023413,Blood,Normal
HRS023414,Blood,Normal
HRS023415,Blood,Normal
HRS023416,Blood,Normal
HRS023417,Blood,Normal
HRS023418,Blood,Normal
HRS023419,Blood,Normal
HRS023420,Blood,Normal
HRS023421,Blood,Normal
HRS023422,Blood,Normal
HRS023423,Blood,Normal
HRS023424,Blood,Normal
HRS023425,Blood,Normal
HRS023426,Blood,Normal
HRS023427,Blood,Normal
HRS023428,Blood,Normal
HRS023429,Blood,Normal
HRS023430,Blood,Normal
HRS023431,Blood,Normal
HRS023432,Blood,Normal
HRS023433,Blood,Normal
HRS023434,Blood,Normal
HRS023435,Blood,Normal
HRS023436,Blood,Normal
HRS023437,Blood,Normal
HRS023438,Blood,Normal
HRS023439,Blood,Normal
HRS023440,Blood,Normal
HRS023441,Blood,Normal
HRS023442,Blood,Normal
HRS023443,Blood,Normal
HRS023444,Blood,Normal
HRS023445,Blood,Normal
HRS023446,Blood,Normal
HRS023447,Blood,Normal
HRS023448,Blood,Normal
HRS023449,Blood,Normal
HRS023450,Blood,Normal
HRS023451,Blood,Normal
HRS023452,Blood,Normal
HRS023453,Blood,Normal
HRS023454,Blood,Normal
HRS023455,Blood,Normal
HRS023456,Blood,Normal
HRS023457,Blood,Normal
HRS023458,Blood,Normal
HRS023459,Blood,Normal
HRS023460,Blood,Normal
HRS023461,Blood,Normal
HRS023462,Blood,Normal
HRS023463,Blood,Normal
HRS023464,Blood,Normal
HRS023465,Blood,Normal
HRS023466,Blood,Normal
HRS023467,Blood,Normal
HRS023468,Blood,Normal
HRS023469,Blood,Normal
HRS023470,Blood,Normal
HRS023471,Blood,Normal
HRS023472,Blood,Normal
HRS023473,Blood,Normal
HRS023474,Blood,Normal
HRS023475,Blood,Normal
HRS023476,Blood,Normal
HRS023477,Blood,Normal
HRS023478,Blood,Normal
HRS023479,Blood,Normal
HRS023480,Blood,Normal
HRS023481,Blood,Normal
HRS023482,Blood,Normal
HRS023483,Blood,Normal
HRS023484,Blood,Normal
HRS023485,Blood,Normal
HRS023486,Blood,Normal
HRS023487,Blood,Normal
HRS023488,Blood,Normal
HRS023489,Blood,Normal
HRS023490,Blood,Normal
HRS023491,Blood,Normal
HRS023492,Blood,Normal
HRS023493,Blood,Normal
HRS023494,Blood,Normal
HRS023495,Blood,Normal
HRS023496,Blood,Normal
HRS023497,Blood,Normal
HRS023498,Blood,Normal
HRS023499,Blood,Normal
HRS023500,Blood,Normal
HRS023501,Blood,Normal
HRS023502,Blood,Normal
HRS023503,Blood,Normal
HRS023504,Blood,Normal
HRS023505,Blood,Normal
HRS023506,Blood,Normal
HRS023507,Blood,Normal
HRS023508,Blood,Normal
HRS023509,Blood,Normal
HRS023510,Blood,Normal
HRS023511,Blood,Normal
HRS023512,Blood,Normal
HRS023513,Blood,Normal
HRS023514,Blood,Normal
HRS023515,Blood,Normal
HRS023516,Blood,Normal
HRS023517,Blood,Normal
HRS023518,Blood,Normal
HRS023519,Blood,Normal
HRS023520,Blood,Normal
HRS023521,Blood,Normal
HRS023522,Blood,Normal
HRS023523,Blood,Normal
HRS023524,Blood,Normal
HRS023525,Blood,Normal
HRS023526,Blood,Normal
HRS023527,Blood,Normal
HRS023528,Blood,Normal
HRS023529,Blood,Normal
HRS023530,Blood,Normal
HRS023531,Blood,Normal
HRS023532,Blood,Normal
HRS023533,Blood,Normal
HRS023534,Blood,Normal
HRS023535,Blood,Normal
HRS023536,Blood,Normal
HRS023537,Blood,Normal
HRS023538,Blood,Normal
HRS023539,Blood,Normal
HRS023540,Blood,Normal
HRS023541,Blood,Normal
HRS023542,Blood,Normal
HRS023543,Blood,Normal
HRS023544,Blood,Normal
HRS023545,Blood,Normal
HRS023546,Blood,Normal
HRS023547,Blood,Normal
HRS023548,Blood,Normal
HRS023549,Blood,Normal
HRS023550,Blood,Normal
HRS023551,Blood,Normal
HRS023552,Blood,Normal
HRS023553,Blood,Normal
HRS023554,Blood,Normal
HRS023555,Blood,Normal
HRS023556,Blood,Normal
HRS023557,Blood,Normal
HRS023558,Blood,Normal
HRS023559,Blood,Normal
HRS023560,Blood,Normal
HRS023561,Blood,Normal
HRS023562,Blood,Normal
HRS023563,Blood,Normal
HRS023564,Blood,Normal
HRS023565,Blood,Normal
HRS023566,Blood,Normal
HRS023567,Blood,Normal
HRS023568,Blood,Normal
HRS023569,Blood,Normal
HRS023570,Blood,Normal
HRS023571,Blood,Normal
HRS023572,Blood,Normal
HRS023573,Blood,Normal
HRS023574,Blood,Normal
HRS023575,Blood,Normal
HRS023576,Blood,Normal
HRS023577,Blood,Normal
HRS023578,Blood,Normal
HRS023579,Blood,Normal
HRS023580,Blood,Normal
HRS023581,Blood,Normal
HRS023582,Blood,Normal
HRS023583,Blood,Normal
HRS023584,Blood,Normal
HRS023585,Blood,Normal
HRS023586,Blood,Normal
HRS023587,Blood,Normal
HRS023588,Blood,Normal
HRS023589,Blood,Normal
HRS023590,Blood,Normal
HRS023591,Blood,Normal
HRS023592,Blood,Normal
HRS023593,Blood,Normal
HRS023594,Blood,Normal
HRS023595,Blood,Normal
HRS023596,Blood,Normal
HRS023597,Blood,Normal
HRS023598,Blood,Normal
HRS023599,Blood,Normal
HRS023600,Blood,Normal
HRS023601,Blood,Normal
HRS023602,Blood,Normal
HRS023603,Blood,Normal
HRS023604,Blood,Normal
HRS023605,Blood,Normal
HRS023606,Blood,Normal
HRS023607,Blood,Normal
HRS023608,Blood,Normal
HRS023609,Blood,Normal
HRS023610,Blood,Normal
HRS023611,Blood,Normal
HRS023612,Blood,Normal
HRS023613,Blood,Normal
HRS023614,Blood,Normal
HRS023615,Blood,Normal
HRS023616,Blood,Normal
HRS023617,Blood,Normal
HRS023618,Blood,Normal
HRS023619,Blood,Normal
HRS023620,Blood,Normal
HRS023621,Blood,Normal
HRS023622,Blood,Normal
HRS023623,Blood,Normal
HRS023624,Blood,Normal
HRS023625,Blood,Normal
HRS023626,Blood,Normal
HRS023627,Blood,Normal
HRS023628,Blood,Normal
HRS023629,Blood,Normal
HRS023630,Blood,Normal
HRS023631,Blood,Normal
HRS023632,Blood,Normal
HRS023633,Blood,Normal
HRS023634,Blood,Normal
HRS023635,Blood,Normal
HRS023636,Blood,Normal
HRS023637,Blood,Normal
HRS023638,Blood,Normal
HRS023639,Blood,Normal
HRS023640,Blood,Normal
HRS023641,Blood,Normal
HRS023642,Blood,Normal
HRS023643,Blood,Normal
HRS023644,Blood,Normal
HRS023645,Blood,Normal
HRS023646,Blood,Normal
HRS023647,Blood,Normal
HRS023648,Blood,Normal
HRS023649,Blood,Normal
HRS023650,Blood,Normal
HRS023651,Blood,Normal
HRS023652,Blood,Normal
HRS023653,Blood,Normal
HRS023654,Blood,Normal
HRS023655,Blood,Normal
HRS023656,Blood,Normal
HRS023657,Blood,Normal
HRS023658,Blood,Normal
HRS023659,Blood,Normal
HRS023660,Blood,Normal
HRS023661,Blood,Normal
HRS023662,Blood,Normal
HRS023663,Blood,Normal
HRS023664,Blood,Normal
HRS023665,Blood,Normal
HRS023666,Blood,Normal
HRS023667,Blood,Normal
HRS023668,Blood,Normal
HRS023669,Patient Solid Tissue,Tumor
HRS023670,Patient Solid Tissue,Tumor
HRS023671,Patient Solid Tissue,Tumor
HRS023672,Patient Solid Tissue,Tumor
HRS023673,Patient Solid Tissue,Tumor
HRS023674,Patient Solid Tissue,Tumor
HRS023675,Patient Solid Tissue,Tumor
HRS023676,Patient Solid Tissue,Tumor
HRS023677,Patient Solid Tissue,Tumor
HRS023678,Patient Solid Tissue,Tumor
HRS023679,Patient Solid Tissue,Tumor
HRS023680,Patient Solid Tissue,Tumor
HRS023681,Patient Solid Tissue,Tumor
HRS023682,Patient Solid Tissue,Tumor
HRS023683,Patient Solid Tissue,Tumor
HRS023684,Patient Solid Tissue,Tumor
HRS023685,Patient Solid Tissue,Tumor
HRS023686,Patient Solid Tissue,Tumor
HRS023687,Patient Solid Tissue,Tumor
HRS023688,Patient Solid Tissue,Tumor
HRS023689,Patient Solid Tissue,Tumor
HRS023690,Patient Solid Tissue,Tumor
HRS023691,Patient Solid Tissue,Tumor
HRS023692,Patient Solid Tissue,Tumor
HRS023693,Patient Solid Tissue,Tumor
HRS023694,Patient Solid Tissue,Tumor
HRS023695,Patient Solid Tissue,Tumor
HRS023696,Patient Solid Tissue,Tumor
HRS023697,Patient Solid Tissue,Tumor
HRS023698,Patient Solid Tissue,Tumor
HRS023699,Patient Solid Tissue,Tumor
HRS023700,Patient Solid Tissue,Tumor
HRS023701,Patient Solid Tissue,Tumor
HRS023702,Patient Solid Tissue,Tumor
HRS023703,Patient Solid Tissue,Tumor
HRS023704,Patient Solid Tissue,Tumor
HRS023705,Patient Solid Tissue,Tumor
HRS023706,Patient Solid Tissue,Tumor
HRS023707,Patient Solid Tissue,Tumor
HRS023708,Patient Solid Tissue,Tumor
HRS023709,Patient Solid Tissue,Tumor
HRS023710,Patient Solid Tissue,Tumor
HRS023711,Patient Solid Tissue,Tumor
HRS023712,Patient Solid Tissue,Tumor
HRS023713,Patient Solid Tissue,Tumor
HRS023714,Patient Solid Tissue,Tumor
HRS023715,Patient Solid Tissue,Tumor
HRS023716,Patient Solid Tissue,Tumor
HRS023717,Patient Solid Tissue,Tumor
HRS023718,Patient Solid Tissue,Tumor
HRS023719,Patient Solid Tissue,Tumor
HRS023720,Patient Solid Tissue,Tumor
HRS023721,Patient Solid Tissue,Tumor
HRS023722,Patient Solid Tissue,Tumor
HRS023723,Patient Solid Tissue,Tumor
HRS023724,Patient Solid Tissue,Tumor
HRS023725,Patient Solid Tissue,Tumor
HRS023726,Patient Solid Tissue,Tumor
HRS023727,Patient Solid Tissue,Tumor
HRS023728,Patient Solid Tissue,Tumor
HRS023729,Patient Solid Tissue,Tumor
HRS023730,Patient Solid Tissue,Tumor
HRS023731,Patient Solid Tissue,Tumor
HRS023732,Patient Solid Tissue,Tumor
HRS023733,Patient Solid Tissue,Tumor
HRS023734,Patient Solid Tissue,Tumor
HRS023735,Patient Solid Tissue,Tumor
HRS023736,Patient Solid Tissue,Tumor
HRS023737,Patient Solid Tissue,Tumor
HRS023738,Patient Solid Tissue,Tumor
HRS023739,Patient Solid Tissue,Tumor
HRS023740,Patient Solid Tissue,Tumor
HRS023741,Patient Solid Tissue,Tumor
HRS023742,Patient Solid Tissue,Tumor
HRS023743,Patient Solid Tissue,Tumor
HRS023744,Patient Solid Tissue,Tumor
HRS023745,Patient Solid Tissue,Tumor
HRS023746,Patient Solid Tissue,Tumor
HRS023747,Patient Solid Tissue,Tumor
HRS023748,Patient Solid Tissue,Tumor
HRS023749,Patient Solid Tissue,Tumor
HRS023750,Patient Solid Tissue,Tumor
HRS023751,Patient Solid Tissue,Tumor
HRS023752,Patient Solid Tissue,Tumor
HRS023753,Patient Solid Tissue,Tumor
HRS023754,Patient Solid Tissue,Tumor
HRS023755,Patient Solid Tissue,Tumor
HRS023756,Patient Solid Tissue,Tumor
HRS023757,Patient Solid Tissue,Tumor
HRS023758,Patient Solid Tissue,Tumor
HRS023759,Patient Solid Tissue,Tumor
HRS023760,Patient Solid Tissue,Tumor
HRS023761,Patient Solid Tissue,Tumor
HRS023762,Patient Solid Tissue,Tumor
HRS023763,Patient Solid Tissue,Tumor
HRS023764,Patient Solid Tissue,Tumor
HRS023765,Patient Solid Tissue,Tumor
HRS023766,Patient Solid Tissue,Tumor
HRS023767,Patient Solid Tissue,Tumor
HRS023768,Patient Solid Tissue,Tumor
HRS023769,Patient Solid Tissue,Tumor
HRS023770,Patient Solid Tissue,Tumor
HRS023771,Patient Solid Tissue,Tumor
HRS023772,Patient Solid Tissue,Tumor
HRS023773,Patient Solid Tissue,Tumor
HRS023774,Patient Solid Tissue,Tumor
HRS023775,Patient Solid Tissue,Tumor
HRS023776,Patient Solid Tissue,Tumor
HRS023777,Patient Solid Tissue,Tumor
HRS023778,Patient Solid Tissue,Tumor
HRS023779,Patient Solid Tissue,Tumor
HRS023780,Patient Solid Tissue,Tumor
HRS023781,Patient Solid Tissue,Tumor
HRS023782,Patient Solid Tissue,Tumor
HRS023783,Patient Solid Tissue,Tumor
HRS023784,Patient Solid Tissue,Tumor
HRS023785,Patient Solid Tissue,Tumor
HRS023786,Patient Solid Tissue,Tumor
HRS023787,Patient Solid Tissue,Tumor
HRS023788,Patient Solid Tissue,Tumor
HRS023789,Patient Solid Tissue,Tumor
HRS023790,Patient Solid Tissue,Tumor
HRS023791,Patient Solid Tissue,Tumor
HRS023792,Patient Solid Tissue,Tumor
HRS023793,Patient Solid Tissue,Tumor
HRS023794,Patient Solid Tissue,Tumor
HRS023795,Patient Solid Tissue,Tumor
HRS023796,Patient Solid Tissue,Tumor
HRS023797,Patient Solid Tissue,Tumor
HRS023798,Patient Solid Tissue,Tumor
HRS023799,Patient Solid Tissue,Tumor
HRS023800,Patient Solid Tissue,Tumor
HRS023801,Patient Solid Tissue,Tumor
HRS023802,Patient Solid Tissue,Tumor
HRS023803,Patient Solid Tissue,Tumor
HRS023804,Patient Solid Tissue,Tumor
HRS023805,Patient Solid Tissue,Tumor
HRS023806,Patient Solid Tissue,Tumor
HRS023807,Patient Solid Tissue,Tumor
HRS023808,Patient Solid Tissue,Tumor
HRS023809,Patient Solid Tissue,Tumor
HRS023810,Patient Solid Tissue,Tumor
HRS023811,Patient Solid Tissue,Tumor
HRS023812,Patient Solid Tissue,Tumor
HRS023813,Patient Solid Tissue,Tumor
HRS023814,Patient Solid Tissue,Tumor
HRS023815,Patient Solid Tissue,Tumor
HRS023816,Patient Solid Tissue,Tumor
HRS023817,Patient Solid Tissue,Tumor
HRS023818,Patient Solid Tissue,Tumor
HRS023819,Patient Solid Tissue,Tumor
HRS023820,Patient Solid Tissue,Tumor
HRS023821,Patient Solid Tissue,Tumor
HRS023822,Patient Solid Tissue,Tumor
HRS023823,Patient Solid Tissue,Tumor
HRS023824,Patient Solid Tissue,Tumor
HRS023825,Patient Solid Tissue,Tumor
HRS023826,Patient Solid Tissue,Tumor
HRS023827,Patient Solid Tissue,Tumor
HRS023828,Patient Solid Tissue,Tumor
HRS023829,Patient Solid Tissue,Tumor
HRS023830,Patient Solid Tissue,Tumor
HRS023831,Patient Solid Tissue,Tumor
HRS023832,Patient Solid Tissue,Tumor
HRS023833,Patient Solid Tissue,Tumor
HRS023834,Patient Solid Tissue,Tumor
HRS023835,Patient Solid Tissue,Tumor
HRS023836,Patient Solid Tissue,Tumor
HRS023837,Patient Solid Tissue,Tumor
HRS023838,Patient Solid Tissue,Tumor
HRS023839,Patient Solid Tissue,Tumor
HRS023840,Patient Solid Tissue,Tumor
HRS023841,Patient Solid Tissue,Tumor
HRS023842,Patient Solid Tissue,Tumor
HRS023843,Patient Solid Tissue,Tumor
HRS023844,Patient Solid Tissue,Tumor
HRS023845,Patient Solid Tissue,Tumor
HRS023846,Patient Solid Tissue,Tumor
HRS023847,Patient Solid Tissue,Tumor
HRS023848,Patient Solid Tissue,Tumor
HRS023849,Patient Solid Tissue,Tumor
HRS023850,Patient Solid Tissue,Tumor
HRS023851,Patient Solid Tissue,Tumor
HRS023852,Patient Solid Tissue,Tumor
HRS023853,Patient Solid Tissue,Tumor
HRS023854,Patient Solid Tissue,Tumor
HRS023855,Patient Solid Tissue,Tumor
HRS023856,Patient Solid Tissue,Tumor
HRS023857,Patient Solid Tissue,Tumor
HRS023858,Patient Solid Tissue,Tumor
HRS023859,Patient Solid Tissue,Tumor
HRS023860,Patient Solid Tissue,Tumor
HRS023861,Patient Solid Tissue,Tumor
HRS023862,Patient Solid Tissue,Tumor
HRS023863,Patient Solid Tissue,Tumor
HRS023864,Patient Solid Tissue,Tumor
HRS023865,Patient Solid Tissue,Tumor
HRS023866,Patient Solid Tissue,Tumor
HRS023867,Patient Solid Tissue,Tumor
HRS023868,Patient Solid Tissue,Tumor
HRS023869,Patient Solid Tissue,Tumor
HRS023870,Patient Solid Tissue,Tumor
HRS023871,Patient Solid Tissue,Tumor
HRS023872,Patient Solid Tissue,Tumor
HRS023873,Patient Solid Tissue,Tumor
HRS023874,Patient Solid Tissue,Tumor
HRS023875,Patient Solid Tissue,Tumor
HRS023876,Patient Solid Tissue,Tumor
HRS023877,Patient Solid Tissue,Tumor
HRS023878,Patient Solid Tissue,Tumor
HRS023879,Patient Solid Tissue,Tumor
HRS023880,Patient Solid Tissue,Tumor
HRS023881,Patient Solid Tissue,Tumor
HRS023882,Patient Solid Tissue,Tumor
HRS023883,Patient Solid Tissue,Tumor
HRS023884,Patient Solid Tissue,Tumor
HRS023885,Patient Solid Tissue,Tumor
HRS023886,Patient Solid Tissue,Tumor
HRS023887,Patient Solid Tissue,Tumor
HRS023888,Patient Solid Tissue,Tumor
HRS023889,Patient Solid Tissue,Tumor
HRS023890,Patient Solid Tissue,Tumor
HRS023891,Patient Solid Tissue,Tumor
HRS023892,Patient Solid Tissue,Tumor
HRS023893,Patient Solid Tissue,Tumor
HRS023894,Patient Solid Tissue,Tumor
HRS023895,Patient Solid Tissue,Tumor
HRS023896,Patient Solid Tissue,Tumor
HRS023897,Patient Solid Tissue,Tumor
HRS023898,Patient Solid Tissue,Tumor
HRS023899,Patient Solid Tissue,Tumor
HRS023900,Patient Solid Tissue,Tumor
HRS023901,Patient Solid Tissue,Tumor
HRS023902,Patient Solid Tissue,Tumor
HRS023903,Patient Solid Tissue,Tumor
HRS023904,Patient Solid Tissue,Tumor
HRS023905,Patient Solid Tissue,Tumor
HRS023906,Patient Solid Tissue,Tumor
HRS023907,Patient Solid Tissue,Tumor
HRS023908,Patient Solid Tissue,Tumor
HRS023909,Patient Solid Tissue,Tumor
HRS023910,Patient Solid Tissue,Tumor
HRS023911,Patient Solid Tissue,Tumor
HRS023912,Patient Solid Tissue,Tumor
HRS023913,Patient Solid Tissue,Tumor
HRS023914,Patient Solid Tissue,Tumor
HRS023915,Patient Solid Tissue,Tumor
HRS023916,Patient Solid Tissue,Tumor
HRS023917,Patient Solid Tissue,Tumor
HRS023918,Patient Solid Tissue,Tumor
HRS023919,Patient Solid Tissue,Tumor
HRS023920,Patient Solid Tissue,Tumor
HRS023921,Patient Solid Tissue,Tumor
HRS023922,Patient Solid Tissue,Tumor
HRS023923,Patient Solid Tissue,Tumor
HRS023924,Patient Solid Tissue,Tumor
HRS023925,Patient Solid Tissue,Tumor
HRS023926,Patient Solid Tissue,Tumor
HRS023927,Patient Solid Tissue,Tumor
HRS023928,Patient Solid Tissue,Tumor
HRS023929,Patient Solid Tissue,Tumor
HRS023930,Patient Solid Tissue,Tumor
HRS023931,Patient Solid Tissue,Tumor
HRS023932,Patient Solid Tissue,Tumor
HRS023933,Patient Solid Tissue,Tumor
HRS023934,Patient Solid Tissue,Tumor
HRS023935,Patient Solid Tissue,Tumor
HRS023936,Patient Solid Tissue,Tumor
HRS023937,Patient Solid Tissue,Tumor
HRS023938,Patient Solid Tissue,Tumor
HRS023939,Patient Solid Tissue,Tumor
HRS023940,Patient Solid Tissue,Tumor
HRS023941,Patient Solid Tissue,Tumor
HRS023942,Patient Solid Tissue,Tumor
HRS023943,Patient Solid Tissue,Tumor
HRS023944,Patient Solid Tissue,Tumor
HRS023945,Patient Solid Tissue,Tumor
HRS023946,Patient Solid Tissue,Tumor
HRS023947,Patient Solid Tissue,Tumor
HRS023948,Patient Solid Tissue,Tumor
HRS023949,Patient Solid Tissue,Tumor
HRS023950,Patient Solid Tissue,Tumor
HRS023951,Patient Solid Tissue,Tumor
HRS023952,Patient Solid Tissue,Tumor
HRS023953,Patient Solid Tissue,Tumor
HRS023954,Patient Solid Tissue,Tumor
HRS024297,Patient Solid Tissue,Tumor
HRS024298,Patient Solid Tissue,Tumor
HRS024299,Patient Solid Tissue,Tumor
HRS024300,Patient Solid Tissue,Tumor
HRS024301,Patient Solid Tissue,Tumor
HRS024302,Patient Solid Tissue,Tumor
HRS024303,Patient Solid Tissue,Tumor
HRS024304,Patient Solid Tissue,Tumor
HRS024305,Patient Solid Tissue,Tumor
HRS024306,Patient Solid Tissue,Tumor
HRS024307,Patient Solid Tissue,Tumor
HRS024308,Patient Solid Tissue,Tumor
HRS024309,Patient Solid Tissue,Tumor
HRS024310,Patient Solid Tissue,Tumor
HRS024311,Patient Solid Tissue,Tumor
HRS024312,Patient Solid Tissue,Tumor
HRS024313,Patient Solid Tissue,Tumor
HRS024314,Patient Solid Tissue,Tumor
HRS024315,Patient Solid Tissue,Tumor
HRS024316,Patient Solid Tissue,Tumor
HRS024317,Patient Solid Tissue,Tumor
HRS024318,Patient Solid Tissue,Tumor
HRS024319,Patient Solid Tissue,Tumor
HRS024320,Patient Solid Tissue,Tumor
HRS024321,Patient Solid Tissue,Tumor
HRS024322,Patient Solid Tissue,Tumor
HRS024323,Patient Solid Tissue,Tumor
HRS024324,Patient Solid Tissue,Tumor
HRS024325,Patient Solid Tissue,Tumor
HRS024326,Patient Solid Tissue,Tumor
HRS024327,Patient Solid Tissue,Tumor
HRS024328,Patient Solid Tissue,Tumor
HRS024329,Patient Solid Tissue,Tumor
HRS024330,Patient Solid Tissue,Tumor
HRS024331,Patient Solid Tissue,Tumor
HRS024332,Patient Solid Tissue,Tumor
HRS024333,Patient Solid Tissue,Tumor
HRS024334,Patient Solid Tissue,Tumor
HRS024335,Patient Solid Tissue,Tumor
HRS024336,Patient Solid Tissue,Tumor
HRS024337,Patient Solid Tissue,Tumor
HRS024338,Patient Solid Tissue,Tumor
HRS024339,Patient Solid Tissue,Tumor
HRS024340,Patient Solid Tissue,Tumor
HRS024341,Patient Solid Tissue,Tumor
HRS024342,Patient Solid Tissue,Tumor
HRS024343,Patient Solid Tissue,Tumor
HRS024344,Patient Solid Tissue,Tumor
HRS024345,Patient Solid Tissue,Tumor
HRS024346,Patient Solid Tissue,Tumor
HRS024347,Patient Solid Tissue,Tumor
HRS024348,Patient Solid Tissue,Tumor
HRS024349,Patient Solid Tissue,Tumor
HRS024350,Patient Solid Tissue,Tumor
HRS024351,Patient Solid Tissue,Tumor
HRS024352,Patient Solid Tissue,Tumor
HRS024353,Patient Solid Tissue,Tumor
HRS024354,Patient Solid Tissue,Tumor
HRS024355,Patient Solid Tissue,Tumor
HRS024356,Patient Solid Tissue,Tumor
HRS024357,Patient Solid Tissue,Tumor
HRS024358,Patient Solid Tissue,Tumor
HRS024359,Patient Solid Tissue,Tumor
HRS024360,Patient Solid Tissue,Tumor
HRS024361,Patient Solid Tissue,Tumor
HRS024362,Patient Solid Tissue,Tumor
HRS024363,Patient Solid Tissue,Tumor
HRS024364,Patient Solid Tissue,Tumor
HRS024365,Patient Solid Tissue,Tumor
HRS024366,Patient Solid Tissue,Tumor
HRS024367,Patient Solid Tissue,Tumor
HRS024368,Patient Solid Tissue,Tumor
HRS024369,Patient Solid Tissue,Tumor
HRS024370,Patient Solid Tissue,Tumor
HRS024371,Patient Solid Tissue,Tumor
HRS024372,Patient Solid Tissue,Tumor
HRS024373,Patient Solid Tissue,Tumor
HRS024374,Patient Solid Tissue,Tumor
HRS024375,Patient Solid Tissue,Tumor
HRS024376,Patient Solid Tissue,Tumor
HRS024377,Patient Solid Tissue,Tumor
HRS024378,Patient Solid Tissue,Tumor
HRS024379,Patient Solid Tissue,Tumor
HRS024380,Patient Solid Tissue,Tumor
HRS024381,Patient Solid Tissue,Tumor
HRS024382,Patient Solid Tissue,Tumor
HRS024383,Patient Solid Tissue,Tumor
HRS024384,Patient Solid Tissue,Tumor
HRS024385,Patient Solid Tissue,Tumor
HRS024386,Patient Solid Tissue,Tumor
HRS024387,Patient Solid Tissue,Tumor
HRS024388,Patient Solid Tissue,Tumor
HRS024389,Patient Solid Tissue,Tumor
HRS024390,Patient Solid Tissue,Tumor
HRS024391,Patient Solid Tissue,Tumor
HRS024392,Patient Solid Tissue,Tumor
HRS024393,Patient Solid Tissue,Tumor
HRS024394,Patient Solid Tissue,Tumor
HRS024395,Patient Solid Tissue,Tumor
HRS024396,Patient Solid Tissue,Tumor
HRS024397,Patient Solid Tissue,Tumor
HRS024398,Patient Solid Tissue,Tumor
HRS024399,Patient Solid Tissue,Tumor
HRS024400,Patient Solid Tissue,Tumor
HRS024401,Patient Solid Tissue,Tumor
HRS024402,Patient Solid Tissue,Tumor
HRS024403,Patient Solid Tissue,Tumor
HRS024404,Patient Solid Tissue,Tumor
HRS024405,Patient Solid Tissue,Tumor
HRS024406,Patient Solid Tissue,Tumor
HRS024407,Patient Solid Tissue,Tumor
HRS024408,Patient Solid Tissue,Tumor
HRS024409,Patient Solid Tissue,Tumor
HRS024410,Patient Solid Tissue,Tumor
HRS024411,Patient Solid Tissue,Tumor
HRS024412,Patient Solid Tissue,Tumor
HRS024413,Patient Solid Tissue,Tumor
HRS024414,Patient Solid Tissue,Tumor
HRS024415,Patient Solid Tissue,Tumor
HRS024416,Patient Solid Tissue,Tumor
HRS024417,Patient Solid Tissue,Tumor
HRS024418,Patient Solid Tissue,Tumor
HRS024419,Patient Solid Tissue,Tumor
HRS024420,Patient Solid Tissue,Tumor
HRS024421,Patient Solid Tissue,Tumor
HRS024422,Patient Solid Tissue,Tumor
HRS024423,Patient Solid Tissue,Tumor
HRS024424,Patient Solid Tissue,Tumor
HRS024425,Patient Solid Tissue,Tumor
HRS024426,Patient Solid Tissue,Tumor
HRS024427,Patient Solid Tissue,Tumor
HRS024428,Patient Solid Tissue,Tumor
HRS024429,Patient Solid Tissue,Tumor
HRS024430,Patient Solid Tissue,Tumor
HRS024431,Patient Solid Tissue,Tumor
HRS024432,Patient Solid Tissue,Tumor
HRS024433,Patient Solid Tissue,Tumor
HRS024434,Patient Solid Tissue,Tumor
HRS024435,Patient Solid Tissue,Tumor
HRS024436,Patient Solid Tissue,Tumor
HRS024437,Patient Solid Tissue,Tumor
HRS024438,Patient Solid Tissue,Tumor
HRS024439,Patient Solid Tissue,Tumor
HRS024440,Patient Solid Tissue,Tumor
HRS024441,Patient Solid Tissue,Tumor
HRS024442,Patient Solid Tissue,Tumor
HRS024443,Patient Solid Tissue,Tumor
HRS024444,Patient Solid Tissue,Tumor
HRS024445,Patient Solid Tissue,Tumor
HRS024446,Patient Solid Tissue,Tumor
HRS024447,Patient Solid Tissue,Tumor
HRS024448,Patient Solid Tissue,Tumor
HRS024449,Patient Solid Tissue,Tumor
HRS024450,Patient Solid Tissue,Tumor
HRS024451,Patient Solid Tissue,Tumor
HRS024452,Patient Solid Tissue,Tumor
HRS024453,Patient Solid Tissue,Tumor
HRS024454,Patient Solid Tissue,Tumor
HRS024455,Patient Solid Tissue,Tumor
HRS024456,Patient Solid Tissue,Tumor
HRS024457,Patient Solid Tissue,Tumor
HRS024458,Patient Solid Tissue,Tumor
HRS024459,Patient Solid Tissue,Tumor
HRS024460,Patient Solid Tissue,Tumor
HRS024461,Patient Solid Tissue,Tumor
HRS024462,Patient Solid Tissue,Tumor
HRS024463,Patient Solid Tissue,Tumor
HRS024464,Patient Solid Tissue,Tumor
HRS024465,Patient Solid Tissue,Tumor
HRS024466,Patient Solid Tissue,Tumor
HRS024467,Patient Solid Tissue,Tumor
HRS024468,Patient Solid Tissue,Tumor
HRS024469,Patient Solid Tissue,Tumor
HRS024470,Patient Solid Tissue,Tumor
HRS024471,Patient Solid Tissue,Tumor
HRS024472,Patient Solid Tissue,Tumor
HRS024473,Patient Solid Tissue,Tumor
HRS024474,Patient Solid Tissue,Tumor
HRS024475,Patient Solid Tissue,Tumor
HRS024476,Patient Solid Tissue,Tumor
HRS024477,Patient Solid Tissue,Tumor
HRS024478,Patient Solid Tissue,Tumor
HRS024479,Patient Solid Tissue,Tumor
HRS024480,Patient Solid Tissue,Tumor
HRS024481,Patient Solid Tissue,Tumor
HRS024482,Patient Solid Tissue,Tumor
HRS024483,Patient Solid Tissue,Tumor
HRS024484,Patient Solid Tissue,Tumor
HRS024485,Patient Solid Tissue,Tumor
HRS024486,Patient Solid Tissue,Tumor
HRS024487,Patient Solid Tissue,Tumor
HRS024488,Patient Solid Tissue,Tumor
HRS024489,Patient Solid Tissue,Tumor
HRS024490,Patient Solid Tissue,Tumor
HRS024491,Patient Solid Tissue,Tumor
HRS024492,Patient Solid Tissue,Tumor
HRS024493,Patient Solid Tissue,Tumor
HRS024494,Patient Solid Tissue,Tumor
HRS024495,Patient Solid Tissue,Tumor
HRS024496,Patient Solid Tissue,Tumor
HRS024497,Patient Solid Tissue,Tumor
HRS024498,Patient Solid Tissue,Tumor
HRS024499,Patient Solid Tissue,Tumor
HRS024500,Patient Solid Tissue,Tumor
HRS024501,Patient Solid Tissue,Tumor
HRS024502,Patient Solid Tissue,Tumor
HRS024503,Patient Solid Tissue,Tumor
HRS024504,Patient Solid Tissue,Tumor
HRS024505,Patient Solid Tissue,Tumor
HRS024506,Patient Solid Tissue,Tumor
HRS024507,Patient Solid Tissue,Tumor
HRS024508,Patient Solid Tissue,Tumor
HRS024509,Patient Solid Tissue,Tumor
HRS024510,Patient Solid Tissue,Tumor
HRS024511,Patient Solid Tissue,Tumor
HRS024512,Patient Solid Tissue,Tumor
HRS024513,Patient Solid Tissue,Tumor
HRS024514,Patient Solid Tissue,Tumor
HRS024515,Patient Solid Tissue,Tumor
HRS024516,Patient Solid Tissue,Tumor
HRS024517,Patient Solid Tissue,Tumor
HRS024518,Patient Solid Tissue,Tumor
HRS024519,Patient Solid Tissue,Tumor
HRS024520,Patient Solid Tissue,Tumor
HRS024521,Patient Solid Tissue,Tumor
HRS024522,Patient Solid Tissue,Tumor
HRS024523,Patient Solid Tissue,Tumor
HRS024524,Patient Solid Tissue,Tumor
HRS024525,Patient Solid Tissue,Tumor
HRS024526,Patient Solid Tissue,Tumor
HRS024527,Patient Solid Tissue,Tumor
HRS024528,Patient Solid Tissue,Tumor
HRS024529,Patient Solid Tissue,Tumor
HRS024530,Patient Solid Tissue,Tumor
HRS024531,Patient Solid Tissue,Tumor
HRS024532,Patient Solid Tissue,Tumor
HRS024533,Patient Solid Tissue,Tumor
HRS024534,Patient Solid Tissue,Tumor
HRS024535,Patient Solid Tissue,Tumor
HRS024536,Patient Solid Tissue,Tumor
HRS024537,Patient Solid Tissue,Tumor
HRS024538,Patient Solid Tissue,Tumor
HRS024539,Patient Solid Tissue,Tumor
HRS024540,Patient Solid Tissue,Tumor
HRS024541,Patient Solid Tissue,Tumor
HRS024542,Patient Solid Tissue,Tumor
HRS024543,Patient Solid Tissue,Tumor
HRS024544,Patient Solid Tissue,Tumor
HRS024545,Patient Solid Tissue,Tumor
HRS024546,Patient Solid Tissue,Tumor
HRS024547,Patient Solid Tissue,Tumor
HRS024548,Patient Solid Tissue,Tumor
HRS024549,Patient Solid Tissue,Tumor
HRS024550,Patient Solid Tissue,Tumor
HRS024551,Patient Solid Tissue,Tumor
HRS024552,Patient Solid Tissue,Tumor
HRS024553,Patient Solid Tissue,Tumor
HRS024554,Patient Solid Tissue,Tumor
HRS024555,Patient Solid Tissue,Tumor
HRS024556,Patient Solid Tissue,Tumor
HRS024557,Patient Solid Tissue,Tumor
HRS024558,Patient Solid Tissue,Tumor
HRS024559,Patient Solid Tissue,Tumor
HRS024560,Patient Solid Tissue,Tumor
HRS024561,Patient Solid Tissue,Tumor
HRS024562,Patient Solid Tissue,Tumor
HRS024563,Patient Solid Tissue,Tumor
HRS024564,Patient Solid Tissue,Tumor
HRS024565,Patient Solid Tissue,Tumor
HRS024566,Patient Solid Tissue,Tumor
HRS024567,Patient Solid Tissue,Tumor
HRS024568,Patient Solid Tissue,Tumor
HRS024569,Patient Solid Tissue,Tumor
HRS024570,Patient Solid Tissue,Tumor
HRS024571,Patient Solid Tissue,Tumor
HRS024572,Patient Solid Tissue,Tumor
HRS024573,Patient Solid Tissue,Tumor
HRS024574,Patient Solid Tissue,Tumor
HRS024575,Patient Solid Tissue,Tumor
HRS024576,Patient Solid Tissue,Tumor
HRS024577,Patient Solid Tissue,Tumor
HRS024578,Patient Solid Tissue,Tumor
HRS024579,Patient Solid Tissue,Tumor
HRS024580,Patient Solid Tissue,Tumor
HRS024581,Patient Solid Tissue,Tumor
HRS024582,Patient Solid Tissue,Tumor
HRS024583,Patient Solid Tissue,Tumor
HRS024584,Patient Solid Tissue,Tumor
HRS024585,Patient Solid Tissue,Tumor
HRS024586,Patient Solid Tissue,Tumor
HRS024587,Patient Solid Tissue,Tumor
HRS024588,Patient Solid Tissue,Tumor
HRS024589,Patient Solid Tissue,Tumor
HRS024590,Patient Solid Tissue,Tumor
HRS024591,Patient Solid Tissue,Tumor
HRS024592,Patient Solid Tissue,Tumor
HRS024593,Patient Solid Tissue,Tumor
HRS024594,Patient Solid Tissue,Tumor
HRS024595,Patient Solid Tissue,Tumor
HRS024596,Patient Solid Tissue,Tumor
HRS024597,Patient Solid Tissue,Tumor
HRS024598,Patient Solid Tissue,Tumor
HRS024599,Patient Solid Tissue,Tumor
HRS024600,Patient Solid Tissue,Tumor
HRS024601,Patient Solid Tissue,Tumor
HRS024602,Patient Solid Tissue,Tumor
HRS024603,Patient Solid Tissue,Tumor
HRS024604,Patient Solid Tissue,Tumor
HRS024605,Patient Solid Tissue,Tumor
HRS024606,Patient Solid Tissue,Tumor
HRS024607,Patient Solid Tissue,Tumor
HRS024608,Patient Solid Tissue,Tumor
HRS024609,Patient Solid Tissue,Tumor
HRS024610,Patient Solid Tissue,Tumor
HRS024611,Patient Solid Tissue,Tumor
HRS024612,Patient Solid Tissue,Tumor
HRS024613,Patient Solid Tissue,Tumor
HRS024614,Patient Solid Tissue,Tumor
HRS024615,Patient Solid Tissue,Tumor
HRS024616,Patient Solid Tissue,Tumor
HRS024617,Patient Solid Tissue,Tumor
HRS024618,Patient Solid Tissue,Tumor
HRS024619,Patient Solid Tissue,Tumor
HRS024620,Patient Solid Tissue,Tumor
HRS024621,Patient Solid Tissue,Tumor
HRS024622,Patient Solid Tissue,Tumor
HRS024623,Patient Solid Tissue,Tumor
HRS024624,Patient Solid Tissue,Tumor
HRS024625,Patient Solid Tissue,Tumor
HRS024626,Patient Solid Tissue,Tumor
HRS024627,Patient Solid Tissue,Tumor
HRS024628,Patient Solid Tissue,Tumor
HRS024629,Patient Solid Tissue,Tumor
HRS024630,Patient Solid Tissue,Tumor
HRS024631,Patient Solid Tissue,Tumor
HRS024632,Patient Solid Tissue,Tumor
HRS024633,Patient Solid Tissue,Tumor
HRS024634,Patient Solid Tissue,Tumor
HRS024635,Patient Solid Tissue,Tumor
HRS024636,Patient Solid Tissue,Tumor
HRS024637,Patient Solid Tissue,Tumor
HRS024638,Patient Solid Tissue,Tumor
HRS024639,Patient Solid Tissue,Tumor
HRS024640,Patient Solid Tissue,Tumor
HRS024641,Patient Solid Tissue,Tumor
HRS024642,Patient Solid Tissue,Tumor
HRS024643,Patient Solid Tissue,Tumor
HRS024644,Patient Solid Tissue,Tumor
HRS024645,Patient Solid Tissue,Tumor
HRS024646,Patient Solid Tissue,Tumor
HRS024647,Patient Solid Tissue,Tumor
HRS024648,Patient Solid Tissue,Tumor
HRS024649,Patient Solid Tissue,Tumor
HRS024650,Patient Solid Tissue,Tumor
HRS024651,Patient Solid Tissue,Tumor
HRS024652,Patient Solid Tissue,Tumor
HRS024653,Patient Solid Tissue,Tumor
HRS024654,Patient Solid Tissue,Tumor
HRS024655,Patient Solid Tissue,Tumor
HRS024656,Patient Solid Tissue,Tumor
HRS024657,Patient Solid Tissue,Tumor
HRS024658,Patient Solid Tissue,Tumor
HRS024659,Patient Solid Tissue,Tumor
HRS024660,Patient Solid Tissue,Tumor
HRS024661,Patient Solid Tissue,Tumor
HRS024662,Patient Solid Tissue,Tumor
HRS024663,Patient Solid Tissue,Tumor
HRS024664,Patient Solid Tissue,Tumor
HRS024665,Patient Solid Tissue,Tumor
HRS024666,Patient Solid Tissue,Tumor
HRS024667,Patient Solid Tissue,Tumor
HRS024668,Patient Solid Tissue,Tumor
HRS024669,Patient Solid Tissue,Tumor
HRS024670,Patient Solid Tissue,Tumor
HRS024671,Patient Solid Tissue,Tumor
HRS024672,Patient Solid Tissue,Tumor
HRS024673,Patient Solid Tissue,Tumor
HRS024674,Patient Solid Tissue,Tumor
HRS024675,Patient Solid Tissue,Tumor
HRS024676,Patient Solid Tissue,Tumor
HRS024677,Patient Solid Tissue,Tumor
HRS024678,Patient Solid Tissue,Tumor
HRS024679,Patient Solid Tissue,Tumor
HRS024680,Patient Solid Tissue,Tumor
HRS024681,Patient Solid Tissue,Tumor
HRS024682,Patient Solid Tissue,Tumor
HRS024683,Patient Solid Tissue,Tumor
HRS024684,Patient Solid Tissue,Tumor
HRS024685,Patient Solid Tissue,Tumor
HRS024686,Patient Solid Tissue,Tumor
HRS024687,Patient Solid Tissue,Tumor
HRS024688,Patient Solid Tissue,Tumor
HRS024689,Patient Solid Tissue,Tumor
HRS024690,Patient Solid Tissue,Tumor
HRS024691,Patient Solid Tissue,Tumor
HRS024692,Patient Solid Tissue,Tumor
HRS024693,Patient Solid Tissue,Tumor
HRS024694,Patient Solid Tissue,Tumor
HRS024695,Patient Solid Tissue,Tumor
HRS024696,Patient Solid Tissue,Tumor
HRS024697,Patient Solid Tissue,Tumor
HRS024698,Patient Solid Tissue,Tumor
HRS024699,Patient Solid Tissue,Tumor
HRS024700,Patient Solid Tissue,Tumor
HRS024701,Patient Solid Tissue,Tumor
HRS024702,Patient Solid Tissue,Tumor
HRS024703,Patient Solid Tissue,Tumor
HRS024704,Patient Solid Tissue,Tumor
HRS024705,Patient Solid Tissue,Tumor
HRS024706,Patient Solid Tissue,Tumor
HRS024707,Patient Solid Tissue,Tumor
HRS024708,Patient Solid Tissue,Tumor
HRS024709,Patient Solid Tissue,Tumor
HRS024710,Patient Solid Tissue,Tumor
HRS024711,Patient Solid Tissue,Tumor
HRS024712,Patient Solid Tissue,Tumor
HRS024713,Patient Solid Tissue,Tumor
HRS024714,Patient Solid Tissue,Tumor
HRS024715,Patient Solid Tissue,Tumor
HRS024716,Patient Solid Tissue,Tumor
HRS024717,Patient Solid Tissue,Tumor
HRS024718,Patient Solid Tissue,Tumor
HRS024719,Patient Solid Tissue,Tumor
HRS024720,Patient Solid Tissue,Tumor
HRS024721,Patient Solid Tissue,Tumor
HRS024722,Patient Solid Tissue,Tumor
HRS024723,Patient Solid Tissue,Tumor
HRS024724,Patient Solid Tissue,Tumor
HRS024725,Patient Solid Tissue,Tumor
HRS024726,Patient Solid Tissue,Tumor
HRS024727,Patient Solid Tissue,Tumor
HRS024728,Patient Solid Tissue,Tumor
HRS024729,Patient Solid Tissue,Tumor
HRS024730,Patient Solid Tissue,Tumor
HRS024731,Patient Solid Tissue,Tumor
HRS024732,Patient Solid Tissue,Tumor
HRS024733,Patient Solid Tissue,Tumor
HRS024734,Patient Solid Tissue,Tumor
HRS024735,Patient Solid Tissue,Tumor
HRS024736,Patient Solid Tissue,Tumor
HRS024737,Patient Solid Tissue,Tumor
HRS024738,Patient Solid Tissue,Tumor
HRS024739,Patient Solid Tissue,Tumor
HRS024740,Patient Solid Tissue,Tumor
HRS024741,Patient Solid Tissue,Tumor
HRS024742,Patient Solid Tissue,Tumor
HRS024743,Patient Solid Tissue,Tumor
HRS024744,Patient Solid Tissue,Tumor
HRS024745,Patient Solid Tissue,Tumor
HRS024746,Patient Solid Tissue,Tumor
HRS024747,Patient Solid Tissue,Tumor
HRS024748,Patient Solid Tissue,Tumor
HRS024749,Patient Solid Tissue,Tumor
HRS024750,Patient Solid Tissue,Tumor
HRS024751,Patient Solid Tissue,Tumor
HRS024752,Patient Solid Tissue,Tumor
HRS024753,Patient Solid Tissue,Tumor
HRS024754,Patient Solid Tissue,Tumor
HRS024755,Patient Solid Tissue,Tumor
HRS024756,Patient Solid Tissue,Tumor
HRS024757,Patient Solid Tissue,Tumor
HRS024758,Patient Solid Tissue,Tumor
HRS024759,Patient Solid Tissue,Tumor
HRS024760,Patient Solid Tissue,Tumor
HRS024761,Patient Solid Tissue,Tumor
HRS024762,Patient Solid Tissue,Tumor
HRS024763,Patient Solid Tissue,Tumor
HRS024764,Patient Solid Tissue,Tumor
HRS024765,Patient Solid Tissue,Tumor
HRS024766,Patient Solid Tissue,Tumor
HRS024767,Patient Solid Tissue,Tumor
HRS024768,Patient Solid Tissue,Tumor
HRS024769,Patient Solid Tissue,Tumor
HRS024770,Patient Solid Tissue,Tumor
HRS024771,Patient Solid Tissue,Tumor
HRS024772,Patient Solid Tissue,Tumor
HRS024773,Patient Solid Tissue,Tumor
HRS024774,Patient Solid Tissue,Tumor
HRS024775,Patient Solid Tissue,Tumor
HRS024776,Patient Solid Tissue,Tumor
HRS024777,Patient Solid Tissue,Tumor
HRS024778,Patient Solid Tissue,Tumor
HRS024779,Patient Solid Tissue,Tumor
HRS024780,Patient Solid Tissue,Tumor
HRS024781,Patient Solid Tissue,Tumor
HRS024782,Patient Solid Tissue,Tumor
HRS024783,Patient Solid Tissue,Tumor
HRS024784,Patient Solid Tissue,Tumor
HRS024785,Patient Solid Tissue,Tumor
HRS024786,Patient Solid Tissue,Tumor
HRS024787,Patient Solid Tissue,Tumor
HRS024788,Patient Solid Tissue,Tumor
HRS024789,Patient Solid Tissue,Tumor
HRS024790,Patient Solid Tissue,Tumor
HRS024791,Patient Solid Tissue,Tumor
HRS024792,Patient Solid Tissue,Tumor
HRS024793,Patient Solid Tissue,Tumor
HRS024794,Patient Solid Tissue,Tumor
HRS024795,Patient Solid Tissue,Tumor
HRS024796,Patient Solid Tissue,Tumor
HRS024797,Patient Solid Tissue,Tumor
HRS024798,Patient Solid Tissue,Tumor
HRS024799,Patient Solid Tissue,Tumor
HRS024800,Patient Solid Tissue,Tumor
HRS024801,Patient Solid Tissue,Tumor
HRS024802,Patient Solid Tissue,Tumor
HRS024803,Patient Solid Tissue,Tumor
HRS024804,Patient Solid Tissue,Tumor
HRS024805,Patient Solid Tissue,Tumor
HRS024806,Patient Solid Tissue,Tumor
HRS024807,Patient Solid Tissue,Tumor
HRS024808,Patient Solid Tissue,Tumor
HRS024809,Patient Solid Tissue,Tumor
HRS024810,Patient Solid Tissue,Tumor
HRS024811,Patient Solid Tissue,Tumor
HRS024812,Patient Solid Tissue,Tumor
HRS024813,Patient Solid Tissue,Tumor
HRS024814,Patient Solid Tissue,Tumor
HRS024815,Patient Solid Tissue,Tumor
HRS024816,Patient Solid Tissue,Tumor
HRS024817,Patient Solid Tissue,Tumor
HRS024818,Patient Solid Tissue,Tumor
HRS024819,Patient Solid Tissue,Tumor
HRS024820,Patient Solid Tissue,Tumor
HRS024821,Patient Solid Tissue,Tumor
HRS024822,Patient Solid Tissue,Tumor
HRS024823,Patient Solid Tissue,Tumor
HRS024824,Patient Solid Tissue,Tumor
HRS024825,Patient Solid Tissue,Tumor
HRS024826,Patient Solid Tissue,Tumor
HRS024827,Patient Solid Tissue,Tumor
HRS024828,Patient Solid Tissue,Tumor
HRS024829,Patient Solid Tissue,Tumor
HRS024830,Patient Solid Tissue,Tumor
HRS024831,Patient Solid Tissue,Tumor
HRS024832,Patient Solid Tissue,Tumor
HRS024833,Patient Solid Tissue,Tumor
HRS024834,Patient Solid Tissue,Tumor
HRS024835,Patient Solid Tissue,Tumor
HRS024836,Patient Solid Tissue,Tumor
HRS024837,Patient Solid Tissue,Tumor
HRS024838,Patient Solid Tissue,Tumor
HRS024839,Patient Solid Tissue,Tumor
HRS024840,Patient Solid Tissue,Tumor
HRS024841,Patient Solid Tissue,Tumor
HRS024842,Patient Solid Tissue,Tumor
HRS024843,Patient Solid Tissue,Tumor
HRS024844,Patient Solid Tissue,Tumor
HRS024845,Patient Solid Tissue,Tumor
HRS024846,Patient Solid Tissue,Tumor
HRS024847,Patient Solid Tissue,Tumor
HRS024848,Patient Solid Tissue,Tumor
HRS024849,Patient Solid Tissue,Tumor
HRS024850,Patient Solid Tissue,Tumor
HRS024851,Patient Solid Tissue,Tumor
HRS024852,Patient Solid Tissue,Tumor
HRS024853,Patient Solid Tissue,Tumor
HRS024854,Patient Solid Tissue,Tumor
HRS024855,Patient Solid Tissue,Tumor
HRS024856,Patient Solid Tissue,Tumor
HRS024857,Patient Solid Tissue,Tumor
HRS024858,Patient Solid Tissue,Tumor
HRS024859,Patient Solid Tissue,Tumor
HRS024860,Patient Solid Tissue,Tumor
HRS024861,Patient Solid Tissue,Tumor
HRS024862,Patient Solid Tissue,Tumor
HRS024863,Patient Solid Tissue,Tumor
HRS024864,Patient Solid Tissue,Tumor
HRS024865,Patient Solid Tissue,Tumor
HRS024866,Patient Solid Tissue,Tumor
HRS024867,Patient Solid Tissue,Tumor
HRS024868,Patient Solid Tissue,Tumor
HRS024869,Patient Solid Tissue,Tumor
HRS024870,Patient Solid Tissue,Tumor
HRS024871,Patient Solid Tissue,Tumor
HRS024872,Patient Solid Tissue,Tumor
HRS024873,Patient Solid Tissue,Tumor
HRS024874,Patient Solid Tissue,Tumor
HRS024875,Patient Solid Tissue,Tumor
HRS024876,Patient Solid Tissue,Tumor
HRS024877,Patient Solid Tissue,Tumor
HRS024878,Patient Solid Tissue,Tumor
HRS024879,Patient Solid Tissue,Tumor
HRS024880,Patient Solid Tissue,Tumor
HRS024881,Patient Solid Tissue,Tumor
HRS024882,Patient Solid Tissue,Tumor
HRS024883,Patient Solid Tissue,Tumor
HRS024884,Patient Solid Tissue,Tumor
HRS024885,Patient Solid Tissue,Tumor
HRS024886,Patient Solid Tissue,Tumor
HRS024887,Patient Solid Tissue,Tumor
HRS024888,Patient Solid Tissue,Tumor
HRS024889,Patient Solid Tissue,Tumor
HRS024890,Patient Solid Tissue,Tumor
HRS024891,Patient Solid Tissue,Tumor
HRS024892,Patient Solid Tissue,Tumor
HRS024893,Patient Solid Tissue,Tumor
HRS024894,Patient Solid Tissue,Tumor
HRS024895,Patient Solid Tissue,Tumor
HRS024896,Patient Solid Tissue,Tumor
HRS024897,Patient Solid Tissue,Tumor
HRS024898,Patient Solid Tissue,Tumor
HRS024899,Patient Solid Tissue,Tumor
HRS024900,Patient Solid Tissue,Tumor
HRS024901,Patient Solid Tissue,Tumor
HRS024902,Patient Solid Tissue,Tumor
HRS024903,Patient Solid Tissue,Tumor
HRS024904,Patient Solid Tissue,Tumor
HRS024905,Patient Solid Tissue,Tumor
HRS024906,Patient Solid Tissue,Tumor
HRS024907,Patient Solid Tissue,Tumor
HRS024908,Patient Solid Tissue,Tumor
HRS024909,Patient Solid Tissue,Tumor
HRS024910,Patient Solid Tissue,Tumor
HRS024911,Patient Solid Tissue,Tumor
HRS024912,Patient Solid Tissue,Tumor
HRS024913,Patient Solid Tissue,Tumor
HRS024914,Patient Solid Tissue,Tumor
HRS024915,Patient Solid Tissue,Tumor
HRS024916,Patient Solid Tissue,Tumor
HRS024917,Patient Solid Tissue,Tumor
HRS024918,Patient Solid Tissue,Tumor
HRS024919,Patient Solid Tissue,Tumor
HRS024920,Patient Solid Tissue,Tumor
HRS024921,Patient Solid Tissue,Tumor
HRS024922,Patient Solid Tissue,Tumor
HRS024923,Patient Solid Tissue,Tumor
HRS024924,Patient Solid Tissue,Tumor
HRS024925,Patient Solid Tissue,Tumor
HRS024926,Patient Solid Tissue,Tumor
HRS024927,Patient Solid Tissue,Tumor
HRS024928,Patient Solid Tissue,Tumor
HRS024929,Patient Solid Tissue,Tumor
HRS024930,Patient Solid Tissue,Tumor
HRS024931,Patient Solid Tissue,Tumor
HRS024932,Patient Solid Tissue,Tumor
HRS024933,Patient Solid Tissue,Tumor
HRS024934,Patient Solid Tissue,Tumor
HRS024935,Patient Solid Tissue,Tumor
HRS024936,Patient Solid Tissue,Tumor
HRS024937,Patient Solid Tissue,Tumor
HRS024938,Patient Solid Tissue,Tumor
HRS024939,Patient Solid Tissue,Tumor
HRS024940,Patient Solid Tissue,Tumor
HRS024941,Patient Solid Tissue,Tumor
HRS024942,Patient Solid Tissue,Tumor
HRS024943,Patient Solid Tissue,Tumor
HRS024944,Patient Solid Tissue,Tumor
HRS024945,Patient Solid Tissue,Tumor
HRS024946,Patient Solid Tissue,Tumor
HRS024947,Patient Solid Tissue,Tumor
HRS024948,Patient Solid Tissue,Tumor
HRS024949,Patient Solid Tissue,Tumor
HRS024950,Patient Solid Tissue,Tumor
HRS024951,Patient Solid Tissue,Tumor
HRS024952,Patient Solid Tissue,Tumor
HRS024953,Patient Solid Tissue,Tumor
HRS024954,Patient Solid Tissue,Tumor
HRS024955,Patient Solid Tissue,Tumor
HRS024956,Patient Solid Tissue,Tumor
HRS024957,Patient Solid Tissue,Tumor
HRS024958,Patient Solid Tissue,Tumor
HRS024959,Patient Solid Tissue,Tumor
HRS024960,Patient Solid Tissue,Tumor
HRS024961,Patient Solid Tissue,Tumor
HRS024962,Patient Solid Tissue,Tumor
HRS024963,Patient Solid Tissue,Tumor
HRS024964,Patient Solid Tissue,Tumor
HRS024965,Patient Solid Tissue,Tumor
HRS024966,Patient Solid Tissue,Tumor
HRS024967,Patient Solid Tissue,Tumor
HRS024968,Patient Solid Tissue,Tumor
HRS024969,Patient Solid Tissue,Tumor
HRS024970,Patient Solid Tissue,Tumor
HRS024971,Patient Solid Tissue,Tumor
HRS024972,Patient Solid Tissue,Tumor
HRS024973,Patient Solid Tissue,Tumor
HRS024974,Patient Solid Tissue,Tumor
HRS024975,Patient Solid Tissue,Tumor
HRS024976,Patient Solid Tissue,Tumor
HRS024977,Patient Solid Tissue,Tumor
HRS024978,Patient Solid Tissue,Tumor
HRS024979,Patient Solid Tissue,Tumor
HRS024980,Patient Solid Tissue,Tumor
HRS024981,Patient Solid Tissue,Tumor
HRS024982,Patient Solid Tissue,Tumor
HRS024983,Patient Solid Tissue,Tumor
HRS024984,Patient Solid Tissue,Tumor
HRS024985,Patient Solid Tissue,Tumor
HRS024986,Patient Solid Tissue,Tumor
HRS024987,Patient Solid Tissue,Tumor
HRS024988,Patient Solid Tissue,Tumor
HRS024989,Patient Solid Tissue,Tumor
HRS039792,Peritumoral,Normal
HRS039793,Patient Solid Tissue,Tumor
HRS039794,Peritumoral,Normal
HRS039795,Patient Solid Tissue,Tumor
HRS039796,Peritumoral,Normal
HRS039797,Patient Solid Tissue,Tumor
HRS039798,Peritumoral,Normal
HRS039799,Patient Solid Tissue,Tumor
HRS039800,Peritumoral,Normal
HRS039801,Patient Solid Tissue,Tumor
HRS039802,Peritumoral,Normal
HRS039803,Patient Solid Tissue,Tumor
HRS039804,Peritumoral,Normal
HRS039805,Patient Solid Tissue,Tumor
HRS039806,Peritumoral,Normal
HRS039807,Patient Solid Tissue,Tumor
HRS039808,Peritumoral,Normal
HRS039809,Patient Solid Tissue,Tumor
HRS039810,Peritumoral,Normal
HRS039811,Patient Solid Tissue,Tumor
HRS039812,Peritumoral,Normal
HRS039813,Patient Solid Tissue,Tumor
HRS039814,Peritumoral,Normal
HRS039815,Patient Solid Tissue,Tumor
HRS039816,Peritumoral,Normal
HRS039817,Patient Solid Tissue,Tumor
HRS039818,Peritumoral,Normal
HRS039819,Patient Solid Tissue,Tumor
HRS039820,Peritumoral,Normal
HRS039821,Patient Solid Tissue,Tumor
HRS039822,Peritumoral,Normal
HRS039823,Patient Solid Tissue,Tumor
HRS039824,Peritumoral,Normal
HRS039825,Patient Solid Tissue,Tumor
HRS039826,Peritumoral,Normal
HRS039827,Patient Solid Tissue,Tumor
HRS039828,Peritumoral,Normal
HRS039829,Patient Solid Tissue,Tumor
HRS039830,Peritumoral,Normal
HRS039831,Patient Solid Tissue,Tumor
HRS039832,Peritumoral,Normal
HRS039833,Patient Solid Tissue,Tumor
HRS039834,Peritumoral,Normal
HRS039835,Patient Solid Tissue,Tumor
HRS039836,Peritumoral,Normal
HRS039837,Patient Solid Tissue,Tumor
HRS039838,Peritumoral,Normal
HRS039839,Patient Solid Tissue,Tumor
HRS039840,Peritumoral,Normal
HRS039841,Patient Solid Tissue,Tumor
HRS039842,Peritumoral,Normal
HRS039843,Patient Solid Tissue,Tumor
HRS039844,Peritumoral,Normal
HRS039845,Patient Solid Tissue,Tumor
HRS039846,Peritumoral,Normal
HRS039847,Patient Solid Tissue,Tumor
HRS039848,Peritumoral,Normal
HRS039849,Patient Solid Tissue,Tumor
HRS039850,Peritumoral,Normal
HRS039851,Patient Solid Tissue,Tumor
HRS039852,Peritumoral,Normal
HRS039853,Patient Solid Tissue,Tumor
HRS039854,Peritumoral,Normal
HRS039855,Patient Solid Tissue,Tumor
HRS039856,Peritumoral,Normal
HRS039857,Patient Solid Tissue,Tumor
HRS039858,Peritumoral,Normal
HRS039859,Patient Solid Tissue,Tumor
HRS039860,Peritumoral,Normal
HRS039861,Patient Solid Tissue,Tumor
HRS039862,Peritumoral,Normal
HRS039863,Patient Solid Tissue,Tumor
HRS039864,Peritumoral,Normal
HRS039865,Patient Solid Tissue,Tumor
HRS039866,Peritumoral,Normal
HRS039867,Patient Solid Tissue,Tumor
HRS039868,Peritumoral,Normal
HRS039869,Patient Solid Tissue,Tumor
HRS039870,Peritumoral,Normal
HRS039871,Patient Solid Tissue,Tumor
HRS039872,Peritumoral,Normal
HRS039873,Patient Solid Tissue,Tumor
HRS039874,Peritumoral,Normal
HRS039875,Patient Solid Tissue,Tumor
HRS039876,Peritumoral,Normal
HRS039877,Patient Solid Tissue,Tumor
HRS039878,Peritumoral,Normal
HRS039879,Patient Solid Tissue,Tumor
HRS039880,Peritumoral,Normal
HRS039881,Patient Solid Tissue,Tumor
HRS039882,Peritumoral,Normal
HRS039883,Patient Solid Tissue,Tumor
HRS039884,Peritumoral,Normal
HRS039885,Patient Solid Tissue,Tumor
HRS039886,Peritumoral,Normal
HRS039887,Patient Solid Tissue,Tumor
HRS039888,Peritumoral,Normal
HRS039889,Patient Solid Tissue,Tumor
HRS039890,Peritumoral,Normal
HRS039891,Patient Solid Tissue,Tumor
HRS039892,Peritumoral,Normal
HRS039893,Patient Solid Tissue,Tumor
HRS039894,Peritumoral,Normal
HRS039895,Patient Solid Tissue,Tumor
HRS039896,Peritumoral,Normal
HRS039897,Patient Solid Tissue,Tumor
HRS039898,Peritumoral,Normal
HRS039899,Patient Solid Tissue,Tumor
HRS039900,Peritumoral,Normal
HRS039901,Patient Solid Tissue,Tumor
HRS039902,Peritumoral,Normal
HRS039903,Patient Solid Tissue,Tumor
HRS039904,Peritumoral,Normal
HRS039905,Patient Solid Tissue,Tumor
HRS039906,Peritumoral,Normal
HRS039907,Patient Solid Tissue,Tumor
HRS039908,Peritumoral,Normal
HRS039909,Patient Solid Tissue,Tumor
HRS039910,Peritumoral,Normal
HRS039911,Patient Solid Tissue,Tumor
HRS039912,Peritumoral,Normal
HRS039913,Patient Solid Tissue,Tumor
HRS039914,Peritumoral,Normal
HRS039915,Patient Solid Tissue,Tumor
HRS039916,Peritumoral,Normal
HRS039917,Patient Solid Tissue,Tumor
HRS039918,Peritumoral,Normal
HRS039919,Patient Solid Tissue,Tumor
HRS039920,Peritumoral,Normal
HRS039921,Patient Solid Tissue,Tumor
HRS039922,Peritumoral,Normal
HRS039923,Patient Solid Tissue,Tumor
HRS039924,Peritumoral,Normal
HRS039925,Patient Solid Tissue,Tumor
HRS039926,Peritumoral,Normal
HRS039927,Patient Solid Tissue,Tumor
HRS039928,Peritumoral,Normal
HRS039929,Patient Solid Tissue,Tumor
HRS039930,Peritumoral,Normal
HRS039931,Patient Solid Tissue,Tumor
HRS039932,Peritumoral,Normal
HRS039933,Patient Solid Tissue,Tumor
HRS039934,Peritumoral,Normal
HRS039935,Patient Solid Tissue,Tumor
HRS039936,Peritumoral,Normal
HRS039937,Patient Solid Tissue,Tumor
HRS039938,Peritumoral,Normal
HRS039939,Patient Solid Tissue,Tumor
HRS039940,Peritumoral,Normal
HRS039941,Patient Solid Tissue,Tumor
HRS039942,Peritumoral,Normal
HRS039943,Patient Solid Tissue,Tumor
HRS039944,Peritumoral,Normal
HRS039945,Patient Solid Tissue,Tumor
HRS039946,Peritumoral,Normal
HRS039947,Patient Solid Tissue,Tumor
HRS039948,Peritumoral,Normal
HRS039949,Patient Solid Tissue,Tumor
HRS039950,Peritumoral,Normal
HRS039951,Patient Solid Tissue,Tumor
HRS039952,Peritumoral,Normal
HRS039953,Patient Solid Tissue,Tumor
HRS039954,Peritumoral,Normal
HRS039955,Patient Solid Tissue,Tumor
HRS039956,Peritumoral,Normal
HRS039957,Patient Solid Tissue,Tumor
HRS039958,Peritumoral,Normal
HRS039959,Patient Solid Tissue,Tumor
HRS039960,Peritumoral,Normal
HRS039961,Patient Solid Tissue,Tumor
HRS039962,Peritumoral,Normal
HRS039963,Patient Solid Tissue,Tumor
HRS039964,Peritumoral,Normal
HRS039965,Patient Solid Tissue,Tumor
HRS039966,Peritumoral,Normal
HRS039967,Patient Solid Tissue,Tumor
HRS039968,Peritumoral,Normal
HRS039969,Patient Solid Tissue,Tumor
HRS039970,Peritumoral,Normal
HRS039971,Patient Solid Tissue,Tumor
HRS039972,Peritumoral,Normal
HRS039973,Patient Solid Tissue,Tumor
HRS039974,Peritumoral,Normal
HRS039975,Patient Solid Tissue,Tumor
HRS039976,Peritumoral,Normal
HRS039977,Patient Solid Tissue,Tumor
HRS039978,Peritumoral,Normal
HRS039979,Patient Solid Tissue,Tumor
HRS039980,Peritumoral,Normal
HRS039981,Patient Solid Tissue,Tumor
HRS039982,Peritumoral,Normal
HRS039983,Patient Solid Tissue,Tumor
HRS039984,Peritumoral,Normal
HRS039985,Patient Solid Tissue,Tumor
HRS039986,Peritumoral,Normal
HRS039987,Patient Solid Tissue,Tumor
HRS039988,Peritumoral,Normal
HRS039989,Patient Solid Tissue,Tumor
HRS039990,Peritumoral,Normal
HRS039991,Patient Solid Tissue,Tumor
HRS039992,Peritumoral,Normal
HRS039993,Patient Solid Tissue,Tumor
HRS039994,Peritumoral,Normal
HRS039995,Patient Solid Tissue,Tumor
HRS039996,Peritumoral,Normal
HRS039997,Patient Solid Tissue,Tumor
HRS039998,Peritumoral,Normal
HRS039999,Patient Solid Tissue,Tumor
HRS040000,Peritumoral,Normal
HRS040001,Patient Solid Tissue,Tumor
HRS040002,Peritumoral,Normal
HRS040003,Patient Solid Tissue,Tumor
HRS040004,Peritumoral,Normal
HRS040005,Patient Solid Tissue,Tumor
HRS040006,Peritumoral,Normal
HRS040007,Patient Solid Tissue,Tumor
HRS040008,Peritumoral,Normal
HRS040009,Patient Solid Tissue,Tumor
HRS040010,Peritumoral,Normal
HRS040011,Patient Solid Tissue,Tumor
HRS040012,Peritumoral,Normal
HRS040013,Patient Solid Tissue,Tumor
HRS040014,Peritumoral,Normal
HRS040015,Patient Solid Tissue,Tumor
HRS040016,Peritumoral,Normal
HRS040017,Patient Solid Tissue,Tumor
HRS040018,Peritumoral,Normal
HRS040019,Patient Solid Tissue,Tumor
HRS040020,Peritumoral,Normal
HRS040021,Patient Solid Tissue,Tumor
HRS040022,Peritumoral,Normal
HRS040023,Patient Solid Tissue,Tumor
HRS040024,Peritumoral,Normal
HRS040025,Patient Solid Tissue,Tumor
HRS040026,Peritumoral,Normal
HRS040027,Patient Solid Tissue,Tumor
HRS040028,Peritumoral,Normal
HRS040029,Patient Solid Tissue,Tumor
HRS040030,Peritumoral,Normal
HRS040031,Patient Solid Tissue,Tumor
HRS040032,Peritumoral,Normal
HRS040033,Patient Solid Tissue,Tumor
HRS040034,Peritumoral,Normal
HRS040035,Patient Solid Tissue,Tumor
HRS040036,Peritumoral,Normal
HRS040037,Patient Solid Tissue,Tumor
HRS040038,Peritumoral,Normal
HRS040039,Patient Solid Tissue,Tumor
HRS040040,Peritumoral,Normal
HRS040041,Patient Solid Tissue,Tumor
HRS040042,Peritumoral,Normal
HRS040043,Patient Solid Tissue,Tumor
HRS040044,Peritumoral,Normal
HRS040045,Patient Solid Tissue,Tumor
HRS040046,Peritumoral,Normal
HRS040047,Patient Solid Tissue,Tumor
HRS040048,Peritumoral,Normal
HRS040049,Patient Solid Tissue,Tumor
HRS040050,Peritumoral,Normal
HRS040051,Patient Solid Tissue,Tumor
HRS040052,Peritumoral,Normal
HRS040053,Patient Solid Tissue,Tumor
HRS040054,Peritumoral,Normal
HRS040055,Patient Solid Tissue,Tumor
HRS040056,Peritumoral,Normal
HRS040057,Patient Solid Tissue,Tumor
HRS040058,Peritumoral,Normal
HRS040059,Patient Solid Tissue,Tumor
HRS040060,Peritumoral,Normal
HRS040061,Patient Solid Tissue,Tumor
HRS040062,Peritumoral,Normal
HRS040063,Patient Solid Tissue,Tumor
HRS040064,Peritumoral,Normal
HRS040065,Patient Solid Tissue,Tumor
HRS040066,Peritumoral,Normal
HRS040067,Patient Solid Tissue,Tumor
HRS040068,Peritumoral,Normal
HRS040069,Patient Solid Tissue,Tumor
HRS040070,Peritumoral,Normal
HRS040071,Patient Solid Tissue,Tumor
HRS040072,Peritumoral,Normal
HRS040073,Patient Solid Tissue,Tumor
HRS040074,Peritumoral,Normal
HRS040075,Patient Solid Tissue,Tumor
HRS040076,Peritumoral,Normal
HRS040077,Patient Solid Tissue,Tumor
HRS040078,Peritumoral,Normal
HRS040079,Patient Solid Tissue,Tumor
HRS040080,Peritumoral,Normal
HRS040081,Patient Solid Tissue,Tumor
HRS040082,Peritumoral,Normal
HRS040083,Patient Solid Tissue,Tumor
HRS040084,Peritumoral,Normal
HRS040085,Patient Solid Tissue,Tumor
HRS040086,Peritumoral,Normal
HRS040087,Patient Solid Tissue,Tumor
HRS040088,Peritumoral,Normal
HRS040089,Patient Solid Tissue,Tumor
HRS040090,Peritumoral,Normal
HRS040091,Patient Solid Tissue,Tumor
HRS040092,Peritumoral,Normal
HRS040093,Patient Solid Tissue,Tumor
HRS040094,Peritumoral,Normal
HRS040095,Patient Solid Tissue,Tumor
HRS040096,Peritumoral,Normal
HRS040097,Patient Solid Tissue,Tumor
HRS040098,Peritumoral,Normal
HRS040099,Patient Solid Tissue,Tumor
HRS040100,Peritumoral,Normal
HRS040101,Patient Solid Tissue,Tumor
HRS040102,Peritumoral,Normal
HRS040103,Patient Solid Tissue,Tumor
HRS040104,Peritumoral,Normal
HRS040105,Patient Solid Tissue,Tumor
HRS040106,Peritumoral,Normal
HRS040107,Patient Solid Tissue,Tumor
HRS040108,Peritumoral,Normal
HRS040109,Patient Solid Tissue,Tumor
HRS040110,Peritumoral,Normal
HRS040111,Patient Solid Tissue,Tumor
HRS040112,Peritumoral,Normal
HRS040113,Patient Solid Tissue,Tumor
HRS040114,Peritumoral,Normal
HRS040115,Patient Solid Tissue,Tumor
HRS040116,Peritumoral,Normal
HRS040117,Patient Solid Tissue,Tumor
HRS040118,Peritumoral,Normal
HRS040119,Patient Solid Tissue,Tumor
HRS040120,Peritumoral,Normal
HRS040121,Patient Solid Tissue,Tumor
HRS040122,Peritumoral,Normal
HRS040123,Patient Solid Tissue,Tumor
HRS040124,Peritumoral,Normal
HRS040125,Patient Solid Tissue,Tumor
HRS040126,Peritumoral,Normal
HRS040127,Patient Solid Tissue,Tumor
HRS040128,Peritumoral,Normal
HRS040129,Patient Solid Tissue,Tumor
HRS040130,Peritumoral,Normal
HRS040131,Patient Solid Tissue,Tumor
HRS040132,Peritumoral,Normal
HRS040133,Patient Solid Tissue,Tumor
HRS040134,Peritumoral,Normal
HRS040135,Patient Solid Tissue,Tumor
HRS040136,Peritumoral,Normal
HRS040137,Patient Solid Tissue,Tumor
HRS040138,Peritumoral,Normal
HRS040139,Patient Solid Tissue,Tumor
HRS040140,Peritumoral,Normal
HRS040141,Patient Solid Tissue,Tumor
HRS040142,Peritumoral,Normal
HRS040143,Patient Solid Tissue,Tumor
HRS040144,Peritumoral,Normal
HRS040145,Patient Solid Tissue,Tumor
HRS040146,Peritumoral,Normal
HRS040147,Patient Solid Tissue,Tumor
HRS040148,Peritumoral,Normal
HRS040149,Patient Solid Tissue,Tumor
HRS040150,Peritumoral,Normal
HRS040151,Patient Solid Tissue,Tumor
HRS040152,Peritumoral,Normal
HRS040153,Patient Solid Tissue,Tumor
HRS040154,Peritumoral,Normal
HRS040155,Patient Solid Tissue,Tumor
HRS040156,Peritumoral,Normal
HRS040157,Patient Solid Tissue,Tumor
HRS040158,Peritumoral,Normal
HRS040159,Patient Solid Tissue,Tumor
HRS040160,Peritumoral,Normal
HRS040161,Patient Solid Tissue,Tumor
HRS040162,Peritumoral,Normal
HRS040163,Patient Solid Tissue,Tumor
HRS040164,Peritumoral,Normal
HRS040165,Patient Solid Tissue,Tumor
HRS040166,Peritumoral,Normal
HRS040167,Patient Solid Tissue,Tumor
HRS040168,Peritumoral,Normal
HRS040169,Patient Solid Tissue,Tumor
HRS040170,Peritumoral,Normal
HRS040171,Patient Solid Tissue,Tumor
HRS040172,Peritumoral,Normal
HRS040173,Patient Solid Tissue,Tumor
HRS040174,Peritumoral,Normal
HRS040175,Patient Solid Tissue,Tumor
HRS040176,Peritumoral,Normal
HRS040177,Patient Solid Tissue,Tumor
HRS040178,Peritumoral,Normal
HRS040179,Patient Solid Tissue,Tumor
HRS040180,Peritumoral,Normal
HRS040181,Patient Solid Tissue,Tumor
HRS040182,Peritumoral,Normal
HRS040183,Patient Solid Tissue,Tumor
HRS040184,Peritumoral,Normal
HRS040185,Patient Solid Tissue,Tumor
HRS040186,Peritumoral,Normal
HRS040187,Patient Solid Tissue,Tumor
HRS040188,Peritumoral,Normal
HRS040189,Patient Solid Tissue,Tumor
HRS040190,Peritumoral,Normal
HRS040191,Patient Solid Tissue,Tumor
HRS040192,Peritumoral,Normal
HRS040193,Patient Solid Tissue,Tumor
HRS040194,Peritumoral,Normal
HRS040195,Patient Solid Tissue,Tumor
HRS040196,Peritumoral,Normal
HRS040197,Patient Solid Tissue,Tumor
HRS040198,Peritumoral,Normal
HRS040199,Patient Solid Tissue,Tumor
HRS040200,Peritumoral,Normal
HRS040201,Patient Solid Tissue,Tumor
HRS040202,Peritumoral,Normal
HRS040203,Patient Solid Tissue,Tumor
HRS040204,Peritumoral,Normal
HRS040205,Patient Solid Tissue,Tumor
HRS040206,Peritumoral,Normal
HRS040207,Patient Solid Tissue,Tumor
HRS040208,Peritumoral,Normal
HRS040209,Patient Solid Tissue,Tumor
HRS040210,Peritumoral,Normal
HRS040211,Patient Solid Tissue,Tumor
HRS040212,Peritumoral,Normal
HRS040213,Patient Solid Tissue,Tumor
HRS040214,Peritumoral,Normal
HRS040215,Patient Solid Tissue,Tumor
HRS040216,Peritumoral,Normal
HRS040217,Patient Solid Tissue,Tumor
HRS040218,Peritumoral,Normal
HRS040219,Patient Solid Tissue,Tumor
HRS040220,Peritumoral,Normal
HRS040221,Patient Solid Tissue,Tumor
HRS040222,Peritumoral,Normal
HRS040223,Patient Solid Tissue,Tumor
HRS040224,Peritumoral,Normal
HRS040225,Patient Solid Tissue,Tumor
HRS040226,Peritumoral,Normal
HRS040227,Patient Solid Tissue,Tumor
HRS040228,Peritumoral,Normal
HRS040229,Patient Solid Tissue,Tumor
HRS040230,Peritumoral,Normal
HRS040231,Patient Solid Tissue,Tumor
HRS040232,Peritumoral,Normal
HRS040233,Patient Solid Tissue,Tumor
HRS040234,Peritumoral,Normal
HRS040235,Patient Solid Tissue,Tumor
HRS040236,Peritumoral,Normal
HRS040237,Patient Solid Tissue,Tumor
HRS040238,Peritumoral,Normal
HRS040239,Patient Solid Tissue,Tumor
HRS040240,Peritumoral,Normal
HRS040241,Patient Solid Tissue,Tumor
HRS040242,Peritumoral,Normal
HRS040243,Patient Solid Tissue,Tumor
HRS040244,Peritumoral,Normal
HRS040245,Patient Solid Tissue,Tumor
HRS040246,Peritumoral,Normal
HRS040247,Patient Solid Tissue,Tumor
HRS040248,Peritumoral,Normal
HRS040249,Patient Solid Tissue,Tumor
HRS040250,Peritumoral,Normal
HRS040251,Patient Solid Tissue,Tumor
HRS040252,Peritumoral,Normal
HRS040253,Patient Solid Tissue,Tumor
HRS040254,Peritumoral,Normal
HRS040255,Patient Solid Tissue,Tumor
HRS040256,Peritumoral,Normal
HRS040257,Patient Solid Tissue,Tumor
HRS040258,Peritumoral,Normal
HRS040259,Patient Solid Tissue,Tumor
HRS040260,Peritumoral,Normal
HRS040261,Patient Solid Tissue,Tumor
HRS040262,Peritumoral,Normal
HRS040263,Patient Solid Tissue,Tumor
HRS040264,Peritumoral,Normal
HRS040265,Patient Solid Tissue,Tumor
HRS040266,Peritumoral,Normal
HRS040267,Patient Solid Tissue,Tumor
HRS040268,Peritumoral,Normal
HRS040269,Patient Solid Tissue,Tumor
HRS040270,Peritumoral,Normal
HRS040271,Patient Solid Tissue,Tumor
HRS040272,Peritumoral,Normal
HRS040273,Patient Solid Tissue,Tumor
HRS040274,Peritumoral,Normal
HRS040275,Patient Solid Tissue,Tumor
HRS040276,Peritumoral,Normal
HRS040277,Patient Solid Tissue,Tumor
HRS040278,Peritumoral,Normal
HRS040279,Patient Solid Tissue,Tumor
HRS040280,Peritumoral,Normal
HRS040281,Patient Solid Tissue,Tumor
HRS040282,Peritumoral,Normal
HRS040283,Patient Solid Tissue,Tumor
HRS040284,Peritumoral,Normal
HRS040285,Patient Solid Tissue,Tumor
HRS040286,Peritumoral,Normal
HRS040287,Patient Solid Tissue,Tumor
HRS040288,Peritumoral,Normal
HRS040289,Patient Solid Tissue,Tumor
HRS040290,Peritumoral,Normal
HRS040291,Patient Solid Tissue,Tumor
HRS040292,Peritumoral,Normal
HRS040293,Patient Solid Tissue,Tumor
HRS040294,Peritumoral,Normal
HRS040295,Patient Solid Tissue,Tumor
HRS040296,Peritumoral,Normal
HRS040297,Patient Solid Tissue,Tumor
HRS040298,Peritumoral,Normal
HRS040299,Patient Solid Tissue,Tumor
HRS040300,Peritumoral,Normal
HRS040301,Patient Solid Tissue,Tumor
HRS040302,Peritumoral,Normal
HRS040303,Patient Solid Tissue,Tumor
HRS040304,Peritumoral,Normal
HRS040305,Patient Solid Tissue,Tumor
HRS040306,Peritumoral,Normal
HRS040307,Patient Solid Tissue,Tumor
HRS040308,Peritumoral,Normal
HRS040309,Patient Solid Tissue,Tumor
HRS040310,Peritumoral,Normal
HRS040311,Patient Solid Tissue,Tumor
HRS040312,Peritumoral,Normal
HRS040313,Patient Solid Tissue,Tumor
HRS040314,Peritumoral,Normal
HRS040315,Patient Solid Tissue,Tumor
HRS040316,Peritumoral,Normal
HRS040317,Patient Solid Tissue,Tumor
HRS040318,Peritumoral,Normal
HRS040319,Patient Solid Tissue,Tumor
HRS040320,Peritumoral,Normal
HRS040321,Patient Solid Tissue,Tumor
HRS040322,Peritumoral,Normal
HRS040323,Patient Solid Tissue,Tumor
HRS040324,Peritumoral,Normal
HRS040325,Patient Solid Tissue,Tumor
HRS040326,Peritumoral,Normal
HRS040327,Patient Solid Tissue,Tumor
HRS040328,Peritumoral,Normal
HRS040329,Patient Solid Tissue,Tumor
HRS040330,Peritumoral,Normal
HRS040331,Patient Solid Tissue,Tumor
HRS040332,Peritumoral,Normal
HRS040333,Patient Solid Tissue,Tumor
HRS040334,Peritumoral,Normal
HRS040335,Patient Solid Tissue,Tumor
HRS040336,Peritumoral,Normal
HRS040337,Patient Solid Tissue,Tumor
HRS040338,Peritumoral,Normal
HRS040339,Patient Solid Tissue,Tumor
HRS040340,Peritumoral,Normal
HRS040341,Patient Solid Tissue,Tumor
HRS040342,Peritumoral,Normal
HRS040343,Patient Solid Tissue,Tumor
HRS040344,Peritumoral,Normal
HRS040345,Patient Solid Tissue,Tumor
HRS040346,Peritumoral,Normal
HRS040347,Patient Solid Tissue,Tumor
HRS040348,Peritumoral,Normal
HRS040349,Patient Solid Tissue,Tumor
HRS040350,Peritumoral,Normal
HRS040351,Patient Solid Tissue,Tumor
HRS040352,Peritumoral,Normal
HRS040353,Patient Solid Tissue,Tumor
HRS040354,Peritumoral,Normal
HRS040355,Patient Solid Tissue,Tumor
HRS040356,Peritumoral,Normal
HRS040357,Patient Solid Tissue,Tumor
HRS040358,Peritumoral,Normal
HRS040359,Patient Solid Tissue,Tumor
HRS040360,Peritumoral,Normal
HRS040361,Patient Solid Tissue,Tumor
HRS040362,Peritumoral,Normal
HRS040363,Patient Solid Tissue,Tumor
HRS040364,Peritumoral,Normal
HRS040365,Patient Solid Tissue,Tumor
HRS040366,Peritumoral,Normal
HRS040367,Patient Solid Tissue,Tumor
HRS040368,Peritumoral,Normal
HRS040369,Patient Solid Tissue,Tumor
HRS040370,Peritumoral,Normal
HRS040371,Patient Solid Tissue,Tumor
HRS040372,Peritumoral,Normal
HRS040373,Patient Solid Tissue,Tumor
HRS040374,Peritumoral,Normal
HRS040375,Patient Solid Tissue,Tumor
HRS040376,Peritumoral,Normal
HRS040377,Patient Solid Tissue,Tumor
HRS040378,Peritumoral,Normal
HRS040379,Patient Solid Tissue,Tumor
HRS040380,Peritumoral,Normal
HRS040381,Patient Solid Tissue,Tumor
HRS040382,Peritumoral,Normal
HRS040383,Patient Solid Tissue,Tumor
HRS040384,Peritumoral,Normal
HRS040385,Patient Solid Tissue,Tumor
HRS040386,Peritumoral,Normal
HRS040387,Patient Solid Tissue,Tumor
HRS040388,Peritumoral,Normal
HRS040389,Patient Solid Tissue,Tumor
HRS040390,Peritumoral,Normal
HRS040391,Patient Solid Tissue,Tumor
HRS040392,Peritumoral,Normal
HRS040393,Patient Solid Tissue,Tumor
HRS040394,Peritumoral,Normal
HRS040395,Patient Solid Tissue,Tumor
HRS040396,Peritumoral,Normal
HRS040397,Patient Solid Tissue,Tumor
HRS040398,Peritumoral,Normal
HRS040399,Patient Solid Tissue,Tumor
HRS040400,Peritumoral,Normal
HRS040401,Patient Solid Tissue,Tumor
HRS040402,Peritumoral,Normal
HRS040403,Patient Solid Tissue,Tumor
HRS040404,Peritumoral,Normal
HRS040405,Patient Solid Tissue,Tumor
HRS040406,Peritumoral,Normal
HRS040407,Patient Solid Tissue,Tumor
HRS040408,Peritumoral,Normal
HRS040409,Patient Solid Tissue,Tumor
HRS040410,Peritumoral,Normal
HRS040411,Patient Solid Tissue,Tumor
HRS040412,Peritumoral,Normal
HRS040413,Patient Solid Tissue,Tumor
HRS040414,Peritumoral,Normal
HRS040415,Patient Solid Tissue,Tumor
HRS040416,Peritumoral,Normal
HRS040417,Patient Solid Tissue,Tumor
HRS040418,Peritumoral,Normal
HRS040419,Patient Solid Tissue,Tumor
HRS040420,Peritumoral,Normal
HRS040421,Patient Solid Tissue,Tumor
HRS040422,Peritumoral,Normal
HRS040423,Patient Solid Tissue,Tumor
HRS040424,Peritumoral,Normal
HRS040425,Patient Solid Tissue,Tumor
HRS040426,Peritumoral,Normal
HRS040427,Patient Solid Tissue,Tumor
HRS040428,Peritumoral,Normal
HRS040429,Patient Solid Tissue,Tumor
HRS040430,Peritumoral,Normal
HRS040431,Patient Solid Tissue,Tumor
HRS040432,Peritumoral,Normal
HRS040433,Patient Solid Tissue,Tumor
HRS040434,Peritumoral,Normal
HRS040435,Patient Solid Tissue,Tumor
HRS040436,Peritumoral,Normal
HRS040437,Patient Solid Tissue,Tumor
HRS040438,Peritumoral,Normal
HRS040439,Patient Solid Tissue,Tumor
HRS040440,Peritumoral,Normal
HRS040441,Patient Solid Tissue,Tumor
HRS040442,Peritumoral,Normal
HRS040443,Patient Solid Tissue,Tumor
HRS040444,Peritumoral,Normal
HRS040445,Patient Solid Tissue,Tumor
HRS040446,Peritumoral,Normal
HRS040447,Patient Solid Tissue,Tumor
HRS040448,Peritumoral,Normal
HRS040449,Patient Solid Tissue,Tumor
HRS040450,Peritumoral,Normal
HRS040451,Patient Solid Tissue,Tumor
HRS040452,Peritumoral,Normal
HRS040453,Patient Solid Tissue,Tumor
HRS040454,Peritumoral,Normal
HRS040455,Patient Solid Tissue,Tumor
HRS040456,Peritumoral,Normal
HRS040457,Patient Solid Tissue,Tumor
HRS040458,Peritumoral,Normal
HRS040459,Patient Solid Tissue,Tumor
HRS040460,Peritumoral,Normal
HRS040461,Patient Solid Tissue,Tumor
HRS040462,Peritumoral,Normal
HRS040463,Patient Solid Tissue,Tumor
HRS040464,Peritumoral,Normal
HRS040465,Patient Solid Tissue,Tumor
HRS040466,Peritumoral,Normal
HRS040467,Patient Solid Tissue,Tumor
HRS040468,Peritumoral,Normal
HRS040469,Patient Solid Tissue,Tumor
HRS040470,Peritumoral,Normal
HRS040471,Patient Solid Tissue,Tumor
HRS040472,Peritumoral,Normal
HRS040473,Patient Solid Tissue,Tumor
HRS040474,Peritumoral,Normal
HRS040475,Patient Solid Tissue,Tumor
HRS040476,Peritumoral,Normal
HRS040477,Patient Solid Tissue,Tumor
HRS040478,Peritumoral,Normal
HRS040479,Patient Solid Tissue,Tumor
HRS040480,Peritumoral,Normal
HRS040481,Patient Solid Tissue,Tumor
HRS040482,Peritumoral,Normal
HRS040483,Patient Solid Tissue,Tumor
HRS040484,Peritumoral,Normal
HRS040485,Patient Solid Tissue,Tumor
HRS040486,Peritumoral,Normal
HRS040487,Patient Solid Tissue,Tumor
HRS040488,Peritumoral,Normal
HRS040489,Patient Solid Tissue,Tumor
HRS040490,Peritumoral,Normal
HRS040491,Patient Solid Tissue,Tumor
HRS040492,Peritumoral,Normal
HRS040493,Patient Solid Tissue,Tumor
HRS040494,Peritumoral,Normal
HRS040495,Patient Solid Tissue,Tumor
HRS040496,Peritumoral,Normal
HRS040497,Patient Solid Tissue,Tumor
HRS040498,Peritumoral,Normal
HRS040499,Patient Solid Tissue,Tumor
HRS040500,Peritumoral,Normal
HRS040501,Patient Solid Tissue,Tumor
HRS040502,Peritumoral,Normal
HRS040503,Patient Solid Tissue,Tumor
HRS040504,Peritumoral,Normal
HRS040505,Patient Solid Tissue,Tumor
HRS040506,Peritumoral,Normal
HRS040507,Patient Solid Tissue,Tumor
HRS040508,Peritumoral,Normal
HRS040509,Patient Solid Tissue,Tumor
HRS040510,Peritumoral,Normal
HRS040511,Patient Solid Tissue,Tumor
HRS040512,Peritumoral,Normal
HRS040513,Patient Solid Tissue,Tumor
HRS040514,Peritumoral,Normal
HRS040515,Patient Solid Tissue,Tumor
HRS040516,Peritumoral,Normal
HRS040517,Patient Solid Tissue,Tumor
HRS040518,Peritumoral,Normal
HRS040519,Patient Solid Tissue,Tumor
HRS040520,Peritumoral,Normal
HRS040521,Patient Solid Tissue,Tumor
HRS040522,Peritumoral,Normal
HRS040523,Patient Solid Tissue,Tumor
HRS040524,Peritumoral,Normal
HRS040525,Patient Solid Tissue,Tumor
HRS040526,Peritumoral,Normal
HRS040527,Patient Solid Tissue,Tumor
HRS040528,Peritumoral,Normal
HRS040529,Patient Solid Tissue,Tumor
HRS040530,Peritumoral,Normal
HRS040531,Patient Solid Tissue,Tumor
HRS040532,Peritumoral,Normal
HRS040533,Patient Solid Tissue,Tumor
HRS040534,Peritumoral,Normal
HRS040535,Patient Solid Tissue,Tumor
HRS040536,Peritumoral,Normal
HRS040537,Patient Solid Tissue,Tumor
HRS040538,Peritumoral,Normal
HRS040539,Patient Solid Tissue,Tumor
HRS040540,Peritumoral,Normal
HRS040541,Patient Solid Tissue,Tumor
HRS040542,Peritumoral,Normal
HRS040543,Patient Solid Tissue,Tumor
HRS040544,Peritumoral,Normal
HRS040545,Patient Solid Tissue,Tumor
HRS040546,Peritumoral,Normal
HRS040547,Patient Solid Tissue,Tumor
HRS040548,Peritumoral,Normal
HRS040549,Patient Solid Tissue,Tumor
HRS040550,Peritumoral,Normal
HRS040551,Patient Solid Tissue,Tumor
HRS040552,Peritumoral,Normal
HRS040553,Patient Solid Tissue,Tumor
HRS040554,Peritumoral,Normal
HRS040555,Patient Solid Tissue,Tumor
HRS040556,Peritumoral,Normal
HRS040557,Patient Solid Tissue,Tumor
HRS040558,Peritumoral,Normal
HRS040559,Patient Solid Tissue,Tumor
HRS040560,Peritumoral,Normal
HRS040561,Patient Solid Tissue,Tumor
HRS040562,Peritumoral,Normal
HRS040563,Patient Solid Tissue,Tumor
HRS040564,Peritumoral,Normal
HRS040565,Patient Solid Tissue,Tumor
HRS040566,Peritumoral,Normal
HRS040567,Patient Solid Tissue,Tumor
HRS040568,Peritumoral,Normal
HRS040569,Patient Solid Tissue,Tumor
HRS040570,Peritumoral,Normal
HRS040571,Patient Solid Tissue,Tumor
HRS040572,Peritumoral,Normal
HRS040573,Patient Solid Tissue,Tumor
HRS040574,Peritumoral,Normal
HRS040575,Patient Solid Tissue,Tumor
HRS040576,Peritumoral,Normal
HRS040577,Patient Solid Tissue,Tumor
HRS040578,Peritumoral,Normal
HRS040579,Patient Solid Tissue,Tumor
HRS040580,Peritumoral,Normal
HRS040581,Patient Solid Tissue,Tumor
HRS040582,Peritumoral,Normal
HRS040583,Patient Solid Tissue,Tumor
HRS040584,Peritumoral,Normal
HRS040585,Patient Solid Tissue,Tumor
HRS040586,Peritumoral,Normal
HRS040587,Patient Solid Tissue,Tumor
HRS040588,Peritumoral,Normal
HRS040589,Patient Solid Tissue,Tumor
HRS040590,Peritumoral,Normal
HRS040591,Patient Solid Tissue,Tumor
HRS040592,Peritumoral,Normal
HRS040593,Patient Solid Tissue,Tumor
HRS040594,Peritumoral,Normal
HRS040595,Patient Solid Tissue,Tumor
HRS040596,Peritumoral,Normal
HRS040597,Patient Solid Tissue,Tumor
HRS040598,Peritumoral,Normal
HRS040599,Patient Solid Tissue,Tumor
HRS040600,Peritumoral,Normal
HRS040601,Patient Solid Tissue,Tumor
HRS040602,Peritumoral,Normal
HRS040603,Patient Solid Tissue,Tumor
HRS040604,Peritumoral,Normal
HRS040605,Patient Solid Tissue,Tumor
HRS040606,Peritumoral,Normal
HRS040607,Patient Solid Tissue,Tumor
HRS040608,Peritumoral,Normal
HRS040609,Patient Solid Tissue,Tumor
HRS040610,Peritumoral,Normal
HRS040611,Patient Solid Tissue,Tumor
HRS040612,Peritumoral,Normal
HRS040613,Patient Solid Tissue,Tumor
HRS040614,Peritumoral,Normal
HRS040615,Patient Solid Tissue,Tumor
HRS040616,Peritumoral,Normal
HRS040617,Patient Solid Tissue,Tumor
HRS040618,Peritumoral,Normal
HRS040619,Patient Solid Tissue,Tumor
HRS040620,Peritumoral,Normal
HRS040621,Patient Solid Tissue,Tumor
HRS040622,Peritumoral,Normal
HRS040623,Patient Solid Tissue,Tumor
HRS040624,Peritumoral,Normal
HRS040625,Patient Solid Tissue,Tumor
HRS040626,Peritumoral,Normal
HRS040627,Patient Solid Tissue,Tumor
HRS040628,Peritumoral,Normal
HRS040629,Patient Solid Tissue,Tumor
HRS040630,Peritumoral,Normal
HRS040631,Patient Solid Tissue,Tumor
HRS040632,Peritumoral,Normal
HRS040633,Patient Solid Tissue,Tumor
HRS040634,Peritumoral,Normal
HRS040635,Patient Solid Tissue,Tumor
HRS040636,Peritumoral,Normal
HRS040637,Patient Solid Tissue,Tumor
HRS040638,Peritumoral,Normal
HRS040639,Patient Solid Tissue,Tumor
HRS040640,Peritumoral,Normal
HRS040641,Patient Solid Tissue,Tumor
HRS040642,Peritumoral,Normal
HRS040643,Patient Solid Tissue,Tumor
HRS040644,Peritumoral,Normal
HRS040645,Patient Solid Tissue,Tumor
HRS040646,Peritumoral,Normal
HRS040647,Patient Solid Tissue,Tumor
HRS040648,Peritumoral,Normal
HRS040649,Patient Solid Tissue,Tumor
HRS040650,Peritumoral,Normal
HRS040651,Patient Solid Tissue,Tumor
HRS040652,Peritumoral,Normal
HRS040653,Patient Solid Tissue,Tumor
HRS040654,Peritumoral,Normal
HRS040655,Patient Solid Tissue,Tumor
HRS040656,Peritumoral,Normal
HRS040657,Patient Solid Tissue,Tumor
HRS040658,Peritumoral,Normal
HRS040659,Patient Solid Tissue,Tumor
HRS040660,Peritumoral,Normal
HRS040661,Patient Solid Tissue,Tumor
HRS040662,Peritumoral,Normal
HRS040663,Patient Solid Tissue,Tumor
HRS040664,Peritumoral,Normal
HRS040665,Patient Solid Tissue,Tumor
HRS040666,Peritumoral,Normal
HRS040667,Patient Solid Tissue,Tumor
HRS040668,Peritumoral,Normal
HRS040669,Patient Solid Tissue,Tumor
HRS040670,Peritumoral,Normal
HRS040671,Patient Solid Tissue,Tumor
HRS040672,Peritumoral,Normal
HRS040673,Patient Solid Tissue,Tumor
HRS040674,Peritumoral,Normal
HRS040675,Patient Solid Tissue,Tumor
HRS040676,Peritumoral,Normal
HRS040677,Patient Solid Tissue,Tumor
HRS040678,Peritumoral,Normal
HRS040679,Patient Solid Tissue,Tumor
HRS040680,Peritumoral,Normal
HRS040681,Patient Solid Tissue,Tumor
HRS040682,Peritumoral,Normal
HRS040683,Patient Solid Tissue,Tumor
HRS040684,Peritumoral,Normal
HRS040685,Patient Solid Tissue,Tumor
HRS040686,Peritumoral,Normal
HRS040687,Patient Solid Tissue,Tumor
HRS040688,Peritumoral,Normal
HRS040689,Patient Solid Tissue,Tumor
HRS040690,Peritumoral,Normal
HRS040691,Patient Solid Tissue,Tumor
HRS040692,Peritumoral,Normal
HRS040693,Patient Solid Tissue,Tumor
HRS040694,Peritumoral,Normal
HRS040695,Patient Solid Tissue,Tumor
HRS040696,Peritumoral,Normal
HRS040697,Patient Solid Tissue,Tumor
HRS040698,Peritumoral,Normal
HRS040699,Patient Solid Tissue,Tumor
HRS040700,Peritumoral,Normal
HRS040701,Patient Solid Tissue,Tumor
HRS040702,Peritumoral,Normal
HRS040703,Patient Solid Tissue,Tumor
HRS040704,Peritumoral,Normal
HRS040705,Patient Solid Tissue,Tumor
HRS040706,Peritumoral,Normal
HRS040707,Patient Solid Tissue,Tumor
HRS040708,Peritumoral,Normal
HRS040709,Patient Solid Tissue,Tumor
HRS040710,Peritumoral,Normal
HRS040711,Patient Solid Tissue,Tumor
HRS040712,Peritumoral,Normal
HRS040713,Patient Solid Tissue,Tumor
HRS040714,Peritumoral,Normal
HRS040715,Patient Solid Tissue,Tumor
HRS040716,Peritumoral,Normal
HRS040717,Patient Solid Tissue,Tumor
HRS040718,Peritumoral,Normal
HRS040719,Patient Solid Tissue,Tumor
HRS040720,Peritumoral,Normal
HRS040721,Patient Solid Tissue,Tumor
HRS040722,Peritumoral,Normal
HRS040723,Patient Solid Tissue,Tumor
HRS040724,Peritumoral,Normal
HRS040725,Patient Solid Tissue,Tumor
HRS040726,Peritumoral,Normal
HRS040727,Patient Solid Tissue,Tumor
HRS040728,Peritumoral,Normal
HRS040729,Patient Solid Tissue,Tumor
HRS040730,Peritumoral,Normal
HRS040731,Patient Solid Tissue,Tumor
HRS040732,Peritumoral,Normal
HRS040733,Patient Solid Tissue,Tumor
HRS040734,Peritumoral,Normal
HRS040735,Patient Solid Tissue,Tumor
HRS040736,Peritumoral,Normal
HRS040737,Patient Solid Tissue,Tumor
HRS040738,Peritumoral,Normal
HRS040739,Patient Solid Tissue,Tumor
HRS040740,Peritumoral,Normal
HRS040741,Patient Solid Tissue,Tumor
HRS040742,Peritumoral,Normal
HRS040743,Patient Solid Tissue,Tumor
HRS040744,Peritumoral,Normal
HRS040745,Patient Solid Tissue,Tumor
HRS040746,Peritumoral,Normal
HRS040747,Patient Solid Tissue,Tumor
HRS040748,Peritumoral,Normal
HRS040749,Patient Solid Tissue,Tumor
HRS040750,Peritumoral,Normal
HRS040751,Patient Solid Tissue,Tumor
HRS040752,Peritumoral,Normal
HRS040753,Patient Solid Tissue,Tumor
HRS040754,Peritumoral,Normal
HRS040755,Patient Solid Tissue,Tumor
HRS040756,Peritumoral,Normal
HRS040757,Patient Solid Tissue,Tumor
HRS040758,Peritumoral,Normal
HRS040759,Patient Solid Tissue,Tumor
HRS040760,Peritumoral,Normal
HRS040761,Patient Solid Tissue,Tumor
HRS040762,Peritumoral,Normal
HRS040763,Patient Solid Tissue,Tumor
HRS040764,Peritumoral,Normal
HRS040765,Patient Solid Tissue,Tumor
HRS040766,Peritumoral,Normal
HRS040767,Patient Solid Tissue,Tumor
HRS040768,Peritumoral,Normal
HRS040769,Patient Solid Tissue,Tumor
HRS040770,Peritumoral,Normal
HRS040771,Patient Solid Tissue,Tumor
HRS040772,Peritumoral,Normal
HRS040773,Patient Solid Tissue,Tumor
HRS040774,Peritumoral,Normal
HRS040775,Patient Solid Tissue,Tumor
HRS040776,Peritumoral,Normal
HRS040777,Patient Solid Tissue,Tumor
HRS040778,Peritumoral,Normal
HRS040779,Patient Solid Tissue,Tumor
HRS040780,Peritumoral,Normal
HRS040781,Patient Solid Tissue,Tumor
HRS040782,Peritumoral,Normal
HRS040783,Patient Solid Tissue,Tumor
HRS040784,Peritumoral,Normal
HRS040785,Patient Solid Tissue,Tumor
HRS040786,Peritumoral,Normal
HRS040787,Patient Solid Tissue,Tumor
HRS040788,Peritumoral,Normal
HRS040789,Patient Solid Tissue,Tumor
HRS040790,Peritumoral,Normal
HRS040791,Patient Solid Tissue,Tumor
HRS040792,Peritumoral,Normal
HRS040793,Patient Solid Tissue,Tumor
HRS040794,Peritumoral,Normal
HRS040795,Patient Solid Tissue,Tumor
HRS040796,Peritumoral,Normal
HRS040797,Patient Solid Tissue,Tumor
HRS040798,Peritumoral,Normal
HRS040799,Patient Solid Tissue,Tumor
HRS040800,Peritumoral,Normal
HRS040801,Patient Solid Tissue,Tumor
HRS040802,Peritumoral,Normal
HRS040803,Patient Solid Tissue,Tumor
HRS040804,Peritumoral,Normal
HRS040805,Patient Solid Tissue,Tumor
HRS040806,Peritumoral,Normal
HRS040807,Patient Solid Tissue,Tumor
HRS1008013,Bone Marrow,Tumor
HRS1008014,Bone Marrow,Tumor
HRS1008015,Bone Marrow,Tumor
HRS1008016,Bone Marrow,Tumor
HRS1008017,Bone Marrow,Tumor
HRS1008018,Bone Marrow,Tumor
HRS1008019,Bone Marrow,Tumor
HRS1008020,Bone Marrow,Tumor
HRS1008021,Bone Marrow,Tumor
HRS1008022,Bone Marrow,Tumor
HRS1008023,Bone Marrow,Tumor
HRS1008024,Bone Marrow,Tumor
HRS1008025,Bone Marrow,Tumor
HRS1008026,Bone Marrow,Tumor
HRS1008027,Bone Marrow,Tumor
HRS1008028,Bone Marrow,Tumor
HRS1008029,Bone Marrow,Tumor
HRS1008030,Bone Marrow,Tumor
HRS1008031,Bone Marrow,Tumor
HRS1008032,Bone Marrow,Tumor
HRS1008033,Bone Marrow,Tumor
HRS1008034,Bone Marrow,Tumor
HRS1008035,Bone Marrow,Tumor
HRS1008036,Bone Marrow,Tumor
HRS1008037,Bone Marrow,Tumor
HRS1008038,Bone Marrow,Tumor
HRS1008039,Bone Marrow,Tumor
HRS1008040,Bone Marrow,Tumor
HRS1008041,Bone Marrow,Tumor
HRS1008042,Bone Marrow,Tumor
HRS1008043,Bone Marrow,Tumor
HRS1008044,Bone Marrow,Tumor
HRS1008045,Bone Marrow,Tumor
HRS1008046,Bone Marrow,Tumor
HRS1008047,Bone Marrow,Tumor
HRS1008048,Bone Marrow,Tumor
HRS1008049,Bone Marrow,Tumor
HRS1008050,Bone Marrow,Tumor
HRS1008051,Bone Marrow,Tumor
HRS1008052,Bone Marrow,Tumor
HRS1008053,Bone Marrow,Tumor
HRS1008054,Bone Marrow,Tumor
HRS1008055,Bone Marrow,Tumor
HRS1008056,Bone Marrow,Tumor
HRS1008057,Bone Marrow,Tumor
HRS1008058,Bone Marrow,Tumor
HRS1008059,Bone Marrow,Tumor
HRS1008060,Bone Marrow,Tumor
HRS1008061,Bone Marrow,Tumor
HRS1008062,Bone Marrow,Tumor
HRS1008063,Bone Marrow,Tumor
HRS1008064,Bone Marrow,Tumor
HRS1008065,Bone Marrow,Tumor
HRS1008066,Bone Marrow,Tumor
HRS1008067,Bone Marrow,Tumor
HRS1008068,Bone Marrow,Tumor
HRS1008069,Bone Marrow,Tumor
HRS1008070,Bone Marrow,Tumor
HRS1008071,Bone Marrow,Tumor
HRS1008072,Bone Marrow,Tumor
HRS1008073,Bone Marrow,Tumor
HRS1008074,Bone Marrow,Tumor
HRS1008075,Bone Marrow,Tumor
HRS1008076,Bone Marrow,Tumor
HRS1008077,Bone Marrow,Tumor
HRS1008078,Bone Marrow,Tumor
HRS1008079,Bone Marrow,Tumor
HRS1008080,Bone Marrow,Tumor
HRS1008081,Bone Marrow,Tumor
HRS1008082,Bone Marrow,Tumor
HRS1008083,Bone Marrow,Tumor
HRS1008084,Bone Marrow,Tumor
HRS1008085,Bone Marrow,Tumor
HRS1008086,Bone Marrow,Tumor
HRS1008087,Bone Marrow,Tumor
HRS1008088,Bone Marrow,Tumor
HRS1008089,Bone Marrow,Tumor
HRS1008090,Bone Marrow,Tumor
HRS1008091,Bone Marrow,Tumor
HRS1008092,Bone Marrow,Tumor
HRS1008093,Bone Marrow,Tumor
HRS1008094,Bone Marrow,Tumor
HRS1008095,Bone Marrow,Tumor
HRS1008096,Bone Marrow,Tumor
HRS1008097,Bone Marrow,Tumor
HRS1008098,Bone Marrow,Tumor
HRS1008099,Bone Marrow,Tumor
HRS1008100,Bone Marrow,Tumor
HRS1008101,Bone Marrow,Tumor
HRS1008102,Bone Marrow,Tumor
HRS1008103,Bone Marrow,Tumor
HRS1008104,Bone Marrow,Tumor
HRS1008105,Bone Marrow,Tumor
HRS1008106,Bone Marrow,Tumor
HRS1008107,Bone Marrow,Tumor
HRS1008108,Bone Marrow,Tumor
HRS1008109,Bone Marrow,Tumor
HRS1008110,Bone Marrow,Tumor
HRS1008111,Bone Marrow,Tumor
HRS1008112,Bone Marrow,Tumor
HRS1008113,Bone Marrow,Tumor
HRS1008114,Bone Marrow,Tumor
HRS1008115,Bone Marrow,Tumor
HRS1008116,Bone Marrow,Tumor
HRS1008117,Bone Marrow,Tumor
HRS1008118,Bone Marrow,Tumor
HRS1008119,Bone Marrow,Tumor
HRS1008120,Bone Marrow,Tumor
HRS1008121,Bone Marrow,Tumor
HRS1008122,Bone Marrow,Tumor
HRS1008123,Bone Marrow,Tumor
HRS1008124,Bone Marrow,Tumor
HRS1008125,Bone Marrow,Tumor
HRS1008126,Bone Marrow,Tumor
HRS1008127,Bone Marrow,Tumor
HRS1008128,Bone Marrow,Tumor
HRS1008129,Bone Marrow,Tumor
HRS1008130,Bone Marrow,Tumor
HRS1008131,Bone Marrow,Tumor
HRS1008132,Bone Marrow,Tumor
HRS1008133,Bone Marrow,Tumor
HRS1008134,Bone Marrow,Tumor
HRS1008135,Bone Marrow,Tumor
HRS1008136,Bone Marrow,Tumor
HRS1008137,Bone Marrow,Tumor
HRS1008138,Bone Marrow,Tumor
HRS1008139,Bone Marrow,Tumor
HRS1008140,Bone Marrow,Tumor
HRS1008141,Bone Marrow,Tumor
HRS1008142,Bone Marrow,Tumor
HRS1008143,Bone Marrow,Tumor
HRS1008144,Bone Marrow,Tumor
HRS1008145,Bone Marrow,Tumor
HRS1008146,Bone Marrow,Tumor
HRS1008147,Bone Marrow,Tumor
HRS1008148,Bone Marrow,Tumor
HRS1008149,Bone Marrow,Tumor
HRS1008150,Bone Marrow,Tumor
HRS1008151,Bone Marrow,Tumor
HRS1008152,Bone Marrow,Tumor
HRS1008153,Bone Marrow,Tumor
HRS1008154,Bone Marrow,Tumor
HRS1008155,Bone Marrow,Tumor
HRS1008156,Bone Marrow,Tumor
HRS1008157,Bone Marrow,Tumor
HRS1008158,Bone Marrow,Tumor
HRS1008159,Bone Marrow,Tumor
HRS1008160,Bone Marrow,Tumor
HRS1008161,Bone Marrow,Tumor
HRS1008162,Bone Marrow,Tumor
HRS1008163,Bone Marrow,Tumor
HRS1008164,Bone Marrow,Tumor
HRS1008165,Bone Marrow,Tumor
HRS1008166,Bone Marrow,Tumor
HRS1008167,Bone Marrow,Tumor
HRS1008168,Bone Marrow,Tumor
HRS1008169,Bone Marrow,Tumor
HRS1008170,Bone Marrow,Tumor
HRS1008171,Bone Marrow,Tumor
HRS1008172,Bone Marrow,Tumor
HRS1008173,Bone Marrow,Tumor
HRS1008174,Bone Marrow,Tumor
HRS1008175,Bone Marrow,Tumor
HRS1008176,Bone Marrow,Tumor
HRS1008177,Bone Marrow,Tumor
HRS1008178,Bone Marrow,Tumor
HRS1008179,Bone Marrow,Tumor
HRS1008180,Bone Marrow,Tumor
HRS1008181,Bone Marrow,Tumor
HRS1008182,Bone Marrow,Tumor
HRS1008183,Bone Marrow,Tumor
HRS1008184,Bone Marrow,Tumor
HRS1008185,Bone Marrow,Tumor
HRS1008186,Bone Marrow,Tumor
HRS1008187,Bone Marrow,Tumor
HRS1008188,Bone Marrow,Tumor
HRS1008189,Bone Marrow,Tumor
HRS1008190,Bone Marrow,Tumor
HRS1008191,Bone Marrow,Tumor
HRS1008192,Bone Marrow,Tumor
HRS1008193,Bone Marrow,Tumor
HRS1008194,Bone Marrow,Tumor
HRS1008195,Bone Marrow,Tumor
HRS1008196,Bone Marrow,Tumor
HRS1008197,Bone Marrow,Tumor
HRS1008198,Bone Marrow,Tumor
HRS1008199,Bone Marrow,Tumor
HRS1008200,Bone Marrow,Tumor
HRS1008201,Bone Marrow,Tumor
HRS1008202,Bone Marrow,Tumor
HRS1008203,Bone Marrow,Tumor
HRS1008204,Bone Marrow,Tumor
HRS1008205,Bone Marrow,Tumor
HRS1008206,Bone Marrow,Tumor
HRS1008207,Bone Marrow,Tumor
HRS1008208,Bone Marrow,Tumor
HRS1008209,Bone Marrow,Tumor
HRS1008210,Bone Marrow,Tumor
HRS1008211,Bone Marrow,Tumor
HRS1008212,Bone Marrow,Tumor
HRS1008213,Bone Marrow,Tumor
HRS1008214,Bone Marrow,Tumor
HRS1008215,Bone Marrow,Tumor
HRS1008216,Bone Marrow,Tumor
HRS1008217,Bone Marrow,Tumor
HRS1008218,Bone Marrow,Tumor
HRS1008219,Bone Marrow,Tumor
HRS1008220,Bone Marrow,Tumor
HRS1008221,Bone Marrow,Tumor
HRS1008222,Bone Marrow,Tumor
HRS1008223,Bone Marrow,Tumor
HRS1008224,Bone Marrow,Tumor
HRS1008225,Bone Marrow,Tumor
HRS1008226,Bone Marrow,Tumor
HRS1008227,Bone Marrow,Tumor
HRS1008228,Bone Marrow,Tumor
HRS1008229,Bone Marrow,Tumor
HRS1008230,Bone Marrow,Tumor
HRS1008231,Bone Marrow,Tumor
HRS1008232,Bone Marrow,Tumor
HRS1008233,Bone Marrow,Tumor
HRS1008234,Bone Marrow,Tumor
HRS1008235,Bone Marrow,Tumor
HRS1008236,Bone Marrow,Tumor
HRS1008237,Bone Marrow,Tumor
HRS1008238,Bone Marrow,Tumor
HRS1008239,Bone Marrow,Tumor
HRS1008240,Bone Marrow,Tumor
HRS1008241,Bone Marrow,Tumor
HRS1008242,Bone Marrow,Tumor
HRS1008243,Bone Marrow,Tumor
HRS1008244,Bone Marrow,Tumor
HRS1008245,Bone Marrow,Tumor
HRS1008246,Bone Marrow,Tumor
HRS1008247,Bone Marrow,Tumor
HRS1008248,Bone Marrow,Tumor
HRS1008249,Bone Marrow,Tumor
HRS1008250,Bone Marrow,Tumor
HRS1008251,Bone Marrow,Tumor
HRS1008252,Bone Marrow,Tumor
HRS1008253,Bone Marrow,Tumor
HRS1008254,Bone Marrow,Tumor
HRS1008255,Bone Marrow,Tumor
HRS1008256,Bone Marrow,Tumor
HRS1008257,Bone Marrow,Tumor
HRS1008258,Bone Marrow,Tumor
HRS1008259,Bone Marrow,Tumor
HRS1008260,Bone Marrow,Tumor
HRS1008261,Bone Marrow,Tumor
HRS1008262,Bone Marrow,Tumor
HRS1008263,Bone Marrow,Tumor
HRS1008264,Bone Marrow,Tumor
HRS1008265,Bone Marrow,Tumor
HRS1008266,Bone Marrow,Tumor
HRS1008267,Bone Marrow,Tumor
HRS1008268,Bone Marrow,Tumor
HRS1008269,Bone Marrow,Tumor
HRS1008270,Bone Marrow,Tumor
HRS1008271,Bone Marrow,Tumor
HRS1008272,Bone Marrow,Tumor
HRS1008273,Bone Marrow,Tumor
HRS1008274,Bone Marrow,Tumor
HRS1008275,Bone Marrow,Tumor
HRS1008276,Bone Marrow,Tumor
HRS1008277,Bone Marrow,Tumor
HRS1008278,Bone Marrow,Tumor
HRS1008279,Bone Marrow,Tumor
HRS1008280,Bone Marrow,Tumor
HRS1008281,Bone Marrow,Tumor
HRS1008282,Bone Marrow,Tumor
HRS1008283,Bone Marrow,Tumor
HRS1008284,Bone Marrow,Tumor
HRS1008285,Bone Marrow,Tumor
HRS1008286,Bone Marrow,Tumor
HRS1008287,Bone Marrow,Tumor
HRS1008288,Bone Marrow,Tumor
HRS1008289,Bone Marrow,Tumor
HRS1008290,Bone Marrow,Tumor
HRS1008291,Bone Marrow,Tumor
HRS1008292,Bone Marrow,Tumor
HRS1008293,Bone Marrow,Tumor
HRS1008294,Bone Marrow,Tumor
HRS1008295,Bone Marrow,Tumor
HRS1008296,Bone Marrow,Tumor
HRS1008297,Bone Marrow,Tumor
HRS1008298,Bone Marrow,Tumor
HRS1008299,Bone Marrow,Tumor
HRS1008300,Bone Marrow,Tumor
HRS1008301,Bone Marrow,Tumor
HRS1008302,Bone Marrow,Tumor
HRS1008303,Bone Marrow,Tumor
HRS1008304,Bone Marrow,Tumor
HRS1008305,Bone Marrow,Tumor
HRS1008306,Bone Marrow,Tumor
HRS1008307,Bone Marrow,Tumor
HRS1008308,Bone Marrow,Tumor
HRS1008309,Bone Marrow,Tumor
HRS1008310,Bone Marrow,Tumor
HRS1008311,Bone Marrow,Tumor
HRS1008312,Bone Marrow,Tumor
HRS1008313,Bone Marrow,Tumor
HRS1008314,Bone Marrow,Tumor
HRS1008315,Bone Marrow,Tumor
HRS1008316,Bone Marrow,Tumor
HRS1008317,Bone Marrow,Tumor
HRS1008318,Bone Marrow,Tumor
HRS1008319,Bone Marrow,Tumor
HRS1008320,Bone Marrow,Tumor
HRS1008321,Bone Marrow,Tumor
HRS1008322,Bone Marrow,Tumor
HRS1008323,Bone Marrow,Tumor
HRS1008324,Bone Marrow,Tumor
HRS1008325,Bone Marrow,Tumor
HRS1008326,Bone Marrow,Tumor
HRS1008327,Bone Marrow,Tumor
HRS1008328,Bone Marrow,Tumor
HRS1008329,Bone Marrow,Tumor
HRS1008330,Bone Marrow,Tumor
HRS1008331,Bone Marrow,Tumor
HRS1008332,Bone Marrow,Tumor
HRS1008333,Bone Marrow,Tumor
HRS1008334,Bone Marrow,Tumor
HRS1008335,Bone Marrow,Tumor
HRS1008336,Bone Marrow,Tumor
HRS1008337,Bone Marrow,Tumor
HRS1008338,Bone Marrow,Tumor
HRS1008339,Bone Marrow,Tumor
HRS1008340,Bone Marrow,Tumor
HRS1008341,Bone Marrow,Tumor
HRS1008342,Bone Marrow,Tumor
HRS1008343,Bone Marrow,Tumor
HRS1008344,Bone Marrow,Tumor
HRS1008345,Bone Marrow,Tumor
HRS1008346,Bone Marrow,Tumor
HRS1008347,Bone Marrow,Tumor
HRS1008348,Bone Marrow,Tumor
HRS1008349,Bone Marrow,Tumor
HRS1008350,Bone Marrow,Tumor
HRS1008351,Bone Marrow,Tumor
HRS1008352,Bone Marrow,Tumor
HRS1008353,Bone Marrow,Tumor
HRS1008354,Bone Marrow,Tumor
HRS1008355,Bone Marrow,Tumor
HRS1008356,Bone Marrow,Tumor
HRS1008357,Bone Marrow,Tumor
HRS1008358,Bone Marrow,Tumor
HRS1008359,Bone Marrow,Tumor
HRS1008360,Bone Marrow,Tumor
HRS1008361,Bone Marrow,Tumor
HRS1008362,Bone Marrow,Tumor
HRS1008363,Bone Marrow,Tumor
HRS1008364,Bone Marrow,Tumor
HRS1008365,Bone Marrow,Tumor
HRS1008366,Bone Marrow,Tumor
HRS1008367,Bone Marrow,Tumor
HRS1008368,Bone Marrow,Tumor
HRS1008369,Bone Marrow,Tumor
HRS1008370,Bone Marrow,Tumor
HRS1008371,Bone Marrow,Tumor
HRS1008372,Bone Marrow,Tumor
HRS1008373,Bone Marrow,Tumor
HRS1008374,Bone Marrow,Tumor
HRS1008375,Bone Marrow,Tumor
HRS1008376,Bone Marrow,Tumor
HRS1008377,Bone Marrow,Tumor
HRS1008378,Bone Marrow,Tumor
HRS1008379,Bone Marrow,Tumor
HRS1008380,Bone Marrow,Tumor
HRS1008381,Bone Marrow,Tumor
HRS1008382,Bone Marrow,Tumor
HRS1008383,Bone Marrow,Tumor
HRS1008384,Bone Marrow,Tumor
HRS1008385,Bone Marrow,Tumor
HRS1008386,Bone Marrow,Tumor
HRS1008387,Bone Marrow,Tumor
HRS1008388,Bone Marrow,Tumor
HRS1008389,Bone Marrow,Tumor
HRS1008390,Bone Marrow,Tumor
HRS1008391,Bone Marrow,Tumor
HRS1008392,Bone Marrow,Tumor
HRS1008393,Bone Marrow,Tumor
HRS1008394,Bone Marrow,Tumor
HRS1008395,Bone Marrow,Tumor
HRS1008396,Bone Marrow,Tumor
HRS1008397,Bone Marrow,Tumor
HRS1008398,Bone Marrow,Tumor
HRS1008399,Bone Marrow,Tumor
HRS1008400,Bone Marrow,Tumor
HRS1008401,Bone Marrow,Tumor
HRS1008402,Bone Marrow,Tumor
HRS1008403,Bone Marrow,Tumor
HRS1008404,Bone Marrow,Tumor
HRS1008405,Bone Marrow,Tumor
HRS1008406,Bone Marrow,Tumor
HRS1008407,Bone Marrow,Tumor
HRS1008408,Bone Marrow,Tumor
HRS1008409,Bone Marrow,Tumor
HRS1008410,Bone Marrow,Tumor
HRS1008411,Bone Marrow,Tumor
HRS1008412,Bone Marrow,Tumor
HRS1008413,Bone Marrow,Tumor
HRS1008414,Bone Marrow,Tumor
HRS1008415,Bone Marrow,Tumor
HRS1008416,Bone Marrow,Tumor
HRS1008417,Bone Marrow,Tumor
HRS1008418,Bone Marrow,Tumor
HRS1008419,Bone Marrow,Tumor
HRS1008420,Bone Marrow,Tumor
HRS1008421,Bone Marrow,Tumor
HRS1008422,Bone Marrow,Tumor
HRS1008423,Bone Marrow,Tumor
HRS1008424,Bone Marrow,Tumor
HRS1008425,Bone Marrow,Tumor
HRS1008426,Bone Marrow,Tumor
HRS1008427,Bone Marrow,Tumor
HRS1008428,Bone Marrow,Tumor
HRS1008429,Bone Marrow,Tumor
HRS1008430,Bone Marrow,Tumor
HRS1008431,Bone Marrow,Tumor
HRS1008432,Bone Marrow,Tumor
HRS1008433,Bone Marrow,Tumor
HRS1008434,Bone Marrow,Tumor
HRS1008435,Bone Marrow,Tumor
HRS1008436,Bone Marrow,Tumor
HRS1008437,Bone Marrow,Tumor
HRS1008438,Bone Marrow,Tumor
HRS1008439,Bone Marrow,Tumor
HRS1008440,Bone Marrow,Tumor
HRS1008441,Bone Marrow,Tumor
HRS1008442,Bone Marrow,Tumor
HRS1008443,Bone Marrow,Tumor
HRS1008444,Bone Marrow,Tumor
HRS1008445,Bone Marrow,Tumor
HRS1008446,Bone Marrow,Tumor
HRS1008447,Bone Marrow,Tumor
HRS1008448,Bone Marrow,Tumor
HRS1008449,Bone Marrow,Tumor
HRS1008450,Bone Marrow,Tumor
HRS1008451,Bone Marrow,Tumor
HRS1008452,Bone Marrow,Tumor
HRS1008453,Bone Marrow,Tumor
HRS1008454,Bone Marrow,Tumor
HRS1008455,Bone Marrow,Tumor
HRS1008456,Bone Marrow,Tumor
HRS1008457,Bone Marrow,Tumor
HRS1008458,Bone Marrow,Tumor
HRS1008459,Bone Marrow,Tumor
HRS1008460,Bone Marrow,Tumor
HRS1008461,Bone Marrow,Tumor
HRS1008462,Bone Marrow,Tumor
HRS1008463,Bone Marrow,Tumor
HRS1008464,Bone Marrow,Tumor
HRS1008465,Bone Marrow,Tumor
HRS1008466,Bone Marrow,Tumor
HRS1008467,Bone Marrow,Tumor
HRS1008468,Bone Marrow,Tumor
HRS1008469,Bone Marrow,Tumor
HRS1008470,Bone Marrow,Tumor
HRS1008471,Bone Marrow,Tumor
HRS1008472,Bone Marrow,Tumor
HRS1008473,Bone Marrow,Tumor
HRS1008474,Bone Marrow,Tumor
HRS1008475,Bone Marrow,Tumor
HRS1008476,Bone Marrow,Tumor
HRS1008477,Bone Marrow,Tumor
HRS1008478,Bone Marrow,Tumor
HRS1008479,Bone Marrow,Tumor
HRS1008480,Bone Marrow,Tumor
HRS1008481,Bone Marrow,Tumor
HRS1008482,Bone Marrow,Tumor
HRS1008483,Bone Marrow,Tumor
HRS1008484,Bone Marrow,Tumor
HRS1008485,Bone Marrow,Tumor
HRS1008486,Bone Marrow,Tumor
HRS1008487,Bone Marrow,Tumor
HRS1008488,Bone Marrow,Tumor
HRS1008489,Bone Marrow,Tumor
HRS1008490,Bone Marrow,Tumor
HRS1008491,Bone Marrow,Tumor
HRS1008492,Bone Marrow,Tumor
HRS1008493,Bone Marrow,Tumor
HRS1008494,Bone Marrow,Tumor
HRS1008495,Bone Marrow,Tumor
HRS1008496,Bone Marrow,Tumor
HRS1008497,Bone Marrow,Tumor
HRS1008498,Bone Marrow,Tumor
HRS1008499,Bone Marrow,Tumor
HRS1008500,Bone Marrow,Tumor
HRS1008501,Bone Marrow,Tumor
HRS1008502,Bone Marrow,Tumor
HRS1008503,Bone Marrow,Tumor
HRS1008504,Bone Marrow,Tumor
HRS1008505,Bone Marrow,Tumor
HRS1008506,Bone Marrow,Tumor
HRS1008507,Bone Marrow,Tumor
HRS1008508,Bone Marrow,Tumor
HRS1008509,Bone Marrow,Tumor
HRS1008510,Bone Marrow,Tumor
HRS1008511,Bone Marrow,Tumor
HRS1008512,Bone Marrow,Tumor
HRS1008513,Bone Marrow,Tumor
HRS1008514,Bone Marrow,Tumor
HRS1008515,Bone Marrow,Tumor
HRS1008516,Bone Marrow,Tumor
HRS1008517,Bone Marrow,Tumor
HRS1008518,Bone Marrow,Tumor
HRS1008519,Bone Marrow,Tumor
HRS1008520,Bone Marrow,Tumor
HRS1008521,Bone Marrow,Tumor
HRS1008522,Bone Marrow,Tumor
HRS1008523,Bone Marrow,Tumor
HRS1008524,Bone Marrow,Tumor
HRS1008525,Bone Marrow,Tumor
HRS1008526,Bone Marrow,Tumor
HRS1008527,Bone Marrow,Tumor
HRS1008528,Bone Marrow,Tumor
HRS1008529,Bone Marrow,Tumor
HRS1008530,Bone Marrow,Tumor
HRS1008531,Bone Marrow,Tumor
HRS1008532,Bone Marrow,Tumor
HRS1008533,Bone Marrow,Tumor
HRS1008534,Bone Marrow,Tumor
HRS1008535,Bone Marrow,Tumor
HRS1008536,Bone Marrow,Tumor
HRS1008537,Bone Marrow,Tumor
HRS1008538,Bone Marrow,Tumor
HRS1008539,Bone Marrow,Tumor
HRS1008540,Bone Marrow,Tumor
HRS1008541,Bone Marrow,Tumor
HRS1008542,Bone Marrow,Tumor
HRS1008543,Bone Marrow,Tumor
HRS1008544,Bone Marrow,Tumor
HRS1008545,Bone Marrow,Tumor
HRS1008546,Bone Marrow,Tumor
HRS1008547,Bone Marrow,Tumor
HRS1008548,Bone Marrow,Tumor
HRS1008549,Bone Marrow,Tumor
HRS1008550,Bone Marrow,Tumor
HRS1008551,Bone Marrow,Tumor
HRS1008552,Bone Marrow,Tumor
HRS1008553,Bone Marrow,Tumor
HRS1008554,Bone Marrow,Tumor
HRS1008555,Bone Marrow,Tumor
HRS1008556,Bone Marrow,Tumor
HRS1008557,Bone Marrow,Tumor
HRS1008558,Bone Marrow,Tumor
HRS1008559,Bone Marrow,Tumor
HRS1008560,Bone Marrow,Tumor
HRS1008561,Bone Marrow,Tumor
HRS1008562,Bone Marrow,Tumor
HRS1008563,Bone Marrow,Tumor
HRS1008564,Bone Marrow,Tumor
HRS1008565,Bone Marrow,Tumor
HRS1008566,Bone Marrow,Tumor
HRS1008567,Bone Marrow,Tumor
HRS1008568,Bone Marrow,Tumor
HRS1008569,Bone Marrow,Tumor
HRS1008570,Bone Marrow,Tumor
HRS1008571,Bone Marrow,Tumor
HRS1008572,Bone Marrow,Tumor
HRS1008573,Bone Marrow,Tumor
HRS1008574,Bone Marrow,Tumor
HRS1008575,Bone Marrow,Tumor
HRS1008576,Bone Marrow,Tumor
HRS1008577,Bone Marrow,Tumor
HRS1008578,Bone Marrow,Tumor
HRS1008579,Bone Marrow,Tumor
HRS1008580,Bone Marrow,Tumor
HRS1008581,Bone Marrow,Tumor
HRS1008582,Bone Marrow,Tumor
HRS1029912,Organoid,Tumor
HRS1029913,Patient Solid Tissue,Tumor
HRS1029914,Patient Solid Tissue,Tumor
HRS1029915,Blood,Normal
HRS1029916,Organoid,Tumor
HRS1029917,Organoid,Tumor
HRS1029918,Organoid,Tumor
HRS1029919,Patient Solid Tissue,Tumor
HRS1029920,Patient Solid Tissue,Tumor
HRS1029921,Organoid,Tumor
HRS1029922,Organoid,Tumor
HRS1029923,Organoid,Tumor
HRS1029924,Patient Solid Tissue,Tumor
HRS1029925,Patient Solid Tissue,Tumor
HRS1029926,Patient Solid Tissue,Tumor
HRS1029927,Organoid,Tumor
HRS1029928,Organoid,Tumor
HRS1029929,Organoid,Tumor
HRS1029930,Organoid,Tumor
HRS1029931,Organoid,Tumor
HRS1029932,Patient Solid Tissue,Tumor
HRS1029933,Patient Solid Tissue,Tumor
HRS1029934,Patient Solid Tissue,Tumor
HRS1029935,Patient Solid Tissue,Tumor
HRS1029936,Patient Solid Tissue,Normal
HRS1029937,Organoid,Tumor
HRS1029938,Organoid,Tumor
HRS1029939,Organoid,Tumor
HRS1029940,Patient Solid Tissue,Tumor
HRS1029941,Patient Solid Tissue,Tumor
HRS1029942,Patient Solid Tissue,Tumor
HRS1029943,Patient Solid Tissue,Normal
HRS1029944,Organoid,Tumor
HRS1029945,Patient Solid Tissue,Tumor
HRS1029946,Organoid,Tumor
HRS1029947,Patient Solid Tissue,Tumor
HRS1029948,Blood,Normal
HRS1029949,Organoid,Tumor
HRS1029950,Patient Solid Tissue,Tumor
HRS1029951,Patient Solid Tissue,Tumor
HRS1029952,Organoid,Tumor
HRS1029953,Organoid,Tumor
HRS1029954,Organoid,Tumor
HRS1029955,Organoid,Tumor
HRS1029956,Organoid,Tumor
HRS1029957,Patient Solid Tissue,Tumor
HRS1029958,Patient Solid Tissue,Tumor
HRS1029959,Patient Solid Tissue,Tumor
HRS1029960,Patient Solid Tissue,Tumor
HRS1029961,Patient Solid Tissue,Normal
HRS1029962,Organoid,Tumor
HRS1029963,Patient Solid Tissue,Tumor
HRS1029964,Patient Solid Tissue,Normal
HRS1029965,Organoid,Tumor
HRS1029966,Organoid,Tumor
HRS1029967,Patient Solid Tissue,Tumor
HRS1029968,Patient Solid Tissue,Normal
HRS1029969,Organoid,Tumor
HRS1029970,Patient Solid Tissue,Tumor
HRS1029971,Patient Solid Tissue,Tumor
HRS1029972,Organoid,Tumor
HRS1029973,Organoid,Tumor
HRS1029974,Patient Solid Tissue,Tumor
HRS1029975,Patient Solid Tissue,Tumor
HRS1029976,Patient Solid Tissue,Normal
HRS1029977,Organoid,Tumor
HRS1029978,Organoid,Tumor
HRS1029979,Organoid,Tumor
HRS1029980,Patient Solid Tissue,Tumor
HRS1029981,Patient Solid Tissue,Tumor
HRS1029982,Patient Solid Tissue,Tumor
HRS1029983,Blood,Normal
HRS1029984,Organoid,Tumor
HRS1029985,Organoid,Tumor
HRS1029986,Organoid,Tumor
HRS1029987,Patient Solid Tissue,Tumor
HRS1029988,Patient Solid Tissue,Tumor
HRS1029989,Patient Solid Tissue,Tumor
HRS1029990,Blood,Normal
HRS1029991,Organoid,Tumor
HRS1029992,Organoid,Tumor
HRS1029993,Organoid,Tumor
HRS1029994,Patient Solid Tissue,Tumor
HRS1029995,Patient Solid Tissue,Tumor
HRS1029996,Patient Solid Tissue,Tumor
HRS1029997,Patient Solid Tissue,Normal
HRS1029998,Organoid,Normal
HRS1029999,Peritumoral,Normal
HRS1030000,Organoid,Tumor
HRS1030001,Organoid,Tumor
HRS1030002,Organoid,Tumor
HRS1030003,Organoid,Tumor
HRS1030004,Patient Solid Tissue,Tumor
HRS1030005,Patient Solid Tissue,Tumor
HRS1030006,Patient Solid Tissue,Tumor
HRS1030007,Patient Solid Tissue,Tumor
HRS1030008,Blood,Normal
HRS1030009,Organoid,Tumor
HRS1030010,Organoid,Tumor
HRS1030011,Organoid,Tumor
HRS1030012,Patient Solid Tissue,Tumor
HRS1030013,Patient Solid Tissue,Tumor
HRS1030014,Patient Solid Tissue,Tumor
HRS1030015,Blood,Normal
HRS1030016,Organoid,Tumor
HRS1030017,Organoid,Tumor
HRS1030018,Patient Solid Tissue,Tumor
HRS1030019,Blood,Normal
HRS1030020,Organoid,Normal
HRS1030021,Peritumoral,Normal
HRS1030022,Organoid,Tumor
HRS1030023,Organoid,Tumor
HRS1030024,Patient Solid Tissue,Tumor
HRS1030025,Patient Solid Tissue,Tumor
HRS1030026,Blood,Normal
HRS1030027,Organoid,Normal
HRS1030028,Peritumoral,Normal
HRS1030029,Organoid,Tumor
HRS1030030,Organoid,Tumor
HRS1030031,Organoid,Tumor
HRS1030032,Patient Solid Tissue,Tumor
HRS1030033,Patient Solid Tissue,Tumor
HRS1030034,Patient Solid Tissue,Tumor
HRS1030035,Blood,Normal
HRS1030036,Patient Solid Tissue,Tumor
HRS1030037,Organoid,Tumor
HRS1030038,Patient Solid Tissue,Tumor
HRS1030039,Organoid,Tumor
HRS1030040,Organoid,Tumor
HRS1030041,Patient Solid Tissue,Tumor
HRS1030042,Patient Solid Tissue,Normal
HRS1030043,Organoid,Tumor
HRS1030044,Organoid,Tumor
HRS1030045,Patient Solid Tissue,Tumor
HRS1030046,Patient Solid Tissue,Tumor
HRS1030047,Organoid,Tumor
HRS1030048,Patient Solid Tissue,Tumor
HRS1030049,Patient Solid Tissue,Normal
HRS1030050,Organoid,Tumor
HRS1030051,Organoid,Tumor
HRS1030052,Organoid,Tumor
HRS1030053,Organoid,Tumor
HRS1030054,Patient Solid Tissue,Tumor
HRS1030055,Patient Solid Tissue,Tumor
HRS1030056,Patient Solid Tissue,Tumor
HRS1030057,Patient Solid Tissue,Tumor
HRS1030058,Patient Solid Tissue,Normal
HRS1030059,Organoid,Tumor
HRS1030060,Organoid,Tumor
HRS1030061,Organoid,Tumor
HRS1030062,Organoid,Tumor
HRS1030063,Patient Solid Tissue,Tumor
HRS1030064,Patient Solid Tissue,Tumor
HRS1030065,Patient Solid Tissue,Tumor
HRS1030066,Patient Solid Tissue,Tumor
HRS1030067,Patient Solid Tissue,Normal
HRS1030068,Organoid,Tumor
HRS1030069,Organoid,Tumor
HRS1030070,Patient Solid Tissue,Tumor
HRS1030071,Patient Solid Tissue,Tumor
HRS1030072,Patient Solid Tissue,Tumor
HRS1030073,Organoid,Tumor
HRS1030074,Patient Solid Tissue,Normal
HRS1030075,Organoid,Tumor
HRS1030076,Organoid,Tumor
HRS1030077,Organoid,Tumor
HRS1030078,Patient Solid Tissue,Tumor
HRS1030079,Patient Solid Tissue,Tumor
HRS1030080,Patient Solid Tissue,Tumor
HRS1030081,Patient Solid Tissue,Normal
HRS1030082,Organoid,Tumor
HRS1030083,Patient Solid Tissue,Tumor
HRS1030084,Organoid,Tumor
HRS1030085,Patient Solid Tissue,Tumor
HRS1030086,Patient Solid Tissue,Normal
HRS1030087,Organoid,Normal
HRS1030088,Peritumoral,Normal
HRS1030089,Organoid,Tumor
HRS1030090,Organoid,Tumor
HRS1030091,Organoid,Tumor
HRS1030092,Organoid,Tumor
HRS1030093,Organoid,Tumor
HRS1030094,Patient Solid Tissue,Tumor
HRS1030095,Patient Solid Tissue,Tumor
HRS1030096,Patient Solid Tissue,Tumor
HRS1030097,Patient Solid Tissue,Tumor
HRS1030098,Patient Solid Tissue,Tumor
HRS1030099,Patient Solid Tissue,Normal
HRS1030100,Organoid,Normal
HRS1030101,Peritumoral,Normal
HRS1030102,Organoid,Tumor
HRS1030103,Organoid,Tumor
HRS1030104,Organoid,Tumor
HRS1030105,Organoid,Tumor
HRS1030106,Organoid,Tumor
HRS1030107,Patient Solid Tissue,Tumor
HRS1030108,Patient Solid Tissue,Tumor
HRS1030109,Patient Solid Tissue,Tumor
HRS1030110,Patient Solid Tissue,Tumor
HRS1030111,Patient Solid Tissue,Tumor
HRS1030112,Patient Solid Tissue,Normal
HRS1030113,Organoid,Normal
HRS1030114,Peritumoral,Normal
HRS1030115,Organoid,Tumor
HRS1030116,Organoid,Tumor
HRS1030117,Organoid,Tumor
HRS1030118,Patient Solid Tissue,Tumor
HRS1030119,Patient Solid Tissue,Tumor
HRS1030120,Patient Solid Tissue,Tumor
HRS1030121,Patient Solid Tissue,Normal
HRS1030122,Organoid,Tumor
HRS1030123,Organoid,Tumor
HRS1030124,Patient Solid Tissue,Tumor
HRS1030125,Patient Solid Tissue,Tumor
HRS1030126,Organoid,Tumor
HRS1030127,Organoid,Tumor
HRS1030128,Patient Solid Tissue,Normal
HRS1030129,Patient Solid Tissue,Tumor
HRS1030130,Patient Solid Tissue,Tumor
HRS1030131,Organoid,Tumor
HRS1030132,Organoid,Tumor
HRS1030133,Organoid,Tumor
HRS1030134,Organoid,Tumor
HRS1030135,Patient Solid Tissue,Tumor
HRS1030136,Patient Solid Tissue,Tumor
HRS1030137,Patient Solid Tissue,Tumor
HRS1030138,Patient Solid Tissue,Normal
HRS1030139,Patient Solid Tissue,Normal
HRS1030140,Organoid,Tumor
HRS1030141,Organoid,Tumor
HRS1030142,Organoid,Tumor
HRS1030143,Organoid,Tumor
HRS1030144,Patient Solid Tissue,Tumor
HRS1030145,Patient Solid Tissue,Tumor
HRS1030146,Patient Solid Tissue,Tumor
HRS1030147,Patient Solid Tissue,Tumor
HRS1030148,Organoid,Tumor
HRS1030149,Patient Solid Tissue,Tumor
HRS1030150,Organoid,Tumor
HRS1030151,Patient Solid Tissue,Tumor
HRS1030152,Patient Solid Tissue,Normal
HRS1030153,Organoid,Tumor
HRS1030154,Organoid,Tumor
HRS1030155,Organoid,Tumor
HRS1030156,Patient Solid Tissue,Tumor
HRS1030157,Patient Solid Tissue,Tumor
HRS1030158,Patient Solid Tissue,Normal
HRS1030159,Organoid,Normal
HRS1030160,Peritumoral,Normal
HRS1030161,Organoid,Tumor
HRS1030162,Organoid,Tumor
HRS1030163,Patient Solid Tissue,Tumor
HRS1030164,Patient Solid Tissue,Tumor
HRS1030165,Blood,Normal
HRS1030166,Organoid,Normal
HRS1030167,Peritumoral,Normal
HRS1030168,Organoid,Tumor
HRS1030169,Organoid,Tumor
HRS1030170,Organoid,Tumor
HRS1030171,Patient Solid Tissue,Tumor
HRS1030172,Patient Solid Tissue,Tumor
HRS1030173,Patient Solid Tissue,Tumor
HRS1030174,Blood,Normal
HRS1030175,Organoid,Tumor
HRS1030176,Patient Solid Tissue,Tumor
HRS1030177,Blood,Normal
HRS1030178,Patient Solid Tissue,Normal
HRS1030179,Organoid,Tumor
HRS1030180,Organoid,Tumor
HRS1030181,Patient Solid Tissue,Tumor
HRS1030182,Patient Solid Tissue,Tumor
HRS1030183,Patient Solid Tissue,Tumor
HRS1030184,Patient Solid Tissue,Tumor
HRS1030185,Patient Solid Tissue,Tumor
HRS1030186,Patient Solid Tissue,Tumor
HRS1030187,Organoid,Tumor
HRS1030188,Patient Solid Tissue,Tumor
HRS1030189,Patient Solid Tissue,Tumor
HRS1030190,Patient Solid Tissue,Tumor
HRS1030191,Patient Solid Tissue,Tumor
HRS1030192,Patient Solid Tissue,Tumor
HRS1030193,Organoid,Tumor
HRS1030194,Patient Solid Tissue,Tumor
HRS1030195,Organoid,Tumor
HRS1030196,Patient Solid Tissue,Tumor
HRS1030197,Patient Solid Tissue,Normal
HRS1030198,Organoid,Tumor
HRS1030199,Organoid,Tumor
HRS1030200,Organoid,Tumor
HRS1030201,Patient Solid Tissue,Tumor
HRS1030202,Organoid,Tumor
HRS1030203,Organoid,Tumor
HRS1030204,Organoid,Tumor
HRS1030205,Organoid,Tumor
HRS1030206,Organoid,Tumor
HRS1030207,Organoid,Tumor
HRS1030208,Organoid,Tumor
HRS1030209,Organoid,Tumor
HRS1030210,Organoid,Tumor
HRS1030211,Organoid,Tumor
HRS1030212,Organoid,Tumor
HRS1030213,Organoid,Tumor
HRS1030214,Organoid,Tumor
HRS1030215,Organoid,Tumor
HRS1030216,Organoid,Tumor
HRS1030217,Organoid,Tumor
HRS1030218,Organoid,Tumor
HRS1030219,Organoid,Tumor
HRS1030220,Organoid,Tumor
HRS1030221,Organoid,Tumor
HRS1030222,Organoid,Tumor
HRS1030223,Patient Solid Tissue,Tumor
HRS1030224,Organoid,Tumor
HRS1030225,Organoid,Tumor
HRS1030226,Patient Solid Tissue,Tumor
HRS1030227,Patient Solid Tissue,Normal
HRS1030228,Organoid,Tumor
HRS1030229,Organoid,Tumor
HRS1030230,Organoid,Tumor
HRS1030231,Organoid,Tumor
HRS1030232,Organoid,Tumor
HRS1030233,Patient Solid Tissue,Tumor
HRS1030234,Patient Solid Tissue,Normal
HRS1030235,Organoid,Tumor
HRS1030236,Organoid,Tumor
HRS1030237,Organoid,Tumor
HRS1030238,Organoid,Tumor
HRS1030239,Organoid,Tumor
HRS1030240,Organoid,Tumor
HRS1030241,Organoid,Tumor
HRS1030242,Organoid,Tumor
HRS1030243,Organoid,Tumor
HRS1030244,Organoid,Tumor
HRS1030245,Organoid,Tumor
HRS1030246,Organoid,Tumor
HRS1030247,Organoid,Tumor
HRS1030248,Organoid,Tumor
HRS1030249,Patient Solid Tissue,Tumor
HRS1030250,Patient Solid Tissue,Normal
HRS1030251,Organoid,Tumor
HRS1030252,Organoid,Tumor
HRS1030253,Organoid,Tumor
HRS1030254,Organoid,Tumor
HRS1030255,Organoid,Tumor
HRS1030256,Patient Solid Tissue,Tumor
HRS1030257,Organoid,Tumor
HRS1030258,Organoid,Tumor
HRS1030259,Patient Solid Tissue,Tumor
HRS1030260,Organoid,Tumor
HRS1030261,Organoid,Tumor
HRS1030262,Patient Solid Tissue,Tumor
HRS1030263,Patient Solid Tissue,Normal
HRS1030264,Organoid,Tumor
HRS1030265,Organoid,Tumor
HRS1030266,Organoid,Tumor
HRS1030267,Organoid,Tumor
HRS1030268,Organoid,Tumor
HRS1030269,Organoid,Tumor
HRS1030270,Organoid,Tumor
HRS1030271,Organoid,Tumor
HRS1030272,Organoid,Tumor
HRS1030273,Organoid,Tumor
HRS1030274,Organoid,Tumor
HRS1030275,Organoid,Tumor
HRS1030276,Organoid,Tumor
HRS1030277,Organoid,Tumor
HRS1030278,Organoid,Tumor
HRS1030279,Organoid,Tumor
HRS1030280,Organoid,Tumor
HRS1030281,Organoid,Tumor
HRS1030282,Organoid,Tumor
HRS1030283,Organoid,Tumor
HRS1030284,Organoid,Tumor
HRS1030285,Organoid,Tumor
HRS1030286,Organoid,Tumor
HRS1030287,Organoid,Tumor
HRS1030288,Organoid,Tumor
HRS1030289,Organoid,Tumor
HRS1030290,Patient Solid Tissue,Tumor
HRS1030291,Patient Solid Tissue,Normal
HRS1030292,Organoid,Tumor
HRS1030293,Organoid,Tumor
HRS1030294,Organoid,Tumor
HRS1030295,Organoid,Tumor
HRS1030296,Organoid,Tumor
HRS1030297,Patient Solid Tissue,Tumor
HRS1030298,Patient Solid Tissue,Normal
HRS1030299,Organoid,Tumor
HRS1030300,Organoid,Tumor
HRS1030301,Organoid,Tumor
HRS1030302,Organoid,Tumor
HRS1030303,Organoid,Tumor
HRS1030304,Patient Solid Tissue,Tumor
HRS1030305,Patient Solid Tissue,Normal
HRS1030306,Organoid,Tumor
HRS1030307,Organoid,Tumor
HRS1030308,Organoid,Tumor
HRS1030309,Patient Solid Tissue,Normal
HRS1030310,Patient Solid Tissue,Tumor
HRS1030311,Patient Solid Tissue,Tumor
HRS1030312,Patient Solid Tissue,Tumor
HRS1030313,Organoid,Tumor
HRS1030314,Organoid,Tumor
HRS1030315,Patient Solid Tissue,Tumor
HRS1030316,Patient Solid Tissue,Tumor
HRS1030317,Patient Solid Tissue,Tumor
HRS1030318,Patient Solid Tissue,Normal
HRS1030319,Patient Solid Tissue,Normal
HRS1030320,Patient Solid Tissue,Tumor
HRS1030321,Patient Solid Tissue,Tumor
HRS1030322,Patient Solid Tissue,Tumor
HRS1030323,Patient Solid Tissue,Tumor
HRS1030324,Organoid,Tumor
HRS1030325,Patient Solid Tissue,Normal
HRS1030326,Patient Solid Tissue,Tumor
HRS1030327,Patient Solid Tissue,Tumor
HRS1030328,Patient Solid Tissue,Tumor
HRS1030329,Organoid,Tumor
HRS1030330,Patient Solid Tissue,Tumor
HRS1030331,Organoid,Tumor
HRS1030332,Organoid,Tumor
HRS1030333,Patient Solid Tissue,Normal
HRS1030334,Organoid,Tumor
HRS1030335,Organoid,Tumor
HRS1030336,Patient Solid Tissue,Normal
HRS1030337,Organoid,Tumor
HRS1030338,Patient Solid Tissue,Normal
HRS1030339,Organoid,Tumor
HRS1030340,Patient Solid Tissue,Normal
HRS1030341,Organoid,Tumor
HRS1030342,Patient Solid Tissue,Normal
HRS1030343,Organoid,Tumor
HRS1030344,Patient Solid Tissue,Normal
HRS1030345,Organoid,Tumor
HRS1030346,Patient Solid Tissue,Normal
HRS1030347,Organoid,Tumor
HRS1030348,Patient Solid Tissue,Normal
HRS1030349,Organoid,Tumor
HRS1030350,Patient Solid Tissue,Normal
HRS1030351,Organoid,Tumor
HRS1030352,Patient Solid Tissue,Normal
HRS1030353,Organoid,Tumor
HRS1030354,Patient Solid Tissue,Normal
HRS1030355,Organoid,Tumor
HRS1030356,Patient Solid Tissue,Normal
HRS1030357,Organoid,Tumor
HRS1030358,Patient Solid Tissue,Normal
HRS1030359,Organoid,Tumor
HRS1030360,Patient Solid Tissue,Normal
HRS1030361,Patient Solid Tissue,Tumor
HRS1030362,Organoid,Tumor
HRS1030363,Organoid,Tumor
HRS1030364,Patient Solid Tissue,Normal
HRS1030365,Patient Solid Tissue,Tumor
HRS1030366,Organoid,Tumor
HRS1030367,Organoid,Tumor
HRS1030368,Patient Solid Tissue,Normal
HRS1030369,Patient Solid Tissue,Tumor
HRS1030370,Organoid,Tumor
HRS1030371,Organoid,Tumor
HRS1030372,Patient Solid Tissue,Tumor
HRS1030373,Organoid,Tumor
HRS1030374,Organoid,Tumor
HRS1030375,Patient Solid Tissue,Normal
HRS1030376,Patient Solid Tissue,Tumor
HRS1030377,Organoid,Tumor
HRS1030378,Organoid,Tumor
HRS1030379,Patient Solid Tissue,Normal
HRS1030380,Organoid,Tumor
HRS1030381,Patient Solid Tissue,Normal
HRS1030382,Organoid,Tumor
HRS1030383,Patient Solid Tissue,Normal
HRS1030384,Organoid,Tumor
HRS1030385,Patient Solid Tissue,Normal
HRS1030386,Organoid,Tumor
HRS1030387,Patient Solid Tissue,Normal
HRS1030388,Organoid,Tumor
HRS1030389,Organoid,Tumor
HRS1030390,Organoid,Tumor
HRS1030391,Organoid,Tumor
HRS1030392,Patient Solid Tissue,Normal
HRS1030393,Organoid,Tumor
HRS1217810,Patient Solid Tissue,Tumor
HRS1217811,Patient Solid Tissue,Tumor
HRS1217812,Patient Solid Tissue,Tumor
HRS1217813,Patient Solid Tissue,Tumor
HRS1217814,Patient Solid Tissue,Tumor
HRS1217815,Patient Solid Tissue,Tumor
HRS1217816,Patient Solid Tissue,Tumor
HRS1217817,Patient Solid Tissue,Tumor
HRS1217818,Patient Solid Tissue,Tumor
HRS1217819,Patient Solid Tissue,Tumor
HRS1217820,Patient Solid Tissue,Tumor
HRS1217821,Patient Solid Tissue,Tumor
HRS1217822,Patient Solid Tissue,Tumor
HRS1217823,Patient Solid Tissue,Tumor
HRS1217824,Patient Solid Tissue,Tumor
HRS1217825,Patient Solid Tissue,Tumor
HRS1217826,Patient Solid Tissue,Tumor
HRS1217827,Patient Solid Tissue,Tumor
HRS1217828,Patient Solid Tissue,Tumor
HRS1217829,Patient Solid Tissue,Tumor
HRS1217830,Patient Solid Tissue,Tumor
HRS1217831,Patient Solid Tissue,Tumor
HRS1217832,Patient Solid Tissue,Tumor
HRS1217833,Patient Solid Tissue,Tumor
HRS1217834,Patient Solid Tissue,Tumor
HRS1217835,Patient Solid Tissue,Tumor
HRS1217836,Patient Solid Tissue,Tumor
HRS1217837,Patient Solid Tissue,Tumor
HRS1217838,Patient Solid Tissue,Tumor
HRS1217839,Patient Solid Tissue,Tumor
HRS1217840,Patient Solid Tissue,Tumor
HRS1217841,Patient Solid Tissue,Tumor
HRS1217842,Patient Solid Tissue,Tumor
HRS1217843,Patient Solid Tissue,Tumor
HRS1217844,Patient Solid Tissue,Tumor
HRS1217845,Patient Solid Tissue,Tumor
HRS1217846,Patient Solid Tissue,Tumor
HRS1217847,Patient Solid Tissue,Tumor
HRS1217848,Patient Solid Tissue,Tumor
HRS1217849,Patient Solid Tissue,Tumor
HRS1217850,Patient Solid Tissue,Tumor
HRS1217851,Patient Solid Tissue,Tumor
HRS1217852,Patient Solid Tissue,Tumor
HRS1217853,Patient Solid Tissue,Tumor
HRS1217854,Patient Solid Tissue,Tumor
HRS1217855,Patient Solid Tissue,Tumor
HRS1217856,Patient Solid Tissue,Tumor
HRS1217857,Patient Solid Tissue,Tumor
HRS1217858,Patient Solid Tissue,Tumor
HRS1217859,Patient Solid Tissue,Tumor
HRS1217860,Patient Solid Tissue,Tumor
HRS1217861,Patient Solid Tissue,Tumor
HRS1217862,Patient Solid Tissue,Tumor
HRS1217863,Patient Solid Tissue,Tumor
HRS1217864,Patient Solid Tissue,Tumor
HRS1217865,Patient Solid Tissue,Tumor
HRS1217866,Patient Solid Tissue,Tumor
HRS1217867,Patient Solid Tissue,Tumor
HRS1217868,Patient Solid Tissue,Tumor
HRS1217869,Patient Solid Tissue,Tumor
HRS1217870,Patient Solid Tissue,Tumor
HRS1217871,Patient Solid Tissue,Tumor
HRS1217872,Patient Solid Tissue,Tumor
HRS1217873,Patient Solid Tissue,Tumor
HRS1217874,Patient Solid Tissue,Tumor
HRS1217875,Patient Solid Tissue,Tumor
HRS1217876,Patient Solid Tissue,Tumor
HRS1217877,Patient Solid Tissue,Tumor
HRS1217878,Patient Solid Tissue,Tumor
HRS1217879,Patient Solid Tissue,Tumor
HRS1217880,Patient Solid Tissue,Tumor
HRS1217881,Patient Solid Tissue,Tumor
HRS1217882,Patient Solid Tissue,Tumor
HRS1217883,Patient Solid Tissue,Tumor
HRS1217884,Patient Solid Tissue,Tumor
HRS1217885,Patient Solid Tissue,Tumor
HRS1217886,Patient Solid Tissue,Tumor
HRS1217887,Patient Solid Tissue,Tumor
HRS1217888,Patient Solid Tissue,Tumor
HRS1217889,Patient Solid Tissue,Tumor
HRS1217890,Patient Solid Tissue,Tumor
HRS1217894,Patient Solid Tissue,Tumor
HRS1217895,Peritumoral,Normal
HRS1217896,Patient Solid Tissue,Tumor
HRS1217897,Blood,Normal
HRS1217898,Patient Solid Tissue,Tumor
HRS1217899,Peritumoral,Normal
HRS1217900,Patient Solid Tissue,Tumor
HRS1217901,Peritumoral,Normal
HRS1217902,Patient Solid Tissue,Tumor
HRS1217903,Peritumoral,Normal
HRS1217904,Patient Solid Tissue,Tumor
HRS1217905,Peritumoral,Normal
HRS1217906,Patient Solid Tissue,Tumor
HRS1217907,Peritumoral,Normal
HRS1217908,Patient Solid Tissue,Tumor
HRS1217909,Peritumoral,Normal
HRS1217910,Patient Solid Tissue,Tumor
HRS1217911,Peritumoral,Normal
HRS1217912,Patient Solid Tissue,Tumor
HRS1217913,Patient Solid Tissue,Tumor
HRS1217914,Peritumoral,Normal
HRS1217915,Patient Solid Tissue,Tumor
HRS1217916,Peritumoral,Normal
HRS1217917,Patient Solid Tissue,Tumor
HRS1217918,Peritumoral,Normal
HRS1217919,Patient Solid Tissue,Tumor
HRS1217920,Patient Solid Tissue,Tumor
HRS1217921,Peritumoral,Normal
HRS1217922,Patient Solid Tissue,Tumor
HRS1217923,Peritumoral,Normal
HRS1217924,Patient Solid Tissue,Tumor
HRS1217925,Blood,Normal
HRS1217926,Patient Solid Tissue,Tumor
HRS1217927,Peritumoral,Normal
HRS1217928,Patient Solid Tissue,Tumor
HRS1217929,Blood,Normal
HRS1217930,Patient Solid Tissue,Tumor
HRS1217931,Blood,Normal
HRS1217932,Patient Solid Tissue,Tumor
HRS1217933,Blood,Normal
HRS1217934,Patient Solid Tissue,Tumor
HRS1217935,Blood,Normal
HRS1217936,Patient Solid Tissue,Tumor
HRS1217937,Blood,Normal
HRS1217938,Patient Solid Tissue,Tumor
HRS1217939,Blood,Normal
HRS1217940,Patient Solid Tissue,Tumor
HRS1217941,Blood,Normal
HRS1217942,Patient Solid Tissue,Tumor
HRS1217943,Blood,Normal
HRS1217944,Patient Solid Tissue,Tumor
HRS1217945,Blood,Normal
HRS1217946,Patient Solid Tissue,Tumor
HRS1217947,Blood,Normal
HRS1217948,Patient Solid Tissue,Tumor
HRS1217949,Blood,Normal
HRS1217950,Patient Solid Tissue,Tumor
HRS1217951,Blood,Normal
HRS1217952,Patient Solid Tissue,Tumor
HRS1217953,Blood,Normal
HRS1217954,Patient Solid Tissue,Tumor
HRS1217955,Blood,Normal
HRS1217956,Patient Solid Tissue,Tumor
HRS1217957,Blood,Normal
HRS1217958,Patient Solid Tissue,Tumor
HRS1217959,Blood,Normal
HRS1217960,Patient Solid Tissue,Tumor
HRS1217961,Blood,Normal
HRS1217962,Patient Solid Tissue,Tumor
HRS1217963,Patient Solid Tissue,Tumor
HRS1217964,Blood,Normal
HRS1217965,Patient Solid Tissue,Tumor
HRS1217966,Blood,Normal
HRS1217967,Patient Solid Tissue,Tumor
HRS1217968,Blood,Normal
HRS1217969,Patient Solid Tissue,Tumor
HRS1217970,Blood,Normal
HRS1217971,Patient Solid Tissue,Tumor
HRS1217972,Blood,Normal
HRS1217973,Patient Solid Tissue,Tumor
HRS1217974,Peritumoral,Normal
HRS1217975,Patient Solid Tissue,Tumor
HRS1217976,Blood,Normal
HRS1217977,Patient Solid Tissue,Tumor
HRS1217978,Peritumoral,Normal
HRS1217979,Patient Solid Tissue,Tumor
HRS1217980,Patient Solid Tissue,Tumor
HRS1217981,Peritumoral,Normal
HRS1217982,Patient Solid Tissue,Tumor
HRS1217983,Peritumoral,Normal
HRS1217984,Patient Solid Tissue,Tumor
HRS1217985,Patient Solid Tissue,Tumor
HRS1217986,Peritumoral,Normal
HRS1217987,Patient Solid Tissue,Tumor
HRS1217988,Patient Solid Tissue,Tumor
HRS1217989,Peritumoral,Normal
HRS1217990,Patient Solid Tissue,Tumor
HRS1217991,Peritumoral,Normal
HRS1217992,Patient Solid Tissue,Tumor
HRS1217993,Peritumoral,Normal
HRS1217994,Patient Solid Tissue,Tumor
HRS1217995,Peritumoral,Normal
HRS1217996,Patient Solid Tissue,Tumor
HRS1217997,Patient Solid Tissue,Tumor
HRS1217998,Peritumoral,Normal
HRS1217999,Patient Solid Tissue,Tumor
HRS1218000,Patient Solid Tissue,Tumor
HRS1218001,Peritumoral,Normal
HRS1218002,Patient Solid Tissue,Tumor
HRS1218003,Peritumoral,Normal
HRS1218004,Patient Solid Tissue,Tumor
HRS1218005,Patient Solid Tissue,Tumor
HRS1218006,Peritumoral,Normal
HRS1218007,Patient Solid Tissue,Tumor
HRS1218008,Peritumoral,Normal
HRS1218009,Patient Solid Tissue,Tumor
HRS1218010,Peritumoral,Normal
HRS1218011,Patient Solid Tissue,Tumor
HRS1218012,Peritumoral,Normal
HRS1218013,Patient Solid Tissue,Tumor
HRS1218014,Peritumoral,Normal
HRS1218015,Patient Solid Tissue,Tumor
HRS1218016,Peritumoral,Normal
HRS1218017,Patient Solid Tissue,Tumor
HRS1218018,Peritumoral,Normal
HRS1218019,Patient Solid Tissue,Tumor
HRS1218020,Patient Solid Tissue,Tumor
HRS1218021,Peritumoral,Normal
HRS1218022,Patient Solid Tissue,Tumor
HRS1218023,Peritumoral,Normal
HRS1218024,Patient Solid Tissue,Tumor
HRS1218025,Peritumoral,Normal
HRS1218026,Patient Solid Tissue,Tumor
HRS1218027,Peritumoral,Normal
HRS1218028,Patient Solid Tissue,Tumor
HRS1218029,Peritumoral,Normal
HRS1218030,Patient Solid Tissue,Tumor
HRS1218031,Peritumoral,Normal
HRS1218032,Patient Solid Tissue,Tumor
HRS1218033,Patient Solid Tissue,Tumor
HRS1218034,Peritumoral,Normal
HRS1218035,Patient Solid Tissue,Tumor
HRS1218036,Peritumoral,Normal
HRS1218037,Patient Solid Tissue,Tumor
HRS1218038,Patient Solid Tissue,Tumor
HRS1218039,Patient Solid Tissue,Tumor
HRS1218040,Peritumoral,Normal
HRS1218041,Patient Solid Tissue,Tumor
HRS1218042,Peritumoral,Normal
HRS1218043,Patient Solid Tissue,Tumor
HRS1218044,Patient Solid Tissue,Tumor
HRS1218045,Peritumoral,Normal
HRS1218046,Patient Solid Tissue,Tumor
HRS1218047,Peritumoral,Normal
HRS1218048,Patient Solid Tissue,Tumor
HRS1218049,Peritumoral,Normal
HRS1218050,Patient Solid Tissue,Tumor
HRS1218051,Peritumoral,Normal
HRS1218052,Patient Solid Tissue,Tumor
HRS1218053,Peritumoral,Normal
HRS1218054,Patient Solid Tissue,Tumor
HRS1218055,Peritumoral,Normal
HRS1218056,Patient Solid Tissue,Tumor
HRS1218057,Patient Solid Tissue,Tumor
HRS1218058,Peritumoral,Normal
HRS1218059,Patient Solid Tissue,Tumor
HRS1218060,Peritumoral,Normal
HRS1218061,Patient Solid Tissue,Tumor
HRS1236211,Bone Marrow,Tumor
HRS1236212,Bone Marrow,Tumor
HRS1236217,Bone Marrow,Tumor
HRS1236221,Bone Marrow,Tumor
HRS1236226,Bone Marrow,Tumor
HRS1236290,Bone Marrow,Tumor
HRS1236296,Bone Marrow,Tumor
HRS1236400,Bone Marrow,Tumor
HRS1236417,Bone Marrow,Tumor
HRS1236431,Bone Marrow,Tumor
HRS169394,Patient Solid Tissue,Tumor
HRS169395,Peritumoral,Normal
HRS169396,Patient Solid Tissue,Tumor
HRS169397,Peritumoral,Normal
HRS169398,Patient Solid Tissue,Tumor
HRS169399,Peritumoral,Normal
HRS169400,Patient Solid Tissue,Tumor
HRS169401,Peritumoral,Normal
HRS169402,Patient Solid Tissue,Tumor
HRS169403,Peritumoral,Normal
HRS169404,Patient Solid Tissue,Tumor
HRS169405,Peritumoral,Normal
HRS169406,Patient Solid Tissue,Tumor
HRS169407,Peritumoral,Normal
HRS169408,Patient Solid Tissue,Tumor
HRS169409,Peritumoral,Normal
HRS169410,Patient Solid Tissue,Tumor
HRS169411,Peritumoral,Normal
HRS169412,Patient Solid Tissue,Tumor
HRS169413,Peritumoral,Normal
HRS169414,Patient Solid Tissue,Tumor
HRS169415,Peritumoral,Normal
HRS169416,Patient Solid Tissue,Tumor
HRS169417,Peritumoral,Normal
HRS169418,Patient Solid Tissue,Tumor
HRS169419,Peritumoral,Normal
HRS169420,Patient Solid Tissue,Tumor
HRS169421,Peritumoral,Normal
HRS169422,Patient Solid Tissue,Tumor
HRS169423,Peritumoral,Normal
HRS169424,Patient Solid Tissue,Tumor
HRS169425,Peritumoral,Normal
HRS169426,Patient Solid Tissue,Tumor
HRS169427,Peritumoral,Normal
HRS169428,Patient Solid Tissue,Tumor
HRS169429,Peritumoral,Normal
HRS169430,Patient Solid Tissue,Tumor
HRS169431,Peritumoral,Normal
HRS169432,Patient Solid Tissue,Tumor
HRS169433,Peritumoral,Normal
HRS169434,Patient Solid Tissue,Tumor
HRS169435,Peritumoral,Normal
HRS169436,Patient Solid Tissue,Tumor
HRS169437,Peritumoral,Normal
HRS169438,Patient Solid Tissue,Tumor
HRS169439,Peritumoral,Normal
HRS169440,Patient Solid Tissue,Tumor
HRS169441,Peritumoral,Normal
HRS169442,Patient Solid Tissue,Tumor
HRS169443,Peritumoral,Normal
HRS169444,Patient Solid Tissue,Tumor
HRS169445,Peritumoral,Normal
HRS169446,Patient Solid Tissue,Tumor
HRS169447,Peritumoral,Normal
HRS169448,Patient Solid Tissue,Tumor
HRS169449,Peritumoral,Normal
HRS169450,Patient Solid Tissue,Tumor
HRS169451,Peritumoral,Normal
HRS169452,Patient Solid Tissue,Tumor
HRS169453,Peritumoral,Normal
HRS169454,Patient Solid Tissue,Tumor
HRS169455,Peritumoral,Normal
HRS169456,Patient Solid Tissue,Tumor
HRS169457,Peritumoral,Normal
HRS169458,Patient Solid Tissue,Tumor
HRS169459,Peritumoral,Normal
HRS169460,Patient Solid Tissue,Tumor
HRS169461,Peritumoral,Normal
HRS169462,Patient Solid Tissue,Tumor
HRS169463,Peritumoral,Normal
HRS169464,Patient Solid Tissue,Tumor
HRS169465,Peritumoral,Normal
HRS169466,Patient Solid Tissue,Tumor
HRS169467,Peritumoral,Normal
HRS169468,Patient Solid Tissue,Tumor
HRS169469,Peritumoral,Normal
HRS169470,Patient Solid Tissue,Tumor
HRS169471,Peritumoral,Normal
HRS169472,Patient Solid Tissue,Tumor
HRS169473,Peritumoral,Normal
HRS169474,Patient Solid Tissue,Tumor
HRS169475,Peritumoral,Normal
HRS169476,Patient Solid Tissue,Tumor
HRS169477,Peritumoral,Normal
HRS169478,Patient Solid Tissue,Tumor
HRS169479,Peritumoral,Normal
HRS169480,Patient Solid Tissue,Tumor
HRS169481,Peritumoral,Normal
HRS169482,Patient Solid Tissue,Tumor
HRS169483,Peritumoral,Normal
HRS169484,Patient Solid Tissue,Tumor
HRS169485,Peritumoral,Normal
HRS169486,Patient Solid Tissue,Tumor
HRS169487,Peritumoral,Normal
HRS169488,Patient Solid Tissue,Tumor
HRS169489,Peritumoral,Normal
HRS169490,Patient Solid Tissue,Tumor
HRS169491,Peritumoral,Normal
HRS169492,Patient Solid Tissue,Tumor
HRS169493,Peritumoral,Normal
HRS169494,Patient Solid Tissue,Tumor
HRS169495,Peritumoral,Normal
HRS169496,Patient Solid Tissue,Tumor
HRS169497,Peritumoral,Normal
HRS169498,Patient Solid Tissue,Tumor
HRS169499,Peritumoral,Normal
HRS169500,Patient Solid Tissue,Tumor
HRS169501,Peritumoral,Normal
HRS169502,Patient Solid Tissue,Tumor
HRS169503,Peritumoral,Normal
HRS169504,Patient Solid Tissue,Tumor
HRS169505,Peritumoral,Normal
HRS169506,Patient Solid Tissue,Tumor
HRS169507,Peritumoral,Normal
HRS169508,Patient Solid Tissue,Tumor
HRS169509,Peritumoral,Normal
HRS169510,Patient Solid Tissue,Tumor
HRS169511,Peritumoral,Normal
HRS169512,Patient Solid Tissue,Tumor
HRS169513,Peritumoral,Normal
HRS169514,Patient Solid Tissue,Tumor
HRS169515,Peritumoral,Normal
HRS169516,Patient Solid Tissue,Tumor
HRS169517,Peritumoral,Normal
HRS169518,Patient Solid Tissue,Tumor
HRS169519,Peritumoral,Normal
HRS169520,Patient Solid Tissue,Tumor
HRS169521,Peritumoral,Normal
HRS169522,Patient Solid Tissue,Tumor
HRS169523,Peritumoral,Normal
HRS169524,Patient Solid Tissue,Tumor
HRS169525,Peritumoral,Normal
HRS169526,Patient Solid Tissue,Tumor
HRS169527,Peritumoral,Normal
HRS169528,Patient Solid Tissue,Tumor
HRS169529,Peritumoral,Normal
HRS169530,Patient Solid Tissue,Tumor
HRS169531,Peritumoral,Normal
HRS169532,Patient Solid Tissue,Tumor
HRS169533,Peritumoral,Normal
HRS169534,Patient Solid Tissue,Tumor
HRS169535,Peritumoral,Normal
HRS169536,Patient Solid Tissue,Tumor
HRS169537,Peritumoral,Normal
HRS169538,Patient Solid Tissue,Tumor
HRS169539,Peritumoral,Normal
HRS169540,Patient Solid Tissue,Tumor
HRS169541,Peritumoral,Normal
HRS169542,Patient Solid Tissue,Tumor
HRS169543,Peritumoral,Normal
HRS169544,Patient Solid Tissue,Tumor
HRS169545,Peritumoral,Normal
HRS169546,Patient Solid Tissue,Tumor
HRS169547,Peritumoral,Normal
HRS169548,Patient Solid Tissue,Tumor
HRS169549,Peritumoral,Normal
HRS169550,Patient Solid Tissue,Tumor
HRS169551,Peritumoral,Normal
HRS169552,Patient Solid Tissue,Tumor
HRS169553,Peritumoral,Normal
HRS169554,Patient Solid Tissue,Tumor
HRS169555,Peritumoral,Normal
HRS169556,Patient Solid Tissue,Tumor
HRS169557,Peritumoral,Normal
HRS169558,Patient Solid Tissue,Tumor
HRS169559,Peritumoral,Normal
HRS169560,Patient Solid Tissue,Tumor
HRS169561,Peritumoral,Normal
HRS169562,Patient Solid Tissue,Tumor
HRS169563,Peritumoral,Normal
HRS169564,Patient Solid Tissue,Tumor
HRS169565,Peritumoral,Normal
HRS169566,Patient Solid Tissue,Tumor
HRS169567,Peritumoral,Normal
HRS169568,Patient Solid Tissue,Tumor
HRS169569,Peritumoral,Normal
HRS169570,Patient Solid Tissue,Tumor
HRS169571,Peritumoral,Normal
HRS169572,Patient Solid Tissue,Tumor
HRS169573,Peritumoral,Normal
HRS169574,Patient Solid Tissue,Tumor
HRS169575,Peritumoral,Normal
HRS169576,Patient Solid Tissue,Tumor
HRS169577,Peritumoral,Normal
HRS169578,Patient Solid Tissue,Tumor
HRS169579,Peritumoral,Normal
HRS169580,Patient Solid Tissue,Tumor
HRS169581,Peritumoral,Normal
HRS169582,Patient Solid Tissue,Tumor
HRS169583,Peritumoral,Normal
HRS169584,Patient Solid Tissue,Tumor
HRS169585,Peritumoral,Normal
HRS169586,Patient Solid Tissue,Tumor
HRS169587,Peritumoral,Normal
HRS169588,Patient Solid Tissue,Tumor
HRS169589,Peritumoral,Normal
HRS169590,Patient Solid Tissue,Tumor
HRS169591,Peritumoral,Normal
HRS169592,Patient Solid Tissue,Tumor
HRS169593,Peritumoral,Normal
HRS169594,Patient Solid Tissue,Tumor
HRS169595,Peritumoral,Normal
HRS169596,Patient Solid Tissue,Tumor
HRS169597,Peritumoral,Normal
HRS169598,Patient Solid Tissue,Tumor
HRS169599,Peritumoral,Normal
HRS169600,Patient Solid Tissue,Tumor
HRS169601,Peritumoral,Normal
HRS169602,Patient Solid Tissue,Tumor
HRS169603,Peritumoral,Normal
HRS169604,Patient Solid Tissue,Tumor
HRS169605,Peritumoral,Normal
HRS169606,Patient Solid Tissue,Tumor
HRS169607,Peritumoral,Normal
HRS169608,Patient Solid Tissue,Tumor
HRS169609,Peritumoral,Normal
HRS169610,Patient Solid Tissue,Tumor
HRS169611,Peritumoral,Normal
HRS169612,Patient Solid Tissue,Tumor
HRS169613,Peritumoral,Normal
HRS169614,Patient Solid Tissue,Tumor
HRS169615,Peritumoral,Normal
HRS169616,Patient Solid Tissue,Tumor
HRS169617,Peritumoral,Normal
HRS169618,Patient Solid Tissue,Tumor
HRS169619,Peritumoral,Normal
HRS169620,Patient Solid Tissue,Tumor
HRS169621,Peritumoral,Normal
HRS169622,Patient Solid Tissue,Tumor
HRS169623,Peritumoral,Normal
HRS169624,Patient Solid Tissue,Tumor
HRS169625,Peritumoral,Normal
HRS169626,Patient Solid Tissue,Tumor
HRS169627,Peritumoral,Normal
HRS169628,Patient Solid Tissue,Tumor
HRS169629,Peritumoral,Normal
HRS169630,Patient Solid Tissue,Tumor
HRS169631,Peritumoral,Normal
HRS169632,Patient Solid Tissue,Tumor
HRS169633,Peritumoral,Normal
HRS169634,Patient Solid Tissue,Tumor
HRS169635,Peritumoral,Normal
HRS169636,Patient Solid Tissue,Tumor
HRS169637,Peritumoral,Normal
HRS169638,Patient Solid Tissue,Tumor
HRS169639,Peritumoral,Normal
HRS169640,Patient Solid Tissue,Tumor
HRS169641,Peritumoral,Normal
HRS169642,Patient Solid Tissue,Tumor
HRS169643,Peritumoral,Normal
HRS169644,Patient Solid Tissue,Tumor
HRS169645,Peritumoral,Normal
HRS169646,Patient Solid Tissue,Tumor
HRS169647,Peritumoral,Normal
HRS169648,Patient Solid Tissue,Tumor
HRS169649,Peritumoral,Normal
HRS169650,Patient Solid Tissue,Tumor
HRS169651,Peritumoral,Normal
HRS169652,Patient Solid Tissue,Tumor
HRS169653,Peritumoral,Normal
HRS169654,Patient Solid Tissue,Tumor
HRS169655,Peritumoral,Normal
HRS169656,Patient Solid Tissue,Tumor
HRS169657,Peritumoral,Normal
HRS169658,Patient Solid Tissue,Tumor
HRS169659,Peritumoral,Normal
HRS169660,Patient Solid Tissue,Tumor
HRS169661,Peritumoral,Normal
HRS169662,Patient Solid Tissue,Tumor
HRS169663,Peritumoral,Normal
HRS169664,Patient Solid Tissue,Tumor
HRS169665,Peritumoral,Normal
HRS169666,Patient Solid Tissue,Tumor
HRS169667,Peritumoral,Normal
HRS169668,Patient Solid Tissue,Tumor
HRS169669,Peritumoral,Normal
HRS169670,Patient Solid Tissue,Tumor
HRS169671,Peritumoral,Normal
HRS169672,Patient Solid Tissue,Tumor
HRS169673,Peritumoral,Normal
HRS169674,Patient Solid Tissue,Tumor
HRS169675,Peritumoral,Normal
HRS169676,Patient Solid Tissue,Tumor
HRS169677,Peritumoral,Normal
HRS169678,Patient Solid Tissue,Tumor
HRS169679,Peritumoral,Normal
HRS169680,Patient Solid Tissue,Tumor
HRS169681,Peritumoral,Normal
HRS169682,Patient Solid Tissue,Tumor
HRS169683,Peritumoral,Normal
HRS169684,Patient Solid Tissue,Tumor
HRS169685,Peritumoral,Normal
HRS169686,Patient Solid Tissue,Tumor
HRS169687,Peritumoral,Normal
HRS169688,Patient Solid Tissue,Tumor
HRS169689,Peritumoral,Normal
HRS169690,Patient Solid Tissue,Tumor
HRS169691,Peritumoral,Normal
HRS169692,Patient Solid Tissue,Tumor
HRS169693,Peritumoral,Normal
HRS169694,Patient Solid Tissue,Tumor
HRS169695,Peritumoral,Normal
HRS169696,Patient Solid Tissue,Tumor
HRS169697,Peritumoral,Normal
HRS169698,Patient Solid Tissue,Tumor
HRS169699,Peritumoral,Normal
HRS169700,Patient Solid Tissue,Tumor
HRS169701,Peritumoral,Normal
HRS169702,Patient Solid Tissue,Tumor
HRS169703,Peritumoral,Normal
HRS169704,Patient Solid Tissue,Tumor
HRS169705,Peritumoral,Normal
HRS169706,Patient Solid Tissue,Tumor
HRS169707,Peritumoral,Normal
HRS169708,Patient Solid Tissue,Tumor
HRS169709,Peritumoral,Normal
HRS169710,Patient Solid Tissue,Tumor
HRS169711,Peritumoral,Normal
HRS169712,Patient Solid Tissue,Tumor
HRS169713,Peritumoral,Normal
HRS169714,Patient Solid Tissue,Tumor
HRS169715,Peritumoral,Normal
HRS169716,Patient Solid Tissue,Tumor
HRS169717,Peritumoral,Normal
HRS169718,Patient Solid Tissue,Tumor
HRS169719,Peritumoral,Normal
HRS169720,Patient Solid Tissue,Tumor
HRS169721,Peritumoral,Normal
HRS169722,Patient Solid Tissue,Tumor
HRS169723,Peritumoral,Normal
HRS169724,Patient Solid Tissue,Tumor
HRS169725,Peritumoral,Normal
HRS169726,Patient Solid Tissue,Tumor
HRS169727,Peritumoral,Normal
HRS169728,Patient Solid Tissue,Tumor
HRS169729,Peritumoral,Normal
HRS169730,Patient Solid Tissue,Tumor
HRS169731,Peritumoral,Normal
HRS169732,Patient Solid Tissue,Tumor
HRS169733,Peritumoral,Normal
HRS169734,Patient Solid Tissue,Tumor
HRS169735,Peritumoral,Normal
HRS169736,Patient Solid Tissue,Tumor
HRS169737,Peritumoral,Normal
HRS169738,Patient Solid Tissue,Tumor
HRS169739,Peritumoral,Normal
HRS169740,Patient Solid Tissue,Tumor
HRS169741,Peritumoral,Normal
HRS169742,Patient Solid Tissue,Tumor
HRS169743,Peritumoral,Normal
HRS169744,Patient Solid Tissue,Tumor
HRS169745,Peritumoral,Normal
HRS169746,Patient Solid Tissue,Tumor
HRS169747,Peritumoral,Normal
HRS169748,Patient Solid Tissue,Tumor
HRS169749,Peritumoral,Normal
HRS169750,Patient Solid Tissue,Tumor
HRS169751,Peritumoral,Normal
HRS169752,Patient Solid Tissue,Tumor
HRS169753,Peritumoral,Normal
HRS169754,Patient Solid Tissue,Tumor
HRS169755,Peritumoral,Normal
HRS169756,Patient Solid Tissue,Tumor
HRS169757,Peritumoral,Normal
HRS169758,Patient Solid Tissue,Tumor
HRS169759,Peritumoral,Normal
HRS169760,Patient Solid Tissue,Tumor
HRS169761,Peritumoral,Normal
HRS169762,Patient Solid Tissue,Tumor
HRS169763,Peritumoral,Normal
HRS169764,Patient Solid Tissue,Tumor
HRS169765,Peritumoral,Normal
HRS169766,Patient Solid Tissue,Tumor
HRS169767,Peritumoral,Normal
HRS169768,Patient Solid Tissue,Tumor
HRS169769,Peritumoral,Normal
HRS169770,Patient Solid Tissue,Tumor
HRS169771,Peritumoral,Normal
HRS169772,Patient Solid Tissue,Tumor
HRS169773,Peritumoral,Normal
HRS169774,Patient Solid Tissue,Tumor
HRS169775,Peritumoral,Normal
HRS169776,Patient Solid Tissue,Tumor
HRS169777,Peritumoral,Normal
HRS169778,Patient Solid Tissue,Tumor
HRS169779,Peritumoral,Normal
HRS169780,Patient Solid Tissue,Tumor
HRS169781,Peritumoral,Normal
HRS169782,Patient Solid Tissue,Tumor
HRS169783,Peritumoral,Normal
HRS169784,Patient Solid Tissue,Tumor
HRS169785,Peritumoral,Normal
HRS169786,Patient Solid Tissue,Tumor
HRS169787,Peritumoral,Normal
HRS169788,Patient Solid Tissue,Tumor
HRS169789,Peritumoral,Normal
HRS169790,Patient Solid Tissue,Tumor
HRS169791,Peritumoral,Normal
HRS169792,Patient Solid Tissue,Tumor
HRS169793,Peritumoral,Normal
HRS169794,Patient Solid Tissue,Tumor
HRS169795,Peritumoral,Normal
HRS169796,Patient Solid Tissue,Tumor
HRS169797,Peritumoral,Normal
HRS169798,Patient Solid Tissue,Tumor
HRS169799,Peritumoral,Normal
HRS169800,Patient Solid Tissue,Tumor
HRS169801,Peritumoral,Normal
HRS169802,Patient Solid Tissue,Tumor
HRS169803,Peritumoral,Normal
HRS169804,Patient Solid Tissue,Tumor
HRS169805,Peritumoral,Normal
HRS169806,Patient Solid Tissue,Tumor
HRS169807,Peritumoral,Normal
HRS169808,Patient Solid Tissue,Tumor
HRS169809,Peritumoral,Normal
HRS169810,Patient Solid Tissue,Tumor
HRS169811,Peritumoral,Normal
HRS169812,Patient Solid Tissue,Tumor
HRS169813,Peritumoral,Normal
HRS169814,Patient Solid Tissue,Tumor
HRS169815,Peritumoral,Normal
HRS169816,Patient Solid Tissue,Tumor
HRS169817,Peritumoral,Normal
HRS169818,Patient Solid Tissue,Tumor
HRS169819,Peritumoral,Normal
HRS169820,Patient Solid Tissue,Tumor
HRS169821,Peritumoral,Normal
HRS169822,Patient Solid Tissue,Tumor
HRS169823,Peritumoral,Normal
HRS169824,Patient Solid Tissue,Tumor
HRS169825,Peritumoral,Normal
HRS169826,Patient Solid Tissue,Tumor
HRS169827,Peritumoral,Normal
HRS169828,Patient Solid Tissue,Tumor
HRS169829,Peritumoral,Normal
HRS169830,Patient Solid Tissue,Tumor
HRS169831,Peritumoral,Normal
HRS169832,Patient Solid Tissue,Tumor
HRS169833,Peritumoral,Normal
HRS169834,Patient Solid Tissue,Tumor
HRS169835,Peritumoral,Normal
HRS169836,Patient Solid Tissue,Tumor
HRS169837,Peritumoral,Normal
HRS169838,Patient Solid Tissue,Tumor
HRS169839,Peritumoral,Normal
HRS169840,Patient Solid Tissue,Tumor
HRS169841,Peritumoral,Normal
HRS169842,Patient Solid Tissue,Tumor
HRS169843,Peritumoral,Normal
HRS169844,Patient Solid Tissue,Tumor
HRS169845,Peritumoral,Normal
HRS169846,Patient Solid Tissue,Tumor
HRS169847,Peritumoral,Normal
HRS169848,Patient Solid Tissue,Tumor
HRS169849,Peritumoral,Normal
HRS169850,Patient Solid Tissue,Tumor
HRS169851,Peritumoral,Normal
HRS169852,Patient Solid Tissue,Tumor
HRS169853,Peritumoral,Normal
HRS169854,Patient Solid Tissue,Tumor
HRS169855,Peritumoral,Normal
HRS169856,Patient Solid Tissue,Tumor
HRS169857,Peritumoral,Normal
HRS169858,Patient Solid Tissue,Tumor
HRS169859,Peritumoral,Normal
HRS169860,Patient Solid Tissue,Tumor
HRS169861,Peritumoral,Normal
HRS169862,Patient Solid Tissue,Tumor
HRS169863,Peritumoral,Normal
HRS169864,Patient Solid Tissue,Tumor
HRS169865,Peritumoral,Normal
HRS169866,Patient Solid Tissue,Tumor
HRS169867,Peritumoral,Normal
HRS169868,Patient Solid Tissue,Tumor
HRS169869,Peritumoral,Normal
HRS169870,Patient Solid Tissue,Tumor
HRS169871,Peritumoral,Normal
HRS169872,Patient Solid Tissue,Tumor
HRS169873,Peritumoral,Normal
HRS169874,Patient Solid Tissue,Tumor
HRS169875,Peritumoral,Normal
HRS169876,Patient Solid Tissue,Tumor
HRS169877,Peritumoral,Normal
HRS169878,Patient Solid Tissue,Tumor
HRS169879,Peritumoral,Normal
HRS169880,Patient Solid Tissue,Tumor
HRS169881,Peritumoral,Normal
HRS169882,Patient Solid Tissue,Tumor
HRS169883,Peritumoral,Normal
HRS169884,Patient Solid Tissue,Tumor
HRS169885,Peritumoral,Normal
HRS169886,Patient Solid Tissue,Tumor
HRS169887,Peritumoral,Normal
HRS169888,Patient Solid Tissue,Tumor
HRS169889,Peritumoral,Normal
HRS169890,Patient Solid Tissue,Tumor
HRS169891,Peritumoral,Normal
HRS169892,Patient Solid Tissue,Tumor
HRS169893,Peritumoral,Normal
HRS169894,Patient Solid Tissue,Tumor
HRS169895,Peritumoral,Normal
HRS169896,Patient Solid Tissue,Tumor
HRS169897,Peritumoral,Normal
HRS169898,Patient Solid Tissue,Tumor
HRS169899,Peritumoral,Normal
HRS169900,Patient Solid Tissue,Tumor
HRS169901,Peritumoral,Normal
HRS169902,Patient Solid Tissue,Tumor
HRS169903,Peritumoral,Normal
HRS169904,Patient Solid Tissue,Tumor
HRS169905,Peritumoral,Normal
HRS169906,Patient Solid Tissue,Tumor
HRS169907,Peritumoral,Normal
HRS169908,Patient Solid Tissue,Tumor
HRS169909,Peritumoral,Normal
HRS169910,Patient Solid Tissue,Tumor
HRS169911,Peritumoral,Normal
HRS169912,Patient Solid Tissue,Tumor
HRS169913,Peritumoral,Normal
HRS169914,Patient Solid Tissue,Tumor
HRS169915,Peritumoral,Normal
HRS169916,Patient Solid Tissue,Tumor
HRS169917,Peritumoral,Normal
HRS169918,Patient Solid Tissue,Tumor
HRS169919,Peritumoral,Normal
HRS169920,Patient Solid Tissue,Tumor
HRS169921,Peritumoral,Normal
HRS169922,Patient Solid Tissue,Tumor
HRS169923,Peritumoral,Normal
HRS169924,Patient Solid Tissue,Tumor
HRS169925,Peritumoral,Normal
HRS169926,Patient Solid Tissue,Tumor
HRS169927,Peritumoral,Normal
HRS169928,Patient Solid Tissue,Tumor
HRS169929,Peritumoral,Normal
HRS169930,Patient Solid Tissue,Tumor
HRS169931,Peritumoral,Normal
HRS169932,Patient Solid Tissue,Tumor
HRS169933,Peritumoral,Normal
HRS169934,Patient Solid Tissue,Tumor
HRS169935,Peritumoral,Normal
HRS169936,Patient Solid Tissue,Tumor
HRS169937,Peritumoral,Normal
HRS169938,Patient Solid Tissue,Tumor
HRS169939,Peritumoral,Normal
HRS169940,Patient Solid Tissue,Tumor
HRS169941,Peritumoral,Normal
HRS169942,Patient Solid Tissue,Tumor
HRS169943,Peritumoral,Normal
HRS169944,Patient Solid Tissue,Tumor
HRS169945,Peritumoral,Normal
HRS169946,Patient Solid Tissue,Tumor
HRS169947,Peritumoral,Normal
HRS169948,Patient Solid Tissue,Tumor
HRS169949,Peritumoral,Normal
HRS169950,Patient Solid Tissue,Tumor
HRS169951,Peritumoral,Normal
HRS169952,Patient Solid Tissue,Tumor
HRS169953,Peritumoral,Normal
HRS169954,Patient Solid Tissue,Tumor
HRS169955,Peritumoral,Normal
HRS169956,Patient Solid Tissue,Tumor
HRS169957,Peritumoral,Normal
HRS169958,Patient Solid Tissue,Tumor
HRS169959,Peritumoral,Normal
HRS169960,Patient Solid Tissue,Tumor
HRS169961,Peritumoral,Normal
HRS169962,Patient Solid Tissue,Tumor
HRS169963,Peritumoral,Normal
HRS169964,Patient Solid Tissue,Tumor
HRS169965,Peritumoral,Normal
HRS169966,Patient Solid Tissue,Tumor
HRS169967,Peritumoral,Normal
HRS169968,Patient Solid Tissue,Tumor
HRS169969,Peritumoral,Normal
HRS169970,Patient Solid Tissue,Tumor
HRS169971,Peritumoral,Normal
HRS169972,Patient Solid Tissue,Tumor
HRS169973,Peritumoral,Normal
HRS169974,Patient Solid Tissue,Tumor
HRS169975,Peritumoral,Normal
HRS169976,Patient Solid Tissue,Tumor
HRS169977,Peritumoral,Normal
HRS169978,Patient Solid Tissue,Tumor
HRS169979,Peritumoral,Normal
HRS169980,Patient Solid Tissue,Tumor
HRS169981,Peritumoral,Normal
HRS169982,Patient Solid Tissue,Tumor
HRS169983,Peritumoral,Normal
HRS169984,Patient Solid Tissue,Tumor
HRS169985,Peritumoral,Normal
HRS169986,Patient Solid Tissue,Tumor
HRS169987,Peritumoral,Normal
HRS169988,Patient Solid Tissue,Tumor
HRS169989,Peritumoral,Normal
HRS169990,Patient Solid Tissue,Tumor
HRS169991,Peritumoral,Normal
HRS169992,Patient Solid Tissue,Tumor
HRS169993,Peritumoral,Normal
HRS169994,Patient Solid Tissue,Tumor
HRS169995,Peritumoral,Normal
HRS169996,Patient Solid Tissue,Tumor
HRS169997,Peritumoral,Normal
HRS169998,Patient Solid Tissue,Tumor
HRS169999,Peritumoral,Normal
HRS170000,Patient Solid Tissue,Tumor
HRS170001,Peritumoral,Normal
HRS170002,Patient Solid Tissue,Tumor
HRS170003,Peritumoral,Normal
HRS170004,Patient Solid Tissue,Tumor
HRS170005,Peritumoral,Normal
HRS170006,Patient Solid Tissue,Tumor
HRS170007,Peritumoral,Normal
HRS170008,Patient Solid Tissue,Tumor
HRS170009,Peritumoral,Normal
HRS170010,Patient Solid Tissue,Tumor
HRS170011,Peritumoral,Normal
HRS170012,Patient Solid Tissue,Tumor
HRS170013,Peritumoral,Normal
HRS170014,Patient Solid Tissue,Tumor
HRS170015,Peritumoral,Normal
HRS170016,Patient Solid Tissue,Tumor
HRS170017,Peritumoral,Normal
HRS170018,Patient Solid Tissue,Tumor
HRS170019,Peritumoral,Normal
HRS170020,Patient Solid Tissue,Tumor
HRS170021,Peritumoral,Normal
HRS170022,Patient Solid Tissue,Tumor
HRS170023,Peritumoral,Normal
HRS170024,Patient Solid Tissue,Tumor
HRS170025,Peritumoral,Normal
HRS170026,Patient Solid Tissue,Tumor
HRS170027,Peritumoral,Normal
HRS170028,Patient Solid Tissue,Tumor
HRS170029,Peritumoral,Normal
HRS170030,Patient Solid Tissue,Tumor
HRS170031,Peritumoral,Normal
HRS170032,Patient Solid Tissue,Tumor
HRS170033,Peritumoral,Normal
HRS170034,Patient Solid Tissue,Tumor
HRS170035,Peritumoral,Normal
HRS170036,Patient Solid Tissue,Tumor
HRS170037,Peritumoral,Normal
HRS170038,Patient Solid Tissue,Tumor
HRS170039,Peritumoral,Normal
HRS170040,Patient Solid Tissue,Tumor
HRS170041,Peritumoral,Normal
HRS170042,Patient Solid Tissue,Tumor
HRS170043,Peritumoral,Normal
HRS170044,Patient Solid Tissue,Tumor
HRS170045,Peritumoral,Normal
HRS170046,Patient Solid Tissue,Tumor
HRS170047,Peritumoral,Normal
HRS170048,Patient Solid Tissue,Tumor
HRS170049,Peritumoral,Normal
HRS170050,Patient Solid Tissue,Tumor
HRS170051,Peritumoral,Normal
HRS170052,Patient Solid Tissue,Tumor
HRS170053,Peritumoral,Normal
HRS170054,Patient Solid Tissue,Tumor
HRS170055,Peritumoral,Normal
HRS170056,Patient Solid Tissue,Tumor
HRS170057,Peritumoral,Normal
HRS170058,Patient Solid Tissue,Tumor
HRS170059,Peritumoral,Normal
HRS170060,Patient Solid Tissue,Tumor
HRS170061,Peritumoral,Normal
HRS170062,Patient Solid Tissue,Tumor
HRS170063,Peritumoral,Normal
HRS170064,Patient Solid Tissue,Tumor
HRS170065,Peritumoral,Normal
HRS170066,Patient Solid Tissue,Tumor
HRS170067,Peritumoral,Normal
HRS170068,Patient Solid Tissue,Tumor
HRS170069,Peritumoral,Normal
HRS170070,Patient Solid Tissue,Tumor
HRS170071,Peritumoral,Normal
HRS170072,Patient Solid Tissue,Tumor
HRS170073,Peritumoral,Normal
HRS170074,Patient Solid Tissue,Tumor
HRS170075,Peritumoral,Normal
HRS170076,Patient Solid Tissue,Tumor
HRS170077,Peritumoral,Normal
HRS170078,Patient Solid Tissue,Tumor
HRS170079,Peritumoral,Normal
HRS170080,Patient Solid Tissue,Tumor
HRS170081,Peritumoral,Normal
HRS170082,Patient Solid Tissue,Tumor
HRS170083,Peritumoral,Normal
HRS170084,Patient Solid Tissue,Tumor
HRS170085,Peritumoral,Normal
HRS170086,Patient Solid Tissue,Tumor
HRS170087,Peritumoral,Normal
HRS170088,Patient Solid Tissue,Tumor
HRS170089,Peritumoral,Normal
HRS170090,Patient Solid Tissue,Tumor
HRS170091,Peritumoral,Normal
HRS170092,Patient Solid Tissue,Tumor
HRS170093,Peritumoral,Normal
HRS170094,Patient Solid Tissue,Tumor
HRS170095,Peritumoral,Normal
HRS170096,Patient Solid Tissue,Tumor
HRS170097,Peritumoral,Normal
HRS170098,Patient Solid Tissue,Tumor
HRS170099,Peritumoral,Normal
HRS170100,Patient Solid Tissue,Tumor
HRS170101,Peritumoral,Normal
HRS170102,Patient Solid Tissue,Tumor
HRS170103,Peritumoral,Normal
HRS170104,Patient Solid Tissue,Tumor
HRS170105,Peritumoral,Normal
HRS170106,Patient Solid Tissue,Tumor
HRS170107,Peritumoral,Normal
HRS170108,Patient Solid Tissue,Tumor
HRS170109,Peritumoral,Normal
HRS170110,Patient Solid Tissue,Tumor
HRS170111,Peritumoral,Normal
HRS170112,Patient Solid Tissue,Tumor
HRS170113,Peritumoral,Normal
HRS170114,Patient Solid Tissue,Tumor
HRS170115,Peritumoral,Normal
HRS170116,Patient Solid Tissue,Tumor
HRS170117,Peritumoral,Normal
HRS170118,Patient Solid Tissue,Tumor
HRS170119,Peritumoral,Normal
HRS170120,Patient Solid Tissue,Tumor
HRS170121,Peritumoral,Normal
HRS170122,Patient Solid Tissue,Tumor
HRS170123,Peritumoral,Normal
HRS170124,Patient Solid Tissue,Tumor
HRS170125,Peritumoral,Normal
HRS170126,Patient Solid Tissue,Tumor
HRS170127,Peritumoral,Normal
HRS170128,Patient Solid Tissue,Tumor
HRS170129,Peritumoral,Normal
HRS170130,Patient Solid Tissue,Tumor
HRS170131,Peritumoral,Normal
HRS170132,Patient Solid Tissue,Tumor
HRS170133,Peritumoral,Normal
HRS170134,Patient Solid Tissue,Tumor
HRS170135,Peritumoral,Normal
HRS170136,Patient Solid Tissue,Tumor
HRS170137,Peritumoral,Normal
HRS170138,Patient Solid Tissue,Tumor
HRS170139,Peritumoral,Normal
HRS170140,Patient Solid Tissue,Tumor
HRS170141,Peritumoral,Normal
HRS170142,Patient Solid Tissue,Tumor
HRS170143,Peritumoral,Normal
HRS170144,Patient Solid Tissue,Tumor
HRS170145,Peritumoral,Normal
HRS170146,Patient Solid Tissue,Tumor
HRS170147,Peritumoral,Normal
HRS170148,Patient Solid Tissue,Tumor
HRS170149,Peritumoral,Normal
HRS170150,Patient Solid Tissue,Tumor
HRS170151,Peritumoral,Normal
HRS170152,Patient Solid Tissue,Tumor
HRS170153,Peritumoral,Normal
HRS170154,Patient Solid Tissue,Tumor
HRS170155,Peritumoral,Normal
HRS170156,Patient Solid Tissue,Tumor
HRS170157,Peritumoral,Normal
HRS170158,Patient Solid Tissue,Tumor
HRS170159,Peritumoral,Normal
HRS170160,Patient Solid Tissue,Tumor
HRS170161,Peritumoral,Normal
HRS170162,Patient Solid Tissue,Tumor
HRS170163,Peritumoral,Normal
HRS170164,Patient Solid Tissue,Tumor
HRS170165,Peritumoral,Normal
HRS170166,Patient Solid Tissue,Tumor
HRS170167,Peritumoral,Normal
HRS170168,Patient Solid Tissue,Tumor
HRS170169,Peritumoral,Normal
HRS170170,Patient Solid Tissue,Tumor
HRS170171,Peritumoral,Normal
HRS170172,Patient Solid Tissue,Tumor
HRS170173,Peritumoral,Normal
HRS170174,Patient Solid Tissue,Tumor
HRS170175,Peritumoral,Normal
HRS170176,Patient Solid Tissue,Tumor
HRS170177,Peritumoral,Normal
HRS170178,Patient Solid Tissue,Tumor
HRS170179,Peritumoral,Normal
HRS170180,Patient Solid Tissue,Tumor
HRS170181,Peritumoral,Normal
HRS170182,Patient Solid Tissue,Tumor
HRS170183,Peritumoral,Normal
HRS170184,Patient Solid Tissue,Tumor
HRS170185,Peritumoral,Normal
HRS170186,Patient Solid Tissue,Tumor
HRS170187,Peritumoral,Normal
HRS170188,Patient Solid Tissue,Tumor
HRS170189,Peritumoral,Normal
HRS170190,Patient Solid Tissue,Tumor
HRS170191,Peritumoral,Normal
HRS170192,Patient Solid Tissue,Tumor
HRS170193,Peritumoral,Normal
HRS170194,Patient Solid Tissue,Tumor
HRS170195,Peritumoral,Normal
HRS170196,Patient Solid Tissue,Tumor
HRS170197,Peritumoral,Normal
HRS170198,Patient Solid Tissue,Tumor
HRS170199,Peritumoral,Normal
HRS170200,Patient Solid Tissue,Tumor
HRS170201,Peritumoral,Normal
HRS170202,Patient Solid Tissue,Tumor
HRS170203,Peritumoral,Normal
HRS170204,Patient Solid Tissue,Tumor
HRS170205,Peritumoral,Normal
HRS170206,Patient Solid Tissue,Tumor
HRS170207,Peritumoral,Normal
HRS170208,Patient Solid Tissue,Tumor
HRS170209,Peritumoral,Normal
HRS170210,Patient Solid Tissue,Tumor
HRS170211,Peritumoral,Normal
HRS170212,Patient Solid Tissue,Tumor
HRS170213,Peritumoral,Normal
HRS170214,Patient Solid Tissue,Tumor
HRS170215,Peritumoral,Normal
HRS170216,Patient Solid Tissue,Tumor
HRS170217,Peritumoral,Normal
HRS170218,Patient Solid Tissue,Tumor
HRS170219,Peritumoral,Normal
HRS170220,Patient Solid Tissue,Tumor
HRS170221,Peritumoral,Normal
HRS170222,Patient Solid Tissue,Tumor
HRS170223,Peritumoral,Normal
HRS170224,Patient Solid Tissue,Tumor
HRS170225,Peritumoral,Normal
HRS170226,Patient Solid Tissue,Tumor
HRS170227,Peritumoral,Normal
HRS170228,Patient Solid Tissue,Tumor
HRS170229,Peritumoral,Normal
HRS170230,Patient Solid Tissue,Tumor
HRS170231,Peritumoral,Normal
HRS170232,Patient Solid Tissue,Tumor
HRS170233,Peritumoral,Normal
HRS170234,Patient Solid Tissue,Tumor
HRS170235,Peritumoral,Normal
HRS170236,Patient Solid Tissue,Tumor
HRS170237,Peritumoral,Normal
HRS170238,Patient Solid Tissue,Tumor
HRS170239,Peritumoral,Normal
HRS170240,Patient Solid Tissue,Tumor
HRS170241,Peritumoral,Normal
HRS170242,Patient Solid Tissue,Tumor
HRS170243,Peritumoral,Normal
HRS170244,Patient Solid Tissue,Tumor
HRS170245,Peritumoral,Normal
HRS170246,Patient Solid Tissue,Tumor
HRS170247,Peritumoral,Normal
HRS170248,Patient Solid Tissue,Tumor
HRS170249,Peritumoral,Normal
HRS170250,Patient Solid Tissue,Tumor
HRS170251,Peritumoral,Normal
HRS170252,Patient Solid Tissue,Tumor
HRS170253,Peritumoral,Normal
HRS170254,Patient Solid Tissue,Tumor
HRS170255,Peritumoral,Normal
HRS170256,Patient Solid Tissue,Tumor
HRS170257,Peritumoral,Normal
HRS170258,Patient Solid Tissue,Tumor
HRS170259,Peritumoral,Normal
HRS170260,Patient Solid Tissue,Tumor
HRS170261,Peritumoral,Normal
HRS170262,Patient Solid Tissue,Tumor
HRS170263,Peritumoral,Normal
HRS170264,Patient Solid Tissue,Tumor
HRS170265,Peritumoral,Normal
HRS170266,Patient Solid Tissue,Tumor
HRS170267,Peritumoral,Normal
HRS170268,Patient Solid Tissue,Tumor
HRS170269,Peritumoral,Normal
HRS170270,Patient Solid Tissue,Tumor
HRS170271,Peritumoral,Normal
HRS170272,Patient Solid Tissue,Tumor
HRS170273,Peritumoral,Normal
HRS170274,Patient Solid Tissue,Tumor
HRS170275,Peritumoral,Normal
HRS170276,Patient Solid Tissue,Tumor
HRS170277,Peritumoral,Normal
HRS170278,Patient Solid Tissue,Tumor
HRS170279,Peritumoral,Normal
HRS170280,Patient Solid Tissue,Tumor
HRS170281,Peritumoral,Normal
HRS170282,Patient Solid Tissue,Tumor
HRS170283,Peritumoral,Normal
HRS170284,Patient Solid Tissue,Tumor
HRS170285,Peritumoral,Normal
HRS170286,Patient Solid Tissue,Tumor
HRS170287,Peritumoral,Normal
HRS170288,Patient Solid Tissue,Tumor
HRS170289,Peritumoral,Normal
HRS170290,Patient Solid Tissue,Tumor
HRS170291,Peritumoral,Normal
HRS170292,Patient Solid Tissue,Tumor
HRS170293,Peritumoral,Normal
HRS170294,Patient Solid Tissue,Tumor
HRS170295,Peritumoral,Normal
HRS170296,Patient Solid Tissue,Tumor
HRS170297,Peritumoral,Normal
HRS170298,Patient Solid Tissue,Tumor
HRS170299,Peritumoral,Normal
HRS170300,Patient Solid Tissue,Tumor
HRS170301,Peritumoral,Normal
HRS170302,Patient Solid Tissue,Tumor
HRS170303,Peritumoral,Normal
HRS170304,Patient Solid Tissue,Tumor
HRS170305,Peritumoral,Normal
HRS170306,Patient Solid Tissue,Tumor
HRS170307,Peritumoral,Normal
HRS170308,Patient Solid Tissue,Tumor
HRS170309,Peritumoral,Normal
HRS170310,Patient Solid Tissue,Tumor
HRS170311,Peritumoral,Normal
HRS170312,Patient Solid Tissue,Tumor
HRS170313,Peritumoral,Normal
HRS170314,Patient Solid Tissue,Tumor
HRS170315,Peritumoral,Normal
HRS170316,Patient Solid Tissue,Tumor
HRS170317,Peritumoral,Normal
HRS170318,Patient Solid Tissue,Tumor
HRS170319,Peritumoral,Normal
HRS170320,Patient Solid Tissue,Tumor
HRS170321,Peritumoral,Normal
HRS170322,Patient Solid Tissue,Tumor
HRS170323,Peritumoral,Normal
HRS170324,Patient Solid Tissue,Tumor
HRS170325,Peritumoral,Normal
HRS170326,Patient Solid Tissue,Tumor
HRS170327,Peritumoral,Normal
HRS170328,Patient Solid Tissue,Tumor
HRS170329,Peritumoral,Normal
HRS170330,Patient Solid Tissue,Tumor
HRS170331,Peritumoral,Normal
HRS170332,Patient Solid Tissue,Tumor
HRS170333,Peritumoral,Normal
HRS170334,Patient Solid Tissue,Tumor
HRS170335,Peritumoral,Normal
HRS170336,Patient Solid Tissue,Tumor
HRS170337,Peritumoral,Normal
HRS170338,Patient Solid Tissue,Tumor
HRS170339,Peritumoral,Normal
HRS170340,Patient Solid Tissue,Tumor
HRS170341,Peritumoral,Normal
HRS170342,Patient Solid Tissue,Tumor
HRS170343,Peritumoral,Normal
HRS170344,Patient Solid Tissue,Tumor
HRS170345,Peritumoral,Normal
HRS170346,Patient Solid Tissue,Tumor
HRS170347,Peritumoral,Normal
HRS170348,Patient Solid Tissue,Tumor
HRS170349,Peritumoral,Normal
HRS170350,Patient Solid Tissue,Tumor
HRS170351,Peritumoral,Normal
HRS170352,Patient Solid Tissue,Tumor
HRS170353,Peritumoral,Normal
HRS170354,Patient Solid Tissue,Tumor
HRS170355,Peritumoral,Normal
HRS170356,Patient Solid Tissue,Tumor
HRS170357,Peritumoral,Normal
HRS170358,Patient Solid Tissue,Tumor
HRS170359,Peritumoral,Normal
HRS170360,Patient Solid Tissue,Tumor
HRS170361,Peritumoral,Normal
HRS170362,Patient Solid Tissue,Tumor
HRS170363,Peritumoral,Normal
HRS170364,Patient Solid Tissue,Tumor
HRS170365,Peritumoral,Normal
HRS170366,Patient Solid Tissue,Tumor
HRS170367,Peritumoral,Normal
HRS170368,Patient Solid Tissue,Tumor
HRS170369,Peritumoral,Normal
HRS170370,Patient Solid Tissue,Tumor
HRS170371,Peritumoral,Normal
HRS170372,Patient Solid Tissue,Tumor
HRS170373,Peritumoral,Normal
HRS170374,Patient Solid Tissue,Tumor
HRS170375,Peritumoral,Normal
HRS170376,Patient Solid Tissue,Tumor
HRS170377,Peritumoral,Normal
HRS170378,Patient Solid Tissue,Tumor
HRS170379,Peritumoral,Normal
HRS170380,Patient Solid Tissue,Tumor
HRS170381,Peritumoral,Normal
HRS170382,Patient Solid Tissue,Tumor
HRS170383,Peritumoral,Normal
HRS170384,Patient Solid Tissue,Tumor
HRS170385,Peritumoral,Normal
HRS170386,Patient Solid Tissue,Tumor
HRS170387,Peritumoral,Normal
HRS170388,Patient Solid Tissue,Tumor
HRS170389,Peritumoral,Normal
HRS170390,Patient Solid Tissue,Tumor
HRS170391,Peritumoral,Normal
HRS170392,Patient Solid Tissue,Tumor
HRS170393,Peritumoral,Normal
HRS170394,Patient Solid Tissue,Tumor
HRS170395,Peritumoral,Normal
HRS170396,Patient Solid Tissue,Tumor
HRS170397,Peritumoral,Normal
HRS170398,Patient Solid Tissue,Tumor
HRS170399,Peritumoral,Normal
HRS170400,Patient Solid Tissue,Tumor
HRS170401,Peritumoral,Normal
HRS170402,Patient Solid Tissue,Tumor
HRS170403,Peritumoral,Normal
HRS170404,Patient Solid Tissue,Tumor
HRS170405,Peritumoral,Normal
HRS170406,Patient Solid Tissue,Tumor
HRS170407,Peritumoral,Normal
HRS170408,Patient Solid Tissue,Tumor
HRS170409,Peritumoral,Normal
HRS170410,Patient Solid Tissue,Tumor
HRS170411,Peritumoral,Normal
HRS170412,Patient Solid Tissue,Tumor
HRS170413,Peritumoral,Normal
HRS170414,Patient Solid Tissue,Tumor
HRS170415,Peritumoral,Normal
HRS170416,Patient Solid Tissue,Tumor
HRS170417,Peritumoral,Normal
HRS170418,Patient Solid Tissue,Tumor
HRS170419,Peritumoral,Normal
HRS170420,Patient Solid Tissue,Tumor
HRS170421,Peritumoral,Normal
HRS170422,Patient Solid Tissue,Tumor
HRS170423,Peritumoral,Normal
HRS170424,Patient Solid Tissue,Tumor
HRS170425,Peritumoral,Normal
HRS170426,Patient Solid Tissue,Tumor
HRS170427,Peritumoral,Normal
HRS170428,Patient Solid Tissue,Tumor
HRS170429,Peritumoral,Normal
HRS170430,Patient Solid Tissue,Tumor
HRS170431,Peritumoral,Normal
HRS170432,Patient Solid Tissue,Tumor
HRS170433,Peritumoral,Normal
HRS170434,Patient Solid Tissue,Tumor
HRS170435,Peritumoral,Normal
HRS170436,Patient Solid Tissue,Tumor
HRS170437,Peritumoral,Normal
HRS170438,Patient Solid Tissue,Tumor
HRS170439,Peritumoral,Normal
HRS170440,Patient Solid Tissue,Tumor
HRS170441,Peritumoral,Normal
HRS170442,Patient Solid Tissue,Tumor
HRS170443,Peritumoral,Normal
HRS170444,Patient Solid Tissue,Tumor
HRS170445,Peritumoral,Normal
HRS170446,Patient Solid Tissue,Tumor
HRS170447,Peritumoral,Normal
HRS170448,Patient Solid Tissue,Tumor
HRS170449,Peritumoral,Normal
HRS170450,Patient Solid Tissue,Tumor
HRS170451,Peritumoral,Normal
HRS170452,Patient Solid Tissue,Tumor
HRS170453,Peritumoral,Normal
HRS170454,Patient Solid Tissue,Tumor
HRS170455,Peritumoral,Normal
HRS170456,Patient Solid Tissue,Tumor
HRS170457,Peritumoral,Normal
HRS170458,Patient Solid Tissue,Tumor
HRS170459,Peritumoral,Normal
HRS170460,Patient Solid Tissue,Tumor
HRS170461,Peritumoral,Normal
HRS170462,Patient Solid Tissue,Tumor
HRS170463,Peritumoral,Normal
HRS170464,Patient Solid Tissue,Tumor
HRS170465,Peritumoral,Normal
HRS170466,Patient Solid Tissue,Tumor
HRS170467,Peritumoral,Normal
HRS170468,Patient Solid Tissue,Tumor
HRS170469,Peritumoral,Normal
HRS170470,Patient Solid Tissue,Tumor
HRS170471,Peritumoral,Normal
HRS170472,Patient Solid Tissue,Tumor
HRS170473,Peritumoral,Normal
HRS170474,Patient Solid Tissue,Tumor
HRS170475,Peritumoral,Normal
HRS170476,Patient Solid Tissue,Tumor
HRS170477,Peritumoral,Normal
HRS170478,Patient Solid Tissue,Tumor
HRS170479,Peritumoral,Normal
HRS170480,Patient Solid Tissue,Tumor
HRS170481,Peritumoral,Normal
HRS170482,Patient Solid Tissue,Tumor
HRS170483,Peritumoral,Normal
HRS170484,Patient Solid Tissue,Tumor
HRS170485,Peritumoral,Normal
HRS170486,Patient Solid Tissue,Tumor
HRS170487,Peritumoral,Normal
HRS170488,Patient Solid Tissue,Tumor
HRS170489,Peritumoral,Normal
HRS170490,Patient Solid Tissue,Tumor
HRS170491,Peritumoral,Normal
HRS170492,Patient Solid Tissue,Tumor
HRS170493,Peritumoral,Normal
HRS170494,Patient Solid Tissue,Tumor
HRS170495,Peritumoral,Normal
HRS170496,Patient Solid Tissue,Tumor
HRS170497,Peritumoral,Normal
HRS170498,Patient Solid Tissue,Tumor
HRS170499,Peritumoral,Normal
HRS170500,Patient Solid Tissue,Tumor
HRS170501,Peritumoral,Normal
HRS170502,Patient Solid Tissue,Tumor
HRS170503,Peritumoral,Normal
HRS170504,Patient Solid Tissue,Tumor
HRS170505,Peritumoral,Normal
HRS170506,Patient Solid Tissue,Tumor
HRS170507,Peritumoral,Normal
HRS170508,Patient Solid Tissue,Tumor
HRS170509,Peritumoral,Normal
HRS170510,Patient Solid Tissue,Tumor
HRS170511,Peritumoral,Normal
HRS170512,Patient Solid Tissue,Tumor
HRS170513,Peritumoral,Normal
HRS170514,Patient Solid Tissue,Tumor
HRS170515,Peritumoral,Normal
HRS170516,Patient Solid Tissue,Tumor
HRS170517,Peritumoral,Normal
HRS170518,Patient Solid Tissue,Tumor
HRS170519,Peritumoral,Normal
HRS170520,Patient Solid Tissue,Tumor
HRS170521,Peritumoral,Normal
HRS170522,Patient Solid Tissue,Tumor
HRS170523,Peritumoral,Normal
HRS170524,Patient Solid Tissue,Tumor
HRS170525,Peritumoral,Normal
HRS170526,Patient Solid Tissue,Tumor
HRS170527,Peritumoral,Normal
HRS170528,Patient Solid Tissue,Tumor
HRS170529,Peritumoral,Normal
HRS170530,Patient Solid Tissue,Tumor
HRS170531,Peritumoral,Normal
HRS170532,Patient Solid Tissue,Tumor
HRS170533,Peritumoral,Normal
HRS170534,Patient Solid Tissue,Tumor
HRS170535,Peritumoral,Normal
HRS170536,Patient Solid Tissue,Tumor
HRS170537,Peritumoral,Normal
HRS170538,Patient Solid Tissue,Tumor
HRS170539,Peritumoral,Normal
HRS170540,Patient Solid Tissue,Tumor
HRS170541,Peritumoral,Normal
HRS170542,Patient Solid Tissue,Tumor
HRS170543,Peritumoral,Normal
HRS170544,Patient Solid Tissue,Tumor
HRS170545,Peritumoral,Normal
HRS170546,Patient Solid Tissue,Tumor
HRS170547,Peritumoral,Normal
HRS170548,Patient Solid Tissue,Tumor
HRS170549,Peritumoral,Normal
HRS170550,Patient Solid Tissue,Tumor
HRS170551,Peritumoral,Normal
HRS170552,Patient Solid Tissue,Tumor
HRS170553,Peritumoral,Normal
HRS170554,Patient Solid Tissue,Tumor
HRS170555,Peritumoral,Normal
HRS170556,Patient Solid Tissue,Tumor
HRS170557,Peritumoral,Normal
HRS170558,Patient Solid Tissue,Tumor
HRS170559,Peritumoral,Normal
HRS170560,Patient Solid Tissue,Tumor
HRS170561,Peritumoral,Normal
HRS170562,Patient Solid Tissue,Tumor
HRS170563,Peritumoral,Normal
HRS170564,Patient Solid Tissue,Tumor
HRS170565,Peritumoral,Normal
HRS170566,Patient Solid Tissue,Tumor
HRS170567,Peritumoral,Normal
HRS170568,Patient Solid Tissue,Tumor
HRS170569,Peritumoral,Normal
HRS170570,Patient Solid Tissue,Tumor
HRS170571,Peritumoral,Normal
HRS170572,Patient Solid Tissue,Tumor
HRS170573,Peritumoral,Normal
HRS170574,Patient Solid Tissue,Tumor
HRS170575,Peritumoral,Normal
HRS170576,Patient Solid Tissue,Tumor
HRS170577,Peritumoral,Normal
HRS170578,Patient Solid Tissue,Tumor
HRS170579,Peritumoral,Normal
HRS170580,Patient Solid Tissue,Tumor
HRS170581,Peritumoral,Normal
HRS170582,Patient Solid Tissue,Tumor
HRS170583,Peritumoral,Normal
HRS170584,Patient Solid Tissue,Tumor
HRS170585,Peritumoral,Normal
HRS170586,Patient Solid Tissue,Tumor
HRS170587,Peritumoral,Normal
HRS170588,Patient Solid Tissue,Tumor
HRS170589,Peritumoral,Normal
HRS170590,Patient Solid Tissue,Tumor
HRS170591,Peritumoral,Normal
HRS170592,Patient Solid Tissue,Tumor
HRS170593,Peritumoral,Normal
HRS170594,Patient Solid Tissue,Tumor
HRS170595,Peritumoral,Normal
HRS170596,Patient Solid Tissue,Tumor
HRS170597,Peritumoral,Normal
HRS170598,Patient Solid Tissue,Tumor
HRS170599,Peritumoral,Normal
HRS170600,Patient Solid Tissue,Tumor
HRS170601,Peritumoral,Normal
HRS170602,Patient Solid Tissue,Tumor
HRS170603,Peritumoral,Normal
HRS170604,Patient Solid Tissue,Tumor
HRS170605,Peritumoral,Normal
HRS170606,Patient Solid Tissue,Tumor
HRS170607,Peritumoral,Normal
HRS170608,Patient Solid Tissue,Tumor
HRS170609,Peritumoral,Normal
HRS170610,Patient Solid Tissue,Tumor
HRS170611,Peritumoral,Normal
HRS170612,Patient Solid Tissue,Tumor
HRS170613,Peritumoral,Normal
HRS170614,Patient Solid Tissue,Tumor
HRS170615,Peritumoral,Normal
HRS170616,Patient Solid Tissue,Tumor
HRS170617,Peritumoral,Normal
HRS170618,Patient Solid Tissue,Tumor
HRS170619,Peritumoral,Normal
HRS170620,Patient Solid Tissue,Tumor
HRS170621,Peritumoral,Normal
HRS170622,Patient Solid Tissue,Tumor
HRS170623,Peritumoral,Normal
HRS170624,Patient Solid Tissue,Tumor
HRS170625,Peritumoral,Normal
HRS170626,Patient Solid Tissue,Tumor
HRS170627,Peritumoral,Normal
HRS170628,Patient Solid Tissue,Tumor
HRS170629,Peritumoral,Normal
HRS170630,Patient Solid Tissue,Tumor
HRS170631,Peritumoral,Normal
HRS170632,Patient Solid Tissue,Tumor
HRS170633,Peritumoral,Normal
HRS170634,Patient Solid Tissue,Tumor
HRS170635,Peritumoral,Normal
HRS170636,Patient Solid Tissue,Tumor
HRS170637,Peritumoral,Normal
HRS170638,Patient Solid Tissue,Tumor
HRS170639,Peritumoral,Normal
HRS170640,Patient Solid Tissue,Tumor
HRS170641,Peritumoral,Normal
HRS170642,Patient Solid Tissue,Tumor
HRS170643,Peritumoral,Normal
HRS170644,Patient Solid Tissue,Tumor
HRS170645,Peritumoral,Normal
HRS170646,Patient Solid Tissue,Tumor
HRS170647,Peritumoral,Normal
HRS170648,Patient Solid Tissue,Tumor
HRS170649,Peritumoral,Normal
HRS170650,Patient Solid Tissue,Tumor
HRS170651,Peritumoral,Normal
HRS170652,Patient Solid Tissue,Tumor
HRS170653,Peritumoral,Normal
HRS170654,Patient Solid Tissue,Tumor
HRS170655,Peritumoral,Normal
HRS170656,Patient Solid Tissue,Tumor
HRS170657,Peritumoral,Normal
HRS170658,Patient Solid Tissue,Tumor
HRS170659,Peritumoral,Normal
HRS170660,Patient Solid Tissue,Tumor
HRS170661,Peritumoral,Normal
HRS170662,Patient Solid Tissue,Tumor
HRS170663,Peritumoral,Normal
HRS170664,Patient Solid Tissue,Tumor
HRS170665,Peritumoral,Normal
HRS170666,Patient Solid Tissue,Tumor
HRS170667,Peritumoral,Normal
HRS170668,Patient Solid Tissue,Tumor
HRS170669,Peritumoral,Normal
HRS170670,Patient Solid Tissue,Tumor
HRS170671,Peritumoral,Normal
HRS170672,Patient Solid Tissue,Tumor
HRS170673,Peritumoral,Normal
HRS170674,Patient Solid Tissue,Tumor
HRS170675,Peritumoral,Normal
HRS170676,Patient Solid Tissue,Tumor
HRS170677,Peritumoral,Normal
HRS170678,Patient Solid Tissue,Tumor
HRS170679,Peritumoral,Normal
HRS170680,Patient Solid Tissue,Tumor
HRS170681,Peritumoral,Normal
HRS170682,Patient Solid Tissue,Tumor
HRS170683,Peritumoral,Normal
HRS170684,Patient Solid Tissue,Tumor
HRS170685,Peritumoral,Normal
HRS170686,Patient Solid Tissue,Tumor
HRS170687,Peritumoral,Normal
HRS170688,Patient Solid Tissue,Tumor
HRS170689,Peritumoral,Normal
HRS170690,Patient Solid Tissue,Tumor
HRS170691,Peritumoral,Normal
HRS170692,Patient Solid Tissue,Tumor
HRS170693,Peritumoral,Normal
HRS170694,Patient Solid Tissue,Tumor
HRS170695,Peritumoral,Normal
HRS170696,Patient Solid Tissue,Tumor
HRS170697,Peritumoral,Normal
HRS170698,Patient Solid Tissue,Tumor
HRS170699,Peritumoral,Normal
HRS170700,Patient Solid Tissue,Tumor
HRS170701,Peritumoral,Normal
HRS170702,Patient Solid Tissue,Tumor
HRS170703,Peritumoral,Normal
HRS170704,Patient Solid Tissue,Tumor
HRS170705,Peritumoral,Normal
HRS170706,Patient Solid Tissue,Tumor
HRS170707,Peritumoral,Normal
HRS170708,Patient Solid Tissue,Tumor
HRS170709,Peritumoral,Normal
HRS170710,Patient Solid Tissue,Tumor
HRS170711,Peritumoral,Normal
HRS170712,Patient Solid Tissue,Tumor
HRS170713,Peritumoral,Normal
HRS170714,Patient Solid Tissue,Tumor
HRS170715,Peritumoral,Normal
HRS170716,Patient Solid Tissue,Tumor
HRS170717,Peritumoral,Normal
HRS170718,Patient Solid Tissue,Tumor
HRS170719,Peritumoral,Normal
HRS170720,Patient Solid Tissue,Tumor
HRS170721,Peritumoral,Normal
HRS170722,Patient Solid Tissue,Tumor
HRS170723,Peritumoral,Normal
HRS170724,Patient Solid Tissue,Tumor
HRS170725,Peritumoral,Normal
HRS170726,Patient Solid Tissue,Tumor
HRS170727,Peritumoral,Normal
HRS170728,Patient Solid Tissue,Tumor
HRS170729,Peritumoral,Normal
HRS170730,Patient Solid Tissue,Tumor
HRS170731,Peritumoral,Normal
HRS170732,Patient Solid Tissue,Tumor
HRS170733,Peritumoral,Normal
HRS170734,Patient Solid Tissue,Tumor
HRS170735,Peritumoral,Normal
HRS170736,Patient Solid Tissue,Tumor
HRS170737,Peritumoral,Normal
HRS170738,Patient Solid Tissue,Tumor
HRS170739,Peritumoral,Normal
HRS170740,Patient Solid Tissue,Tumor
HRS170741,Peritumoral,Normal
HRS170742,Patient Solid Tissue,Tumor
HRS170743,Peritumoral,Normal
HRS170744,Patient Solid Tissue,Tumor
HRS170745,Peritumoral,Normal
HRS170746,Patient Solid Tissue,Tumor
HRS170747,Peritumoral,Normal
HRS170748,Patient Solid Tissue,Tumor
HRS170749,Peritumoral,Normal
HRS170750,Patient Solid Tissue,Tumor
HRS170751,Peritumoral,Normal
HRS170752,Patient Solid Tissue,Tumor
HRS170753,Peritumoral,Normal
HRS170754,Patient Solid Tissue,Tumor
HRS170755,Peritumoral,Normal
HRS170756,Patient Solid Tissue,Tumor
HRS170757,Peritumoral,Normal
HRS170758,Patient Solid Tissue,Tumor
HRS170759,Peritumoral,Normal
HRS170760,Patient Solid Tissue,Tumor
HRS170761,Peritumoral,Normal
HRS170762,Patient Solid Tissue,Tumor
HRS170763,Peritumoral,Normal
HRS170764,Patient Solid Tissue,Tumor
HRS170765,Peritumoral,Normal
HRS170766,Patient Solid Tissue,Tumor
HRS170767,Peritumoral,Normal
HRS170768,Patient Solid Tissue,Tumor
HRS170769,Peritumoral,Normal
HRS170770,Patient Solid Tissue,Tumor
HRS170771,Peritumoral,Normal
HRS170772,Patient Solid Tissue,Tumor
HRS170773,Peritumoral,Normal
HRS170774,Patient Solid Tissue,Tumor
HRS170775,Peritumoral,Normal
HRS170776,Patient Solid Tissue,Tumor
HRS170777,Peritumoral,Normal
HRS170778,Patient Solid Tissue,Tumor
HRS170779,Peritumoral,Normal
HRS170780,Patient Solid Tissue,Tumor
HRS170781,Peritumoral,Normal
HRS170782,Patient Solid Tissue,Tumor
HRS170783,Peritumoral,Normal
HRS170784,Patient Solid Tissue,Tumor
HRS170785,Peritumoral,Normal
HRS170786,Patient Solid Tissue,Tumor
HRS170787,Peritumoral,Normal
HRS170788,Patient Solid Tissue,Tumor
HRS170789,Peritumoral,Normal
HRS170790,Patient Solid Tissue,Tumor
HRS170791,Peritumoral,Normal
HRS170792,Patient Solid Tissue,Tumor
HRS170793,Peritumoral,Normal
HRS170794,Patient Solid Tissue,Tumor
HRS170795,Peritumoral,Normal
HRS170796,Patient Solid Tissue,Tumor
HRS170797,Peritumoral,Normal
HRS170798,Patient Solid Tissue,Tumor
HRS170799,Peritumoral,Normal
HRS170800,Patient Solid Tissue,Tumor
HRS170801,Peritumoral,Normal
HRS170802,Patient Solid Tissue,Tumor
HRS170803,Peritumoral,Normal
HRS170804,Patient Solid Tissue,Tumor
HRS170805,Peritumoral,Normal
HRS170806,Patient Solid Tissue,Tumor
HRS170807,Peritumoral,Normal
HRS170808,Patient Solid Tissue,Tumor
HRS170809,Peritumoral,Normal
HRS170810,Patient Solid Tissue,Tumor
HRS170811,Peritumoral,Normal
HRS170812,Patient Solid Tissue,Tumor
HRS170813,Peritumoral,Normal
HRS170814,Patient Solid Tissue,Tumor
HRS170815,Peritumoral,Normal
HRS170816,Patient Solid Tissue,Tumor
HRS170817,Peritumoral,Normal
HRS170818,Patient Solid Tissue,Tumor
HRS170819,Peritumoral,Normal
HRS170820,Patient Solid Tissue,Tumor
HRS170821,Peritumoral,Normal
HRS170822,Patient Solid Tissue,Tumor
HRS170823,Peritumoral,Normal
HRS170824,Patient Solid Tissue,Tumor
HRS170825,Peritumoral,Normal
HRS170826,Patient Solid Tissue,Tumor
HRS170827,Peritumoral,Normal
HRS170828,Patient Solid Tissue,Tumor
HRS170829,Peritumoral,Normal
HRS170830,Patient Solid Tissue,Tumor
HRS170831,Peritumoral,Normal
HRS170832,Patient Solid Tissue,Tumor
HRS170833,Peritumoral,Normal
HRS170834,Patient Solid Tissue,Tumor
HRS170835,Peritumoral,Normal
HRS170836,Patient Solid Tissue,Tumor
HRS170837,Peritumoral,Normal
HRS170838,Patient Solid Tissue,Tumor
HRS170839,Peritumoral,Normal
HRS170840,Patient Solid Tissue,Tumor
HRS170841,Peritumoral,Normal
HRS170842,Patient Solid Tissue,Tumor
HRS170843,Peritumoral,Normal
HRS170844,Patient Solid Tissue,Tumor
HRS170845,Peritumoral,Normal
HRS170846,Patient Solid Tissue,Tumor
HRS170847,Peritumoral,Normal
HRS170848,Patient Solid Tissue,Tumor
HRS170849,Peritumoral,Normal
HRS170850,Patient Solid Tissue,Tumor
HRS170851,Peritumoral,Normal
HRS170852,Patient Solid Tissue,Tumor
HRS170853,Peritumoral,Normal
HRS170854,Patient Solid Tissue,Tumor
HRS170855,Peritumoral,Normal
HRS170856,Patient Solid Tissue,Tumor
HRS170857,Peritumoral,Normal
HRS170858,Patient Solid Tissue,Tumor
HRS170859,Peritumoral,Normal
HRS170860,Patient Solid Tissue,Tumor
HRS170861,Peritumoral,Normal
HRS170862,Patient Solid Tissue,Tumor
HRS170863,Peritumoral,Normal
HRS170864,Patient Solid Tissue,Tumor
HRS170865,Peritumoral,Normal
HRS170866,Patient Solid Tissue,Tumor
HRS170867,Peritumoral,Normal
HRS170868,Patient Solid Tissue,Tumor
HRS170869,Peritumoral,Normal
HRS170870,Patient Solid Tissue,Tumor
HRS170871,Peritumoral,Normal
HRS170872,Patient Solid Tissue,Tumor
HRS170873,Peritumoral,Normal
HRS170874,Patient Solid Tissue,Tumor
HRS170875,Peritumoral,Normal
HRS170876,Patient Solid Tissue,Tumor
HRS170877,Peritumoral,Normal
HRS170878,Patient Solid Tissue,Tumor
HRS170879,Peritumoral,Normal
HRS170880,Patient Solid Tissue,Tumor
HRS170881,Peritumoral,Normal
HRS170882,Patient Solid Tissue,Tumor
HRS170883,Peritumoral,Normal
HRS170884,Patient Solid Tissue,Tumor
HRS170885,Peritumoral,Normal
HRS170886,Patient Solid Tissue,Tumor
HRS170887,Peritumoral,Normal
HRS170888,Patient Solid Tissue,Tumor
HRS170889,Peritumoral,Normal
HRS170890,Patient Solid Tissue,Tumor
HRS170891,Peritumoral,Normal
HRS170892,Patient Solid Tissue,Tumor
HRS170893,Peritumoral,Normal
HRS170894,Patient Solid Tissue,Tumor
HRS170895,Peritumoral,Normal
HRS170896,Patient Solid Tissue,Tumor
HRS170897,Peritumoral,Normal
HRS170898,Patient Solid Tissue,Tumor
HRS170899,Peritumoral,Normal
HRS170900,Patient Solid Tissue,Tumor
HRS170901,Peritumoral,Normal
HRS170902,Patient Solid Tissue,Tumor
HRS170903,Peritumoral,Normal
HRS170904,Patient Solid Tissue,Tumor
HRS170905,Peritumoral,Normal
HRS170906,Patient Solid Tissue,Tumor
HRS170907,Peritumoral,Normal
HRS170908,Patient Solid Tissue,Tumor
HRS170909,Peritumoral,Normal
HRS170910,Patient Solid Tissue,Tumor
HRS170911,Peritumoral,Normal
HRS170912,Patient Solid Tissue,Tumor
HRS170913,Peritumoral,Normal
HRS170914,Patient Solid Tissue,Tumor
HRS170915,Peritumoral,Normal
HRS170916,Patient Solid Tissue,Tumor
HRS170917,Peritumoral,Normal
HRS170918,Patient Solid Tissue,Tumor
HRS170919,Peritumoral,Normal
HRS170920,Patient Solid Tissue,Tumor
HRS170921,Peritumoral,Normal
HRS170922,Patient Solid Tissue,Tumor
HRS170923,Peritumoral,Normal
HRS170924,Patient Solid Tissue,Tumor
HRS170925,Peritumoral,Normal
HRS170926,Patient Solid Tissue,Tumor
HRS170927,Peritumoral,Normal
HRS170928,Patient Solid Tissue,Tumor
HRS170929,Peritumoral,Normal
HRS170930,Patient Solid Tissue,Tumor
HRS170931,Peritumoral,Normal
HRS170932,Patient Solid Tissue,Tumor
HRS170933,Peritumoral,Normal
HRS170934,Patient Solid Tissue,Tumor
HRS170935,Peritumoral,Normal
HRS170936,Patient Solid Tissue,Tumor
HRS170937,Peritumoral,Normal
HRS170938,Patient Solid Tissue,Tumor
HRS170939,Peritumoral,Normal
HRS170940,Patient Solid Tissue,Tumor
HRS170941,Peritumoral,Normal
HRS170942,Patient Solid Tissue,Tumor
HRS170943,Peritumoral,Normal
HRS170944,Patient Solid Tissue,Tumor
HRS170945,Peritumoral,Normal
HRS170946,Patient Solid Tissue,Tumor
HRS170947,Peritumoral,Normal
HRS170948,Patient Solid Tissue,Tumor
HRS170949,Peritumoral,Normal
HRS170950,Patient Solid Tissue,Tumor
HRS170951,Peritumoral,Normal
HRS170952,Patient Solid Tissue,Tumor
HRS170953,Peritumoral,Normal
HRS170954,Patient Solid Tissue,Tumor
HRS170955,Peritumoral,Normal
HRS170956,Patient Solid Tissue,Tumor
HRS170957,Peritumoral,Normal
HRS170958,Patient Solid Tissue,Tumor
HRS170959,Peritumoral,Normal
HRS170960,Patient Solid Tissue,Tumor
HRS170961,Peritumoral,Normal
HRS170962,Patient Solid Tissue,Tumor
HRS170963,Peritumoral,Normal
HRS170964,Patient Solid Tissue,Tumor
HRS170965,Peritumoral,Normal
HRS170966,Patient Solid Tissue,Tumor
HRS170967,Peritumoral,Normal
HRS170968,Patient Solid Tissue,Tumor
HRS170969,Peritumoral,Normal
HRS170970,Patient Solid Tissue,Tumor
HRS170971,Peritumoral,Normal
HRS170972,Patient Solid Tissue,Tumor
HRS170973,Peritumoral,Normal
HRS170974,Patient Solid Tissue,Tumor
HRS170975,Peritumoral,Normal
HRS170976,Patient Solid Tissue,Tumor
HRS170977,Peritumoral,Normal
HRS170978,Patient Solid Tissue,Tumor
HRS170979,Peritumoral,Normal
HRS170980,Patient Solid Tissue,Tumor
HRS170981,Peritumoral,Normal
HRS170982,Patient Solid Tissue,Tumor
HRS170983,Peritumoral,Normal
HRS170984,Patient Solid Tissue,Tumor
HRS170985,Peritumoral,Normal
HRS170986,Patient Solid Tissue,Tumor
HRS170987,Peritumoral,Normal
HRS170988,Patient Solid Tissue,Tumor
HRS170989,Peritumoral,Normal
HRS170990,Patient Solid Tissue,Tumor
HRS170991,Peritumoral,Normal
HRS170992,Patient Solid Tissue,Tumor
HRS170993,Peritumoral,Normal
HRS170994,Patient Solid Tissue,Tumor
HRS170995,Peritumoral,Normal
HRS170996,Patient Solid Tissue,Tumor
HRS170997,Peritumoral,Normal
HRS170998,Patient Solid Tissue,Tumor
HRS170999,Peritumoral,Normal
HRS171000,Patient Solid Tissue,Tumor
HRS171001,Peritumoral,Normal
HRS171002,Patient Solid Tissue,Tumor
HRS171003,Peritumoral,Normal
HRS171004,Patient Solid Tissue,Tumor
HRS171005,Peritumoral,Normal
HRS171006,Patient Solid Tissue,Tumor
HRS171007,Peritumoral,Normal
HRS171008,Patient Solid Tissue,Tumor
HRS171009,Peritumoral,Normal
HRS171010,Patient Solid Tissue,Tumor
HRS171011,Peritumoral,Normal
HRS171012,Patient Solid Tissue,Tumor
HRS171013,Peritumoral,Normal
HRS171014,Patient Solid Tissue,Tumor
HRS171015,Peritumoral,Normal
HRS171016,Patient Solid Tissue,Tumor
HRS171017,Peritumoral,Normal
HRS171018,Patient Solid Tissue,Tumor
HRS171019,Peritumoral,Normal
HRS171020,Patient Solid Tissue,Tumor
HRS171021,Peritumoral,Normal
HRS171022,Patient Solid Tissue,Tumor
HRS171023,Peritumoral,Normal
HRS171024,Patient Solid Tissue,Tumor
HRS171025,Peritumoral,Normal
HRS171026,Patient Solid Tissue,Tumor
HRS171027,Peritumoral,Normal
HRS171028,Patient Solid Tissue,Tumor
HRS171029,Peritumoral,Normal
HRS171030,Patient Solid Tissue,Tumor
HRS171031,Peritumoral,Normal
HRS171032,Patient Solid Tissue,Tumor
HRS171033,Peritumoral,Normal
HRS171034,Patient Solid Tissue,Tumor
HRS171035,Peritumoral,Normal
HRS171036,Patient Solid Tissue,Tumor
HRS171037,Peritumoral,Normal
HRS171038,Patient Solid Tissue,Tumor
HRS171039,Peritumoral,Normal
HRS171040,Patient Solid Tissue,Tumor
HRS171041,Peritumoral,Normal
HRS171042,Patient Solid Tissue,Tumor
HRS171043,Peritumoral,Normal
HRS171044,Patient Solid Tissue,Tumor
HRS171045,Peritumoral,Normal
HRS171046,Patient Solid Tissue,Tumor
HRS171047,Peritumoral,Normal
HRS171048,Patient Solid Tissue,Tumor
HRS171049,Peritumoral,Normal
HRS171050,Patient Solid Tissue,Tumor
HRS171051,Peritumoral,Normal
HRS171052,Patient Solid Tissue,Tumor
HRS171053,Peritumoral,Normal
HRS171054,Patient Solid Tissue,Tumor
HRS171055,Peritumoral,Normal
HRS171056,Patient Solid Tissue,Tumor
HRS171057,Peritumoral,Normal
HRS171058,Patient Solid Tissue,Tumor
HRS171059,Peritumoral,Normal
HRS171060,Patient Solid Tissue,Tumor
HRS171061,Peritumoral,Normal
HRS171062,Patient Solid Tissue,Tumor
HRS171063,Peritumoral,Normal
HRS171064,Patient Solid Tissue,Tumor
HRS171065,Peritumoral,Normal
HRS171066,Patient Solid Tissue,Tumor
HRS171067,Peritumoral,Normal
HRS171068,Patient Solid Tissue,Tumor
HRS171069,Peritumoral,Normal
HRS171070,Patient Solid Tissue,Tumor
HRS171071,Peritumoral,Normal
HRS171072,Patient Solid Tissue,Tumor
HRS171073,Peritumoral,Normal
HRS171074,Patient Solid Tissue,Tumor
HRS171075,Peritumoral,Normal
HRS171076,Patient Solid Tissue,Tumor
HRS171077,Peritumoral,Normal
HRS171078,Patient Solid Tissue,Tumor
HRS171079,Peritumoral,Normal
HRS171080,Patient Solid Tissue,Tumor
HRS171081,Peritumoral,Normal
HRS171082,Patient Solid Tissue,Tumor
HRS171083,Peritumoral,Normal
HRS171084,Patient Solid Tissue,Tumor
HRS171085,Peritumoral,Normal
HRS171086,Patient Solid Tissue,Tumor
HRS171087,Peritumoral,Normal
HRS171088,Patient Solid Tissue,Tumor
HRS171089,Peritumoral,Normal
HRS171090,Patient Solid Tissue,Tumor
HRS171091,Peritumoral,Normal
HRS171092,Patient Solid Tissue,Tumor
HRS171093,Peritumoral,Normal
HRS171094,Patient Solid Tissue,Tumor
HRS171095,Peritumoral,Normal
HRS171096,Patient Solid Tissue,Tumor
HRS171097,Peritumoral,Normal
HRS171098,Patient Solid Tissue,Tumor
HRS171099,Peritumoral,Normal
HRS171100,Patient Solid Tissue,Tumor
HRS171101,Peritumoral,Normal
HRS171102,Patient Solid Tissue,Tumor
HRS171103,Peritumoral,Normal
HRS171104,Patient Solid Tissue,Tumor
HRS171105,Peritumoral,Normal
HRS171106,Patient Solid Tissue,Tumor
HRS171107,Peritumoral,Normal
HRS171108,Patient Solid Tissue,Tumor
HRS171109,Peritumoral,Normal
HRS171110,Patient Solid Tissue,Tumor
HRS171111,Peritumoral,Normal
HRS171112,Patient Solid Tissue,Tumor
HRS171113,Peritumoral,Normal
HRS171114,Patient Solid Tissue,Tumor
HRS171115,Peritumoral,Normal
HRS171116,Patient Solid Tissue,Tumor
HRS171117,Peritumoral,Normal
HRS171118,Patient Solid Tissue,Tumor
HRS171119,Peritumoral,Normal
HRS171120,Patient Solid Tissue,Tumor
HRS171121,Peritumoral,Normal
HRS171122,Patient Solid Tissue,Tumor
HRS171123,Peritumoral,Normal
HRS171124,Patient Solid Tissue,Tumor
HRS171125,Peritumoral,Normal
HRS171126,Patient Solid Tissue,Tumor
HRS171127,Peritumoral,Normal
HRS171128,Patient Solid Tissue,Tumor
HRS171129,Peritumoral,Normal
HRS171130,Patient Solid Tissue,Tumor
HRS171131,Peritumoral,Normal
HRS171132,Patient Solid Tissue,Tumor
HRS171133,Peritumoral,Normal
HRS171134,Patient Solid Tissue,Tumor
HRS171135,Peritumoral,Normal
HRS171136,Patient Solid Tissue,Tumor
HRS171137,Peritumoral,Normal
HRS171138,Patient Solid Tissue,Tumor
HRS171139,Peritumoral,Normal
HRS171140,Patient Solid Tissue,Tumor
HRS171141,Peritumoral,Normal
HRS171142,Patient Solid Tissue,Tumor
HRS171143,Peritumoral,Normal
HRS171144,Patient Solid Tissue,Tumor
HRS171145,Peritumoral,Normal
HRS171146,Patient Solid Tissue,Tumor
HRS171147,Peritumoral,Normal
HRS171148,Patient Solid Tissue,Tumor
HRS171149,Peritumoral,Normal
HRS171150,Patient Solid Tissue,Tumor
HRS171151,Peritumoral,Normal
HRS171152,Patient Solid Tissue,Tumor
HRS171153,Peritumoral,Normal
HRS171154,Patient Solid Tissue,Tumor
HRS171155,Peritumoral,Normal
HRS171156,Patient Solid Tissue,Tumor
HRS171157,Peritumoral,Normal
HRS171158,Patient Solid Tissue,Tumor
HRS171159,Peritumoral,Normal
HRS171160,Patient Solid Tissue,Tumor
HRS171161,Peritumoral,Normal
HRS171162,Patient Solid Tissue,Tumor
HRS171163,Peritumoral,Normal
HRS171164,Patient Solid Tissue,Tumor
HRS171165,Peritumoral,Normal
HRS171166,Patient Solid Tissue,Tumor
HRS171167,Peritumoral,Normal
HRS171168,Patient Solid Tissue,Tumor
HRS171169,Peritumoral,Normal
HRS171170,Patient Solid Tissue,Tumor
HRS171171,Peritumoral,Normal
HRS171172,Patient Solid Tissue,Tumor
HRS171173,Peritumoral,Normal
HRS171174,Patient Solid Tissue,Tumor
HRS171175,Peritumoral,Normal
HRS171176,Patient Solid Tissue,Tumor
HRS171177,Peritumoral,Normal
HRS171178,Patient Solid Tissue,Tumor
HRS171179,Peritumoral,Normal
HRS171180,Patient Solid Tissue,Tumor
HRS171181,Peritumoral,Normal
HRS171182,Patient Solid Tissue,Tumor
HRS171183,Peritumoral,Normal
HRS171184,Patient Solid Tissue,Tumor
HRS171185,Peritumoral,Normal
HRS171186,Patient Solid Tissue,Tumor
HRS171187,Peritumoral,Normal
HRS171188,Patient Solid Tissue,Tumor
HRS171189,Peritumoral,Normal
HRS171190,Patient Solid Tissue,Tumor
HRS171191,Peritumoral,Normal
HRS171192,Patient Solid Tissue,Tumor
HRS171193,Peritumoral,Normal
HRS171194,Patient Solid Tissue,Tumor
HRS171195,Peritumoral,Normal
HRS171196,Patient Solid Tissue,Tumor
HRS171197,Peritumoral,Normal
HRS171198,Patient Solid Tissue,Tumor
HRS171199,Peritumoral,Normal
HRS171200,Patient Solid Tissue,Tumor
HRS171201,Peritumoral,Normal
HRS171202,Patient Solid Tissue,Tumor
HRS171203,Peritumoral,Normal
HRS171204,Patient Solid Tissue,Tumor
HRS171205,Peritumoral,Normal
HRS171206,Patient Solid Tissue,Tumor
HRS171207,Peritumoral,Normal
HRS171208,Patient Solid Tissue,Tumor
HRS171209,Peritumoral,Normal
HRS171210,Patient Solid Tissue,Tumor
HRS171211,Peritumoral,Normal
HRS171212,Patient Solid Tissue,Tumor
HRS171213,Peritumoral,Normal
HRS171214,Patient Solid Tissue,Tumor
HRS171215,Peritumoral,Normal
HRS171216,Patient Solid Tissue,Tumor
HRS171217,Peritumoral,Normal
HRS171218,Patient Solid Tissue,Tumor
HRS171219,Peritumoral,Normal
HRS171220,Patient Solid Tissue,Tumor
HRS171221,Peritumoral,Normal
HRS171222,Patient Solid Tissue,Tumor
HRS171223,Peritumoral,Normal
HRS171224,Patient Solid Tissue,Tumor
HRS171225,Peritumoral,Normal
HRS171226,Patient Solid Tissue,Tumor
HRS171227,Peritumoral,Normal
HRS171228,Patient Solid Tissue,Tumor
HRS171229,Peritumoral,Normal
HRS171230,Patient Solid Tissue,Tumor
HRS171231,Peritumoral,Normal
HRS171232,Patient Solid Tissue,Tumor
HRS171233,Peritumoral,Normal
HRS171234,Patient Solid Tissue,Tumor
HRS171235,Peritumoral,Normal
HRS171236,Patient Solid Tissue,Tumor
HRS171237,Peritumoral,Normal
HRS171238,Patient Solid Tissue,Tumor
HRS171239,Peritumoral,Normal
HRS171240,Patient Solid Tissue,Tumor
HRS171241,Peritumoral,Normal
HRS171242,Patient Solid Tissue,Tumor
HRS171243,Peritumoral,Normal
HRS171244,Patient Solid Tissue,Tumor
HRS171245,Peritumoral,Normal
HRS171246,Patient Solid Tissue,Tumor
HRS171247,Peritumoral,Normal
HRS171248,Patient Solid Tissue,Tumor
HRS171249,Peritumoral,Normal
HRS171250,Patient Solid Tissue,Tumor
HRS171251,Peritumoral,Normal
HRS171252,Patient Solid Tissue,Tumor
HRS171253,Peritumoral,Normal
HRS171254,Patient Solid Tissue,Tumor
HRS171255,Peritumoral,Normal
HRS171256,Patient Solid Tissue,Tumor
HRS171257,Peritumoral,Normal
HRS171258,Patient Solid Tissue,Tumor
HRS171259,Peritumoral,Normal
HRS171260,Patient Solid Tissue,Tumor
HRS171261,Peritumoral,Normal
HRS171262,Patient Solid Tissue,Tumor
HRS171263,Peritumoral,Normal
HRS171264,Patient Solid Tissue,Tumor
HRS171265,Peritumoral,Normal
HRS171266,Patient Solid Tissue,Tumor
HRS171267,Peritumoral,Normal
HRS171268,Patient Solid Tissue,Tumor
HRS171269,Peritumoral,Normal
HRS171270,Patient Solid Tissue,Tumor
HRS171271,Peritumoral,Normal
HRS171272,Patient Solid Tissue,Tumor
HRS171273,Peritumoral,Normal
HRS171274,Patient Solid Tissue,Tumor
HRS171275,Peritumoral,Normal
HRS171276,Patient Solid Tissue,Tumor
HRS171277,Peritumoral,Normal
HRS171278,Patient Solid Tissue,Tumor
HRS171279,Peritumoral,Normal
HRS171280,Patient Solid Tissue,Tumor
HRS171281,Peritumoral,Normal
HRS171282,Patient Solid Tissue,Tumor
HRS171283,Peritumoral,Normal
HRS171284,Patient Solid Tissue,Tumor
HRS171285,Peritumoral,Normal
HRS171286,Patient Solid Tissue,Tumor
HRS171287,Peritumoral,Normal
HRS171288,Patient Solid Tissue,Tumor
HRS171289,Peritumoral,Normal
HRS171290,Patient Solid Tissue,Tumor
HRS171291,Peritumoral,Normal
HRS171292,Patient Solid Tissue,Tumor
HRS171293,Peritumoral,Normal
HRS171294,Patient Solid Tissue,Tumor
HRS171295,Peritumoral,Normal
HRS171296,Patient Solid Tissue,Tumor
HRS171297,Peritumoral,Normal
HRS171298,Patient Solid Tissue,Tumor
HRS171299,Peritumoral,Normal
HRS171300,Patient Solid Tissue,Tumor
HRS171301,Peritumoral,Normal
HRS171302,Patient Solid Tissue,Tumor
HRS171303,Peritumoral,Normal
HRS171304,Patient Solid Tissue,Tumor
HRS171305,Peritumoral,Normal
HRS171306,Patient Solid Tissue,Tumor
HRS171307,Peritumoral,Normal
HRS171308,Patient Solid Tissue,Tumor
HRS171309,Peritumoral,Normal
HRS171310,Patient Solid Tissue,Tumor
HRS171311,Peritumoral,Normal
HRS171312,Patient Solid Tissue,Tumor
HRS171313,Peritumoral,Normal
HRS171314,Patient Solid Tissue,Tumor
HRS171315,Peritumoral,Normal
HRS171316,Patient Solid Tissue,Tumor
HRS171317,Peritumoral,Normal
HRS171318,Patient Solid Tissue,Tumor
HRS171319,Peritumoral,Normal
HRS171320,Patient Solid Tissue,Tumor
HRS171321,Peritumoral,Normal
HRS171322,Patient Solid Tissue,Tumor
HRS171323,Peritumoral,Normal
HRS171324,Patient Solid Tissue,Tumor
HRS171325,Peritumoral,Normal
HRS171326,Patient Solid Tissue,Tumor
HRS171327,Peritumoral,Normal
HRS171328,Patient Solid Tissue,Tumor
HRS171329,Peritumoral,Normal
HRS171330,Patient Solid Tissue,Tumor
HRS171331,Peritumoral,Normal
HRS171332,Patient Solid Tissue,Tumor
HRS171333,Peritumoral,Normal
HRS171334,Patient Solid Tissue,Tumor
HRS171335,Peritumoral,Normal
HRS171336,Patient Solid Tissue,Tumor
HRS171337,Peritumoral,Normal
HRS171338,Patient Solid Tissue,Tumor
HRS171339,Peritumoral,Normal
HRS171340,Patient Solid Tissue,Tumor
HRS171341,Peritumoral,Normal
HRS171342,Patient Solid Tissue,Tumor
HRS171343,Peritumoral,Normal
HRS171344,Patient Solid Tissue,Tumor
HRS171345,Peritumoral,Normal
HRS171346,Patient Solid Tissue,Tumor
HRS171347,Peritumoral,Normal
HRS171348,Patient Solid Tissue,Tumor
HRS171349,Peritumoral,Normal
HRS171350,Patient Solid Tissue,Tumor
HRS171351,Peritumoral,Normal
HRS171352,Patient Solid Tissue,Tumor
HRS171353,Peritumoral,Normal
HRS171354,Patient Solid Tissue,Tumor
HRS171355,Peritumoral,Normal
HRS171356,Patient Solid Tissue,Tumor
HRS171357,Peritumoral,Normal
HRS171358,Patient Solid Tissue,Tumor
HRS171359,Peritumoral,Normal
HRS171360,Patient Solid Tissue,Tumor
HRS171361,Peritumoral,Normal
HRS171362,Patient Solid Tissue,Tumor
HRS171363,Peritumoral,Normal
HRS171364,Patient Solid Tissue,Tumor
HRS171365,Peritumoral,Normal
HRS171366,Patient Solid Tissue,Tumor
HRS171367,Peritumoral,Normal
HRS171368,Patient Solid Tissue,Tumor
HRS171369,Peritumoral,Normal
HRS171370,Patient Solid Tissue,Tumor
HRS171371,Peritumoral,Normal
HRS171372,Patient Solid Tissue,Tumor
HRS171373,Peritumoral,Normal
HRS171374,Patient Solid Tissue,Tumor
HRS171375,Peritumoral,Normal
HRS171376,Patient Solid Tissue,Tumor
HRS171377,Peritumoral,Normal
HRS171378,Patient Solid Tissue,Tumor
HRS171379,Peritumoral,Normal
HRS171380,Patient Solid Tissue,Tumor
HRS171381,Peritumoral,Normal
HRS171382,Patient Solid Tissue,Tumor
HRS171383,Peritumoral,Normal
HRS171384,Patient Solid Tissue,Tumor
HRS171385,Peritumoral,Normal
HRS171386,Patient Solid Tissue,Tumor
HRS171387,Peritumoral,Normal
HRS171388,Patient Solid Tissue,Tumor
HRS171389,Peritumoral,Normal
HRS171390,Patient Solid Tissue,Tumor
HRS171391,Peritumoral,Normal
HRS171392,Patient Solid Tissue,Tumor
HRS171393,Peritumoral,Normal
HRS171394,Patient Solid Tissue,Tumor
HRS171395,Peritumoral,Normal
HRS171396,Patient Solid Tissue,Tumor
HRS171397,Peritumoral,Normal
HRS171398,Patient Solid Tissue,Tumor
HRS171399,Peritumoral,Normal
HRS171400,Patient Solid Tissue,Tumor
HRS171401,Peritumoral,Normal
HRS171402,Patient Solid Tissue,Tumor
HRS171403,Peritumoral,Normal
HRS171404,Patient Solid Tissue,Tumor
HRS171405,Peritumoral,Normal
HRS171406,Patient Solid Tissue,Tumor
HRS171407,Peritumoral,Normal
HRS171408,Patient Solid Tissue,Tumor
HRS171409,Peritumoral,Normal
HRS171410,Patient Solid Tissue,Tumor
HRS171411,Peritumoral,Normal
HRS171412,Patient Solid Tissue,Tumor
HRS171413,Peritumoral,Normal
HRS171414,Patient Solid Tissue,Tumor
HRS171415,Peritumoral,Normal
HRS171416,Patient Solid Tissue,Tumor
HRS171417,Peritumoral,Normal
HRS171418,Patient Solid Tissue,Tumor
HRS171419,Peritumoral,Normal
HRS171420,Patient Solid Tissue,Tumor
HRS171421,Peritumoral,Normal
HRS171422,Patient Solid Tissue,Tumor
HRS171423,Peritumoral,Normal
HRS2218010,Peritumoral,Normal
HRS2218011,Patient Solid Tissue,Tumor
HRS2218012,Peritumoral,Normal
HRS2218013,Patient Solid Tissue,Tumor
HRS2218014,Peritumoral,Normal
HRS2218015,Patient Solid Tissue,Tumor
HRS2218016,Peritumoral,Normal
HRS2218017,Patient Solid Tissue,Tumor
HRS2218018,Peritumoral,Normal
HRS2218019,Patient Solid Tissue,Tumor
HRS2218020,Peritumoral,Normal
HRS2218021,Patient Solid Tissue,Tumor
HRS2218022,Peritumoral,Normal
HRS2218023,Patient Solid Tissue,Tumor
HRS2218024,Peritumoral,Normal
HRS2218025,Patient Solid Tissue,Tumor
HRS2218026,Peritumoral,Normal
HRS2218027,Patient Solid Tissue,Tumor
HRS2218028,Peritumoral,Normal
HRS2218029,Patient Solid Tissue,Tumor
HRS2218030,Peritumoral,Normal
HRS2218031,Patient Solid Tissue,Tumor
HRS2218032,Peritumoral,Normal
HRS2218033,Patient Solid Tissue,Tumor
HRS2218034,Peritumoral,Normal
HRS2218035,Patient Solid Tissue,Tumor
HRS2218036,Peritumoral,Normal
HRS2218037,Patient Solid Tissue,Tumor
HRS2218038,Peritumoral,Normal
HRS2218039,Patient Solid Tissue,Tumor
HRS2218040,Peritumoral,Normal
HRS2218041,Patient Solid Tissue,Tumor
HRS2218042,Peritumoral,Normal
HRS2218043,Patient Solid Tissue,Tumor
HRS2218044,Peritumoral,Normal
HRS2218045,Patient Solid Tissue,Tumor
HRS2218046,Peritumoral,Normal
HRS2218047,Patient Solid Tissue,Tumor
HRS2218048,Peritumoral,Normal
HRS2218049,Patient Solid Tissue,Tumor
HRS2218050,Peritumoral,Normal
HRS2218051,Patient Solid Tissue,Tumor
HRS2218052,Peritumoral,Normal
HRS2218053,Patient Solid Tissue,Tumor
HRS2218054,Peritumoral,Normal
HRS2218055,Patient Solid Tissue,Tumor
HRS2218056,Peritumoral,Normal
HRS2218057,Patient Solid Tissue,Tumor
HRS2218058,Peritumoral,Normal
HRS2218059,Patient Solid Tissue,Tumor
HRS2218060,Peritumoral,Normal
HRS2218061,Patient Solid Tissue,Tumor
HRS2218062,Peritumoral,Normal
HRS2218063,Patient Solid Tissue,Tumor
HRS2218064,Peritumoral,Normal
HRS2218065,Patient Solid Tissue,Tumor
HRS2218066,Peritumoral,Normal
HRS2218067,Patient Solid Tissue,Tumor
HRS2218068,Peritumoral,Normal
HRS2218069,Patient Solid Tissue,Tumor
HRS2218070,Peritumoral,Normal
HRS2218071,Patient Solid Tissue,Tumor
HRS2218072,Peritumoral,Normal
HRS2218073,Patient Solid Tissue,Tumor
HRS2218074,Peritumoral,Normal
HRS2218075,Patient Solid Tissue,Tumor
HRS2218076,Peritumoral,Normal
HRS2218077,Patient Solid Tissue,Tumor
HRS2218078,Peritumoral,Normal
HRS2218079,Patient Solid Tissue,Tumor
HRS2218080,Peritumoral,Normal
HRS2218081,Patient Solid Tissue,Tumor
HRS2218082,Peritumoral,Normal
HRS2218083,Patient Solid Tissue,Tumor
HRS2218084,Peritumoral,Normal
HRS2218085,Patient Solid Tissue,Tumor
HRS2218086,Peritumoral,Normal
HRS2218087,Patient Solid Tissue,Tumor
HRS2218088,Peritumoral,Normal
HRS2218089,Patient Solid Tissue,Tumor
HRS2218090,Peritumoral,Normal
HRS2218091,Patient Solid Tissue,Tumor
HRS2218092,Peritumoral,Normal
HRS2218093,Patient Solid Tissue,Tumor
HRS2218094,Peritumoral,Normal
HRS2218095,Patient Solid Tissue,Tumor
HRS2218096,Peritumoral,Normal
HRS2218097,Patient Solid Tissue,Tumor
HRS2218098,Peritumoral,Normal
HRS2218099,Patient Solid Tissue,Tumor
HRS2218100,Peritumoral,Normal
HRS2218101,Patient Solid Tissue,Tumor
HRS2218102,Peritumoral,Normal
HRS2218103,Patient Solid Tissue,Tumor
HRS2218104,Peritumoral,Normal
HRS2218105,Patient Solid Tissue,Tumor
HRS2218106,Peritumoral,Normal
HRS2218107,Patient Solid Tissue,Tumor
HRS2218108,Peritumoral,Normal
HRS2218109,Patient Solid Tissue,Tumor
HRS2218110,Peritumoral,Normal
HRS2218111,Patient Solid Tissue,Tumor
HRS2218112,Peritumoral,Normal
HRS2218113,Patient Solid Tissue,Tumor
HRS2218114,Peritumoral,Normal
HRS2218115,Patient Solid Tissue,Tumor
HRS2218116,Peritumoral,Normal
HRS2218117,Patient Solid Tissue,Tumor
HRS2218118,Peritumoral,Normal
HRS2218119,Patient Solid Tissue,Tumor
HRS2218120,Peritumoral,Normal
HRS2218121,Patient Solid Tissue,Tumor
HRS2218122,Peritumoral,Normal
HRS2218123,Patient Solid Tissue,Tumor
HRS2218124,Peritumoral,Normal
HRS2218125,Patient Solid Tissue,Tumor
HRS2218126,Peritumoral,Normal
HRS2218127,Patient Solid Tissue,Tumor
HRS2218128,Peritumoral,Normal
HRS2218129,Patient Solid Tissue,Tumor
HRS2218130,Peritumoral,Normal
HRS2218131,Patient Solid Tissue,Tumor
HRS2218132,Peritumoral,Normal
HRS2218133,Patient Solid Tissue,Tumor
HRS2218134,Peritumoral,Normal
HRS2218135,Patient Solid Tissue,Tumor
HRS2218136,Peritumoral,Normal
HRS2218137,Patient Solid Tissue,Tumor
HRS2218138,Peritumoral,Normal
HRS2218139,Patient Solid Tissue,Tumor
HRS2218140,Peritumoral,Normal
HRS2218141,Patient Solid Tissue,Tumor
HRS2218142,Peritumoral,Normal
HRS2218143,Patient Solid Tissue,Tumor
HRS2218144,Peritumoral,Normal
HRS2218145,Patient Solid Tissue,Tumor
HRS2218146,Peritumoral,Normal
HRS2218147,Patient Solid Tissue,Tumor
HRS2218148,Peritumoral,Normal
HRS2218149,Patient Solid Tissue,Tumor
HRS2218150,Peritumoral,Normal
HRS2218151,Patient Solid Tissue,Tumor
HRS2218152,Peritumoral,Normal
HRS2218153,Patient Solid Tissue,Tumor
HRS2218154,Peritumoral,Normal
HRS2218155,Patient Solid Tissue,Tumor
HRS2218156,Peritumoral,Normal
HRS2218157,Patient Solid Tissue,Tumor
HRS2218158,Peritumoral,Normal
HRS2218159,Patient Solid Tissue,Tumor
HRS2218160,Peritumoral,Normal
HRS2218161,Patient Solid Tissue,Tumor
HRS2218162,Peritumoral,Normal
HRS2218163,Patient Solid Tissue,Tumor
HRS2218164,Peritumoral,Normal
HRS2218165,Patient Solid Tissue,Tumor
HRS2218166,Peritumoral,Normal
HRS2218167,Patient Solid Tissue,Tumor
HRS2218168,Peritumoral,Normal
HRS2218169,Patient Solid Tissue,Tumor
HRS2218170,Peritumoral,Normal
HRS2218171,Patient Solid Tissue,Tumor
HRS2218172,Peritumoral,Normal
HRS2218173,Patient Solid Tissue,Tumor
HRS2218174,Peritumoral,Normal
HRS2218175,Patient Solid Tissue,Tumor
HRS2218176,Peritumoral,Normal
HRS2218177,Patient Solid Tissue,Tumor
HRS2218178,Peritumoral,Normal
HRS2218179,Patient Solid Tissue,Tumor
HRS2218180,Peritumoral,Normal
HRS2218181,Patient Solid Tissue,Tumor
HRS2218182,Peritumoral,Normal
HRS2218183,Patient Solid Tissue,Tumor
HRS2218184,Peritumoral,Normal
HRS2218185,Patient Solid Tissue,Tumor
HRS2218186,Peritumoral,Normal
HRS2218187,Patient Solid Tissue,Tumor
HRS2218188,Peritumoral,Normal
HRS2218189,Patient Solid Tissue,Tumor
HRS2218190,Peritumoral,Normal
HRS2218191,Patient Solid Tissue,Tumor
HRS2218192,Peritumoral,Normal
HRS2218193,Patient Solid Tissue,Tumor
HRS2218194,Peritumoral,Normal
HRS2218195,Patient Solid Tissue,Tumor
HRS2218196,Peritumoral,Normal
HRS2218197,Patient Solid Tissue,Tumor
HRS2218198,Peritumoral,Normal
HRS2218199,Patient Solid Tissue,Tumor
HRS2218200,Peritumoral,Normal
HRS2218201,Patient Solid Tissue,Tumor
HRS2218202,Peritumoral,Normal
HRS2218203,Patient Solid Tissue,Tumor
HRS2218204,Peritumoral,Normal
HRS2218205,Patient Solid Tissue,Tumor
HRS2218206,Peritumoral,Normal
HRS2218207,Patient Solid Tissue,Tumor
HRS2218208,Peritumoral,Normal
HRS2218209,Patient Solid Tissue,Tumor
HRS2218210,Peritumoral,Normal
HRS2218211,Patient Solid Tissue,Tumor
HRS2218212,Peritumoral,Normal
HRS2218213,Patient Solid Tissue,Tumor
HRS2218214,Peritumoral,Normal
HRS2218215,Patient Solid Tissue,Tumor
HRS2218216,Peritumoral,Normal
HRS2218217,Patient Solid Tissue,Tumor
HRS2218218,Peritumoral,Normal
HRS2218219,Patient Solid Tissue,Tumor
HRS2218220,Peritumoral,Normal
HRS2218221,Patient Solid Tissue,Tumor
HRS2218222,Peritumoral,Normal
HRS2218223,Patient Solid Tissue,Tumor
HRS2218224,Peritumoral,Normal
HRS2218225,Patient Solid Tissue,Tumor
HRS2218226,Peritumoral,Normal
HRS2218227,Patient Solid Tissue,Tumor
HRS2218228,Peritumoral,Normal
HRS2218229,Patient Solid Tissue,Tumor
HRS2218230,Peritumoral,Normal
HRS2218231,Patient Solid Tissue,Tumor
HRS2218232,Peritumoral,Normal
HRS2218233,Patient Solid Tissue,Tumor
HRS2218234,Peritumoral,Normal
HRS2218235,Patient Solid Tissue,Tumor
HRS2218236,Peritumoral,Normal
HRS2218237,Patient Solid Tissue,Tumor
HRS2218238,Peritumoral,Normal
HRS2218239,Patient Solid Tissue,Tumor
HRS2218240,Peritumoral,Normal
HRS2218241,Patient Solid Tissue,Tumor
HRS2218242,Peritumoral,Normal
HRS2218243,Patient Solid Tissue,Tumor
HRS2218244,Peritumoral,Normal
HRS2218245,Patient Solid Tissue,Tumor
HRS2218246,Peritumoral,Normal
HRS2218247,Patient Solid Tissue,Tumor
HRS2218248,Peritumoral,Normal
HRS2218249,Patient Solid Tissue,Tumor
HRS2218250,Peritumoral,Normal
HRS2218251,Patient Solid Tissue,Tumor
HRS2218252,Peritumoral,Normal
HRS2218253,Patient Solid Tissue,Tumor
HRS2218254,Peritumoral,Normal
HRS2218255,Patient Solid Tissue,Tumor
HRS2218256,Peritumoral,Normal
HRS2218257,Patient Solid Tissue,Tumor
HRS2218258,Peritumoral,Normal
HRS2218259,Patient Solid Tissue,Tumor
HRS2218260,Peritumoral,Normal
HRS2218261,Patient Solid Tissue,Tumor
HRS2218262,Peritumoral,Normal
HRS2218263,Patient Solid Tissue,Tumor
HRS2218264,Peritumoral,Normal
HRS2218265,Patient Solid Tissue,Tumor
HRS2218266,Peritumoral,Normal
HRS2218267,Patient Solid Tissue,Tumor
HRS2218268,Peritumoral,Normal
HRS2218269,Patient Solid Tissue,Tumor
HRS2218270,Peritumoral,Normal
HRS2218271,Patient Solid Tissue,Tumor
HRS2218272,Peritumoral,Normal
HRS2218273,Patient Solid Tissue,Tumor
HRS2218274,Peritumoral,Normal
HRS2218275,Patient Solid Tissue,Tumor
HRS2218276,Peritumoral,Normal
HRS2218277,Patient Solid Tissue,Tumor
HRS2218278,Peritumoral,Normal
HRS2218279,Patient Solid Tissue,Tumor
HRS2218280,Peritumoral,Normal
HRS2218281,Patient Solid Tissue,Tumor
HRS2218282,Peritumoral,Normal
HRS2218283,Patient Solid Tissue,Tumor
HRS2218284,Peritumoral,Normal
HRS2218285,Patient Solid Tissue,Tumor
HRS2218286,Peritumoral,Normal
HRS2218287,Patient Solid Tissue,Tumor
HRS2218288,Peritumoral,Normal
HRS2218289,Patient Solid Tissue,Tumor
HRS2218290,Peritumoral,Normal
HRS2218291,Patient Solid Tissue,Tumor
HRS2218292,Peritumoral,Normal
HRS2218293,Patient Solid Tissue,Tumor
HRS2218294,Peritumoral,Normal
HRS2218295,Patient Solid Tissue,Tumor
HRS2218296,Peritumoral,Normal
HRS2218297,Patient Solid Tissue,Tumor
HRS2218298,Peritumoral,Normal
HRS2218299,Patient Solid Tissue,Tumor
HRS2218300,Peritumoral,Normal
HRS2218301,Patient Solid Tissue,Tumor
HRS2218302,Peritumoral,Normal
HRS2218303,Patient Solid Tissue,Tumor
HRS2218304,Peritumoral,Normal
HRS2218305,Patient Solid Tissue,Tumor
HRS2218306,Peritumoral,Normal
HRS2218307,Patient Solid Tissue,Tumor
HRS2218308,Peritumoral,Normal
HRS2218309,Patient Solid Tissue,Tumor
HRS2218310,Peritumoral,Normal
HRS2218311,Patient Solid Tissue,Tumor
HRS2218312,Peritumoral,Normal
HRS2218313,Patient Solid Tissue,Tumor
HRS2218314,Peritumoral,Normal
HRS2218315,Patient Solid Tissue,Tumor
HRS2218316,Peritumoral,Normal
HRS2218317,Patient Solid Tissue,Tumor
HRS2218318,Peritumoral,Normal
HRS2218319,Patient Solid Tissue,Tumor
HRS2218320,Peritumoral,Normal
HRS2218321,Patient Solid Tissue,Tumor
HRS2218322,Peritumoral,Normal
HRS2218323,Patient Solid Tissue,Tumor
HRS2218324,Peritumoral,Normal
HRS2218325,Patient Solid Tissue,Tumor
HRS2218326,Peritumoral,Normal
HRS2218327,Patient Solid Tissue,Tumor
HRS2218328,Peritumoral,Normal
HRS2218329,Patient Solid Tissue,Tumor
HRS2218330,Peritumoral,Normal
HRS2218331,Patient Solid Tissue,Tumor
HRS2218332,Peritumoral,Normal
HRS2218333,Patient Solid Tissue,Tumor
HRS2218334,Peritumoral,Normal
HRS2218335,Patient Solid Tissue,Tumor
HRS2218336,Peritumoral,Normal
HRS2218337,Patient Solid Tissue,Tumor
HRS2218338,Peritumoral,Normal
HRS2218339,Patient Solid Tissue,Tumor
HRS2218340,Peritumoral,Normal
HRS2218341,Patient Solid Tissue,Tumor
HRS2218342,Peritumoral,Normal
HRS2218343,Patient Solid Tissue,Tumor
HRS2218344,Peritumoral,Normal
HRS2218345,Patient Solid Tissue,Tumor
HRS2218346,Peritumoral,Normal
HRS2218347,Patient Solid Tissue,Tumor
HRS2218348,Peritumoral,Normal
HRS2218349,Patient Solid Tissue,Tumor
HRS2218350,Peritumoral,Normal
HRS2218351,Patient Solid Tissue,Tumor
HRS2218352,Peritumoral,Normal
HRS2218353,Patient Solid Tissue,Tumor
HRS2218354,Peritumoral,Normal
HRS2218355,Patient Solid Tissue,Tumor
HRS2218356,Peritumoral,Normal
HRS2218357,Patient Solid Tissue,Tumor
HRS2218358,Peritumoral,Normal
HRS2218359,Patient Solid Tissue,Tumor
HRS2218360,Peritumoral,Normal
HRS2218361,Patient Solid Tissue,Tumor
HRS2218362,Peritumoral,Normal
HRS2218363,Patient Solid Tissue,Tumor
HRS2218364,Peritumoral,Normal
HRS2218365,Patient Solid Tissue,Tumor
HRS2218366,Peritumoral,Normal
HRS2218367,Patient Solid Tissue,Tumor
HRS2218368,Peritumoral,Normal
HRS2218369,Patient Solid Tissue,Tumor
HRS2218370,Peritumoral,Normal
HRS2218371,Patient Solid Tissue,Tumor
HRS2218372,Peritumoral,Normal
HRS2218373,Patient Solid Tissue,Tumor
HRS2218374,Peritumoral,Normal
HRS2218375,Patient Solid Tissue,Tumor
HRS2218376,Peritumoral,Normal
HRS2218377,Patient Solid Tissue,Tumor
HRS2218378,Peritumoral,Normal
HRS2218379,Patient Solid Tissue,Tumor
HRS2218380,Peritumoral,Normal
HRS2218381,Patient Solid Tissue,Tumor
HRS2218382,Peritumoral,Normal
HRS2218383,Patient Solid Tissue,Tumor
HRS2218384,Peritumoral,Normal
HRS2218385,Patient Solid Tissue,Tumor
HRS2218386,Peritumoral,Normal
HRS2218387,Patient Solid Tissue,Tumor
HRS2218388,Peritumoral,Normal
HRS2218389,Patient Solid Tissue,Tumor
HRS2218390,Peritumoral,Normal
HRS2218391,Patient Solid Tissue,Tumor
HRS2218392,Peritumoral,Normal
HRS2218393,Patient Solid Tissue,Tumor
HRS2218394,Peritumoral,Normal
HRS2218395,Patient Solid Tissue,Tumor
HRS2218396,Peritumoral,Normal
HRS2218397,Patient Solid Tissue,Tumor
HRS2218398,Peritumoral,Normal
HRS2218399,Patient Solid Tissue,Tumor
HRS2218400,Peritumoral,Normal
HRS2218401,Patient Solid Tissue,Tumor
HRS2218402,Peritumoral,Normal
HRS2218403,Patient Solid Tissue,Tumor
HRS2218404,Peritumoral,Normal
HRS2218405,Patient Solid Tissue,Tumor
HRS2218406,Peritumoral,Normal
HRS2218407,Patient Solid Tissue,Tumor
HRS2218408,Peritumoral,Normal
HRS2218409,Patient Solid Tissue,Tumor
HRS2218410,Peritumoral,Normal
HRS2218411,Patient Solid Tissue,Tumor
HRS2218412,Peritumoral,Normal
HRS2218413,Patient Solid Tissue,Tumor
HRS2218414,Peritumoral,Normal
HRS2218415,Patient Solid Tissue,Tumor
HRS2218416,Peritumoral,Normal
HRS2218417,Patient Solid Tissue,Tumor
HRS2218418,Peritumoral,Normal
HRS2218419,Patient Solid Tissue,Tumor
HRS2218420,Peritumoral,Normal
HRS2218421,Patient Solid Tissue,Tumor
HRS2218422,Peritumoral,Normal
HRS2218423,Patient Solid Tissue,Tumor
HRS2218424,Peritumoral,Normal
HRS2218425,Patient Solid Tissue,Tumor
HRS2218426,Peritumoral,Normal
HRS2218427,Patient Solid Tissue,Tumor
HRS2218428,Peritumoral,Normal
HRS2218429,Patient Solid Tissue,Tumor
HRS2218430,Peritumoral,Normal
HRS2218431,Patient Solid Tissue,Tumor
HRS2218432,Peritumoral,Normal
HRS2218433,Patient Solid Tissue,Tumor
HRS2218434,Peritumoral,Normal
HRS2218435,Patient Solid Tissue,Tumor
HRS2218436,Peritumoral,Normal
HRS2218437,Patient Solid Tissue,Tumor
HRS2218438,Peritumoral,Normal
HRS2218439,Patient Solid Tissue,Tumor
HRS2218440,Peritumoral,Normal
HRS2218441,Patient Solid Tissue,Tumor
HRS2218442,Peritumoral,Normal
HRS2218443,Patient Solid Tissue,Tumor
HRS2218444,Peritumoral,Normal
HRS2218445,Patient Solid Tissue,Tumor
HRS2218446,Peritumoral,Normal
HRS2218447,Patient Solid Tissue,Tumor
HRS2218448,Peritumoral,Normal
HRS2218449,Patient Solid Tissue,Tumor
HRS2218450,Peritumoral,Normal
HRS2218451,Patient Solid Tissue,Tumor
HRS2218452,Peritumoral,Normal
HRS2218453,Patient Solid Tissue,Tumor
HRS2218454,Peritumoral,Normal
HRS2218455,Patient Solid Tissue,Tumor
HRS2218456,Peritumoral,Normal
HRS2218457,Patient Solid Tissue,Tumor
HRS2218458,Peritumoral,Normal
HRS2218459,Patient Solid Tissue,Tumor
HRS2218460,Peritumoral,Normal
HRS2218461,Patient Solid Tissue,Tumor
HRS2218462,Peritumoral,Normal
HRS2218463,Patient Solid Tissue,Tumor
HRS2218464,Peritumoral,Normal
HRS2218465,Patient Solid Tissue,Tumor
HRS2218466,Peritumoral,Normal
HRS2218467,Patient Solid Tissue,Tumor
HRS2218468,Peritumoral,Normal
HRS2218469,Patient Solid Tissue,Tumor
HRS2218470,Peritumoral,Normal
HRS2218471,Patient Solid Tissue,Tumor
HRS2218472,Peritumoral,Normal
HRS2218473,Patient Solid Tissue,Tumor
HRS2218474,Peritumoral,Normal
HRS2218475,Patient Solid Tissue,Tumor
HRS2218476,Peritumoral,Normal
HRS2218477,Patient Solid Tissue,Tumor
HRS2218478,Peritumoral,Normal
HRS2218479,Patient Solid Tissue,Tumor
HRS2218480,Peritumoral,Normal
HRS2218481,Patient Solid Tissue,Tumor
HRS2218482,Peritumoral,Normal
HRS2218483,Patient Solid Tissue,Tumor
HRS2218484,Peritumoral,Normal
HRS2218485,Patient Solid Tissue,Tumor
HRS2218486,Peritumoral,Normal
HRS2218487,Patient Solid Tissue,Tumor
HRS2218488,Peritumoral,Normal
HRS2218489,Patient Solid Tissue,Tumor
HRS2218490,Peritumoral,Normal
HRS2218491,Patient Solid Tissue,Tumor
HRS2218492,Peritumoral,Normal
HRS2218493,Patient Solid Tissue,Tumor
HRS2218494,Peritumoral,Normal
HRS2218495,Patient Solid Tissue,Tumor
HRS2218496,Peritumoral,Normal
HRS2218497,Patient Solid Tissue,Tumor
HRS2218498,Peritumoral,Normal
HRS2218499,Patient Solid Tissue,Tumor
HRS2218500,Peritumoral,Normal
HRS2218501,Patient Solid Tissue,Tumor
HRS2218502,Peritumoral,Normal
HRS2218503,Patient Solid Tissue,Tumor
HRS2218504,Peritumoral,Normal
HRS2218505,Patient Solid Tissue,Tumor
HRS2218506,Peritumoral,Normal
HRS2218507,Patient Solid Tissue,Tumor
HRS2218508,Peritumoral,Normal
HRS2218509,Patient Solid Tissue,Tumor
HRS2218510,Peritumoral,Normal
HRS2218511,Patient Solid Tissue,Tumor
HRS2218512,Peritumoral,Normal
HRS2218513,Patient Solid Tissue,Tumor
HRS2218514,Peritumoral,Normal
HRS2218515,Patient Solid Tissue,Tumor
HRS2218516,Peritumoral,Normal
HRS2218517,Patient Solid Tissue,Tumor
HRS2218518,Peritumoral,Normal
HRS2218519,Patient Solid Tissue,Tumor
HRS2218520,Peritumoral,Normal
HRS2218521,Patient Solid Tissue,Tumor
HRS2218522,Peritumoral,Normal
HRS2218523,Patient Solid Tissue,Tumor
HRS2218524,Peritumoral,Normal
HRS2218525,Patient Solid Tissue,Tumor
HRS2218526,Peritumoral,Normal
HRS2218527,Patient Solid Tissue,Tumor
HRS2218528,Peritumoral,Normal
HRS2218529,Patient Solid Tissue,Tumor
HRS2218530,Peritumoral,Normal
HRS2218531,Patient Solid Tissue,Tumor
HRS2218532,Peritumoral,Normal
HRS2218533,Patient Solid Tissue,Tumor
HRS2218534,Peritumoral,Normal
HRS2218535,Patient Solid Tissue,Tumor
HRS2218536,Peritumoral,Normal
HRS2218537,Patient Solid Tissue,Tumor
HRS2218538,Peritumoral,Normal
HRS2218539,Patient Solid Tissue,Tumor
HRS2218540,Peritumoral,Normal
HRS2218541,Patient Solid Tissue,Tumor
HRS2218542,Peritumoral,Normal
HRS2218543,Patient Solid Tissue,Tumor
HRS2218544,Peritumoral,Normal
HRS2218545,Patient Solid Tissue,Tumor
HRS2218546,Peritumoral,Normal
HRS2218547,Patient Solid Tissue,Tumor
HRS2218548,Peritumoral,Normal
HRS2218549,Patient Solid Tissue,Tumor
HRS2218550,Peritumoral,Normal
HRS2218551,Patient Solid Tissue,Tumor
HRS2218552,Peritumoral,Normal
HRS2218553,Patient Solid Tissue,Tumor
HRS2218554,Peritumoral,Normal
HRS2218555,Patient Solid Tissue,Tumor
HRS2218556,Peritumoral,Normal
HRS2218557,Patient Solid Tissue,Tumor
HRS2218558,Peritumoral,Normal
HRS2218559,Patient Solid Tissue,Tumor
HRS2218560,Peritumoral,Normal
HRS2218561,Patient Solid Tissue,Tumor
HRS2218562,Peritumoral,Normal
HRS2218563,Patient Solid Tissue,Tumor
HRS2218564,Peritumoral,Normal
HRS2218565,Patient Solid Tissue,Tumor
HRS2218566,Peritumoral,Normal
HRS2218567,Patient Solid Tissue,Tumor
HRS2218568,Peritumoral,Normal
HRS2218569,Patient Solid Tissue,Tumor
HRS2218570,Peritumoral,Normal
HRS2218571,Patient Solid Tissue,Tumor
HRS2218572,Peritumoral,Normal
HRS2218573,Patient Solid Tissue,Tumor
HRS2218574,Peritumoral,Normal
HRS2218575,Patient Solid Tissue,Tumor
HRS2218576,Peritumoral,Normal
HRS2218577,Patient Solid Tissue,Tumor
HRS2218578,Peritumoral,Normal
HRS2218579,Patient Solid Tissue,Tumor
HRS2218580,Peritumoral,Normal
HRS2218581,Patient Solid Tissue,Tumor
HRS2218582,Peritumoral,Normal
HRS2218583,Patient Solid Tissue,Tumor
HRS2218584,Peritumoral,Normal
HRS2218585,Patient Solid Tissue,Tumor
HRS2218586,Peritumoral,Normal
HRS2218587,Patient Solid Tissue,Tumor
HRS2218588,Peritumoral,Normal
HRS2218589,Patient Solid Tissue,Tumor
HRS2218590,Peritumoral,Normal
HRS2218591,Patient Solid Tissue,Tumor
HRS2218592,Peritumoral,Normal
HRS2218593,Patient Solid Tissue,Tumor
HRS2218594,Peritumoral,Normal
HRS2218595,Patient Solid Tissue,Tumor
HRS2218596,Peritumoral,Normal
HRS2218597,Patient Solid Tissue,Tumor
HRS2218598,Peritumoral,Normal
HRS2218599,Patient Solid Tissue,Tumor
HRS2218600,Peritumoral,Normal
HRS2218601,Patient Solid Tissue,Tumor
HRS2218602,Peritumoral,Normal
HRS2218603,Patient Solid Tissue,Tumor
HRS2218604,Peritumoral,Normal
HRS2218605,Patient Solid Tissue,Tumor
HRS2218606,Peritumoral,Normal
HRS2218607,Patient Solid Tissue,Tumor
HRS2218608,Peritumoral,Normal
HRS2218609,Patient Solid Tissue,Tumor
HRS2218610,Peritumoral,Normal
HRS2218611,Patient Solid Tissue,Tumor
HRS2218612,Peritumoral,Normal
HRS2218613,Patient Solid Tissue,Tumor
HRS2218614,Peritumoral,Normal
HRS2218615,Patient Solid Tissue,Tumor
HRS2218616,Peritumoral,Normal
HRS2218617,Patient Solid Tissue,Tumor
HRS2218618,Peritumoral,Normal
HRS2218619,Patient Solid Tissue,Tumor
HRS2218620,Peritumoral,Normal
HRS2218621,Patient Solid Tissue,Tumor
HRS2218622,Peritumoral,Normal
HRS2218623,Patient Solid Tissue,Tumor
HRS2218624,Peritumoral,Normal
HRS2218625,Patient Solid Tissue,Tumor
HRS2218626,Peritumoral,Normal
HRS2218627,Patient Solid Tissue,Tumor
HRS2218628,Peritumoral,Normal
HRS2218629,Patient Solid Tissue,Tumor
HRS2218630,Peritumoral,Normal
HRS2218631,Patient Solid Tissue,Tumor
HRS2218632,Peritumoral,Normal
HRS2218633,Patient Solid Tissue,Tumor
HRS2218634,Peritumoral,Normal
HRS2218635,Patient Solid Tissue,Tumor
HRS2218636,Peritumoral,Normal
HRS2218637,Patient Solid Tissue,Tumor
HRS2218638,Peritumoral,Normal
HRS2218639,Patient Solid Tissue,Tumor
HRS2218640,Peritumoral,Normal
HRS2218641,Patient Solid Tissue,Tumor
HRS2218642,Peritumoral,Normal
HRS2218643,Patient Solid Tissue,Tumor
HRS2218644,Peritumoral,Normal
HRS2218645,Patient Solid Tissue,Tumor
HRS2218646,Peritumoral,Normal
HRS2218647,Patient Solid Tissue,Tumor
HRS2218648,Peritumoral,Normal
HRS2218649,Patient Solid Tissue,Tumor
HRS2218650,Peritumoral,Normal
HRS2218651,Patient Solid Tissue,Tumor
HRS2218652,Peritumoral,Normal
HRS2218653,Patient Solid Tissue,Tumor
HRS2218654,Peritumoral,Normal
HRS2218655,Patient Solid Tissue,Tumor
HRS2218656,Peritumoral,Normal
HRS2218657,Patient Solid Tissue,Tumor
HRS2218658,Peritumoral,Normal
HRS2218659,Patient Solid Tissue,Tumor
HRS2218660,Peritumoral,Normal
HRS2218661,Patient Solid Tissue,Tumor
HRS2218662,Peritumoral,Normal
HRS2218663,Patient Solid Tissue,Tumor
HRS2218664,Peritumoral,Normal
HRS2218665,Patient Solid Tissue,Tumor
HRS2218666,Peritumoral,Normal
HRS2218667,Patient Solid Tissue,Tumor
HRS2218668,Peritumoral,Normal
HRS2218669,Patient Solid Tissue,Tumor
HRS2218670,Peritumoral,Normal
HRS2218671,Patient Solid Tissue,Tumor
HRS2218672,Peritumoral,Normal
HRS2218673,Patient Solid Tissue,Tumor
HRS2218674,Peritumoral,Normal
HRS2218675,Patient Solid Tissue,Tumor
HRS2218676,Peritumoral,Normal
HRS2218677,Patient Solid Tissue,Tumor
HRS2218678,Peritumoral,Normal
HRS2218679,Patient Solid Tissue,Tumor
HRS2218680,Peritumoral,Normal
HRS2218681,Patient Solid Tissue,Tumor
HRS2218682,Peritumoral,Normal
HRS2218683,Patient Solid Tissue,Tumor
HRS2218684,Peritumoral,Normal
HRS2218685,Patient Solid Tissue,Tumor
HRS2218686,Peritumoral,Normal
HRS2218687,Patient Solid Tissue,Tumor
HRS2218688,Peritumoral,Normal
HRS2218689,Patient Solid Tissue,Tumor
HRS2218690,Peritumoral,Normal
HRS2218691,Patient Solid Tissue,Tumor
HRS2218692,Peritumoral,Normal
HRS2218693,Patient Solid Tissue,Tumor
HRS2218694,Peritumoral,Normal
HRS2218695,Patient Solid Tissue,Tumor
HRS2218696,Peritumoral,Normal
HRS2218697,Patient Solid Tissue,Tumor
HRS2218698,Peritumoral,Normal
HRS2218699,Patient Solid Tissue,Tumor
HRS2218700,Peritumoral,Normal
HRS2218701,Patient Solid Tissue,Tumor
HRS2218702,Peritumoral,Normal
HRS2218703,Patient Solid Tissue,Tumor
HRS2218704,Peritumoral,Normal
HRS2218705,Patient Solid Tissue,Tumor
HRS2218706,Peritumoral,Normal
HRS2218707,Patient Solid Tissue,Tumor
HRS2218708,Peritumoral,Normal
HRS2218709,Patient Solid Tissue,Tumor
HRS280567,Peritumoral,Normal
HRS280568,Patient Solid Tissue,Tumor
HRS280569,Patient Solid Tissue,Tumor
HRS280570,Patient Solid Tissue,Tumor
HRS280571,Patient Solid Tissue,Tumor
HRS280572,Patient Solid Tissue,Tumor
HRS280573,Patient Solid Tissue,Tumor
HRS280574,Peritumoral,Normal
HRS280575,Patient Solid Tissue,Tumor
HRS280576,Patient Solid Tissue,Tumor
HRS280577,Patient Solid Tissue,Tumor
HRS280578,Peritumoral,Normal
HRS280579,Patient Solid Tissue,Tumor
HRS280580,Patient Solid Tissue,Tumor
HRS280581,Patient Solid Tissue,Tumor
HRS280582,Patient Solid Tissue,Tumor
HRS280583,Peritumoral,Normal
HRS280584,Patient Solid Tissue,Tumor
HRS280585,Patient Solid Tissue,Tumor
HRS280586,Patient Solid Tissue,Tumor
HRS280587,Peritumoral,Normal
HRS280588,Patient Solid Tissue,Tumor
HRS280589,Patient Solid Tissue,Tumor
HRS280590,Patient Solid Tissue,Tumor
HRS280591,Peritumoral,Normal
HRS280592,Patient Solid Tissue,Tumor
HRS280593,Patient Solid Tissue,Tumor
HRS280594,Patient Solid Tissue,Tumor
HRS280595,Patient Solid Tissue,Tumor
HRS280596,Peritumoral,Normal
HRS280597,Patient Solid Tissue,Tumor
HRS280598,Patient Solid Tissue,Tumor
HRS280599,Patient Solid Tissue,Tumor
HRS280600,Peritumoral,Normal
HRS280601,Patient Solid Tissue,Tumor
HRS280602,Patient Solid Tissue,Tumor
HRS280603,Patient Solid Tissue,Tumor
HRS280604,Patient Solid Tissue,Tumor
HRS280605,Patient Solid Tissue,Tumor
HRS280606,Patient Solid Tissue,Tumor
HRS280607,Patient Solid Tissue,Tumor
HRS280608,Peritumoral,Normal
HRS280609,Peritumoral,Normal
HRS280610,Patient Solid Tissue,Tumor
HRS280611,Patient Solid Tissue,Tumor
HRS280612,Patient Solid Tissue,Tumor
HRS280613,Patient Solid Tissue,Tumor
HRS280614,Patient Solid Tissue,Tumor
HRS280615,Peritumoral,Normal
HRS280616,Patient Solid Tissue,Tumor
HRS280617,Patient Solid Tissue,Tumor
HRS280618,Patient Solid Tissue,Tumor
HRS280619,Patient Solid Tissue,Tumor
HRS280620,Patient Solid Tissue,Tumor
HRS280621,Patient Solid Tissue,Tumor
HRS280622,Patient Solid Tissue,Tumor
HRS280623,Patient Solid Tissue,Tumor
HRS280624,Peritumoral,Normal
HRS280625,Peritumoral,Normal
HRS280626,Patient Solid Tissue,Tumor
HRS280627,Patient Solid Tissue,Tumor
HRS280628,Patient Solid Tissue,Tumor
HRS280629,Patient Solid Tissue,Tumor
HRS280630,Patient Solid Tissue,Tumor
HRS280631,Patient Solid Tissue,Tumor
HRS280632,Patient Solid Tissue,Tumor
HRS280633,Patient Solid Tissue,Tumor
HRS280634,Patient Solid Tissue,Tumor
HRS280635,Patient Solid Tissue,Tumor
HRS280636,Peritumoral,Normal
HRS280637,Patient Solid Tissue,Tumor
HRS280638,Patient Solid Tissue,Tumor
HRS280639,Patient Solid Tissue,Tumor
HRS280640,Patient Solid Tissue,Tumor
HRS280641,Peritumoral,Normal
HRS280642,Patient Solid Tissue,Tumor
HRS280643,Patient Solid Tissue,Tumor
HRS280644,Patient Solid Tissue,Tumor
HRS280645,Peritumoral,Normal
HRS280646,Patient Solid Tissue,Tumor
HRS280647,Patient Solid Tissue,Tumor
HRS280648,Patient Solid Tissue,Tumor
HRS280649,Patient Solid Tissue,Tumor
HRS280650,Patient Solid Tissue,Tumor
HRS280651,Patient Solid Tissue,Tumor
HRS280652,Patient Solid Tissue,Tumor
HRS280653,Peritumoral,Normal
HRS280654,Patient Solid Tissue,Tumor
HRS280655,Patient Solid Tissue,Tumor
HRS280656,Patient Solid Tissue,Tumor
HRS280657,Patient Solid Tissue,Tumor
HRS280658,Patient Solid Tissue,Tumor
HRS280659,Peritumoral,Normal
HRS280660,Patient Solid Tissue,Tumor
HRS280661,Patient Solid Tissue,Tumor
HRS280662,Patient Solid Tissue,Tumor
HRS280663,Patient Solid Tissue,Tumor
HRS280664,Patient Solid Tissue,Tumor
HRS280665,Patient Solid Tissue,Tumor
HRS280666,Peritumoral,Normal
HRS280667,Patient Solid Tissue,Tumor
HRS280668,Patient Solid Tissue,Tumor
HRS280669,Peritumoral,Normal
HRS280670,Patient Solid Tissue,Tumor
HRS280671,Patient Solid Tissue,Tumor
HRS280672,Patient Solid Tissue,Tumor
HRS280673,Patient Solid Tissue,Tumor
HRS280674,Peritumoral,Normal
HRS280675,Peritumoral,Normal
HRS280676,Patient Solid Tissue,Tumor
HRS280677,Patient Solid Tissue,Tumor
HRS280678,Patient Solid Tissue,Tumor
HRS280679,Patient Solid Tissue,Tumor
HRS280680,Peritumoral,Normal
HRS280681,Patient Solid Tissue,Tumor
HRS280682,Patient Solid Tissue,Tumor
HRS280683,Patient Solid Tissue,Tumor
HRS280684,Patient Solid Tissue,Tumor
HRS280685,Patient Solid Tissue,Tumor
HRS280686,Patient Solid Tissue,Tumor
HRS280687,Peritumoral,Normal
HRS280688,Patient Solid Tissue,Tumor
HRS280689,Patient Solid Tissue,Tumor
HRS280690,Patient Solid Tissue,Tumor
HRS280691,Patient Solid Tissue,Tumor
HRS280692,Patient Solid Tissue,Tumor
HRS280693,Patient Solid Tissue,Tumor
HRS280694,Peritumoral,Normal
HRS280695,Patient Solid Tissue,Tumor
HRS280696,Patient Solid Tissue,Tumor
HRS280697,Patient Solid Tissue,Tumor
HRS280698,Patient Solid Tissue,Tumor
HRS280699,Patient Solid Tissue,Tumor
HRS280700,Peritumoral,Normal
HRS280701,Patient Solid Tissue,Tumor
HRS280702,Patient Solid Tissue,Tumor
HRS280703,Patient Solid Tissue,Tumor
HRS280704,Patient Solid Tissue,Tumor
HRS280705,Peritumoral,Normal
HRS280706,Patient Solid Tissue,Tumor
HRS280707,Peritumoral,Normal
HRS280708,Patient Solid Tissue,Tumor
HRS280709,Patient Solid Tissue,Tumor
HRS280710,Patient Solid Tissue,Tumor
HRS280711,Patient Solid Tissue,Tumor
HRS280712,Patient Solid Tissue,Tumor
HRS280713,Patient Solid Tissue,Tumor
HRS280714,Patient Solid Tissue,Tumor
HRS280715,Peritumoral,Normal
HRS280716,Patient Solid Tissue,Tumor
HRS280717,Patient Solid Tissue,Tumor
HRS280718,Patient Solid Tissue,Tumor
HRS280719,Patient Solid Tissue,Tumor
HRS280720,Peritumoral,Normal
HRS280721,Peritumoral,Normal
HRS280722,Patient Solid Tissue,Tumor
HRS280723,Patient Solid Tissue,Tumor
HRS280724,Peritumoral,Normal
HRS280725,Patient Solid Tissue,Tumor
HRS280726,Patient Solid Tissue,Tumor
HRS280727,Patient Solid Tissue,Tumor
HRS280728,Patient Solid Tissue,Tumor
HRS280729,Patient Solid Tissue,Tumor
HRS280730,Peritumoral,Normal
HRS280731,Patient Solid Tissue,Tumor
HRS280732,Patient Solid Tissue,Tumor
HRS280733,Patient Solid Tissue,Tumor
HRS280734,Patient Solid Tissue,Tumor
HRS280735,Peritumoral,Normal
HRS280736,Patient Solid Tissue,Tumor
HRS280737,Patient Solid Tissue,Tumor
HRS280738,Patient Solid Tissue,Tumor
HRS280739,Peritumoral,Normal
HRS280740,Patient Solid Tissue,Tumor
HRS280741,Patient Solid Tissue,Tumor
HRS280742,Patient Solid Tissue,Tumor
HRS280743,Patient Solid Tissue,Tumor
HRS280744,Peritumoral,Normal
HRS280745,Patient Solid Tissue,Tumor
HRS280746,Peritumoral,Normal
HRS280747,Patient Solid Tissue,Tumor
HRS280748,Patient Solid Tissue,Tumor
HRS280749,Patient Solid Tissue,Tumor
HRS280750,Peritumoral,Normal
HRS280751,Patient Solid Tissue,Tumor
HRS280752,Patient Solid Tissue,Tumor
HRS280753,Patient Solid Tissue,Tumor
HRS280754,Peritumoral,Normal
HRS280755,Patient Solid Tissue,Tumor
HRS280756,Patient Solid Tissue,Tumor
HRS280757,Patient Solid Tissue,Tumor
HRS280758,Patient Solid Tissue,Tumor
HRS280759,Patient Solid Tissue,Tumor
HRS280760,Patient Solid Tissue,Tumor
HRS280761,Patient Solid Tissue,Tumor
HRS280762,Peritumoral,Normal
HRS280763,Patient Solid Tissue,Tumor
HRS280764,Patient Solid Tissue,Tumor
HRS280765,Peritumoral,Normal
HRS280766,Patient Solid Tissue,Tumor
HRS280767,Patient Solid Tissue,Tumor
HRS280768,Peritumoral,Normal
HRS280769,Peritumoral,Normal
HRS280770,Patient Solid Tissue,Tumor
HRS280771,Patient Solid Tissue,Tumor
HRS280772,Patient Solid Tissue,Tumor
HRS280773,Patient Solid Tissue,Tumor
HRS280774,Patient Solid Tissue,Tumor
HRS280775,Patient Solid Tissue,Tumor
HRS280776,Patient Solid Tissue,Tumor
HRS280777,Patient Solid Tissue,Tumor
HRS280778,Patient Solid Tissue,Tumor
HRS280779,Patient Solid Tissue,Tumor
HRS280780,Peritumoral,Normal
HRS280781,Patient Solid Tissue,Tumor
HRS280782,Peritumoral,Normal
HRS280783,Patient Solid Tissue,Tumor
HRS280784,Patient Solid Tissue,Tumor
HRS280785,Peritumoral,Normal
HRS280786,Patient Solid Tissue,Tumor
HRS280787,Patient Solid Tissue,Tumor
HRS280788,Peritumoral,Normal
HRS280789,Patient Solid Tissue,Tumor
HRS280790,Peritumoral,Normal
HRS280791,Patient Solid Tissue,Tumor
HRS280792,Patient Solid Tissue,Tumor
HRS280793,Patient Solid Tissue,Tumor
HRS280794,Patient Solid Tissue,Tumor
HRS280795,Patient Solid Tissue,Tumor
HRS280796,Peritumoral,Normal
HRS280797,Patient Solid Tissue,Tumor
HRS280798,Patient Solid Tissue,Tumor
HRS280799,Peritumoral,Normal
HRS280800,Patient Solid Tissue,Tumor
HRS280801,Patient Solid Tissue,Tumor
HRS280802,Patient Solid Tissue,Tumor
HRS280803,Peritumoral,Normal
HRS280804,Patient Solid Tissue,Tumor
HRS280805,Patient Solid Tissue,Tumor
HRS280806,Patient Solid Tissue,Tumor
HRS280807,Peritumoral,Normal
HRS280808,Patient Solid Tissue,Tumor
HRS280809,Patient Solid Tissue,Tumor
HRS280810,Patient Solid Tissue,Tumor
HRS280811,Patient Solid Tissue,Tumor
HRS280812,Patient Solid Tissue,Tumor
HRS280813,Peritumoral,Normal
HRS280814,Patient Solid Tissue,Tumor
HRS280815,Patient Solid Tissue,Tumor
HRS280816,Patient Solid Tissue,Tumor
HRS280817,Peritumoral,Normal
HRS280818,Patient Solid Tissue,Tumor
HRS280819,Patient Solid Tissue,Tumor
HRS280820,Peritumoral,Normal
HRS280821,Patient Solid Tissue,Tumor
HRS280822,Patient Solid Tissue,Tumor
HRS280823,Patient Solid Tissue,Tumor
HRS280824,Patient Solid Tissue,Tumor
HRS280825,Peritumoral,Normal
HRS280826,Patient Solid Tissue,Tumor
HRS280827,Patient Solid Tissue,Tumor
HRS280828,Patient Solid Tissue,Tumor
HRS280829,Patient Solid Tissue,Tumor
HRS280830,Peritumoral,Normal
HRS280831,Patient Solid Tissue,Tumor
HRS280832,Patient Solid Tissue,Tumor
HRS280833,Patient Solid Tissue,Tumor
HRS280834,Peritumoral,Normal
HRS280835,Patient Solid Tissue,Tumor
HRS280836,Patient Solid Tissue,Tumor
HRS280837,Patient Solid Tissue,Tumor
HRS280838,Peritumoral,Normal
HRS280839,Patient Solid Tissue,Tumor
HRS280840,Patient Solid Tissue,Tumor
HRS280841,Patient Solid Tissue,Tumor
HRS280842,Patient Solid Tissue,Tumor
HRS280843,Patient Solid Tissue,Tumor
HRS280844,Peritumoral,Normal
HRS280845,Peritumoral,Normal
HRS280846,Patient Solid Tissue,Tumor
HRS280847,Patient Solid Tissue,Tumor
HRS280848,Patient Solid Tissue,Tumor
HRS280849,Patient Solid Tissue,Tumor
HRS280850,Peritumoral,Normal
HRS280851,Patient Solid Tissue,Tumor
HRS280852,Patient Solid Tissue,Tumor
HRS280853,Peritumoral,Normal
HRS280854,Patient Solid Tissue,Tumor
HRS280855,Patient Solid Tissue,Tumor
HRS280856,Patient Solid Tissue,Tumor
HRS280857,Peritumoral,Normal
HRS280858,Patient Solid Tissue,Tumor
HRS280859,Patient Solid Tissue,Tumor
HRS280860,Patient Solid Tissue,Tumor
HRS280861,Peritumoral,Normal
HRS280862,Patient Solid Tissue,Tumor
HRS280863,Peritumoral,Normal
HRS280864,Patient Solid Tissue,Tumor
HRS280865,Patient Solid Tissue,Tumor
HRS280866,Patient Solid Tissue,Tumor
HRS280867,Peritumoral,Normal
HRS280868,Patient Solid Tissue,Tumor
HRS280869,Patient Solid Tissue,Tumor
HRS280870,Patient Solid Tissue,Tumor
HRS280871,Patient Solid Tissue,Tumor
HRS280872,Patient Solid Tissue,Tumor
HRS280873,Peritumoral,Normal
HRS280874,Patient Solid Tissue,Tumor
HRS280875,Peritumoral,Normal
HRS280876,Patient Solid Tissue,Tumor
HRS280877,Peritumoral,Normal
HRS280878,Patient Solid Tissue,Tumor
HRS280879,Peritumoral,Normal
HRS280880,Patient Solid Tissue,Tumor
HRS280881,Peritumoral,Normal
HRS280882,Patient Solid Tissue,Tumor
HRS280883,Peritumoral,Normal
HRS280884,Patient Solid Tissue,Tumor
HRS280885,Peritumoral,Normal
HRS280886,Patient Solid Tissue,Tumor
HRS280887,Peritumoral,Normal
HRS280888,Patient Solid Tissue,Tumor
HRS280889,Peritumoral,Normal
HRS280890,Patient Solid Tissue,Tumor
HRS280891,Peritumoral,Normal
HRS280892,Patient Solid Tissue,Tumor
HRS280893,Peritumoral,Normal
HRS280894,Patient Solid Tissue,Tumor
HRS280895,Peritumoral,Normal
HRS280896,Patient Solid Tissue,Tumor
HRS280897,Peritumoral,Normal
HRS280898,Patient Solid Tissue,Tumor
HRS280899,Peritumoral,Normal
HRS280900,Patient Solid Tissue,Tumor
HRS280901,Peritumoral,Normal
HRS280902,Patient Solid Tissue,Tumor
HRS280903,Peritumoral,Normal
HRS280904,Patient Solid Tissue,Tumor
HRS280905,Peritumoral,Normal
HRS280906,Patient Solid Tissue,Tumor
HRS280907,Peritumoral,Normal
HRS280908,Patient Solid Tissue,Tumor
HRS280909,Peritumoral,Normal
HRS280910,Patient Solid Tissue,Tumor
HRS280911,Peritumoral,Normal
HRS280912,Patient Solid Tissue,Tumor
HRS280913,Peritumoral,Normal
HRS280914,Patient Solid Tissue,Tumor
HRS280915,Peritumoral,Normal
HRS280916,Patient Solid Tissue,Tumor
HRS280917,Peritumoral,Normal
HRS280918,Patient Solid Tissue,Tumor
HRS280919,Peritumoral,Normal
HRS280920,Patient Solid Tissue,Tumor
HRS280921,Peritumoral,Normal
HRS280922,Patient Solid Tissue,Tumor
HRS280923,Peritumoral,Normal
HRS280924,Patient Solid Tissue,Tumor
HRS280925,Peritumoral,Normal
HRS280926,Patient Solid Tissue,Tumor
HRS280927,Peritumoral,Normal
HRS280928,Patient Solid Tissue,Tumor
HRS280929,Peritumoral,Normal
HRS280930,Patient Solid Tissue,Tumor
HRS280931,Peritumoral,Normal
HRS280932,Patient Solid Tissue,Tumor
HRS280933,Peritumoral,Normal
HRS280934,Patient Solid Tissue,Tumor
HRS280935,Peritumoral,Normal
HRS280936,Patient Solid Tissue,Tumor
HRS280937,Peritumoral,Normal
HRS280938,Patient Solid Tissue,Tumor
HRS281123,Peritumoral,Normal
HRS281124,Patient Solid Tissue,Tumor
HRS281125,Peritumoral,Normal
HRS281126,Patient Solid Tissue,Tumor
HRS281127,Peritumoral,Normal
HRS281128,Patient Solid Tissue,Tumor
HRS281129,Peritumoral,Normal
HRS281130,Patient Solid Tissue,Tumor
HRS281131,Peritumoral,Normal
HRS281132,Patient Solid Tissue,Tumor
HRS281133,Peritumoral,Normal
HRS281134,Patient Solid Tissue,Tumor
HRS281135,Peritumoral,Normal
HRS281136,Patient Solid Tissue,Tumor
HRS281137,Peritumoral,Normal
HRS281138,Patient Solid Tissue,Tumor
HRS281139,Peritumoral,Normal
HRS281140,Patient Solid Tissue,Tumor
HRS281141,Peritumoral,Normal
HRS281142,Patient Solid Tissue,Tumor
HRS281143,Peritumoral,Normal
HRS281144,Patient Solid Tissue,Tumor
HRS281145,Peritumoral,Normal
HRS281146,Patient Solid Tissue,Tumor
HRS281147,Peritumoral,Normal
HRS281148,Patient Solid Tissue,Tumor
HRS281149,Peritumoral,Normal
HRS281150,Patient Solid Tissue,Tumor
HRS281151,Peritumoral,Normal
HRS281152,Patient Solid Tissue,Tumor
HRS281153,Peritumoral,Normal
HRS281154,Patient Solid Tissue,Tumor
HRS281155,Peritumoral,Normal
HRS281156,Patient Solid Tissue,Tumor
HRS281157,Peritumoral,Normal
HRS281158,Patient Solid Tissue,Tumor
HRS281159,Peritumoral,Normal
HRS281160,Patient Solid Tissue,Tumor
HRS281161,Peritumoral,Normal
HRS281162,Patient Solid Tissue,Tumor
HRS281163,Peritumoral,Normal
HRS281164,Patient Solid Tissue,Tumor
HRS281165,Peritumoral,Normal
HRS281166,Patient Solid Tissue,Tumor
HRS281167,Peritumoral,Normal
HRS281168,Patient Solid Tissue,Tumor
HRS281169,Peritumoral,Normal
HRS281170,Patient Solid Tissue,Tumor
HRS281171,Peritumoral,Normal
HRS281172,Patient Solid Tissue,Tumor
HRS281173,Peritumoral,Normal
HRS281174,Patient Solid Tissue,Tumor
HRS281175,Peritumoral,Normal
HRS281176,Patient Solid Tissue,Tumor
HRS281177,Peritumoral,Normal
HRS281178,Patient Solid Tissue,Tumor
HRS281179,Peritumoral,Normal
HRS281180,Patient Solid Tissue,Tumor
HRS281181,Peritumoral,Normal
HRS281182,Patient Solid Tissue,Tumor
HRS281183,Peritumoral,Normal
HRS281184,Patient Solid Tissue,Tumor
HRS281185,Peritumoral,Normal
HRS281186,Patient Solid Tissue,Tumor
HRS281187,Peritumoral,Normal
HRS281188,Patient Solid Tissue,Tumor
HRS281189,Peritumoral,Normal
HRS281190,Patient Solid Tissue,Tumor
HRS281191,Peritumoral,Normal
HRS281192,Patient Solid Tissue,Tumor
HRS281193,Peritumoral,Normal
HRS281194,Patient Solid Tissue,Tumor
HRS281195,Peritumoral,Normal
HRS281196,Patient Solid Tissue,Tumor
HRS281197,Peritumoral,Normal
HRS281198,Patient Solid Tissue,Tumor
HRS281199,Peritumoral,Normal
HRS281200,Patient Solid Tissue,Tumor
HRS281201,Peritumoral,Normal
HRS281202,Patient Solid Tissue,Tumor
HRS281203,Peritumoral,Normal
HRS281204,Patient Solid Tissue,Tumor
HRS281205,Peritumoral,Normal
HRS281206,Patient Solid Tissue,Tumor
HRS281207,Peritumoral,Normal
HRS281208,Patient Solid Tissue,Tumor
HRS281209,Peritumoral,Normal
HRS281210,Patient Solid Tissue,Tumor
HRS281211,Peritumoral,Normal
HRS281212,Patient Solid Tissue,Tumor
HRS281213,Peritumoral,Normal
HRS281214,Patient Solid Tissue,Tumor
HRS281215,Peritumoral,Normal
HRS281216,Patient Solid Tissue,Tumor
HRS281217,Peritumoral,Normal
HRS281218,Patient Solid Tissue,Tumor
HRS281219,Peritumoral,Normal
HRS281220,Patient Solid Tissue,Tumor
HRS281221,Peritumoral,Normal
HRS281222,Patient Solid Tissue,Tumor
HRS281223,Peritumoral,Normal
HRS281224,Patient Solid Tissue,Tumor
HRS281225,Peritumoral,Normal
HRS281226,Patient Solid Tissue,Tumor
HRS281227,Peritumoral,Normal
HRS281228,Patient Solid Tissue,Tumor
HRS281229,Peritumoral,Normal
HRS281230,Patient Solid Tissue,Tumor
HRS281231,Peritumoral,Normal
HRS281232,Patient Solid Tissue,Tumor
HRS281233,Peritumoral,Normal
HRS281234,Patient Solid Tissue,Tumor
HRS281235,Peritumoral,Normal
HRS281236,Patient Solid Tissue,Tumor
HRS281237,Peritumoral,Normal
HRS281238,Patient Solid Tissue,Tumor
HRS281239,Peritumoral,Normal
HRS281240,Patient Solid Tissue,Tumor
HRS281241,Peritumoral,Normal
HRS281242,Patient Solid Tissue,Tumor
HRS281243,Peritumoral,Normal
HRS281244,Patient Solid Tissue,Tumor
HRS281245,Peritumoral,Normal
HRS281246,Patient Solid Tissue,Tumor
HRS281247,Peritumoral,Normal
HRS281248,Patient Solid Tissue,Tumor
HRS281249,Peritumoral,Normal
HRS281250,Patient Solid Tissue,Tumor
HRS281251,Peritumoral,Normal
HRS281252,Patient Solid Tissue,Tumor
HRS281253,Peritumoral,Normal
HRS281254,Patient Solid Tissue,Tumor
HRS281255,Peritumoral,Normal
HRS281256,Patient Solid Tissue,Tumor
HRS281257,Peritumoral,Normal
HRS281258,Patient Solid Tissue,Tumor
HRS281259,Peritumoral,Normal
HRS281260,Patient Solid Tissue,Tumor
HRS281261,Peritumoral,Normal
HRS281262,Patient Solid Tissue,Tumor
HRS281263,Peritumoral,Normal
HRS281264,Patient Solid Tissue,Tumor
HRS281265,Peritumoral,Normal
HRS281266,Patient Solid Tissue,Tumor
HRS281267,Peritumoral,Normal
HRS281268,Patient Solid Tissue,Tumor
HRS281269,Peritumoral,Normal
HRS281270,Patient Solid Tissue,Tumor
HRS281271,Peritumoral,Normal
HRS281272,Patient Solid Tissue,Tumor
HRS281273,Peritumoral,Normal
HRS281274,Patient Solid Tissue,Tumor
HRS281275,Peritumoral,Normal
HRS281276,Patient Solid Tissue,Tumor
HRS281277,Peritumoral,Normal
HRS281278,Patient Solid Tissue,Tumor
HRS281279,Peritumoral,Normal
HRS281280,Patient Solid Tissue,Tumor
HRS281281,Peritumoral,Normal
HRS281282,Patient Solid Tissue,Tumor
HRS281283,Peritumoral,Normal
HRS281284,Patient Solid Tissue,Tumor
HRS281285,Peritumoral,Normal
HRS281286,Patient Solid Tissue,Tumor
HRS281287,Peritumoral,Normal
HRS281288,Patient Solid Tissue,Tumor
HRS281289,Peritumoral,Normal
HRS281290,Patient Solid Tissue,Tumor
HRS281291,Peritumoral,Normal
HRS281292,Patient Solid Tissue,Tumor
HRS281293,Peritumoral,Normal
HRS281294,Patient Solid Tissue,Tumor
HRS281295,Peritumoral,Normal
HRS281296,Patient Solid Tissue,Tumor
HRS281297,Peritumoral,Normal
HRS281298,Patient Solid Tissue,Tumor
HRS321572,Patient Solid Tissue,Tumor
HRS321573,Patient Solid Tissue,Tumor
HRS321574,Patient Solid Tissue,Tumor
HRS321575,Patient Solid Tissue,Tumor
HRS321576,Peritumoral,Normal
HRS321577,Patient Solid Tissue,Tumor
HRS321578,Peritumoral,Normal
HRS321579,Patient Solid Tissue,Tumor
HRS321580,Patient Solid Tissue,Tumor
HRS321581,Patient Solid Tissue,Tumor
HRS321582,Patient Solid Tissue,Tumor
HRS321583,Patient Solid Tissue,Tumor
HRS321584,Patient Solid Tissue,Tumor
HRS321585,Patient Solid Tissue,Tumor
HRS321586,Patient Solid Tissue,Tumor
HRS321587,Patient Solid Tissue,Tumor
HRS321588,Patient Solid Tissue,Tumor
HRS321589,Peritumoral,Normal
HRS321590,Patient Solid Tissue,Tumor
HRS321591,Patient Solid Tissue,Tumor
HRS321592,Patient Solid Tissue,Tumor
HRS321593,Patient Solid Tissue,Tumor
HRS321594,Patient Solid Tissue,Tumor
HRS321595,Patient Solid Tissue,Tumor
HRS321596,Patient Solid Tissue,Tumor
HRS321597,Patient Solid Tissue,Tumor
HRS321598,Patient Solid Tissue,Tumor
HRS321599,Patient Solid Tissue,Tumor
HRS321600,Patient Solid Tissue,Tumor
HRS321601,Patient Solid Tissue,Tumor
HRS321602,Patient Solid Tissue,Tumor
HRS321603,Patient Solid Tissue,Tumor
HRS321604,Patient Solid Tissue,Tumor
HRS321605,Patient Solid Tissue,Tumor
HRS321606,Patient Solid Tissue,Tumor
HRS321607,Patient Solid Tissue,Tumor
HRS321608,Patient Solid Tissue,Tumor
HRS321609,Patient Solid Tissue,Tumor
HRS321610,Patient Solid Tissue,Tumor
HRS321611,Patient Solid Tissue,Tumor
HRS321612,Patient Solid Tissue,Tumor
HRS321613,Patient Solid Tissue,Tumor
HRS321614,Patient Solid Tissue,Tumor
HRS321615,Patient Solid Tissue,Tumor
HRS321616,Patient Solid Tissue,Tumor
HRS321617,Patient Solid Tissue,Tumor
HRS321618,Patient Solid Tissue,Tumor
HRS321619,Patient Solid Tissue,Tumor
HRS321620,Patient Solid Tissue,Tumor
HRS321621,Patient Solid Tissue,Tumor
HRS321622,Patient Solid Tissue,Tumor
HRS321623,Patient Solid Tissue,Tumor
HRS321624,Patient Solid Tissue,Tumor
HRS321625,Patient Solid Tissue,Tumor
HRS321626,Patient Solid Tissue,Tumor
HRS321627,Patient Solid Tissue,Tumor
HRS321628,Patient Solid Tissue,Tumor
HRS321629,Patient Solid Tissue,Tumor
HRS321630,Patient Solid Tissue,Tumor
HRS321631,Patient Solid Tissue,Tumor
HRS321632,Patient Solid Tissue,Tumor
HRS321633,Patient Solid Tissue,Tumor
HRS321634,Patient Solid Tissue,Tumor
HRS321635,Patient Solid Tissue,Tumor
HRS321636,Patient Solid Tissue,Tumor
HRS321637,Patient Solid Tissue,Tumor
HRS321638,Patient Solid Tissue,Tumor
HRS321639,Patient Solid Tissue,Tumor
HRS321640,Patient Solid Tissue,Tumor
HRS321641,Patient Solid Tissue,Tumor
HRS321642,Patient Solid Tissue,Tumor
HRS321643,Patient Solid Tissue,Tumor
HRS321644,Patient Solid Tissue,Tumor
HRS321645,Patient Solid Tissue,Tumor
HRS321646,Patient Solid Tissue,Tumor
HRS321647,Patient Solid Tissue,Tumor
HRS321648,Patient Solid Tissue,Tumor
HRS321649,Patient Solid Tissue,Tumor
HRS321650,Patient Solid Tissue,Tumor
HRS321651,Patient Solid Tissue,Tumor
HRS321652,Patient Solid Tissue,Tumor
HRS321653,Patient Solid Tissue,Tumor
HRS321654,Patient Solid Tissue,Tumor
HRS321655,Patient Solid Tissue,Tumor
HRS321656,Patient Solid Tissue,Tumor
HRS321657,Patient Solid Tissue,Tumor
HRS321658,Patient Solid Tissue,Tumor
HRS321659,Patient Solid Tissue,Tumor
HRS321660,Patient Solid Tissue,Tumor
HRS321661,Patient Solid Tissue,Tumor
HRS321662,Patient Solid Tissue,Tumor
HRS321663,Patient Solid Tissue,Tumor
HRS321664,Patient Solid Tissue,Tumor
HRS321665,Patient Solid Tissue,Tumor
HRS321666,Patient Solid Tissue,Tumor
HRS321667,Patient Solid Tissue,Tumor
HRS321668,Patient Solid Tissue,Tumor
HRS321669,Patient Solid Tissue,Tumor
HRS321670,Patient Solid Tissue,Tumor
HRS321671,Patient Solid Tissue,Tumor
HRS321672,Patient Solid Tissue,Tumor
HRS321673,Patient Solid Tissue,Tumor
HRS321674,Patient Solid Tissue,Tumor
HRS321675,Patient Solid Tissue,Tumor
HRS321676,Patient Solid Tissue,Tumor
HRS321677,Patient Solid Tissue,Tumor
HRS321678,Patient Solid Tissue,Tumor
HRS321679,Patient Solid Tissue,Tumor
HRS321680,Patient Solid Tissue,Tumor
HRS321681,Patient Solid Tissue,Tumor
HRS321682,Patient Solid Tissue,Tumor
HRS321683,Patient Solid Tissue,Tumor
HRS321684,Patient Solid Tissue,Tumor
HRS321685,Patient Solid Tissue,Tumor
HRS321686,Patient Solid Tissue,Tumor
HRS321687,Patient Solid Tissue,Tumor
HRS321688,Patient Solid Tissue,Tumor
HRS321689,Patient Solid Tissue,Tumor
HRS321690,Patient Solid Tissue,Tumor
HRS321691,Patient Solid Tissue,Tumor
HRS321692,Patient Solid Tissue,Tumor
HRS321693,Patient Solid Tissue,Tumor
HRS321694,Patient Solid Tissue,Tumor
HRS321695,Patient Solid Tissue,Tumor
HRS321696,Patient Solid Tissue,Tumor
HRS321697,Patient Solid Tissue,Tumor
HRS321698,Patient Solid Tissue,Tumor
HRS321699,Blood,Normal
HRS321700,Peritumoral,Normal
HRS321701,Patient Solid Tissue,Tumor
HRS321702,Blood,Normal
HRS321703,Peritumoral,Normal
HRS321704,Patient Solid Tissue,Tumor
HRS321705,Blood,Normal
HRS321706,Peritumoral,Normal
HRS321707,Patient Solid Tissue,Tumor
HRS321708,Peritumoral,Normal
HRS321709,Patient Solid Tissue,Tumor
HRS321710,Blood,Normal
HRS321711,Peritumoral,Normal
HRS321712,Patient Solid Tissue,Tumor
HRS321713,Blood,Normal
HRS321714,Patient Solid Tissue,Tumor
HRS321715,Patient Solid Tissue,Tumor
HRS321716,Peritumoral,Normal
HRS321717,Patient Solid Tissue,Tumor
HRS321718,Blood,Normal
HRS321719,Peritumoral,Normal
HRS321720,Patient Solid Tissue,Tumor
HRS321721,Blood,Normal
HRS321722,Peritumoral,Normal
HRS321723,Patient Solid Tissue,Tumor
HRS321724,Blood,Normal
HRS321725,Peritumoral,Normal
HRS321726,Patient Solid Tissue,Tumor
HRS321727,Blood,Normal
HRS321728,Peritumoral,Normal
HRS321729,Patient Solid Tissue,Tumor
HRS321730,Blood,Normal
HRS321731,Peritumoral,Normal
HRS321732,Peritumoral,Normal
HRS321733,Patient Solid Tissue,Tumor
HRS321734,Peritumoral,Normal
HRS321735,Patient Solid Tissue,Tumor
HRS321736,Peritumoral,Normal
HRS321737,Patient Solid Tissue,Tumor
HRS321738,Peritumoral,Normal
HRS321739,Patient Solid Tissue,Tumor
HRS321740,Peritumoral,Normal
HRS321741,Patient Solid Tissue,Tumor
HRS321742,Peritumoral,Normal
HRS321743,Patient Solid Tissue,Tumor
HRS321744,Peritumoral,Normal
HRS321745,Patient Solid Tissue,Tumor
HRS321746,Peritumoral,Normal
HRS321747,Patient Solid Tissue,Tumor
HRS321748,Peritumoral,Normal
HRS321749,Patient Solid Tissue,Tumor
HRS321750,Peritumoral,Normal
HRS321751,Patient Solid Tissue,Tumor
HRS321752,Peritumoral,Normal
HRS321753,Patient Solid Tissue,Tumor
HRS321754,Peritumoral,Normal
HRS321755,Patient Solid Tissue,Tumor
HRS321756,Peritumoral,Normal
HRS321757,Patient Solid Tissue,Tumor
HRS321758,Peritumoral,Normal
HRS321759,Patient Solid Tissue,Tumor
HRS321760,Peritumoral,Normal
HRS321761,Patient Solid Tissue,Tumor
HRS321762,Peritumoral,Normal
HRS321763,Patient Solid Tissue,Tumor
HRS321764,Peritumoral,Normal
HRS321765,Patient Solid Tissue,Tumor
HRS321766,Peritumoral,Normal
HRS321767,Patient Solid Tissue,Tumor
HRS321768,Peritumoral,Normal
HRS321769,Patient Solid Tissue,Tumor
HRS321770,Peritumoral,Normal
HRS321771,Patient Solid Tissue,Tumor
HRS321772,Peritumoral,Normal
HRS321773,Patient Solid Tissue,Tumor
HRS321774,Peritumoral,Normal
HRS321775,Patient Solid Tissue,Tumor
HRS321776,Peritumoral,Normal
HRS321777,Patient Solid Tissue,Tumor
HRS321778,Peritumoral,Normal
HRS321779,Patient Solid Tissue,Tumor
HRS321780,Peritumoral,Normal
HRS321781,Patient Solid Tissue,Tumor
HRS321782,Peritumoral,Normal
HRS321783,Patient Solid Tissue,Tumor
HRS321784,Peritumoral,Normal
HRS321785,Patient Solid Tissue,Tumor
HRS321786,Peritumoral,Normal
HRS321787,Patient Solid Tissue,Tumor
HRS321788,Peritumoral,Normal
HRS321789,Patient Solid Tissue,Tumor
HRS321790,Peritumoral,Normal
HRS321791,Patient Solid Tissue,Tumor
HRS321792,Peritumoral,Normal
HRS321793,Patient Solid Tissue,Tumor
HRS321794,Peritumoral,Normal
HRS321795,Patient Solid Tissue,Tumor
HRS321796,Peritumoral,Normal
HRS321797,Patient Solid Tissue,Tumor
HRS321798,Peritumoral,Normal
HRS321799,Patient Solid Tissue,Tumor
HRS321800,Peritumoral,Normal
HRS321801,Patient Solid Tissue,Tumor
HRS321802,Peritumoral,Normal
HRS321803,Patient Solid Tissue,Tumor
HRS321804,Peritumoral,Normal
HRS321805,Patient Solid Tissue,Tumor
HRS321806,Peritumoral,Normal
HRS321807,Patient Solid Tissue,Tumor
HRS321808,Peritumoral,Normal
HRS321809,Patient Solid Tissue,Tumor
HRS321810,Peritumoral,Normal
HRS321811,Patient Solid Tissue,Tumor
HRS321812,Peritumoral,Normal
HRS321813,Patient Solid Tissue,Tumor
HRS321814,Peritumoral,Normal
HRS321815,Patient Solid Tissue,Tumor
HRS321816,Peritumoral,Normal
HRS321817,Patient Solid Tissue,Tumor
HRS321818,Peritumoral,Normal
HRS321819,Patient Solid Tissue,Tumor
HRS321820,Peritumoral,Normal
HRS321821,Patient Solid Tissue,Tumor
HRS321822,Peritumoral,Normal
HRS321823,Patient Solid Tissue,Tumor
HRS321824,Peritumoral,Normal
HRS321825,Patient Solid Tissue,Tumor
HRS321826,Peritumoral,Normal
HRS321827,Patient Solid Tissue,Tumor
HRS321828,Peritumoral,Normal
HRS321829,Patient Solid Tissue,Tumor
HRS321830,Peritumoral,Normal
HRS321831,Patient Solid Tissue,Tumor
HRS321832,Peritumoral,Normal
HRS321833,Patient Solid Tissue,Tumor
HRS321834,Peritumoral,Normal
HRS321835,Patient Solid Tissue,Tumor
HRS321836,Peritumoral,Normal
HRS321837,Patient Solid Tissue,Tumor
HRS321838,Peritumoral,Normal
HRS321839,Patient Solid Tissue,Tumor
HRS321840,Peritumoral,Normal
HRS321841,Patient Solid Tissue,Tumor
HRS321842,Peritumoral,Normal
HRS321843,Patient Solid Tissue,Tumor
HRS321844,Peritumoral,Normal
HRS321845,Patient Solid Tissue,Tumor
HRS321846,Peritumoral,Normal
HRS321847,Patient Solid Tissue,Tumor
HRS321848,Peritumoral,Normal
HRS321849,Patient Solid Tissue,Tumor
HRS321850,Peritumoral,Normal
HRS321851,Patient Solid Tissue,Tumor
HRS321852,Peritumoral,Normal
HRS321853,Patient Solid Tissue,Tumor
HRS321854,Peritumoral,Normal
HRS321855,Patient Solid Tissue,Tumor
HRS321856,Peritumoral,Normal
HRS321857,Patient Solid Tissue,Tumor
HRS321858,Peritumoral,Normal
HRS321859,Patient Solid Tissue,Tumor
HRS321860,Peritumoral,Normal
HRS321861,Patient Solid Tissue,Tumor
HRS321862,Peritumoral,Normal
HRS321863,Patient Solid Tissue,Tumor
HRS321864,Peritumoral,Normal
HRS321865,Patient Solid Tissue,Tumor
HRS321866,Peritumoral,Normal
HRS321867,Patient Solid Tissue,Tumor
HRS321868,Peritumoral,Normal
HRS321869,Patient Solid Tissue,Tumor
HRS321870,Peritumoral,Normal
HRS321871,Patient Solid Tissue,Tumor
HRS321872,Peritumoral,Normal
HRS321873,Patient Solid Tissue,Tumor
HRS321874,Peritumoral,Normal
HRS321875,Patient Solid Tissue,Tumor
HRS321876,Peritumoral,Normal
HRS321877,Patient Solid Tissue,Tumor
HRS321878,Blood,Normal
HRS321879,Peritumoral,Normal
HRS321880,Patient Solid Tissue,Tumor
HRS321881,Blood,Normal
HRS321882,Peritumoral,Normal
HRS321883,Patient Solid Tissue,Tumor
HRS321884,Blood,Normal
HRS321885,Peritumoral,Normal
HRS321886,Patient Solid Tissue,Tumor
HRS321887,Peritumoral,Normal
HRS321888,Patient Solid Tissue,Tumor
HRS321889,Blood,Normal
HRS321890,Peritumoral,Normal
HRS321891,Patient Solid Tissue,Tumor
HRS321892,Blood,Normal
HRS321893,Peritumoral,Normal
HRS321894,Patient Solid Tissue,Tumor
HRS321895,Blood,Normal
HRS321896,Peritumoral,Normal
HRS321897,Patient Solid Tissue,Tumor
HRS321898,Blood,Normal
HRS321899,Peritumoral,Normal
HRS321900,Patient Solid Tissue,Tumor
HRS321901,Blood,Normal
HRS321902,Peritumoral,Normal
HRS321903,Patient Solid Tissue,Tumor
HRS321904,Blood,Normal
HRS321905,Peritumoral,Normal
HRS321906,Patient Solid Tissue,Tumor
HRS321907,Blood,Normal
HRS321908,Peritumoral,Normal
HRS321909,Patient Solid Tissue,Tumor
HRS420739,Bone Marrow,Tumor
HRS420740,Bone Marrow,Tumor
HRS420741,Bone Marrow,Tumor
HRS420742,Bone Marrow,Tumor
HRS420743,Bone Marrow,Tumor
HRS420744,Bone Marrow,Tumor
HRS420745,Bone Marrow,Tumor
HRS420746,Bone Marrow,Tumor
HRS420747,Bone Marrow,Tumor
HRS420748,Bone Marrow,Tumor
HRS420749,Bone Marrow,Tumor
HRS420750,Bone Marrow,Tumor
HRS420751,Bone Marrow,Tumor
HRS420752,Bone Marrow,Tumor
HRS420753,Bone Marrow,Tumor
HRS420754,Bone Marrow,Tumor
HRS420755,Bone Marrow,Tumor
HRS420756,Bone Marrow,Tumor
HRS420757,Bone Marrow,Tumor
HRS420758,Bone Marrow,Tumor
HRS420759,Bone Marrow,Tumor
HRS420760,Bone Marrow,Tumor
HRS420761,Bone Marrow,Tumor
HRS420762,Bone Marrow,Tumor
HRS420763,Bone Marrow,Tumor
HRS420764,Bone Marrow,Tumor
HRS420765,Bone Marrow,Tumor
HRS420766,Bone Marrow,Tumor
HRS420767,Bone Marrow,Tumor
HRS420768,Bone Marrow,Tumor
HRS420769,Bone Marrow,Tumor
HRS420770,Bone Marrow,Tumor
HRS420771,Bone Marrow,Tumor
HRS420772,Bone Marrow,Tumor
HRS420773,Bone Marrow,Tumor
HRS420774,Bone Marrow,Tumor
HRS420775,Bone Marrow,Tumor
HRS420776,Bone Marrow,Tumor
HRS420777,Bone Marrow,Tumor
HRS420778,Bone Marrow,Tumor
HRS420779,Bone Marrow,Tumor
HRS420780,Bone Marrow,Tumor
HRS420781,Bone Marrow,Tumor
HRS420782,Bone Marrow,Tumor
HRS420783,Bone Marrow,Tumor
HRS420784,Bone Marrow,Tumor
HRS420785,Bone Marrow,Tumor
HRS420786,Bone Marrow,Tumor
HRS420787,Bone Marrow,Tumor
HRS420788,Bone Marrow,Tumor
HRS420789,Bone Marrow,Tumor
HRS420790,Bone Marrow,Tumor
HRS420791,Bone Marrow,Tumor
HRS420792,Bone Marrow,Tumor
HRS420793,Bone Marrow,Tumor
HRS420794,Bone Marrow,Tumor
HRS420795,Bone Marrow,Tumor
HRS420796,Bone Marrow,Tumor
HRS420797,Bone Marrow,Tumor
HRS420798,Bone Marrow,Tumor
HRS420799,Bone Marrow,Tumor
HRS420800,Bone Marrow,Tumor
HRS420801,Bone Marrow,Tumor
HRS420802,Bone Marrow,Tumor
HRS420803,Bone Marrow,Tumor
HRS420804,Bone Marrow,Tumor
HRS420805,Bone Marrow,Tumor
HRS420806,Bone Marrow,Tumor
HRS420807,Bone Marrow,Tumor
HRS420808,Bone Marrow,Tumor
HRS420809,Bone Marrow,Tumor
HRS420810,Bone Marrow,Tumor
HRS420811,Bone Marrow,Tumor
HRS420812,Bone Marrow,Tumor
HRS420813,Bone Marrow,Tumor
HRS420814,Bone Marrow,Tumor
HRS420815,Bone Marrow,Tumor
HRS420816,Bone Marrow,Tumor
HRS420817,Bone Marrow,Tumor
HRS420818,Bone Marrow,Tumor
HRS420819,Bone Marrow,Tumor
HRS420820,Bone Marrow,Tumor
HRS420821,Bone Marrow,Tumor
HRS420822,Bone Marrow,Tumor
HRS420823,Bone Marrow,Tumor
HRS420824,Bone Marrow,Tumor
HRS420825,Bone Marrow,Tumor
HRS420826,Bone Marrow,Tumor
HRS420827,Bone Marrow,Tumor
HRS420828,Bone Marrow,Tumor
HRS420829,Bone Marrow,Tumor
HRS420830,Bone Marrow,Tumor
HRS420831,Bone Marrow,Tumor
HRS420832,Bone Marrow,Tumor
HRS420833,Bone Marrow,Tumor
HRS420834,Bone Marrow,Tumor
HRS420835,Bone Marrow,Tumor
HRS420836,Bone Marrow,Tumor
HRS420837,Bone Marrow,Tumor
HRS420838,Bone Marrow,Tumor
HRS420839,Bone Marrow,Tumor
HRS420840,Bone Marrow,Tumor
HRS420841,Bone Marrow,Tumor
HRS420842,Bone Marrow,Tumor
HRS420843,Bone Marrow,Tumor
HRS420844,Bone Marrow,Tumor
HRS420845,Bone Marrow,Tumor
HRS420846,Bone Marrow,Tumor
HRS420847,Bone Marrow,Tumor
HRS420848,Bone Marrow,Tumor
HRS420849,Bone Marrow,Tumor
HRS420850,Bone Marrow,Tumor
HRS420851,Bone Marrow,Tumor
HRS420852,Bone Marrow,Tumor
HRS420853,Bone Marrow,Tumor
HRS420854,Bone Marrow,Tumor
HRS420855,Bone Marrow,Tumor
HRS420856,Bone Marrow,Tumor
HRS420857,Bone Marrow,Tumor
HRS420858,Bone Marrow,Tumor
HRS420859,Bone Marrow,Tumor
HRS420860,Bone Marrow,Tumor
HRS420861,Bone Marrow,Tumor
HRS420862,Bone Marrow,Tumor
HRS420863,Bone Marrow,Tumor
HRS420864,Bone Marrow,Tumor
HRS420865,Bone Marrow,Tumor
HRS420866,Bone Marrow,Tumor
HRS420867,Bone Marrow,Tumor
HRS420868,Bone Marrow,Tumor
HRS420869,Bone Marrow,Tumor
HRS420870,Bone Marrow,Tumor
HRS420871,Bone Marrow,Tumor
HRS420872,Bone Marrow,Tumor
HRS420873,Bone Marrow,Tumor
HRS420874,Bone Marrow,Tumor
HRS420875,Bone Marrow,Tumor
HRS420876,Bone Marrow,Tumor
HRS420877,Bone Marrow,Tumor
HRS420878,Bone Marrow,Tumor
HRS420879,Bone Marrow,Tumor
HRS420880,Bone Marrow,Tumor
HRS420881,Bone Marrow,Tumor
HRS420882,Bone Marrow,Tumor
HRS420883,Bone Marrow,Tumor
HRS420884,Bone Marrow,Tumor
HRS420885,Bone Marrow,Tumor
HRS420886,Bone Marrow,Tumor
HRS420887,Bone Marrow,Tumor
HRS420888,Bone Marrow,Tumor
HRS420889,Bone Marrow,Tumor
HRS420890,Bone Marrow,Tumor
HRS420891,Bone Marrow,Tumor
HRS420892,Bone Marrow,Tumor
HRS420893,Bone Marrow,Tumor
HRS420894,Bone Marrow,Tumor
HRS420895,Bone Marrow,Tumor
HRS420896,Bone Marrow,Tumor
HRS420897,Bone Marrow,Tumor
HRS420898,Bone Marrow,Tumor
HRS420899,Bone Marrow,Tumor
HRS420900,Bone Marrow,Tumor
HRS420901,Bone Marrow,Tumor
HRS420902,Bone Marrow,Tumor
HRS420903,Bone Marrow,Tumor
HRS420904,Bone Marrow,Tumor
HRS420905,Bone Marrow,Tumor
HRS420906,Bone Marrow,Tumor
HRS420907,Bone Marrow,Tumor
HRS420908,Bone Marrow,Tumor
HRS420909,Bone Marrow,Tumor
HRS420910,Bone Marrow,Tumor
HRS420911,Bone Marrow,Tumor
HRS420912,Bone Marrow,Tumor
HRS420913,Bone Marrow,Tumor
HRS420914,Bone Marrow,Tumor
HRS420915,Bone Marrow,Tumor
HRS420916,Bone Marrow,Tumor
HRS420917,Bone Marrow,Tumor
HRS420918,Bone Marrow,Tumor
HRS420919,Bone Marrow,Tumor
HRS420920,Bone Marrow,Tumor
HRS420921,Bone Marrow,Tumor
HRS420922,Bone Marrow,Tumor
HRS420923,Bone Marrow,Tumor
HRS420924,Bone Marrow,Tumor
HRS420925,Bone Marrow,Tumor
HRS420926,Bone Marrow,Tumor
HRS420927,Bone Marrow,Tumor
HRS420928,Bone Marrow,Tumor
HRS420929,Bone Marrow,Tumor
HRS420930,Bone Marrow,Tumor
HRS420931,Bone Marrow,Tumor
HRS420932,Bone Marrow,Tumor
HRS420933,Bone Marrow,Tumor
HRS420934,Bone Marrow,Tumor
HRS420935,Bone Marrow,Tumor
HRS420936,Bone Marrow,Tumor
HRS420937,Bone Marrow,Tumor
HRS420938,Bone Marrow,Tumor
HRS420939,Bone Marrow,Tumor
HRS420940,Bone Marrow,Tumor
HRS420941,Bone Marrow,Tumor
HRS420942,Bone Marrow,Tumor
HRS420943,Bone Marrow,Tumor
HRS420944,Bone Marrow,Tumor
HRS420945,Bone Marrow,Tumor
HRS420946,Bone Marrow,Tumor
HRS420947,Bone Marrow,Tumor
HRS420948,Bone Marrow,Tumor
HRS420949,Bone Marrow,Tumor
HRS420950,Bone Marrow,Tumor
HRS420951,Bone Marrow,Tumor
HRS420952,Bone Marrow,Tumor
HRS420953,Bone Marrow,Tumor
HRS420954,Bone Marrow,Tumor
HRS420955,Bone Marrow,Tumor
HRS420956,Bone Marrow,Tumor
HRS420957,Bone Marrow,Tumor
HRS420958,Bone Marrow,Tumor
HRS420959,Bone Marrow,Tumor
HRS420960,Bone Marrow,Tumor
HRS420961,Bone Marrow,Tumor
HRS420962,Bone Marrow,Tumor
HRS420963,Bone Marrow,Tumor
HRS420964,Bone Marrow,Tumor
HRS420965,Bone Marrow,Tumor
HRS420966,Bone Marrow,Tumor
HRS420967,Bone Marrow,Tumor
HRS420968,Bone Marrow,Tumor
HRS420969,Bone Marrow,Tumor
HRS420970,Bone Marrow,Tumor
HRS420971,Bone Marrow,Tumor
HRS420972,Bone Marrow,Tumor
HRS420973,Bone Marrow,Tumor
HRS420974,Bone Marrow,Tumor
HRS420975,Bone Marrow,Tumor
HRS420976,Bone Marrow,Tumor
HRS420977,Bone Marrow,Tumor
HRS420978,Bone Marrow,Tumor
HRS420979,Bone Marrow,Tumor
HRS420980,Bone Marrow,Tumor
HRS420981,Bone Marrow,Tumor
HRS420982,Bone Marrow,Tumor
HRS420983,Bone Marrow,Tumor
HRS420984,Bone Marrow,Tumor
HRS420985,Bone Marrow,Tumor
HRS420986,Bone Marrow,Tumor
HRS420987,Bone Marrow,Tumor
HRS420988,Bone Marrow,Tumor
HRS420989,Bone Marrow,Tumor
HRS420990,Bone Marrow,Tumor
HRS420991,Bone Marrow,Tumor
HRS420992,Bone Marrow,Tumor
HRS420993,Bone Marrow,Tumor
HRS420994,Bone Marrow,Tumor
HRS420995,Bone Marrow,Tumor
HRS420996,Bone Marrow,Tumor
HRS420997,Bone Marrow,Tumor
HRS420998,Bone Marrow,Tumor
HRS420999,Bone Marrow,Tumor
HRS421000,Bone Marrow,Tumor
HRS421001,Bone Marrow,Tumor
HRS421002,Bone Marrow,Tumor
HRS421003,Bone Marrow,Tumor
HRS421004,Bone Marrow,Tumor
HRS421005,Bone Marrow,Tumor
HRS421006,Bone Marrow,Tumor
HRS421007,Bone Marrow,Tumor
HRS421008,Bone Marrow,Tumor
HRS421009,Bone Marrow,Tumor
HRS421010,Bone Marrow,Tumor
HRS421011,Bone Marrow,Tumor
HRS421012,Bone Marrow,Tumor
HRS421013,Bone Marrow,Tumor
HRS421014,Bone Marrow,Tumor
HRS421015,Bone Marrow,Tumor
HRS421016,Bone Marrow,Tumor
HRS421017,Bone Marrow,Tumor
HRS421018,Bone Marrow,Tumor
HRS421019,Bone Marrow,Tumor
HRS421020,Bone Marrow,Tumor
HRS421021,Bone Marrow,Tumor
HRS421022,Bone Marrow,Tumor
HRS421023,Bone Marrow,Tumor
HRS421024,Bone Marrow,Tumor
HRS421025,Bone Marrow,Tumor
HRS421026,Bone Marrow,Tumor
HRS421027,Bone Marrow,Tumor
HRS421028,Bone Marrow,Tumor
HRS421029,Bone Marrow,Tumor
HRS421030,Bone Marrow,Tumor
HRS421031,Bone Marrow,Tumor
HRS421032,Bone Marrow,Tumor
HRS421033,Bone Marrow,Tumor
HRS421034,Bone Marrow,Tumor
HRS421035,Bone Marrow,Tumor
HRS421036,Bone Marrow,Tumor
HRS421037,Bone Marrow,Tumor
HRS421038,Bone Marrow,Tumor
HRS421039,Bone Marrow,Tumor
HRS421040,Bone Marrow,Tumor
HRS421041,Bone Marrow,Tumor
HRS421042,Bone Marrow,Tumor
HRS421043,Bone Marrow,Tumor
HRS421044,Bone Marrow,Tumor
HRS421045,Bone Marrow,Tumor
HRS421046,Bone Marrow,Tumor
HRS421047,Bone Marrow,Tumor
HRS421048,Bone Marrow,Tumor
HRS421049,Bone Marrow,Tumor
HRS421050,Bone Marrow,Tumor
HRS421051,Bone Marrow,Tumor
HRS421052,Bone Marrow,Tumor
HRS421053,Bone Marrow,Tumor
HRS421054,Bone Marrow,Tumor
HRS421055,Bone Marrow,Tumor
HRS421056,Bone Marrow,Tumor
HRS421057,Bone Marrow,Tumor
HRS421058,Bone Marrow,Tumor
HRS421059,Bone Marrow,Tumor
HRS421060,Bone Marrow,Tumor
HRS421061,Bone Marrow,Tumor
HRS421062,Bone Marrow,Tumor
HRS421063,Bone Marrow,Tumor
HRS421064,Bone Marrow,Tumor
HRS421065,Bone Marrow,Tumor
HRS421066,Bone Marrow,Tumor
HRS421067,Bone Marrow,Tumor
HRS421068,Bone Marrow,Tumor
HRS421069,Bone Marrow,Tumor
HRS421070,Bone Marrow,Tumor
HRS421071,Bone Marrow,Tumor
HRS421072,Bone Marrow,Tumor
HRS421073,Bone Marrow,Tumor
HRS421074,Bone Marrow,Tumor
HRS421075,Bone Marrow,Tumor
HRS421076,Bone Marrow,Tumor
HRS421077,Bone Marrow,Tumor
HRS421078,Bone Marrow,Tumor
HRS421079,Bone Marrow,Tumor
HRS421080,Bone Marrow,Tumor
HRS421081,Bone Marrow,Tumor
HRS421082,Bone Marrow,Tumor
HRS421083,Bone Marrow,Tumor
HRS421084,Bone Marrow,Tumor
HRS421085,Bone Marrow,Tumor
HRS421086,Bone Marrow,Tumor
HRS421087,Bone Marrow,Tumor
HRS421088,Bone Marrow,Tumor
HRS421089,Bone Marrow,Tumor
HRS421090,Bone Marrow,Tumor
HRS421091,Bone Marrow,Tumor
HRS421092,Bone Marrow,Tumor
HRS421093,Bone Marrow,Tumor
HRS421094,Bone Marrow,Tumor
HRS421095,Bone Marrow,Tumor
HRS421096,Bone Marrow,Tumor
HRS421097,Bone Marrow,Tumor
HRS421098,Bone Marrow,Tumor
HRS421099,Bone Marrow,Tumor
HRS421100,Bone Marrow,Tumor
HRS421101,Bone Marrow,Tumor
HRS421102,Bone Marrow,Tumor
HRS421103,Bone Marrow,Tumor
HRS421104,Bone Marrow,Tumor
HRS421105,Bone Marrow,Tumor
HRS421106,Bone Marrow,Tumor
HRS421107,Bone Marrow,Tumor
HRS421108,Bone Marrow,Tumor
HRS421109,Bone Marrow,Tumor
HRS421110,Bone Marrow,Tumor
HRS421111,Bone Marrow,Tumor
HRS421112,Bone Marrow,Tumor
HRS421113,Bone Marrow,Tumor
HRS421114,Bone Marrow,Tumor
HRS421115,Bone Marrow,Tumor
HRS421116,Bone Marrow,Tumor
HRS421117,Bone Marrow,Tumor
HRS421118,Bone Marrow,Tumor
HRS421119,Bone Marrow,Tumor
HRS421120,Bone Marrow,Tumor
HRS421121,Bone Marrow,Tumor
HRS421122,Bone Marrow,Tumor
HRS421123,Bone Marrow,Tumor
HRS421124,Bone Marrow,Tumor
HRS421125,Bone Marrow,Tumor
HRS421126,Bone Marrow,Tumor
HRS421127,Bone Marrow,Tumor
HRS421128,Bone Marrow,Tumor
HRS421129,Bone Marrow,Tumor
HRS421130,Bone Marrow,Tumor
HRS421131,Bone Marrow,Tumor
HRS421132,Bone Marrow,Tumor
HRS421133,Bone Marrow,Tumor
HRS421134,Bone Marrow,Tumor
HRS421135,Bone Marrow,Tumor
HRS421136,Bone Marrow,Tumor
HRS421137,Bone Marrow,Tumor
HRS421138,Bone Marrow,Tumor
HRS421139,Bone Marrow,Tumor
HRS421140,Bone Marrow,Tumor
HRS421141,Bone Marrow,Tumor
HRS421142,Bone Marrow,Tumor
HRS421143,Bone Marrow,Tumor
HRS421144,Bone Marrow,Tumor
HRS421145,Bone Marrow,Tumor
HRS421146,Bone Marrow,Tumor
HRS421147,Bone Marrow,Tumor
HRS421148,Bone Marrow,Tumor
HRS421149,Bone Marrow,Tumor
HRS421150,Bone Marrow,Tumor
HRS421151,Bone Marrow,Tumor
HRS421152,Bone Marrow,Tumor
HRS421153,Bone Marrow,Tumor
HRS421154,Bone Marrow,Tumor
HRS421155,Bone Marrow,Tumor
HRS421156,Bone Marrow,Tumor
HRS421157,Bone Marrow,Tumor
HRS421158,Bone Marrow,Tumor
HRS421159,Bone Marrow,Tumor
HRS421160,Bone Marrow,Tumor
HRS421161,Bone Marrow,Tumor
HRS421162,Bone Marrow,Tumor
HRS421163,Bone Marrow,Tumor
HRS421164,Bone Marrow,Tumor
HRS421165,Bone Marrow,Tumor
HRS421166,Bone Marrow,Tumor
HRS421167,Bone Marrow,Tumor
HRS421168,Bone Marrow,Tumor
HRS421169,Bone Marrow,Tumor
HRS421170,Bone Marrow,Tumor
HRS421171,Bone Marrow,Tumor
HRS421172,Bone Marrow,Tumor
HRS421173,Bone Marrow,Tumor
HRS421174,Bone Marrow,Tumor
HRS421175,Bone Marrow,Tumor
HRS421176,Bone Marrow,Tumor
HRS421177,Bone Marrow,Tumor
HRS421178,Bone Marrow,Tumor
HRS421179,Bone Marrow,Tumor
HRS421180,Bone Marrow,Tumor
HRS449726,Peritumoral,Normal
HRS449727,Patient Solid Tissue,Tumor
HRS449728,Peritumoral,Normal
HRS449729,Patient Solid Tissue,Tumor
HRS449730,Peritumoral,Normal
HRS449731,Patient Solid Tissue,Tumor
HRS449732,Peritumoral,Normal
HRS449733,Patient Solid Tissue,Tumor
HRS449734,Peritumoral,Normal
HRS449735,Patient Solid Tissue,Tumor
HRS449736,Peritumoral,Normal
HRS449737,Patient Solid Tissue,Tumor
HRS449738,Peritumoral,Normal
HRS449739,Patient Solid Tissue,Tumor
HRS449740,Peritumoral,Normal
HRS449741,Patient Solid Tissue,Tumor
HRS449742,Peritumoral,Normal
HRS449743,Patient Solid Tissue,Tumor
HRS449744,Peritumoral,Normal
HRS449745,Patient Solid Tissue,Tumor
HRS449746,Peritumoral,Normal
HRS449747,Patient Solid Tissue,Tumor
HRS449748,Peritumoral,Normal
HRS449749,Patient Solid Tissue,Tumor
HRS449750,Peritumoral,Normal
HRS449751,Patient Solid Tissue,Tumor
HRS449752,Peritumoral,Normal
HRS449753,Patient Solid Tissue,Tumor
HRS449754,Peritumoral,Normal
HRS449755,Patient Solid Tissue,Tumor
HRS449756,Peritumoral,Normal
HRS449757,Patient Solid Tissue,Tumor
HRS449758,Peritumoral,Normal
HRS449759,Patient Solid Tissue,Tumor
HRS449760,Peritumoral,Normal
HRS449761,Patient Solid Tissue,Tumor
HRS449762,Peritumoral,Normal
HRS449763,Patient Solid Tissue,Tumor
HRS449764,Peritumoral,Normal
HRS449765,Patient Solid Tissue,Tumor
HRS449766,Peritumoral,Normal
HRS449767,Patient Solid Tissue,Tumor
HRS449768,Peritumoral,Normal
HRS449769,Patient Solid Tissue,Tumor
HRS449770,Peritumoral,Normal
HRS449771,Patient Solid Tissue,Tumor
HRS449772,Peritumoral,Normal
HRS449773,Patient Solid Tissue,Tumor
HRS449774,Peritumoral,Normal
HRS449775,Patient Solid Tissue,Tumor
HRS449776,Peritumoral,Normal
HRS449777,Patient Solid Tissue,Tumor
HRS449778,Peritumoral,Normal
HRS449779,Patient Solid Tissue,Tumor
HRS449780,Peritumoral,Normal
HRS449781,Patient Solid Tissue,Tumor
HRS449782,Peritumoral,Normal
HRS449783,Patient Solid Tissue,Tumor
HRS449784,Peritumoral,Normal
HRS449785,Patient Solid Tissue,Tumor
HRS449786,Peritumoral,Normal
HRS449787,Patient Solid Tissue,Tumor
HRS449788,Peritumoral,Normal
HRS449789,Patient Solid Tissue,Tumor
HRS449790,Peritumoral,Normal
HRS449791,Patient Solid Tissue,Tumor
HRS449792,Peritumoral,Normal
HRS449793,Patient Solid Tissue,Tumor
HRS449794,Peritumoral,Normal
HRS449795,Patient Solid Tissue,Tumor
HRS449796,Peritumoral,Normal
HRS449797,Patient Solid Tissue,Tumor
HRS449798,Peritumoral,Normal
HRS449799,Patient Solid Tissue,Tumor
HRS449800,Peritumoral,Normal
HRS449801,Patient Solid Tissue,Tumor
HRS449802,Peritumoral,Normal
HRS449803,Patient Solid Tissue,Tumor
HRS449804,Peritumoral,Normal
HRS449805,Patient Solid Tissue,Tumor
HRS449806,Peritumoral,Normal
HRS449807,Patient Solid Tissue,Tumor
HRS449808,Peritumoral,Normal
HRS449809,Patient Solid Tissue,Tumor
HRS449810,Peritumoral,Normal
HRS449811,Patient Solid Tissue,Tumor
HRS449812,Peritumoral,Normal
HRS449813,Patient Solid Tissue,Tumor
HRS449814,Peritumoral,Normal
HRS449815,Patient Solid Tissue,Tumor
HRS449816,Peritumoral,Normal
HRS449817,Patient Solid Tissue,Tumor
HRS449818,Peritumoral,Normal
HRS449819,Patient Solid Tissue,Tumor
HRS449820,Peritumoral,Normal
HRS449821,Patient Solid Tissue,Tumor
HRS449822,Peritumoral,Normal
HRS449823,Patient Solid Tissue,Tumor
HRS449824,Peritumoral,Normal
HRS449825,Patient Solid Tissue,Tumor
HRS449826,Peritumoral,Normal
HRS449827,Patient Solid Tissue,Tumor
HRS449828,Peritumoral,Normal
HRS449829,Patient Solid Tissue,Tumor
HRS449830,Peritumoral,Normal
HRS449831,Patient Solid Tissue,Tumor
HRS449832,Peritumoral,Normal
HRS449833,Patient Solid Tissue,Tumor
HRS449834,Peritumoral,Normal
HRS449835,Patient Solid Tissue,Tumor
HRS449836,Peritumoral,Normal
HRS449837,Patient Solid Tissue,Tumor
HRS449838,Peritumoral,Normal
HRS449839,Patient Solid Tissue,Tumor
HRS449840,Peritumoral,Normal
HRS449841,Patient Solid Tissue,Tumor
HRS449842,Peritumoral,Normal
HRS449843,Patient Solid Tissue,Tumor
HRS449844,Peritumoral,Normal
HRS449845,Patient Solid Tissue,Tumor
HRS449846,Peritumoral,Normal
HRS449847,Patient Solid Tissue,Tumor
HRS449848,Peritumoral,Normal
HRS449849,Patient Solid Tissue,Tumor
HRS449850,Peritumoral,Normal
HRS449851,Patient Solid Tissue,Tumor
HRS449852,Peritumoral,Normal
HRS449853,Patient Solid Tissue,Tumor
HRS449854,Peritumoral,Normal
HRS449855,Patient Solid Tissue,Tumor
HRS449856,Peritumoral,Normal
HRS449857,Patient Solid Tissue,Tumor
HRS449858,Peritumoral,Normal
HRS449859,Patient Solid Tissue,Tumor
HRS449860,Peritumoral,Normal
HRS449861,Patient Solid Tissue,Tumor
HRS449862,Peritumoral,Normal
HRS449863,Patient Solid Tissue,Tumor
HRS449864,Peritumoral,Normal
HRS449865,Patient Solid Tissue,Tumor
HRS449866,Peritumoral,Normal
HRS449867,Patient Solid Tissue,Tumor
HRS449868,Peritumoral,Normal
HRS449869,Patient Solid Tissue,Tumor
HRS449870,Peritumoral,Normal
HRS449871,Patient Solid Tissue,Tumor
HRS449872,Peritumoral,Normal
HRS449873,Patient Solid Tissue,Tumor
HRS449874,Peritumoral,Normal
HRS449875,Patient Solid Tissue,Tumor
HRS449876,Peritumoral,Normal
HRS449877,Patient Solid Tissue,Tumor
HRS449878,Peritumoral,Normal
HRS449879,Patient Solid Tissue,Tumor
HRS449880,Peritumoral,Normal
HRS449881,Patient Solid Tissue,Tumor
HRS449882,Peritumoral,Normal
HRS449883,Patient Solid Tissue,Tumor
HRS449884,Peritumoral,Normal
HRS449885,Patient Solid Tissue,Tumor
HRS449886,Peritumoral,Normal
HRS449887,Patient Solid Tissue,Tumor
HRS449888,Peritumoral,Normal
HRS449889,Patient Solid Tissue,Tumor
HRS449890,Peritumoral,Normal
HRS449891,Patient Solid Tissue,Tumor
HRS449892,Peritumoral,Normal
HRS449893,Patient Solid Tissue,Tumor
HRS449894,Peritumoral,Normal
HRS449895,Patient Solid Tissue,Tumor
HRS449896,Peritumoral,Normal
HRS449897,Patient Solid Tissue,Tumor
HRS449898,Peritumoral,Normal
HRS449899,Patient Solid Tissue,Tumor
HRS449900,Peritumoral,Normal
HRS449901,Patient Solid Tissue,Tumor
HRS449902,Peritumoral,Normal
HRS449903,Patient Solid Tissue,Tumor
HRS449904,Peritumoral,Normal
HRS449905,Patient Solid Tissue,Tumor
HRS449906,Peritumoral,Normal
HRS449907,Patient Solid Tissue,Tumor
HRS449908,Peritumoral,Normal
HRS449909,Patient Solid Tissue,Tumor
HRS449910,Peritumoral,Normal
HRS449911,Patient Solid Tissue,Tumor
HRS449912,Peritumoral,Normal
HRS449913,Patient Solid Tissue,Tumor
HRS449914,Peritumoral,Normal
HRS449915,Patient Solid Tissue,Tumor
HRS449916,Peritumoral,Normal
HRS449917,Patient Solid Tissue,Tumor
HRS449918,Peritumoral,Normal
HRS449919,Patient Solid Tissue,Tumor
HRS449920,Peritumoral,Normal
HRS449921,Patient Solid Tissue,Tumor
HRS449922,Peritumoral,Normal
HRS449923,Patient Solid Tissue,Tumor
HRS449924,Peritumoral,Normal
HRS449925,Patient Solid Tissue,Tumor
HRS449926,Peritumoral,Normal
HRS449927,Patient Solid Tissue,Tumor
HRS449928,Peritumoral,Normal
HRS449929,Patient Solid Tissue,Tumor
HRS449930,Peritumoral,Normal
HRS449931,Patient Solid Tissue,Tumor
HRS449932,Peritumoral,Normal
HRS449933,Patient Solid Tissue,Tumor
HRS449934,Peritumoral,Normal
HRS449935,Patient Solid Tissue,Tumor
HRS449936,Peritumoral,Normal
HRS449937,Patient Solid Tissue,Tumor
HRS449938,Peritumoral,Normal
HRS449939,Patient Solid Tissue,Tumor
HRS449940,Peritumoral,Normal
HRS449941,Patient Solid Tissue,Tumor
HRS449942,Peritumoral,Normal
HRS449943,Patient Solid Tissue,Tumor
HRS449944,Peritumoral,Normal
HRS449945,Patient Solid Tissue,Tumor
HRS449946,Peritumoral,Normal
HRS449947,Patient Solid Tissue,Tumor
HRS449948,Peritumoral,Normal
HRS449949,Patient Solid Tissue,Tumor
HRS449950,Peritumoral,Normal
HRS449951,Patient Solid Tissue,Tumor
HRS449952,Peritumoral,Normal
HRS449953,Patient Solid Tissue,Tumor
HRS449954,Peritumoral,Normal
HRS449955,Patient Solid Tissue,Tumor
HRS449956,Peritumoral,Normal
HRS449957,Patient Solid Tissue,Tumor
HRS449958,Peritumoral,Normal
HRS449959,Patient Solid Tissue,Tumor
HRS449960,Peritumoral,Normal
HRS449961,Patient Solid Tissue,Tumor
HRS449962,Peritumoral,Normal
HRS449963,Patient Solid Tissue,Tumor
HRS449964,Peritumoral,Normal
HRS449965,Patient Solid Tissue,Tumor
HRS449966,Peritumoral,Normal
HRS449967,Patient Solid Tissue,Tumor
HRS449968,Peritumoral,Normal
HRS449969,Patient Solid Tissue,Tumor
HRS449970,Peritumoral,Normal
HRS449971,Patient Solid Tissue,Tumor
HRS449972,Peritumoral,Normal
HRS449973,Patient Solid Tissue,Tumor
HRS449974,Peritumoral,Normal
HRS449975,Patient Solid Tissue,Tumor
HRS449976,Peritumoral,Normal
HRS449977,Patient Solid Tissue,Tumor
HRS449978,Peritumoral,Normal
HRS449979,Patient Solid Tissue,Tumor
HRS449980,Peritumoral,Normal
HRS449981,Patient Solid Tissue,Tumor
HRS449982,Peritumoral,Normal
HRS449983,Patient Solid Tissue,Tumor
HRS449984,Peritumoral,Normal
HRS449985,Patient Solid Tissue,Tumor
HRS449986,Peritumoral,Normal
HRS449987,Patient Solid Tissue,Tumor
HRS449988,Peritumoral,Normal
HRS449989,Patient Solid Tissue,Tumor
HRS449990,Peritumoral,Normal
HRS449991,Patient Solid Tissue,Tumor
HRS449992,Peritumoral,Normal
HRS449993,Patient Solid Tissue,Tumor
HRS449994,Peritumoral,Normal
HRS449995,Patient Solid Tissue,Tumor
HRS449996,Peritumoral,Normal
HRS449997,Patient Solid Tissue,Tumor
HRS449998,Peritumoral,Normal
HRS449999,Patient Solid Tissue,Tumor
HRS450000,Peritumoral,Normal
HRS450001,Patient Solid Tissue,Tumor
HRS450002,Peritumoral,Normal
HRS450003,Patient Solid Tissue,Tumor
HRS450004,Peritumoral,Normal
HRS450005,Patient Solid Tissue,Tumor
HRS450006,Peritumoral,Normal
HRS450007,Patient Solid Tissue,Tumor
HRS450008,Peritumoral,Normal
HRS450009,Patient Solid Tissue,Tumor
HRS450010,Peritumoral,Normal
HRS450011,Patient Solid Tissue,Tumor
HRS450012,Peritumoral,Normal
HRS450013,Patient Solid Tissue,Tumor
HRS450014,Peritumoral,Normal
HRS450015,Patient Solid Tissue,Tumor
HRS450016,Peritumoral,Normal
HRS450017,Patient Solid Tissue,Tumor
HRS450018,Peritumoral,Normal
HRS450019,Patient Solid Tissue,Tumor
HRS450020,Peritumoral,Normal
HRS450021,Patient Solid Tissue,Tumor
HRS450022,Peritumoral,Normal
HRS450023,Patient Solid Tissue,Tumor
HRS450024,Peritumoral,Normal
HRS450025,Patient Solid Tissue,Tumor
HRS450026,Peritumoral,Normal
HRS450027,Patient Solid Tissue,Tumor
HRS450028,Peritumoral,Normal
HRS450029,Patient Solid Tissue,Tumor
HRS450030,Peritumoral,Normal
HRS450031,Patient Solid Tissue,Tumor
HRS450032,Peritumoral,Normal
HRS450033,Patient Solid Tissue,Tumor
HRS450034,Peritumoral,Normal
HRS450035,Patient Solid Tissue,Tumor
HRS905985,Patient Solid Tissue,Tumor
HRS905986,Patient Solid Tissue,Tumor
HRS905987,Patient Solid Tissue,Tumor
HRS905988,Patient Solid Tissue,Tumor
HRS905989,Patient Solid Tissue,Tumor
HRS905990,Patient Solid Tissue,Tumor
HRS905991,Patient Solid Tissue,Tumor
HRS905992,Patient Solid Tissue,Tumor
HRS905993,Patient Solid Tissue,Tumor
HRS905994,Patient Solid Tissue,Tumor
HRS905995,Patient Solid Tissue,Tumor
HRS905996,Patient Solid Tissue,Tumor
HRS905997,Patient Solid Tissue,Tumor
HRS905998,Patient Solid Tissue,Tumor
HRS905999,Patient Solid Tissue,Tumor
HRS906000,Patient Solid Tissue,Tumor
HRS906001,Patient Solid Tissue,Tumor
HRS906002,Patient Solid Tissue,Tumor
HRS906003,Patient Solid Tissue,Tumor
HRS906004,Patient Solid Tissue,Tumor
HRS906005,Patient Solid Tissue,Tumor
HRS906006,Patient Solid Tissue,Tumor
HRS906007,Patient Solid Tissue,Tumor
HRS906008,Patient Solid Tissue,Tumor
HRS906009,Patient Solid Tissue,Tumor
HRS906010,Patient Solid Tissue,Tumor
HRS906011,Patient Solid Tissue,Tumor
HRS906012,Patient Solid Tissue,Tumor
HRS906013,Patient Solid Tissue,Tumor
HRS906014,Patient Solid Tissue,Tumor
HRS906015,Patient Solid Tissue,Tumor
HRS906016,Patient Solid Tissue,Tumor
HRS906017,Patient Solid Tissue,Tumor
HRS906018,Patient Solid Tissue,Tumor
HRS906019,Patient Solid Tissue,Tumor
HRS906020,Patient Solid Tissue,Tumor
HRS906021,Patient Solid Tissue,Tumor
HRS906022,Patient Solid Tissue,Tumor
HRS906023,Patient Solid Tissue,Tumor
HRS906024,Patient Solid Tissue,Tumor
HRS906025,Patient Solid Tissue,Tumor
HRS906026,Patient Solid Tissue,Tumor
HRS906027,Patient Solid Tissue,Tumor
HRS906028,Patient Solid Tissue,Tumor
HRS906029,Patient Solid Tissue,Tumor
HRS906030,Patient Solid Tissue,Tumor
HRS906031,Patient Solid Tissue,Tumor
HRS906032,Patient Solid Tissue,Tumor
HRS906033,Patient Solid Tissue,Tumor
HRS906034,Patient Solid Tissue,Tumor
HRS906035,Patient Solid Tissue,Tumor
HRS906036,Patient Solid Tissue,Tumor
HRS906037,Patient Solid Tissue,Tumor
HRS906038,Patient Solid Tissue,Tumor
HRS906039,Patient Solid Tissue,Tumor
HRS906040,Patient Solid Tissue,Tumor
HRS906041,Patient Solid Tissue,Tumor
HRS906042,Patient Solid Tissue,Tumor
HRS906043,Patient Solid Tissue,Tumor
HRS906044,Patient Solid Tissue,Tumor
HRS906045,Patient Solid Tissue,Tumor
HRS906046,Patient Solid Tissue,Tumor
HRS906047,Patient Solid Tissue,Tumor
HRS906048,Patient Solid Tissue,Tumor
HRS906049,Patient Solid Tissue,Tumor
HRS906050,Patient Solid Tissue,Tumor
HRS906051,Patient Solid Tissue,Tumor
HRS906052,Patient Solid Tissue,Tumor
HRS906053,Patient Solid Tissue,Tumor
HRS906054,Patient Solid Tissue,Tumor
HRS906055,Patient Solid Tissue,Tumor
HRS906056,Patient Solid Tissue,Tumor
HRS906057,Patient Solid Tissue,Tumor
HRS906058,Patient Solid Tissue,Tumor
HRS906059,Patient Solid Tissue,Tumor
HRS906060,Patient Solid Tissue,Tumor
HRS906061,Patient Solid Tissue,Tumor
HRS906062,Patient Solid Tissue,Tumor
HRS906063,Patient Solid Tissue,Tumor
HRS906064,Patient Solid Tissue,Tumor
HRS906065,Patient Solid Tissue,Tumor
HRS906066,Patient Solid Tissue,Tumor
HRS906067,Patient Solid Tissue,Tumor
HRS906068,Patient Solid Tissue,Tumor
HRS906069,Patient Solid Tissue,Tumor
HRS906070,Patient Solid Tissue,Tumor
HRS906071,Patient Solid Tissue,Tumor
HRS906072,Patient Solid Tissue,Tumor
HRS906073,Patient Solid Tissue,Tumor
HRS906074,Patient Solid Tissue,Tumor
HRS906075,Patient Solid Tissue,Tumor
HRS906076,Patient Solid Tissue,Tumor
HRS906077,Patient Solid Tissue,Tumor
HRS906078,Patient Solid Tissue,Tumor
HRS906079,Patient Solid Tissue,Tumor
HRS906080,Patient Solid Tissue,Tumor
HRS906081,Patient Solid Tissue,Tumor
HRS906082,Patient Solid Tissue,Tumor
HRS906083,Patient Solid Tissue,Tumor
HRS906084,Patient Solid Tissue,Tumor
HRS906085,Patient Solid Tissue,Tumor
HRS906086,Patient Solid Tissue,Tumor
HRS906087,Patient Solid Tissue,Tumor
HRS906088,Patient Solid Tissue,Tumor
HRS906089,Patient Solid Tissue,Tumor
HRS906090,Patient Solid Tissue,Tumor
HRS906091,Patient Solid Tissue,Tumor
HRS906092,Patient Solid Tissue,Tumor
HRS906093,Patient Solid Tissue,Tumor
HRS906094,Patient Solid Tissue,Tumor
HRS906095,Patient Solid Tissue,Tumor
HRS906096,Patient Solid Tissue,Tumor
HRS906097,Patient Solid Tissue,Tumor
HRS906098,Patient Solid Tissue,Tumor
HRS906099,Patient Solid Tissue,Tumor
HRS906100,Patient Solid Tissue,Tumor
HRS906101,Patient Solid Tissue,Tumor
HRS906102,Patient Solid Tissue,Tumor
HRS906103,Patient Solid Tissue,Tumor
HRS906104,Patient Solid Tissue,Tumor
HRS906105,Patient Solid Tissue,Tumor
HRS906106,Patient Solid Tissue,Tumor
HRS906107,Patient Solid Tissue,Tumor
HRS906108,Patient Solid Tissue,Tumor
HRS906109,Patient Solid Tissue,Tumor
HRS906110,Patient Solid Tissue,Tumor
HRS906111,Patient Solid Tissue,Tumor
HRS906112,Patient Solid Tissue,Tumor
HRS906113,Patient Solid Tissue,Tumor
HRS906114,Patient Solid Tissue,Tumor
HRS906115,Patient Solid Tissue,Tumor
HRS906116,Patient Solid Tissue,Tumor
HRS906117,Patient Solid Tissue,Tumor
HRS906118,Patient Solid Tissue,Tumor
HRS906119,Patient Solid Tissue,Tumor
HRS906120,Patient Solid Tissue,Tumor
HRS906121,Patient Solid Tissue,Tumor
HRS906122,Patient Solid Tissue,Tumor
HRS906123,Patient Solid Tissue,Tumor
HRS906124,Patient Solid Tissue,Tumor
HRS906125,Patient Solid Tissue,Tumor
HRS906126,Patient Solid Tissue,Tumor
HRS906127,Patient Solid Tissue,Tumor
HRS906128,Patient Solid Tissue,Tumor
HRS906129,Patient Solid Tissue,Tumor
HRS906130,Patient Solid Tissue,Tumor
HRS906131,Patient Solid Tissue,Tumor
HRS906132,Patient Solid Tissue,Tumor
HRS906133,Patient Solid Tissue,Tumor
HRS906134,Patient Solid Tissue,Tumor
HRS906135,Patient Solid Tissue,Tumor
HRS906136,Patient Solid Tissue,Tumor
HRS906137,Patient Solid Tissue,Tumor
HRS906138,Patient Solid Tissue,Tumor
HRS906139,Patient Solid Tissue,Tumor
HRS906140,Patient Solid Tissue,Tumor
HRS906141,Patient Solid Tissue,Tumor
HRS906142,Patient Solid Tissue,Tumor
HRS906143,Patient Solid Tissue,Tumor
HRS906144,Patient Solid Tissue,Tumor
HRS906145,Patient Solid Tissue,Tumor
HRS906146,Patient Solid Tissue,Tumor
HRS906147,Patient Solid Tissue,Tumor
HRS906148,Patient Solid Tissue,Tumor
HRS906149,Patient Solid Tissue,Tumor
HRS906150,Patient Solid Tissue,Tumor
HRS906151,Patient Solid Tissue,Tumor
HRS906152,Patient Solid Tissue,Tumor
HRS906153,Patient Solid Tissue,Tumor
HRS906154,Patient Solid Tissue,Tumor
HRS906155,Patient Solid Tissue,Tumor
HRS906156,Patient Solid Tissue,Tumor
HRS906157,Patient Solid Tissue,Tumor
HRS906158,Patient Solid Tissue,Tumor
HRS906159,Patient Solid Tissue,Tumor
HRS906160,Patient Solid Tissue,Tumor
HRS906161,Patient Solid Tissue,Tumor
HRS906162,Patient Solid Tissue,Tumor
HRS906163,Patient Solid Tissue,Tumor
HRS906164,Patient Solid Tissue,Tumor
HRS906165,Patient Solid Tissue,Tumor
HRS906166,Patient Solid Tissue,Tumor
HRS906167,Patient Solid Tissue,Tumor
HRS906168,Patient Solid Tissue,Tumor
HRS906169,Patient Solid Tissue,Tumor
HRS906170,Patient Solid Tissue,Tumor
HRS906171,Patient Solid Tissue,Tumor
HRS906172,Patient Solid Tissue,Tumor
HRS906173,Patient Solid Tissue,Tumor
HRS906174,Patient Solid Tissue,Tumor
HRS906175,Patient Solid Tissue,Tumor
HRS906176,Patient Solid Tissue,Tumor
HRS906177,Patient Solid Tissue,Tumor
HRS906178,Patient Solid Tissue,Tumor
HRS906179,Patient Solid Tissue,Tumor
HRS906180,Patient Solid Tissue,Tumor
HRS906181,Patient Solid Tissue,Tumor
HRS906182,Patient Solid Tissue,Tumor
HRS906183,Patient Solid Tissue,Tumor
HRS906184,Patient Solid Tissue,Tumor
HRS906185,Patient Solid Tissue,Tumor
HRS906186,Patient Solid Tissue,Tumor
HRS906187,Patient Solid Tissue,Tumor
HRS906188,Patient Solid Tissue,Tumor
HRS906189,Patient Solid Tissue,Tumor
HRS906190,Patient Solid Tissue,Tumor
HRS906191,Patient Solid Tissue,Tumor
HRS906192,Patient Solid Tissue,Tumor
HRS906193,Patient Solid Tissue,Tumor
HRS906194,Patient Solid Tissue,Tumor
HRS906195,Patient Solid Tissue,Tumor
HRS906196,Patient Solid Tissue,Tumor
HRS906197,Patient Solid Tissue,Tumor
HRS906198,Patient Solid Tissue,Tumor
HRS906199,Patient Solid Tissue,Tumor
HRS906200,Patient Solid Tissue,Tumor
HRS906201,Patient Solid Tissue,Tumor
HRS906202,Patient Solid Tissue,Tumor
HRS906203,Patient Solid Tissue,Tumor
HRS906204,Patient Solid Tissue,Tumor
HRS906205,Patient Solid Tissue,Tumor
HRS906206,Patient Solid Tissue,Tumor
HRS906207,Patient Solid Tissue,Tumor
HRS906208,Patient Solid Tissue,Tumor
HRS906209,Patient Solid Tissue,Tumor
HRS906210,Patient Solid Tissue,Tumor
HRS906211,Patient Solid Tissue,Tumor
HRS906212,Patient Solid Tissue,Tumor
HRS906213,Patient Solid Tissue,Tumor
HRS906214,Patient Solid Tissue,Tumor
HRS906215,Patient Solid Tissue,Tumor
HRS906216,Patient Solid Tissue,Tumor
HRS906217,Patient Solid Tissue,Tumor
HRS906218,Patient Solid Tissue,Tumor
HRS906219,Patient Solid Tissue,Tumor
HRS906220,Patient Solid Tissue,Tumor
HRS906221,Patient Solid Tissue,Tumor
HRS906222,Patient Solid Tissue,Tumor
HRS906223,Patient Solid Tissue,Tumor
HRS906224,Patient Solid Tissue,Tumor
HRS906225,Patient Solid Tissue,Tumor
HRS906226,Patient Solid Tissue,Tumor
HRS906227,Patient Solid Tissue,Tumor
HRS959806,Patient Solid Tissue,Tumor
HRS959807,Peritumoral,Normal
HRS959808,Patient Solid Tissue,Tumor
HRS959809,Patient Solid Tissue,Tumor
HRS959810,Patient Solid Tissue,Tumor
HRS959811,Peritumoral,Normal
HRS959812,Patient Solid Tissue,Tumor
HRS959813,Patient Solid Tissue,Tumor
HRS959814,Patient Solid Tissue,Tumor
HRS959815,Patient Solid Tissue,Tumor
HRS959816,Peritumoral,Normal
HRS959817,Patient Solid Tissue,Tumor
HRS959818,Patient Solid Tissue,Tumor
HRS959819,Patient Solid Tissue,Tumor
HRS959820,Patient Solid Tissue,Tumor
HRS959821,Patient Solid Tissue,Tumor
HRS959822,Peritumoral,Normal
HRS959823,Patient Solid Tissue,Tumor
HRS959824,Patient Solid Tissue,Tumor
HRS959825,Patient Solid Tissue,Tumor
HRS959826,Patient Solid Tissue,Tumor
HRS959827,Patient Solid Tissue,Tumor
HRS959828,Peritumoral,Normal
HRS959829,Patient Solid Tissue,Tumor
HRS959830,Patient Solid Tissue,Tumor
HRS959831,Patient Solid Tissue,Tumor
HRS959832,Patient Solid Tissue,Tumor
HRS959833,Patient Solid Tissue,Tumor
HRS959834,Patient Solid Tissue,Tumor
HRS959835,Peritumoral,Normal
HRS959836,Patient Solid Tissue,Tumor
HRS959837,Patient Solid Tissue,Tumor
HRS959838,Patient Solid Tissue,Tumor
HRS959839,Peritumoral,Normal
HRS959840,Patient Solid Tissue,Tumor
HRS959841,Patient Solid Tissue,Tumor
HRS959842,Patient Solid Tissue,Tumor
HRS959843,Patient Solid Tissue,Tumor
HRS959844,Patient Solid Tissue,Tumor
HRS959845,Patient Solid Tissue,Tumor
HRS959846,Patient Solid Tissue,Tumor
HRS959847,Patient Solid Tissue,Tumor
HRS959848,Patient Solid Tissue,Tumor
HRS959849,Patient Solid Tissue,Tumor
HRS959850,Patient Solid Tissue,Tumor
HRS959851,Patient Solid Tissue,Tumor
HRS959852,Patient Solid Tissue,Tumor
HRS959853,Patient Solid Tissue,Tumor
HRS959854,Peritumoral,Normal
HRS959855,Patient Solid Tissue,Tumor
HRS959856,Patient Solid Tissue,Tumor
HRS959857,Patient Solid Tissue,Tumor
HRS959858,Patient Solid Tissue,Tumor
HRS959859,Patient Solid Tissue,Tumor
HRS959860,Peritumoral,Normal
HRS959861,Patient Solid Tissue,Tumor
HRS959862,Patient Solid Tissue,Tumor
HRS959863,Patient Solid Tissue,Tumor
HRS959864,Patient Solid Tissue,Tumor
HRS959865,Peritumoral,Normal
HRS959866,Patient Solid Tissue,Tumor
HRS959867,Patient Solid Tissue,Tumor
HRS959868,Patient Solid Tissue,Tumor
HRS959869,Patient Solid Tissue,Tumor
HRS959870,Patient Solid Tissue,Tumor
HRS959871,Patient Solid Tissue,Tumor
HRS959872,Patient Solid Tissue,Tumor
HRS959873,Peritumoral,Normal
HRS959874,Patient Solid Tissue,Tumor
HRS959875,Patient Solid Tissue,Tumor
HRS959876,Peritumoral,Normal
HRS959877,Patient Solid Tissue,Tumor
HRS959878,Patient Solid Tissue,Tumor
HRS959879,Patient Solid Tissue,Tumor
HRS959880,Patient Solid Tissue,Tumor
HRS959881,Peritumoral,Normal
HRS959882,Patient Solid Tissue,Tumor
HRS959883,Patient Solid Tissue,Tumor
HRS959884,Patient Solid Tissue,Tumor
HRS959885,Patient Solid Tissue,Tumor
HRS959886,Peritumoral,Normal
HRS959887,Peritumoral,Normal
HRS959888,Patient Solid Tissue,Tumor
HRS959889,Patient Solid Tissue,Tumor
HRS959890,Patient Solid Tissue,Tumor
HRS959891,Patient Solid Tissue,Tumor
HRS959892,Patient Solid Tissue,Tumor
HRS959893,Patient Solid Tissue,Tumor
HRS959894,Peritumoral,Normal
HRS959895,Patient Solid Tissue,Tumor
HRS959896,Patient Solid Tissue,Tumor
HRS959897,Patient Solid Tissue,Tumor
HRS959898,Patient Solid Tissue,Tumor
HRS959899,Patient Solid Tissue,Tumor
HRS959900,Patient Solid Tissue,Tumor
HRS959901,Patient Solid Tissue,Tumor
HRS959902,Patient Solid Tissue,Tumor
HRS959903,Patient Solid Tissue,Tumor
HRS959904,Peritumoral,Normal
HRS959905,Patient Solid Tissue,Tumor
HRS959906,Patient Solid Tissue,Tumor
HRS959907,Patient Solid Tissue,Tumor
HRS959908,Patient Solid Tissue,Tumor
HRS959909,Peritumoral,Normal
HRS959910,Patient Solid Tissue,Tumor
HRS959911,Patient Solid Tissue,Tumor
HRS959912,Patient Solid Tissue,Tumor
HRS959913,Patient Solid Tissue,Tumor
HRS959914,Patient Solid Tissue,Tumor
HRS959915,Patient Solid Tissue,Tumor
HRS959916,Patient Solid Tissue,Tumor
HRS959917,Peritumoral,Normal
HRS959918,Patient Solid Tissue,Tumor
HRS959919,Patient Solid Tissue,Tumor
HRS959920,Peritumoral,Normal
HRS959921,Patient Solid Tissue,Tumor
HRS959922,Patient Solid Tissue,Tumor
HRS959923,Patient Solid Tissue,Tumor
HRS959924,Patient Solid Tissue,Tumor
HRS959925,Patient Solid Tissue,Tumor
HRS959926,Patient Solid Tissue,Tumor
HRS959927,Patient Solid Tissue,Tumor
HRS959928,Patient Solid Tissue,Tumor
HRS959929,Peritumoral,Normal
HRS959930,Patient Solid Tissue,Tumor
HRS959931,Patient Solid Tissue,Tumor
HRS959932,Patient Solid Tissue,Tumor
HRS959933,Patient Solid Tissue,Tumor
HRS959934,Peritumoral,Normal
HRS959935,Patient Solid Tissue,Tumor
HRS959936,Patient Solid Tissue,Tumor
HRS959937,Patient Solid Tissue,Tumor
HRS959938,Patient Solid Tissue,Tumor
HRS959939,Patient Solid Tissue,Tumor
HRS959940,Patient Solid Tissue,Tumor
HRS959941,Peritumoral,Normal
HRS959942,Patient Solid Tissue,Tumor
HRS959943,Patient Solid Tissue,Tumor
HRS959944,Patient Solid Tissue,Tumor
HRS959945,Patient Solid Tissue,Tumor
HRS959946,Peritumoral,Normal
HRS959947,Patient Solid Tissue,Tumor
HRS959948,Patient Solid Tissue,Tumor
HRS959949,Patient Solid Tissue,Tumor
HRS959950,Patient Solid Tissue,Tumor
HRS959951,Patient Solid Tissue,Tumor
HRS959952,Patient Solid Tissue,Tumor
HRS959953,Peritumoral,Normal
HRS959954,Patient Solid Tissue,Tumor
HRS959955,Patient Solid Tissue,Tumor
