individual_accession,study_accession
HRI035286,HRA000021
HRI035287,HRA000021
HRI035288,HRA000021
HRI035289,HRA000021
HRI035290,HRA000021
HRI035291,HRA000021
HRI035292,HRA000021
HRI035293,HRA000021
HRI035294,HRA000021
HRI035295,HRA000021
HRI035296,HRA000021
HRI035297,HRA000021
HRI035298,HRA000021
HRI035299,HRA000021
HRI035300,HRA000021
HRI035301,HRA000021
HRI035302,HRA000021
HRI035303,HRA000021
HRI035304,HRA000021
HRI035305,HRA000021
HRI035306,HRA000021
HRI035307,HRA000021
HRI035308,HRA000021
HRI035309,HRA000021
HRI035310,HRA000021
HRI035311,HRA000021
HRI035312,HRA000021
HRI035313,HRA000021
HRI035314,HRA000021
HRI035315,HRA000021
HRI035316,HRA000021
HRI035317,HRA000021
HRI035318,HRA000021
HRI035319,HRA000021
HRI035320,HRA000021
HRI035321,HRA000021
HRI035322,HRA000021
HRI035323,HRA000021
HRI035324,HRA000021
HRI035325,HRA000021
HRI035326,HRA000021
HRI035327,HRA000021
HRI035328,HRA000021
HRI035329,HRA000021
HRI035330,HRA000021
HRI035331,HRA000021
HRI035332,HRA000021
HRI035333,HRA000021
HRI035334,HRA000021
HRI035335,HRA000021
HRI035336,HRA000021
HRI035337,HRA000021
HRI035338,HRA000021
HRI035339,HRA000021
HRI035340,HRA000021
HRI035341,HRA000021
HRI035342,HRA000021
HRI035343,HRA000021
HRI035344,HRA000021
HRI035345,HRA000021
HRI035346,HRA000021
HRI035347,HRA000021
HRI035348,HRA000021
HRI035349,HRA000021
HRI035350,HRA000021
HRI035351,HRA000021
HRI035352,HRA000021
HRI035353,HRA000021
HRI035354,HRA000021
HRI035355,HRA000021
HRI035356,HRA000021
HRI035357,HRA000021
HRI035358,HRA000021
HRI035359,HRA000021
HRI035360,HRA000021
HRI035361,HRA000021
HRI035362,HRA000021
HRI035363,HRA000021
HRI035364,HRA000021
HRI035365,HRA000021
HRI035366,HRA000021
HRI035367,HRA000021
HRI035368,HRA000021
HRI035369,HRA000021
HRI035370,HRA000021
HRI035371,HRA000021
HRI035372,HRA000021
HRI035373,HRA000021
HRI035374,HRA000021
HRI035375,HRA000021
HRI035376,HRA000021
HRI035377,HRA000021
HRI035378,HRA000021
HRI035379,HRA000021
HRI035380,HRA000021
HRI035381,HRA000021
HRI035382,HRA000021
HRI035383,HRA000021
HRI035384,HRA000021
HRI035385,HRA000021
HRI035386,HRA000021
HRI035387,HRA000021
HRI035388,HRA000021
HRI035389,HRA000021
HRI035390,HRA000021
HRI035391,HRA000021
HRI035392,HRA000021
HRI035393,HRA000021
HRI035394,HRA000021
HRI035395,HRA000021
HRI035396,HRA000021
HRI035397,HRA000021
HRI035398,HRA000021
HRI035399,HRA000021
HRI035400,HRA000021
HRI035401,HRA000021
HRI035402,HRA000021
HRI035403,HRA000021
HRI035404,HRA000021
HRI035405,HRA000021
HRI035406,HRA000021
HRI035407,HRA000021
HRI035408,HRA000021
HRI035409,HRA000021
HRI035410,HRA000021
HRI035411,HRA000021
HRI035412,HRA000021
HRI035413,HRA000021
HRI035414,HRA000021
HRI035415,HRA000021
HRI035416,HRA000021
HRI035417,HRA000021
HRI035418,HRA000021
HRI035419,HRA000021
HRI035420,HRA000021
HRI035421,HRA000021
HRI035422,HRA000021
HRI035423,HRA000021
HRI035424,HRA000021
HRI035425,HRA000021
HRI035426,HRA000021
HRI035427,HRA000021
HRI035428,HRA000021
HRI035429,HRA000021
HRI035430,HRA000021
HRI035431,HRA000021
HRI035432,HRA000021
HRI035433,HRA000021
HRI035434,HRA000021
HRI035435,HRA000021
HRI035436,HRA000021
HRI035437,HRA000021
HRI035438,HRA000021
HRI035439,HRA000021
HRI035440,HRA000021
HRI035441,HRA000021
HRI035442,HRA000021
HRI035443,HRA000021
HRI035444,HRA000021
HRI035445,HRA000021
HRI035446,HRA000021
HRI035447,HRA000021
HRI035448,HRA000021
HRI035449,HRA000021
HRI035450,HRA000021
HRI035451,HRA000021
HRI035452,HRA000021
HRI035453,HRA000021
HRI035454,HRA000021
HRI035455,HRA000021
HRI035456,HRA000021
HRI035457,HRA000021
HRI035458,HRA000021
HRI035459,HRA000021
HRI035460,HRA000021
HRI035461,HRA000021
HRI035462,HRA000021
HRI035463,HRA000021
HRI035464,HRA000021
HRI035465,HRA000021
HRI035466,HRA000021
HRI035467,HRA000021
HRI035468,HRA000021
HRI035469,HRA000021
HRI035470,HRA000021
HRI035471,HRA000021
HRI035472,HRA000021
HRI035473,HRA000021
HRI035474,HRA000021
HRI035475,HRA000021
HRI035476,HRA000021
HRI035477,HRA000021
HRI035478,HRA000021
HRI035479,HRA000021
HRI035480,HRA000021
HRI035481,HRA000021
HRI035482,HRA000021
HRI035483,HRA000021
HRI035484,HRA000021
HRI035485,HRA000021
HRI035486,HRA000021
HRI035487,HRA000021
HRI035488,HRA000021
HRI035489,HRA000021
HRI035490,HRA000021
HRI035491,HRA000021
HRI035492,HRA000021
HRI035493,HRA000021
HRI035494,HRA000021
HRI035495,HRA000021
HRI035496,HRA000021
HRI035497,HRA000021
HRI035498,HRA000021
HRI035499,HRA000021
HRI035500,HRA000021
HRI035501,HRA000021
HRI035502,HRA000021
HRI035503,HRA000021
HRI035504,HRA000021
HRI035505,HRA000021
HRI035506,HRA000021
HRI035507,HRA000021
HRI035508,HRA000021
HRI035509,HRA000021
HRI035510,HRA000021
HRI035511,HRA000021
HRI035512,HRA000021
HRI035513,HRA000021
HRI035514,HRA000021
HRI035515,HRA000021
HRI035516,HRA000021
HRI035517,HRA000021
HRI035518,HRA000021
HRI035519,HRA000021
HRI035520,HRA000021
HRI035521,HRA000021
HRI035522,HRA000021
HRI035523,HRA000021
HRI035524,HRA000021
HRI035525,HRA000021
HRI035526,HRA000021
HRI035527,HRA000021
HRI035528,HRA000021
HRI035529,HRA000021
HRI035530,HRA000021
HRI035531,HRA000021
HRI035532,HRA000021
HRI035533,HRA000021
HRI035534,HRA000021
HRI035535,HRA000021
HRI035536,HRA000021
HRI035537,HRA000021
HRI035538,HRA000021
HRI035539,HRA000021
HRI035540,HRA000021
HRI035541,HRA000021
HRI035542,HRA000021
HRI035543,HRA000021
HRI035544,HRA000021
HRI035545,HRA000021
HRI035546,HRA000021
HRI035547,HRA000021
HRI035548,HRA000021
HRI035549,HRA000021
HRI035550,HRA000021
HRI035551,HRA000021
HRI035552,HRA000021
HRI035553,HRA000021
HRI035554,HRA000021
HRI035555,HRA000021
HRI035556,HRA000021
HRI035557,HRA000021
HRI035558,HRA000021
HRI035559,HRA000021
HRI035560,HRA000021
HRI035561,HRA000021
HRI035562,HRA000021
HRI035563,HRA000021
HRI035564,HRA000021
HRI035565,HRA000021
HRI035566,HRA000021
HRI035567,HRA000021
HRI035568,HRA000021
HRI035569,HRA000021
HRI035570,HRA000021
HRI035571,HRA000021
HRI035572,HRA000021
HRI035573,HRA000021
HRI035574,HRA000021
HRI035575,HRA000021
HRI035576,HRA000021
HRI035577,HRA000021
HRI035578,HRA000021
HRI035579,HRA000021
HRI035580,HRA000021
HRI035581,HRA000021
HRI035582,HRA000021
HRI035583,HRA000021
HRI035584,HRA000021
HRI035585,HRA000021
HRI035586,HRA000021
HRI035587,HRA000021
HRI035588,HRA000021
HRI035589,HRA000021
HRI035590,HRA000021
HRI035591,HRA000021
HRI035592,HRA000021
HRI035593,HRA000021
HRI035594,HRA000021
HRI035595,HRA000021
HRI035596,HRA000021
HRI035597,HRA000021
HRI035598,HRA000021
HRI035599,HRA000021
HRI035600,HRA000021
HRI035601,HRA000021
HRI035602,HRA000021
HRI035603,HRA000021
HRI035604,HRA000021
HRI035605,HRA000021
HRI035606,HRA000021
HRI035607,HRA000021
HRI035608,HRA000021
HRI035609,HRA000021
HRI035610,HRA000021
HRI035611,HRA000021
HRI035612,HRA000021
HRI035613,HRA000021
HRI035614,HRA000021
HRI035615,HRA000021
HRI035616,HRA000021
HRI035617,HRA000021
HRI035618,HRA000021
HRI035619,HRA000021
HRI035620,HRA000021
HRI035621,HRA000021
HRI035622,HRA000021
HRI035623,HRA000021
HRI035624,HRA000021
HRI035625,HRA000021
HRI035626,HRA000021
HRI035627,HRA000021
HRI035628,HRA000021
HRI035629,HRA000021
HRI035630,HRA000021
HRI035631,HRA000021
HRI035632,HRA000021
HRI035633,HRA000021
HRI035634,HRA000021
HRI035635,HRA000021
HRI035636,HRA000021
HRI035637,HRA000021
HRI035638,HRA000021
HRI035639,HRA000021
HRI035640,HRA000021
HRI035641,HRA000021
HRI035642,HRA000021
HRI035643,HRA000021
HRI035644,HRA000021
HRI035645,HRA000021
HRI035646,HRA000021
HRI035647,HRA000021
HRI035648,HRA000021
HRI035649,HRA000021
HRI035650,HRA000021
HRI035651,HRA000021
HRI035652,HRA000021
HRI035653,HRA000021
HRI035654,HRA000021
HRI035655,HRA000021
HRI035656,HRA000021
HRI035657,HRA000021
HRI035658,HRA000021
HRI035659,HRA000021
HRI035660,HRA000021
HRI035661,HRA000021
HRI035662,HRA000021
HRI035663,HRA000021
HRI035664,HRA000021
HRI035665,HRA000021
HRI035666,HRA000021
HRI035667,HRA000021
HRI035668,HRA000021
HRI035669,HRA000021
HRI035670,HRA000021
HRI035671,HRA000021
HRI035672,HRA000021
HRI035673,HRA000021
HRI035674,HRA000021
HRI035675,HRA000021
HRI035676,HRA000021
HRI035677,HRA000021
HRI035678,HRA000021
HRI035679,HRA000021
HRI035680,HRA000021
HRI035681,HRA000021
HRI035682,HRA000021
HRI035683,HRA000021
HRI035684,HRA000021
HRI035685,HRA000021
HRI035686,HRA000021
HRI035687,HRA000021
HRI035688,HRA000021
HRI035689,HRA000021
HRI035690,HRA000021
HRI035691,HRA000021
HRI035692,HRA000021
HRI035693,HRA000021
HRI035694,HRA000021
HRI035695,HRA000021
HRI035696,HRA000021
HRI035697,HRA000021
HRI035698,HRA000021
HRI035699,HRA000021
HRI035700,HRA000021
HRI035701,HRA000021
HRI035702,HRA000021
HRI035703,HRA000021
HRI035704,HRA000021
HRI035705,HRA000021
HRI035706,HRA000021
HRI035707,HRA000021
HRI035708,HRA000021
HRI035709,HRA000021
HRI035710,HRA000021
HRI035711,HRA000021
HRI035712,HRA000021
HRI035713,HRA000021
HRI035714,HRA000021
HRI035715,HRA000021
HRI035716,HRA000021
HRI035717,HRA000021
HRI035718,HRA000021
HRI035719,HRA000021
HRI035720,HRA000021
HRI035721,HRA000021
HRI035722,HRA000021
HRI035723,HRA000021
HRI035724,HRA000021
HRI035725,HRA000021
HRI035726,HRA000021
HRI035727,HRA000021
HRI035728,HRA000021
HRI035729,HRA000021
HRI035730,HRA000021
HRI035731,HRA000021
HRI035732,HRA000021
HRI035733,HRA000021
HRI035734,HRA000021
HRI035735,HRA000021
HRI035736,HRA000021
HRI035737,HRA000021
HRI035738,HRA000021
HRI035739,HRA000021
HRI035740,HRA000021
HRI035741,HRA000021
HRI035742,HRA000021
HRI035743,HRA000021
HRI035744,HRA000021
HRI035745,HRA000021
HRI035746,HRA000021
HRI035793,HRA000021
HRI035747,HRA000021
HRI035748,HRA000021
HRI035749,HRA000021
HRI035750,HRA000021
HRI035751,HRA000021
HRI035752,HRA000021
HRI035753,HRA000021
HRI035754,HRA000021
HRI035755,HRA000021
HRI035756,HRA000021
HRI035757,HRA000021
HRI035758,HRA000021
HRI035759,HRA000021
HRI035760,HRA000021
HRI035761,HRA000021
HRI035762,HRA000021
HRI035763,HRA000021
HRI035764,HRA000021
HRI035765,HRA000021
HRI035766,HRA000021
HRI035767,HRA000021
HRI035768,HRA000021
HRI035769,HRA000021
HRI035770,HRA000021
HRI035771,HRA000021
HRI035772,HRA000021
HRI035773,HRA000021
HRI035774,HRA000021
HRI035775,HRA000021
HRI035776,HRA000021
HRI035777,HRA000021
HRI035778,HRA000021
HRI035779,HRA000021
HRI035780,HRA000021
HRI035781,HRA000021
HRI035782,HRA000021
HRI035783,HRA000021
HRI035784,HRA000021
HRI035785,HRA000021
HRI035786,HRA000021
HRI035787,HRA000021
HRI035788,HRA000021
HRI035789,HRA000021
HRI035790,HRA000021
HRI035791,HRA000021
HRI035792,HRA000021
HRI023383,HRA000071
HRI023384,HRA000071
HRI023385,HRA000071
HRI023386,HRA000071
HRI023387,HRA000071
HRI023388,HRA000071
HRI023389,HRA000071
HRI023390,HRA000071
HRI023391,HRA000071
HRI023392,HRA000071
HRI023393,HRA000071
HRI023394,HRA000071
HRI023395,HRA000071
HRI023396,HRA000071
HRI023397,HRA000071
HRI023398,HRA000071
HRI023399,HRA000071
HRI023400,HRA000071
HRI023401,HRA000071
HRI023402,HRA000071
HRI023403,HRA000071
HRI023404,HRA000071
HRI023405,HRA000071
HRI023406,HRA000071
HRI023407,HRA000071
HRI023408,HRA000071
HRI023409,HRA000071
HRI023410,HRA000071
HRI023411,HRA000071
HRI023412,HRA000071
HRI023413,HRA000071
HRI023414,HRA000071
HRI023415,HRA000071
HRI023416,HRA000071
HRI023417,HRA000071
HRI023418,HRA000071
HRI023419,HRA000071
HRI023420,HRA000071
HRI023421,HRA000071
HRI023422,HRA000071
HRI023423,HRA000071
HRI023424,HRA000071
HRI023425,HRA000071
HRI023426,HRA000071
HRI023427,HRA000071
HRI023428,HRA000071
HRI023429,HRA000071
HRI023430,HRA000071
HRI023431,HRA000071
HRI023432,HRA000071
HRI023433,HRA000071
HRI023434,HRA000071
HRI023435,HRA000071
HRI023436,HRA000071
HRI023437,HRA000071
HRI023438,HRA000071
HRI023439,HRA000071
HRI023440,HRA000071
HRI023441,HRA000071
HRI023442,HRA000071
HRI023443,HRA000071
HRI023444,HRA000071
HRI023445,HRA000071
HRI023446,HRA000071
HRI023447,HRA000071
HRI023448,HRA000071
HRI023449,HRA000071
HRI023450,HRA000071
HRI023451,HRA000071
HRI023452,HRA000071
HRI023453,HRA000071
HRI023454,HRA000071
HRI023455,HRA000071
HRI023456,HRA000071
HRI023457,HRA000071
HRI023458,HRA000071
HRI023459,HRA000071
HRI023460,HRA000071
HRI023461,HRA000071
HRI023462,HRA000071
HRI023463,HRA000071
HRI023464,HRA000071
HRI023465,HRA000071
HRI023466,HRA000071
HRI023467,HRA000071
HRI023468,HRA000071
HRI023469,HRA000071
HRI023470,HRA000071
HRI023471,HRA000071
HRI023472,HRA000071
HRI023473,HRA000071
HRI023474,HRA000071
HRI023475,HRA000071
HRI023476,HRA000071
HRI023477,HRA000071
HRI023478,HRA000071
HRI023479,HRA000071
HRI023480,HRA000071
HRI023481,HRA000071
HRI023482,HRA000071
HRI023483,HRA000071
HRI023484,HRA000071
HRI023485,HRA000071
HRI023486,HRA000071
HRI023487,HRA000071
HRI023488,HRA000071
HRI023489,HRA000071
HRI023490,HRA000071
HRI023491,HRA000071
HRI023492,HRA000071
HRI023493,HRA000071
HRI023494,HRA000071
HRI023495,HRA000071
HRI023496,HRA000071
HRI023497,HRA000071
HRI023498,HRA000071
HRI023499,HRA000071
HRI023500,HRA000071
HRI023501,HRA000071
HRI023502,HRA000071
HRI023503,HRA000071
HRI023504,HRA000071
HRI023505,HRA000071
HRI023506,HRA000071
HRI023507,HRA000071
HRI023508,HRA000071
HRI023509,HRA000071
HRI023510,HRA000071
HRI023511,HRA000071
HRI023512,HRA000071
HRI023513,HRA000071
HRI023514,HRA000071
HRI023515,HRA000071
HRI023516,HRA000071
HRI023517,HRA000071
HRI023518,HRA000071
HRI023519,HRA000071
HRI023520,HRA000071
HRI023521,HRA000071
HRI023522,HRA000071
HRI023523,HRA000071
HRI023524,HRA000071
HRI023525,HRA000071
HRI023526,HRA000071
HRI023527,HRA000071
HRI023528,HRA000071
HRI023529,HRA000071
HRI023530,HRA000071
HRI023531,HRA000071
HRI023532,HRA000071
HRI023533,HRA000071
HRI023534,HRA000071
HRI023535,HRA000071
HRI023536,HRA000071
HRI023537,HRA000071
HRI023538,HRA000071
HRI023539,HRA000071
HRI023540,HRA000071
HRI023541,HRA000071
HRI023542,HRA000071
HRI023543,HRA000071
HRI023544,HRA000071
HRI023545,HRA000071
HRI023546,HRA000071
HRI023547,HRA000071
HRI023548,HRA000071
HRI023549,HRA000071
HRI023550,HRA000071
HRI023551,HRA000071
HRI023552,HRA000071
HRI023553,HRA000071
HRI023554,HRA000071
HRI023555,HRA000071
HRI023556,HRA000071
HRI023557,HRA000071
HRI023558,HRA000071
HRI023559,HRA000071
HRI023560,HRA000071
HRI023561,HRA000071
HRI023562,HRA000071
HRI023563,HRA000071
HRI023564,HRA000071
HRI023565,HRA000071
HRI023566,HRA000071
HRI023567,HRA000071
HRI023568,HRA000071
HRI023569,HRA000071
HRI023570,HRA000071
HRI023571,HRA000071
HRI023572,HRA000071
HRI023573,HRA000071
HRI023574,HRA000071
HRI023575,HRA000071
HRI023576,HRA000071
HRI023577,HRA000071
HRI023578,HRA000071
HRI023579,HRA000071
HRI023580,HRA000071
HRI023581,HRA000071
HRI023582,HRA000071
HRI023583,HRA000071
HRI023584,HRA000071
HRI023585,HRA000071
HRI023586,HRA000071
HRI023587,HRA000071
HRI023588,HRA000071
HRI023589,HRA000071
HRI023590,HRA000071
HRI023591,HRA000071
HRI023592,HRA000071
HRI023593,HRA000071
HRI023594,HRA000071
HRI023595,HRA000071
HRI023596,HRA000071
HRI023597,HRA000071
HRI023598,HRA000071
HRI023599,HRA000071
HRI023600,HRA000071
HRI023601,HRA000071
HRI023602,HRA000071
HRI023603,HRA000071
HRI023604,HRA000071
HRI023605,HRA000071
HRI023606,HRA000071
HRI023607,HRA000071
HRI023608,HRA000071
HRI023609,HRA000071
HRI023610,HRA000071
HRI023611,HRA000071
HRI023612,HRA000071
HRI023613,HRA000071
HRI023614,HRA000071
HRI023615,HRA000071
HRI023616,HRA000071
HRI023617,HRA000071
HRI023618,HRA000071
HRI023619,HRA000071
HRI023620,HRA000071
HRI023621,HRA000071
HRI023622,HRA000071
HRI023623,HRA000071
HRI023624,HRA000071
HRI023625,HRA000071
HRI023626,HRA000071
HRI023627,HRA000071
HRI023628,HRA000071
HRI023629,HRA000071
HRI023630,HRA000071
HRI023631,HRA000071
HRI023632,HRA000071
HRI023633,HRA000071
HRI023634,HRA000071
HRI023635,HRA000071
HRI023636,HRA000071
HRI023637,HRA000071
HRI023638,HRA000071
HRI023639,HRA000071
HRI023640,HRA000071
HRI023641,HRA000071
HRI023642,HRA000071
HRI023643,HRA000071
HRI023644,HRA000071
HRI023645,HRA000071
HRI023646,HRA000071
HRI023647,HRA000071
HRI023648,HRA000071
HRI023649,HRA000071
HRI023650,HRA000071
HRI023651,HRA000071
HRI023652,HRA000071
HRI023653,HRA000071
HRI023654,HRA000071
HRI023655,HRA000071
HRI023656,HRA000071
HRI023657,HRA000071
HRI023658,HRA000071
HRI023659,HRA000071
HRI023660,HRA000071
HRI023661,HRA000071
HRI023662,HRA000071
HRI023663,HRA000071
HRI023664,HRA000071
HRI023665,HRA000071
HRI023666,HRA000071
HRI023667,HRA000071
HRI023668,HRA000071
HRI023972,HRA000073
HRI023973,HRA000073
HRI023974,HRA000073
HRI023975,HRA000073
HRI023976,HRA000073
HRI023977,HRA000073
HRI023978,HRA000073
HRI023979,HRA000073
HRI023980,HRA000073
HRI023981,HRA000073
HRI023982,HRA000073
HRI023983,HRA000073
HRI023984,HRA000073
HRI023985,HRA000073
HRI023986,HRA000073
HRI023987,HRA000073
HRI023988,HRA000073
HRI023989,HRA000073
HRI023990,HRA000073
HRI023991,HRA000073
HRI023992,HRA000073
HRI023993,HRA000073
HRI023994,HRA000073
HRI023995,HRA000073
HRI023996,HRA000073
HRI023997,HRA000073
HRI023998,HRA000073
HRI023999,HRA000073
HRI024000,HRA000073
HRI024001,HRA000073
HRI024002,HRA000073
HRI024003,HRA000073
HRI024004,HRA000073
HRI024005,HRA000073
HRI024006,HRA000073
HRI024007,HRA000073
HRI024008,HRA000073
HRI024009,HRA000073
HRI024010,HRA000073
HRI024011,HRA000073
HRI024012,HRA000073
HRI024013,HRA000073
HRI024014,HRA000073
HRI024015,HRA000073
HRI024016,HRA000073
HRI024017,HRA000073
HRI024018,HRA000073
HRI024019,HRA000073
HRI024020,HRA000073
HRI024021,HRA000073
HRI024022,HRA000073
HRI024023,HRA000073
HRI024024,HRA000073
HRI024025,HRA000073
HRI024026,HRA000073
HRI024027,HRA000073
HRI024028,HRA000073
HRI024029,HRA000073
HRI024030,HRA000073
HRI024031,HRA000073
HRI024032,HRA000073
HRI024033,HRA000073
HRI024034,HRA000073
HRI024035,HRA000073
HRI024036,HRA000073
HRI024037,HRA000073
HRI024038,HRA000073
HRI024039,HRA000073
HRI024040,HRA000073
HRI024041,HRA000073
HRI024042,HRA000073
HRI024043,HRA000073
HRI024044,HRA000073
HRI024045,HRA000073
HRI024046,HRA000073
HRI024047,HRA000073
HRI024048,HRA000073
HRI024049,HRA000073
HRI024050,HRA000073
HRI024051,HRA000073
HRI024052,HRA000073
HRI024053,HRA000073
HRI024054,HRA000073
HRI024055,HRA000073
HRI024056,HRA000073
HRI024057,HRA000073
HRI024058,HRA000073
HRI024059,HRA000073
HRI024060,HRA000073
HRI024061,HRA000073
HRI024062,HRA000073
HRI024063,HRA000073
HRI024064,HRA000073
HRI024065,HRA000073
HRI024066,HRA000073
HRI024067,HRA000073
HRI024068,HRA000073
HRI024069,HRA000073
HRI024070,HRA000073
HRI024071,HRA000073
HRI024072,HRA000073
HRI024073,HRA000073
HRI024074,HRA000073
HRI024075,HRA000073
HRI024076,HRA000073
HRI024077,HRA000073
HRI024078,HRA000073
HRI024079,HRA000073
HRI024080,HRA000073
HRI024081,HRA000073
HRI024082,HRA000073
HRI024083,HRA000073
HRI024084,HRA000073
HRI024085,HRA000073
HRI024086,HRA000073
HRI024087,HRA000073
HRI024088,HRA000073
HRI024089,HRA000073
HRI024090,HRA000073
HRI024091,HRA000073
HRI024092,HRA000073
HRI024093,HRA000073
HRI024094,HRA000073
HRI024095,HRA000073
HRI024096,HRA000073
HRI024097,HRA000073
HRI024098,HRA000073
HRI024099,HRA000073
HRI024100,HRA000073
HRI024101,HRA000073
HRI024102,HRA000073
HRI024103,HRA000073
HRI024104,HRA000073
HRI024105,HRA000073
HRI024106,HRA000073
HRI024107,HRA000073
HRI024108,HRA000073
HRI024109,HRA000073
HRI024110,HRA000073
HRI024111,HRA000073
HRI024112,HRA000073
HRI024113,HRA000073
HRI024114,HRA000073
HRI024115,HRA000073
HRI024116,HRA000073
HRI024117,HRA000073
HRI024118,HRA000073
HRI024119,HRA000073
HRI024120,HRA000073
HRI024121,HRA000073
HRI024122,HRA000073
HRI024123,HRA000073
HRI024124,HRA000073
HRI024125,HRA000073
HRI024126,HRA000073
HRI024127,HRA000073
HRI024128,HRA000073
HRI024129,HRA000073
HRI024130,HRA000073
HRI024131,HRA000073
HRI024132,HRA000073
HRI024133,HRA000073
HRI024134,HRA000073
HRI024135,HRA000073
HRI024136,HRA000073
HRI024137,HRA000073
HRI024138,HRA000073
HRI024139,HRA000073
HRI024140,HRA000073
HRI024141,HRA000073
HRI024142,HRA000073
HRI024143,HRA000073
HRI024144,HRA000073
HRI024145,HRA000073
HRI024146,HRA000073
HRI024147,HRA000073
HRI024148,HRA000073
HRI024149,HRA000073
HRI024150,HRA000073
HRI024151,HRA000073
HRI024152,HRA000073
HRI024153,HRA000073
HRI024154,HRA000073
HRI024155,HRA000073
HRI024156,HRA000073
HRI024157,HRA000073
HRI024158,HRA000073
HRI024159,HRA000073
HRI024160,HRA000073
HRI024161,HRA000073
HRI024162,HRA000073
HRI024163,HRA000073
HRI024164,HRA000073
HRI024165,HRA000073
HRI024166,HRA000073
HRI024167,HRA000073
HRI024168,HRA000073
HRI024169,HRA000073
HRI024170,HRA000073
HRI024171,HRA000073
HRI024172,HRA000073
HRI024173,HRA000073
HRI024174,HRA000073
HRI024175,HRA000073
HRI024176,HRA000073
HRI024177,HRA000073
HRI024178,HRA000073
HRI024179,HRA000073
HRI024180,HRA000073
HRI024181,HRA000073
HRI024182,HRA000073
HRI024183,HRA000073
HRI024184,HRA000073
HRI024185,HRA000073
HRI024186,HRA000073
HRI024187,HRA000073
HRI024188,HRA000073
HRI024189,HRA000073
HRI024190,HRA000073
HRI024191,HRA000073
HRI024192,HRA000073
HRI024193,HRA000073
HRI024194,HRA000073
HRI024195,HRA000073
HRI024196,HRA000073
HRI024197,HRA000073
HRI024198,HRA000073
HRI024199,HRA000073
HRI024200,HRA000073
HRI024201,HRA000073
HRI024202,HRA000073
HRI024203,HRA000073
HRI024204,HRA000073
HRI024205,HRA000073
HRI024206,HRA000073
HRI024207,HRA000073
HRI024208,HRA000073
HRI024209,HRA000073
HRI024210,HRA000073
HRI024211,HRA000073
HRI024212,HRA000073
HRI024213,HRA000073
HRI024214,HRA000073
HRI024215,HRA000073
HRI024216,HRA000073
HRI024217,HRA000073
HRI024218,HRA000073
HRI024219,HRA000073
HRI024220,HRA000073
HRI024221,HRA000073
HRI024222,HRA000073
HRI024223,HRA000073
HRI024224,HRA000073
HRI024225,HRA000073
HRI024226,HRA000073
HRI024227,HRA000073
HRI024228,HRA000073
HRI024229,HRA000073
HRI024230,HRA000073
HRI024231,HRA000073
HRI024232,HRA000073
HRI024233,HRA000073
HRI024234,HRA000073
HRI024235,HRA000073
HRI024236,HRA000073
HRI024237,HRA000073
HRI024238,HRA000073
HRI024239,HRA000073
HRI024240,HRA000073
HRI024241,HRA000073
HRI024242,HRA000073
HRI024243,HRA000073
HRI024244,HRA000073
HRI024245,HRA000073
HRI024246,HRA000073
HRI024247,HRA000073
HRI024248,HRA000073
HRI024249,HRA000073
HRI024250,HRA000073
HRI024251,HRA000073
HRI024252,HRA000073
HRI024253,HRA000073
HRI024254,HRA000073
HRI024255,HRA000073
HRI024256,HRA000073
HRI024257,HRA000073
HRI024258,HRA000073
HRI024259,HRA000073
HRI024260,HRA000073
HRI024261,HRA000073
HRI024262,HRA000073
HRI024263,HRA000073
HRI024264,HRA000073
HRI024265,HRA000073
HRI024266,HRA000073
HRI024267,HRA000073
HRI024268,HRA000073
HRI024269,HRA000073
HRI024270,HRA000073
HRI024271,HRA000073
HRI024272,HRA000073
HRI024273,HRA000073
HRI024274,HRA000073
HRI024275,HRA000073
HRI024276,HRA000073
HRI024277,HRA000073
HRI024278,HRA000073
HRI024279,HRA000073
HRI024280,HRA000073
HRI024281,HRA000073
HRI024282,HRA000073
HRI024283,HRA000073
HRI024284,HRA000073
HRI024285,HRA000073
HRI024286,HRA000073
HRI024287,HRA000073
HRI024288,HRA000073
HRI024289,HRA000073
HRI024290,HRA000073
HRI024291,HRA000073
HRI024292,HRA000073
HRI024293,HRA000073
HRI024294,HRA000073
HRI024295,HRA000073
HRI024296,HRA000073
HRI024297,HRA000074
HRI024298,HRA000074
HRI024299,HRA000074
HRI024300,HRA000074
HRI024301,HRA000074
HRI024302,HRA000074
HRI024303,HRA000074
HRI024305,HRA000074
HRI024304,HRA000074
HRI024306,HRA000074
HRI024307,HRA000074
HRI024308,HRA000074
HRI024309,HRA000074
HRI024310,HRA000074
HRI024311,HRA000074
HRI024312,HRA000074
HRI024313,HRA000074
HRI024314,HRA000074
HRI024315,HRA000074
HRI024316,HRA000074
HRI024317,HRA000074
HRI024318,HRA000074
HRI024319,HRA000074
HRI024320,HRA000074
HRI024321,HRA000074
HRI024322,HRA000074
HRI024323,HRA000074
HRI024324,HRA000074
HRI024325,HRA000074
HRI024326,HRA000074
HRI024327,HRA000074
HRI024328,HRA000074
HRI024329,HRA000074
HRI024330,HRA000074
HRI024331,HRA000074
HRI024332,HRA000074
HRI024333,HRA000074
HRI024336,HRA000074
HRI024334,HRA000074
HRI024335,HRA000074
HRI024337,HRA000074
HRI024338,HRA000074
HRI024339,HRA000074
HRI024340,HRA000074
HRI024341,HRA000074
HRI024342,HRA000074
HRI024343,HRA000074
HRI024344,HRA000074
HRI024345,HRA000074
HRI024346,HRA000074
HRI024347,HRA000074
HRI024348,HRA000074
HRI024349,HRA000074
HRI024350,HRA000074
HRI024351,HRA000074
HRI024352,HRA000074
HRI024353,HRA000074
HRI024354,HRA000074
HRI024355,HRA000074
HRI024356,HRA000074
HRI024357,HRA000074
HRI024358,HRA000074
HRI024359,HRA000074
HRI024360,HRA000074
HRI024361,HRA000074
HRI024362,HRA000074
HRI024363,HRA000074
HRI024364,HRA000074
HRI024365,HRA000074
HRI024366,HRA000074
HRI024367,HRA000074
HRI024368,HRA000074
HRI024369,HRA000074
HRI024370,HRA000074
HRI024371,HRA000074
HRI024372,HRA000074
HRI024373,HRA000074
HRI024374,HRA000074
HRI024375,HRA000074
HRI024376,HRA000074
HRI024377,HRA000074
HRI024378,HRA000074
HRI024379,HRA000074
HRI024380,HRA000074
HRI024381,HRA000074
HRI024382,HRA000074
HRI024383,HRA000074
HRI024384,HRA000074
HRI024385,HRA000074
HRI024386,HRA000074
HRI024387,HRA000074
HRI024388,HRA000074
HRI024389,HRA000074
HRI024390,HRA000074
HRI024391,HRA000074
HRI024392,HRA000074
HRI024393,HRA000074
HRI024394,HRA000074
HRI024395,HRA000074
HRI024396,HRA000074
HRI024397,HRA000074
HRI024398,HRA000074
HRI024399,HRA000074
HRI024400,HRA000074
HRI024401,HRA000074
HRI024402,HRA000074
HRI024403,HRA000074
HRI024404,HRA000074
HRI024405,HRA000074
HRI024406,HRA000074
HRI024407,HRA000074
HRI024408,HRA000074
HRI024409,HRA000074
HRI024410,HRA000074
HRI024411,HRA000074
HRI024412,HRA000074
HRI024413,HRA000074
HRI024414,HRA000074
HRI024415,HRA000074
HRI024417,HRA000074
HRI024416,HRA000074
HRI024418,HRA000074
HRI024419,HRA000074
HRI024420,HRA000074
HRI024421,HRA000074
HRI024422,HRA000074
HRI024423,HRA000074
HRI024424,HRA000074
HRI024425,HRA000074
HRI024426,HRA000074
HRI024427,HRA000074
HRI024428,HRA000074
HRI024429,HRA000074
HRI024430,HRA000074
HRI024431,HRA000074
HRI024432,HRA000074
HRI024433,HRA000074
HRI024434,HRA000074
HRI024435,HRA000074
HRI024438,HRA000074
HRI024436,HRA000074
HRI024437,HRA000074
HRI024439,HRA000074
HRI024440,HRA000074
HRI024441,HRA000074
HRI024442,HRA000074
HRI024443,HRA000074
HRI024444,HRA000074
HRI024445,HRA000074
HRI024446,HRA000074
HRI024447,HRA000074
HRI024448,HRA000074
HRI024449,HRA000074
HRI024450,HRA000074
HRI024451,HRA000074
HRI024452,HRA000074
HRI024453,HRA000074
HRI024454,HRA000074
HRI024455,HRA000074
HRI024456,HRA000074
HRI024457,HRA000074
HRI024458,HRA000074
HRI024459,HRA000074
HRI024460,HRA000074
HRI024461,HRA000074
HRI024462,HRA000074
HRI024463,HRA000074
HRI024464,HRA000074
HRI024465,HRA000074
HRI024466,HRA000074
HRI024467,HRA000074
HRI024468,HRA000074
HRI024469,HRA000074
HRI024470,HRA000074
HRI024471,HRA000074
HRI024472,HRA000074
HRI024473,HRA000074
HRI024474,HRA000074
HRI024475,HRA000074
HRI024476,HRA000074
HRI024477,HRA000074
HRI024478,HRA000074
HRI024479,HRA000074
HRI024480,HRA000074
HRI024481,HRA000074
HRI024482,HRA000074
HRI024483,HRA000074
HRI024484,HRA000074
HRI024485,HRA000074
HRI024486,HRA000074
HRI024487,HRA000074
HRI024488,HRA000074
HRI024489,HRA000074
HRI024490,HRA000074
HRI024491,HRA000074
HRI024492,HRA000074
HRI024493,HRA000074
HRI024494,HRA000074
HRI024495,HRA000074
HRI024496,HRA000074
HRI024497,HRA000074
HRI024498,HRA000074
HRI024499,HRA000074
HRI024500,HRA000074
HRI024501,HRA000074
HRI024502,HRA000074
HRI024503,HRA000074
HRI024504,HRA000074
HRI024505,HRA000074
HRI024506,HRA000074
HRI024507,HRA000074
HRI024508,HRA000074
HRI024509,HRA000074
HRI024510,HRA000074
HRI024511,HRA000074
HRI024512,HRA000074
HRI024513,HRA000074
HRI024514,HRA000074
HRI024515,HRA000074
HRI024516,HRA000074
HRI024517,HRA000074
HRI024518,HRA000074
HRI024519,HRA000074
HRI024520,HRA000074
HRI024521,HRA000074
HRI024522,HRA000074
HRI024523,HRA000074
HRI024524,HRA000074
HRI024525,HRA000074
HRI024526,HRA000074
HRI024527,HRA000074
HRI024528,HRA000074
HRI024529,HRA000074
HRI024530,HRA000074
HRI024531,HRA000074
HRI024532,HRA000074
HRI024533,HRA000074
HRI024534,HRA000074
HRI024535,HRA000074
HRI024536,HRA000074
HRI024537,HRA000074
HRI024538,HRA000074
HRI024539,HRA000074
HRI024540,HRA000074
HRI024541,HRA000074
HRI024542,HRA000074
HRI024543,HRA000074
HRI024544,HRA000074
HRI024545,HRA000074
HRI024546,HRA000074
HRI024547,HRA000074
HRI024548,HRA000074
HRI024549,HRA000074
HRI024550,HRA000074
HRI024551,HRA000074
HRI024552,HRA000074
HRI024553,HRA000074
HRI024554,HRA000074
HRI024555,HRA000074
HRI024556,HRA000074
HRI024557,HRA000074
HRI024558,HRA000074
HRI024559,HRA000074
HRI024561,HRA000074
HRI024560,HRA000074
HRI024562,HRA000074
HRI024563,HRA000074
HRI024564,HRA000074
HRI024565,HRA000074
HRI024566,HRA000074
HRI024567,HRA000074
HRI024568,HRA000074
HRI024569,HRA000074
HRI024570,HRA000074
HRI024571,HRA000074
HRI024572,HRA000074
HRI024573,HRA000074
HRI024574,HRA000074
HRI024575,HRA000074
HRI024576,HRA000074
HRI024577,HRA000074
HRI024578,HRA000074
HRI024579,HRA000074
HRI024580,HRA000074
HRI024581,HRA000074
HRI024582,HRA000074
HRI024583,HRA000074
HRI024584,HRA000074
HRI024585,HRA000074
HRI024586,HRA000074
HRI024587,HRA000074
HRI024588,HRA000074
HRI024589,HRA000074
HRI024590,HRA000074
HRI024591,HRA000074
HRI024592,HRA000074
HRI024593,HRA000074
HRI024594,HRA000074
HRI024595,HRA000074
HRI024596,HRA000074
HRI024597,HRA000074
HRI024598,HRA000074
HRI024599,HRA000074
HRI024600,HRA000074
HRI024601,HRA000074
HRI024602,HRA000074
HRI024603,HRA000074
HRI024604,HRA000074
HRI024605,HRA000074
HRI024606,HRA000074
HRI024607,HRA000074
HRI024608,HRA000074
HRI024609,HRA000074
HRI024610,HRA000074
HRI024611,HRA000074
HRI024612,HRA000074
HRI024615,HRA000074
HRI024613,HRA000074
HRI024614,HRA000074
HRI024616,HRA000074
HRI024617,HRA000074
HRI024618,HRA000074
HRI024619,HRA000074
HRI024620,HRA000074
HRI024621,HRA000074
HRI024622,HRA000074
HRI024623,HRA000074
HRI024624,HRA000074
HRI024625,HRA000074
HRI024626,HRA000074
HRI024627,HRA000074
HRI024628,HRA000074
HRI024629,HRA000074
HRI024630,HRA000074
HRI024631,HRA000074
HRI024632,HRA000074
HRI024633,HRA000074
HRI024634,HRA000074
HRI024635,HRA000074
HRI024636,HRA000074
HRI024637,HRA000074
HRI024638,HRA000074
HRI024639,HRA000074
HRI024640,HRA000074
HRI024641,HRA000074
HRI024642,HRA000074
HRI024643,HRA000074
HRI024644,HRA000074
HRI024645,HRA000074
HRI024646,HRA000074
HRI024647,HRA000074
HRI024648,HRA000074
HRI024649,HRA000074
HRI024650,HRA000074
HRI024651,HRA000074
HRI024652,HRA000074
HRI024653,HRA000074
HRI024654,HRA000074
HRI024655,HRA000074
HRI024656,HRA000074
HRI024657,HRA000074
HRI024658,HRA000074
HRI024659,HRA000074
HRI024660,HRA000074
HRI024661,HRA000074
HRI024662,HRA000074
HRI024663,HRA000074
HRI024664,HRA000074
HRI024665,HRA000074
HRI024666,HRA000074
HRI024667,HRA000074
HRI024668,HRA000074
HRI024669,HRA000074
HRI024670,HRA000074
HRI024671,HRA000074
HRI024672,HRA000074
HRI024673,HRA000074
HRI024674,HRA000074
HRI024675,HRA000074
HRI024676,HRA000074
HRI024677,HRA000074
HRI024678,HRA000074
HRI024679,HRA000074
HRI024680,HRA000074
HRI024681,HRA000074
HRI024682,HRA000074
HRI024683,HRA000074
HRI024684,HRA000074
HRI024685,HRA000074
HRI024686,HRA000074
HRI024687,HRA000074
HRI024688,HRA000074
HRI024689,HRA000074
HRI024690,HRA000074
HRI024691,HRA000074
HRI024692,HRA000074
HRI024693,HRA000074
HRI024694,HRA000074
HRI024695,HRA000074
HRI024696,HRA000074
HRI024697,HRA000074
HRI024698,HRA000074
HRI024699,HRA000074
HRI024700,HRA000074
HRI024701,HRA000074
HRI024702,HRA000074
HRI024703,HRA000074
HRI024704,HRA000074
HRI024705,HRA000074
HRI024706,HRA000074
HRI024707,HRA000074
HRI024708,HRA000074
HRI024709,HRA000074
HRI024710,HRA000074
HRI024711,HRA000074
HRI024712,HRA000074
HRI024713,HRA000074
HRI024714,HRA000074
HRI024715,HRA000074
HRI024716,HRA000074
HRI024717,HRA000074
HRI024718,HRA000074
HRI024719,HRA000074
HRI024720,HRA000074
HRI024721,HRA000074
HRI024722,HRA000074
HRI024723,HRA000074
HRI024724,HRA000074
HRI024725,HRA000074
HRI024726,HRA000074
HRI024727,HRA000074
HRI024728,HRA000074
HRI024729,HRA000074
HRI024730,HRA000074
HRI024731,HRA000074
HRI024732,HRA000074
HRI024733,HRA000074
HRI024734,HRA000074
HRI024735,HRA000074
HRI024736,HRA000074
HRI024737,HRA000074
HRI024738,HRA000074
HRI024739,HRA000074
HRI024740,HRA000074
HRI024741,HRA000074
HRI024742,HRA000074
HRI024743,HRA000074
HRI024744,HRA000074
HRI024745,HRA000074
HRI024746,HRA000074
HRI024747,HRA000074
HRI024748,HRA000074
HRI024749,HRA000074
HRI024750,HRA000074
HRI024751,HRA000074
HRI024752,HRA000074
HRI024753,HRA000074
HRI024754,HRA000074
HRI024755,HRA000074
HRI024756,HRA000074
HRI024757,HRA000074
HRI024758,HRA000074
HRI024759,HRA000074
HRI024760,HRA000074
HRI024761,HRA000074
HRI024762,HRA000074
HRI024763,HRA000074
HRI024764,HRA000074
HRI024765,HRA000074
HRI024766,HRA000074
HRI024767,HRA000074
HRI024768,HRA000074
HRI024769,HRA000074
HRI024770,HRA000074
HRI024771,HRA000074
HRI024772,HRA000074
HRI024773,HRA000074
HRI024774,HRA000074
HRI024775,HRA000074
HRI024776,HRA000074
HRI024777,HRA000074
HRI024778,HRA000074
HRI024779,HRA000074
HRI024780,HRA000074
HRI024782,HRA000074
HRI024781,HRA000074
HRI024783,HRA000074
HRI024784,HRA000074
HRI024785,HRA000074
HRI024786,HRA000074
HRI024787,HRA000074
HRI024788,HRA000074
HRI024789,HRA000074
HRI024790,HRA000074
HRI024791,HRA000074
HRI024792,HRA000074
HRI024793,HRA000074
HRI024794,HRA000074
HRI024795,HRA000074
HRI024796,HRA000074
HRI024797,HRA000074
HRI024798,HRA000074
HRI024799,HRA000074
HRI024800,HRA000074
HRI024801,HRA000074
HRI024802,HRA000074
HRI024803,HRA000074
HRI024804,HRA000074
HRI024805,HRA000074
HRI024806,HRA000074
HRI024807,HRA000074
HRI024808,HRA000074
HRI024809,HRA000074
HRI024810,HRA000074
HRI024811,HRA000074
HRI024812,HRA000074
HRI024813,HRA000074
HRI024814,HRA000074
HRI024815,HRA000074
HRI024816,HRA000074
HRI024817,HRA000074
HRI024818,HRA000074
HRI024819,HRA000074
HRI024820,HRA000074
HRI024821,HRA000074
HRI024822,HRA000074
HRI024823,HRA000074
HRI024824,HRA000074
HRI024825,HRA000074
HRI024826,HRA000074
HRI024827,HRA000074
HRI024828,HRA000074
HRI024829,HRA000074
HRI024830,HRA000074
HRI024831,HRA000074
HRI024832,HRA000074
HRI024833,HRA000074
HRI024834,HRA000074
HRI024835,HRA000074
HRI024836,HRA000074
HRI024837,HRA000074
HRI024838,HRA000074
HRI024839,HRA000074
HRI024840,HRA000074
HRI024841,HRA000074
HRI024842,HRA000074
HRI024843,HRA000074
HRI024844,HRA000074
HRI024845,HRA000074
HRI024846,HRA000074
HRI024847,HRA000074
HRI024850,HRA000074
HRI024848,HRA000074
HRI024849,HRA000074
HRI024851,HRA000074
HRI024852,HRA000074
HRI024853,HRA000074
HRI024854,HRA000074
HRI024855,HRA000074
HRI024856,HRA000074
HRI024857,HRA000074
HRI024858,HRA000074
HRI024860,HRA000074
HRI024859,HRA000074
HRI024861,HRA000074
HRI024862,HRA000074
HRI024863,HRA000074
HRI024864,HRA000074
HRI024865,HRA000074
HRI024866,HRA000074
HRI024867,HRA000074
HRI024868,HRA000074
HRI024869,HRA000074
HRI024872,HRA000074
HRI024870,HRA000074
HRI024871,HRA000074
HRI024873,HRA000074
HRI024874,HRA000074
HRI024875,HRA000074
HRI024876,HRA000074
HRI024877,HRA000074
HRI024878,HRA000074
HRI024879,HRA000074
HRI024881,HRA000074
HRI024880,HRA000074
HRI024882,HRA000074
HRI024883,HRA000074
HRI024884,HRA000074
HRI024885,HRA000074
HRI024886,HRA000074
HRI024887,HRA000074
HRI024888,HRA000074
HRI024889,HRA000074
HRI024890,HRA000074
HRI024891,HRA000074
HRI024892,HRA000074
HRI024893,HRA000074
HRI024896,HRA000074
HRI024894,HRA000074
HRI024895,HRA000074
HRI024897,HRA000074
HRI024898,HRA000074
HRI024899,HRA000074
HRI024900,HRA000074
HRI024901,HRA000074
HRI024902,HRA000074
HRI024903,HRA000074
HRI024904,HRA000074
HRI024905,HRA000074
HRI024906,HRA000074
HRI024907,HRA000074
HRI024908,HRA000074
HRI024909,HRA000074
HRI024910,HRA000074
HRI024913,HRA000074
HRI024911,HRA000074
HRI024912,HRA000074
HRI024914,HRA000074
HRI024916,HRA000074
HRI024915,HRA000074
HRI024917,HRA000074
HRI024918,HRA000074
HRI024919,HRA000074
HRI024920,HRA000074
HRI024921,HRA000074
HRI024932,HRA000074
HRI024922,HRA000074
HRI024923,HRA000074
HRI024924,HRA000074
HRI024927,HRA000074
HRI024925,HRA000074
HRI024926,HRA000074
HRI024928,HRA000074
HRI024929,HRA000074
HRI024930,HRA000074
HRI024931,HRA000074
HRI024933,HRA000074
HRI024934,HRA000074
HRI024935,HRA000074
HRI024936,HRA000074
HRI024937,HRA000074
HRI024938,HRA000074
HRI024939,HRA000074
HRI024940,HRA000074
HRI024941,HRA000074
HRI024942,HRA000074
HRI024943,HRA000074
HRI024944,HRA000074
HRI024945,HRA000074
HRI024946,HRA000074
HRI024947,HRA000074
HRI024948,HRA000074
HRI024949,HRA000074
HRI024950,HRA000074
HRI024951,HRA000074
HRI024952,HRA000074
HRI024953,HRA000074
HRI024954,HRA000074
HRI024955,HRA000074
HRI024956,HRA000074
HRI024957,HRA000074
HRI024958,HRA000074
HRI024959,HRA000074
HRI024960,HRA000074
HRI024967,HRA000074
HRI024961,HRA000074
HRI024962,HRA000074
HRI024963,HRA000074
HRI024964,HRA000074
HRI024965,HRA000074
HRI024966,HRA000074
HRI024968,HRA000074
HRI024969,HRA000074
HRI024970,HRA000074
HRI024971,HRA000074
HRI024972,HRA000074
HRI024973,HRA000074
HRI024974,HRA000074
HRI024975,HRA000074
HRI024976,HRA000074
HRI024977,HRA000074
HRI024978,HRA000074
HRI024979,HRA000074
HRI024980,HRA000074
HRI024981,HRA000074
HRI024982,HRA000074
HRI024983,HRA000074
HRI024984,HRA000074
HRI024985,HRA000074
HRI024986,HRA000074
HRI024987,HRA000074
HRI024988,HRA000074
HRI024989,HRA000074
HRI025253,HRA000087
HRI025255,HRA000087
HRI025258,HRA000087
HRI025257,HRA000087
HRI228356,HRA000087
HRI025259,HRA000087
HRI025260,HRA000087
HRI025261,HRA000087
HRI025262,HRA000087
HRI025263,HRA000087
HRI025264,HRA000087
HRI025265,HRA000087
HRI025266,HRA000087
HRI025267,HRA000087
HRI025268,HRA000087
HRI025269,HRA000087
HRI025270,HRA000087
HRI025271,HRA000087
HRI025272,HRA000087
HRI025273,HRA000087
HRI025274,HRA000087
HRI025275,HRA000087
HRI025276,HRA000087
HRI025277,HRA000087
HRI025278,HRA000087
HRI025279,HRA000087
HRI025293,HRA000087
HRI025294,HRA000087
HRI025295,HRA000087
HRI025296,HRA000087
HRI025297,HRA000087
HRI025298,HRA000087
HRI025299,HRA000087
HRI025300,HRA000087
HRI025301,HRA000087
HRI025302,HRA000087
HRI025303,HRA000087
HRI025304,HRA000087
HRI025305,HRA000087
HRI025306,HRA000087
HRI025307,HRA000087
HRI025308,HRA000087
HRI025309,HRA000087
HRI025310,HRA000087
HRI103533,HRA000122
HRI103534,HRA000122
HRI103535,HRA000122
HRI103536,HRA000122
HRI103537,HRA000122
HRI103538,HRA000122
HRI103539,HRA000122
HRI103540,HRA000122
HRI103541,HRA000122
HRI103542,HRA000122
HRI103543,HRA000122
HRI103544,HRA000122
HRI103545,HRA000122
HRI103546,HRA000122
HRI103547,HRA000122
HRI103548,HRA000122
HRI103549,HRA000122
HRI103550,HRA000122
HRI103551,HRA000122
HRI103552,HRA000122
HRI103553,HRA000122
HRI103554,HRA000122
HRI103555,HRA000122
HRI103556,HRA000122
HRI103557,HRA000122
HRI103558,HRA000122
HRI103559,HRA000122
HRI103560,HRA000122
HRI103561,HRA000122
HRI103562,HRA000122
HRI103563,HRA000122
HRI103564,HRA000122
HRI103565,HRA000122
HRI103566,HRA000122
HRI103567,HRA000122
HRI103568,HRA000122
HRI103569,HRA000122
HRI103570,HRA000122
HRI103571,HRA000122
HRI103572,HRA000122
HRI103573,HRA000122
HRI103574,HRA000122
HRI103575,HRA000122
HRI103576,HRA000122
HRI103577,HRA000122
HRI103578,HRA000122
HRI103579,HRA000122
HRI103580,HRA000122
HRI103581,HRA000122
HRI103582,HRA000122
HRI103583,HRA000122
HRI103584,HRA000122
HRI103585,HRA000122
HRI103586,HRA000122
HRI103587,HRA000122
HRI103588,HRA000122
HRI103589,HRA000122
HRI103590,HRA000122
HRI103591,HRA000122
HRI103592,HRA000122
HRI103593,HRA000122
HRI103594,HRA000122
HRI103595,HRA000122
HRI103596,HRA000122
HRI103597,HRA000122
HRI103598,HRA000122
HRI103599,HRA000122
HRI103600,HRA000122
HRI103601,HRA000122
HRI103602,HRA000122
HRI103603,HRA000122
HRI103604,HRA000122
HRI103605,HRA000122
HRI103606,HRA000122
HRI103607,HRA000122
HRI103608,HRA000122
HRI103609,HRA000122
HRI103610,HRA000122
HRI103611,HRA000122
HRI103612,HRA000122
HRI103613,HRA000122
HRI103614,HRA000122
HRI103615,HRA000122
HRI103616,HRA000122
HRI103617,HRA000122
HRI103618,HRA000122
HRI103619,HRA000122
HRI103620,HRA000122
HRI103621,HRA000122
HRI103622,HRA000122
HRI103623,HRA000122
HRI103624,HRA000122
HRI103625,HRA000122
HRI103626,HRA000122
HRI103627,HRA000122
HRI103628,HRA000122
HRI103629,HRA000122
HRI103630,HRA000122
HRI103631,HRA000122
HRI103632,HRA000122
HRI103633,HRA000122
HRI103634,HRA000122
HRI103635,HRA000122
HRI103636,HRA000122
HRI103637,HRA000122
HRI103638,HRA000122
HRI103639,HRA000122
HRI103640,HRA000122
HRI103641,HRA000122
HRI103642,HRA000122
HRI103643,HRA000122
HRI103644,HRA000122
HRI103645,HRA000122
HRI103646,HRA000122
HRI103647,HRA000122
HRI103648,HRA000122
HRI103649,HRA000122
HRI103650,HRA000122
HRI103651,HRA000122
HRI103652,HRA000122
HRI103653,HRA000122
HRI103654,HRA000122
HRI103655,HRA000122
HRI103656,HRA000122
HRI103657,HRA000122
HRI103658,HRA000122
HRI103659,HRA000122
HRI103660,HRA000122
HRI103661,HRA000122
HRI103662,HRA000122
HRI103663,HRA000122
HRI103664,HRA000122
HRI103665,HRA000122
HRI103666,HRA000122
HRI103667,HRA000122
HRI103668,HRA000122
HRI103669,HRA000122
HRI103670,HRA000122
HRI103671,HRA000122
HRI103672,HRA000122
HRI103673,HRA000122
HRI103674,HRA000122
HRI103675,HRA000122
HRI103676,HRA000122
HRI103677,HRA000122
HRI103678,HRA000122
HRI103679,HRA000122
HRI103680,HRA000122
HRI103681,HRA000122
HRI103682,HRA000122
HRI103683,HRA000122
HRI103684,HRA000122
HRI103685,HRA000122
HRI103686,HRA000122
HRI103687,HRA000122
HRI103688,HRA000122
HRI103689,HRA000122
HRI103690,HRA000122
HRI103691,HRA000122
HRI103692,HRA000122
HRI103693,HRA000122
HRI103694,HRA000122
HRI103695,HRA000122
HRI103696,HRA000122
HRI103697,HRA000122
HRI105367,HRA000873
HRI105205,HRA000873
HRI105437,HRA000873
HRI104923,HRA000873
HRI104933,HRA000873
HRI105633,HRA000873
HRI105187,HRA000873
HRI105544,HRA000873
HRI105026,HRA000873
HRI105566,HRA000873
HRI105625,HRA000873
HRI104874,HRA000873
HRI105606,HRA000873
HRI105037,HRA000873
HRI104893,HRA000873
HRI105620,HRA000873
HRI105032,HRA000873
HRI105403,HRA000873
HRI105237,HRA000873
HRI105207,HRA000873
HRI104807,HRA000873
HRI105257,HRA000873
HRI105044,HRA000873
HRI105228,HRA000873
HRI105771,HRA000873
HRI105241,HRA000873
HRI105406,HRA000873
HRI105239,HRA000873
HRI105242,HRA000873
HRI105240,HRA000873
HRI105243,HRA000873
HRI105245,HRA000873
HRI105244,HRA000873
HRI105246,HRA000873
HRI105247,HRA000873
HRI105250,HRA000873
HRI105249,HRA000873
HRI105251,HRA000873
HRI105248,HRA000873
HRI105252,HRA000873
HRI105253,HRA000873
HRI105254,HRA000873
HRI105255,HRA000873
HRI105256,HRA000873
HRI105258,HRA000873
HRI105259,HRA000873
HRI105273,HRA000873
HRI105260,HRA000873
HRI105261,HRA000873
HRI105262,HRA000873
HRI105265,HRA000873
HRI105263,HRA000873
HRI105267,HRA000873
HRI105264,HRA000873
HRI105266,HRA000873
HRI105269,HRA000873
HRI105268,HRA000873
HRI105270,HRA000873
HRI105272,HRA000873
HRI105275,HRA000873
HRI105274,HRA000873
HRI105276,HRA000873
HRI105216,HRA000873
HRI105238,HRA000873
HRI105271,HRA000873
HRI105236,HRA000873
HRI105234,HRA000873
HRI105235,HRA000873
HRI105233,HRA000873
HRI105227,HRA000873
HRI105226,HRA000873
HRI105230,HRA000873
HRI105224,HRA000873
HRI105231,HRA000873
HRI105232,HRA000873
HRI105221,HRA000873
HRI105229,HRA000873
HRI105225,HRA000873
HRI105223,HRA000873
HRI105222,HRA000873
HRI105219,HRA000873
HRI105220,HRA000873
HRI105218,HRA000873
HRI105217,HRA000873
HRI105215,HRA000873
HRI105212,HRA000873
HRI105213,HRA000873
HRI105211,HRA000873
HRI105214,HRA000873
HRI105208,HRA000873
HRI105210,HRA000873
HRI105209,HRA000873
HRI105206,HRA000873
HRI105199,HRA000873
HRI105202,HRA000873
HRI105200,HRA000873
HRI105203,HRA000873
HRI105204,HRA000873
HRI105201,HRA000873
HRI105197,HRA000873
HRI105198,HRA000873
HRI105196,HRA000873
HRI105195,HRA000873
HRI105194,HRA000873
HRI105188,HRA000873
HRI105191,HRA000873
HRI105193,HRA000873
HRI105189,HRA000873
HRI105184,HRA000873
HRI105192,HRA000873
HRI105190,HRA000873
HRI105186,HRA000873
HRI105185,HRA000873
HRI105183,HRA000873
HRI105182,HRA000873
HRI105181,HRA000873
HRI105179,HRA000873
HRI105180,HRA000873
HRI105178,HRA000873
HRI105177,HRA000873
HRI105166,HRA000873
HRI105172,HRA000873
HRI105176,HRA000873
HRI105175,HRA000873
HRI105167,HRA000873
HRI105150,HRA000873
HRI105173,HRA000873
HRI105174,HRA000873
HRI105169,HRA000873
HRI105171,HRA000873
HRI105165,HRA000873
HRI105170,HRA000873
HRI105168,HRA000873
HRI105163,HRA000873
HRI105161,HRA000873
HRI105162,HRA000873
HRI105164,HRA000873
HRI105160,HRA000873
HRI105155,HRA000873
HRI105157,HRA000873
HRI105152,HRA000873
HRI105156,HRA000873
HRI105149,HRA000873
HRI105326,HRA000873
HRI105151,HRA000873
HRI105146,HRA000873
HRI105153,HRA000873
HRI105154,HRA000873
HRI105140,HRA000873
HRI105141,HRA000873
HRI105148,HRA000873
HRI105147,HRA000873
HRI105143,HRA000873
HRI105142,HRA000873
HRI105145,HRA000873
HRI105144,HRA000873
HRI105139,HRA000873
HRI105136,HRA000873
HRI105138,HRA000873
HRI105137,HRA000873
HRI105094,HRA000873
HRI105131,HRA000873
HRI105159,HRA000873
HRI105134,HRA000873
HRI105132,HRA000873
HRI105128,HRA000873
HRI105135,HRA000873
HRI105129,HRA000873
HRI105133,HRA000873
HRI105158,HRA000873
HRI105127,HRA000873
HRI105130,HRA000873
HRI105125,HRA000873
HRI105121,HRA000873
HRI105126,HRA000873
HRI105123,HRA000873
HRI105124,HRA000873
HRI105084,HRA000873
HRI105122,HRA000873
HRI105119,HRA000873
HRI105083,HRA000873
HRI105120,HRA000873
HRI105082,HRA000873
HRI105081,HRA000873
HRI105079,HRA000873
HRI105077,HRA000873
HRI105078,HRA000873
HRI105076,HRA000873
HRI105080,HRA000873
HRI105069,HRA000873
HRI105072,HRA000873
HRI105074,HRA000873
HRI105070,HRA000873
HRI105075,HRA000873
HRI105073,HRA000873
HRI105071,HRA000873
HRI105068,HRA000873
HRI105066,HRA000873
HRI105118,HRA000873
HRI105067,HRA000873
HRI105064,HRA000873
HRI105513,HRA000873
HRI105061,HRA000873
HRI105065,HRA000873
HRI105063,HRA000873
HRI105062,HRA000873
HRI105117,HRA000873
HRI105113,HRA000873
HRI105114,HRA000873
HRI105450,HRA000873
HRI105107,HRA000873
HRI105112,HRA000873
HRI105109,HRA000873
HRI105102,HRA000873
HRI105100,HRA000873
HRI105103,HRA000873
HRI105095,HRA000873
HRI105099,HRA000873
HRI105105,HRA000873
HRI105097,HRA000873
HRI105088,HRA000873
HRI105091,HRA000873
HRI105093,HRA000873
HRI105086,HRA000873
HRI105085,HRA000873
HRI105098,HRA000873
HRI105087,HRA000873
HRI105101,HRA000873
HRI104780,HRA000873
HRI105096,HRA000873
HRI105104,HRA000873
HRI105090,HRA000873
HRI105092,HRA000873
HRI105110,HRA000873
HRI105089,HRA000873
HRI105116,HRA000873
HRI105111,HRA000873
HRI105106,HRA000873
HRI105115,HRA000873
HRI105108,HRA000873
HRI105057,HRA000873
HRI105060,HRA000873
HRI105059,HRA000873
HRI105054,HRA000873
HRI105052,HRA000873
HRI105058,HRA000873
HRI105055,HRA000873
HRI105053,HRA000873
HRI105056,HRA000873
HRI105051,HRA000873
HRI105048,HRA000873
HRI105047,HRA000873
HRI105050,HRA000873
HRI105045,HRA000873
HRI105049,HRA000873
HRI105043,HRA000873
HRI105041,HRA000873
HRI105042,HRA000873
HRI105040,HRA000873
HRI105046,HRA000873
HRI105030,HRA000873
HRI105039,HRA000873
HRI105038,HRA000873
HRI105028,HRA000873
HRI105034,HRA000873
HRI105025,HRA000873
HRI105022,HRA000873
HRI105024,HRA000873
HRI105021,HRA000873
HRI105020,HRA000873
HRI105023,HRA000873
HRI105018,HRA000873
HRI105036,HRA000873
HRI105019,HRA000873
HRI105016,HRA000873
HRI105017,HRA000873
HRI105015,HRA000873
HRI105035,HRA000873
HRI105012,HRA000873
HRI105011,HRA000873
HRI105013,HRA000873
HRI105014,HRA000873
HRI105009,HRA000873
HRI105007,HRA000873
HRI105010,HRA000873
HRI105008,HRA000873
HRI105027,HRA000873
HRI105033,HRA000873
HRI105031,HRA000873
HRI105029,HRA000873
HRI104993,HRA000873
HRI105004,HRA000873
HRI105005,HRA000873
HRI105006,HRA000873
HRI105003,HRA000873
HRI104999,HRA000873
HRI105001,HRA000873
HRI105002,HRA000873
HRI105000,HRA000873
HRI104998,HRA000873
HRI104996,HRA000873
HRI104954,HRA000873
HRI104990,HRA000873
HRI104995,HRA000873
HRI104997,HRA000873
HRI104994,HRA000873
HRI104992,HRA000873
HRI104991,HRA000873
HRI104984,HRA000873
HRI104989,HRA000873
HRI104986,HRA000873
HRI104988,HRA000873
HRI104987,HRA000873
HRI104985,HRA000873
HRI104983,HRA000873
HRI104981,HRA000873
HRI104979,HRA000873
HRI104977,HRA000873
HRI104978,HRA000873
HRI104982,HRA000873
HRI104980,HRA000873
HRI104976,HRA000873
HRI104973,HRA000873
HRI104974,HRA000873
HRI104975,HRA000873
HRI104969,HRA000873
HRI104968,HRA000873
HRI104971,HRA000873
HRI104972,HRA000873
HRI104970,HRA000873
HRI104965,HRA000873
HRI104870,HRA000873
HRI104964,HRA000873
HRI104966,HRA000873
HRI104967,HRA000873
HRI104963,HRA000873
HRI104962,HRA000873
HRI104961,HRA000873
HRI104959,HRA000873
HRI104960,HRA000873
HRI104958,HRA000873
HRI104952,HRA000873
HRI104955,HRA000873
HRI104957,HRA000873
HRI104956,HRA000873
HRI104951,HRA000873
HRI104953,HRA000873
HRI105465,HRA000873
HRI104944,HRA000873
HRI104947,HRA000873
HRI104948,HRA000873
HRI104950,HRA000873
HRI104941,HRA000873
HRI104949,HRA000873
HRI104946,HRA000873
HRI104945,HRA000873
HRI104942,HRA000873
HRI104943,HRA000873
HRI104938,HRA000873
HRI104936,HRA000873
HRI104935,HRA000873
HRI104940,HRA000873
HRI104939,HRA000873
HRI104937,HRA000873
HRI104934,HRA000873
HRI104929,HRA000873
HRI104932,HRA000873
HRI104930,HRA000873
HRI104931,HRA000873
HRI104928,HRA000873
HRI104927,HRA000873
HRI104926,HRA000873
HRI104924,HRA000873
HRI104925,HRA000873
HRI104922,HRA000873
HRI104920,HRA000873
HRI104921,HRA000873
HRI104918,HRA000873
HRI104917,HRA000873
HRI104919,HRA000873
HRI104915,HRA000873
HRI104916,HRA000873
HRI104914,HRA000873
HRI105481,HRA000873
HRI105516,HRA000873
HRI105491,HRA000873
HRI105455,HRA000873
HRI105475,HRA000873
HRI105508,HRA000873
HRI105501,HRA000873
HRI105489,HRA000873
HRI105494,HRA000873
HRI105487,HRA000873
HRI105511,HRA000873
HRI105457,HRA000873
HRI105478,HRA000873
HRI105462,HRA000873
HRI105507,HRA000873
HRI105461,HRA000873
HRI105472,HRA000873
HRI105476,HRA000873
HRI105505,HRA000873
HRI105477,HRA000873
HRI105512,HRA000873
HRI105484,HRA000873
HRI105456,HRA000873
HRI105483,HRA000873
HRI105449,HRA000873
HRI105466,HRA000873
HRI105453,HRA000873
HRI105451,HRA000873
HRI105423,HRA000873
HRI105463,HRA000873
HRI105459,HRA000873
HRI105502,HRA000873
HRI105473,HRA000873
HRI105492,HRA000873
HRI105452,HRA000873
HRI105510,HRA000873
HRI105500,HRA000873
HRI105504,HRA000873
HRI105490,HRA000873
HRI105474,HRA000873
HRI105514,HRA000873
HRI105468,HRA000873
HRI105506,HRA000873
HRI105499,HRA000873
HRI105482,HRA000873
HRI105480,HRA000873
HRI105464,HRA000873
HRI105495,HRA000873
HRI105497,HRA000873
HRI105498,HRA000873
HRI104833,HRA000873
HRI105448,HRA000873
HRI105503,HRA000873
HRI105496,HRA000873
HRI105479,HRA000873
HRI105467,HRA000873
HRI105454,HRA000873
HRI105458,HRA000873
HRI105460,HRA000873
HRI105509,HRA000873
HRI105471,HRA000873
HRI104904,HRA000873
HRI104909,HRA000873
HRI105485,HRA000873
HRI105469,HRA000873
HRI105470,HRA000873
HRI105486,HRA000873
HRI104911,HRA000873
HRI105515,HRA000873
HRI105488,HRA000873
HRI104913,HRA000873
HRI105493,HRA000873
HRI104912,HRA000873
HRI104905,HRA000873
HRI104910,HRA000873
HRI104907,HRA000873
HRI104908,HRA000873
HRI104903,HRA000873
HRI104901,HRA000873
HRI104906,HRA000873
HRI104899,HRA000873
HRI104902,HRA000873
HRI104898,HRA000873
HRI104897,HRA000873
HRI104900,HRA000873
HRI104896,HRA000873
HRI104894,HRA000873
HRI104895,HRA000873
HRI104891,HRA000873
HRI104890,HRA000873
HRI104892,HRA000873
HRI104883,HRA000873
HRI104889,HRA000873
HRI104887,HRA000873
HRI104886,HRA000873
HRI104880,HRA000873
HRI104888,HRA000873
HRI104882,HRA000873
HRI104885,HRA000873
HRI104868,HRA000873
HRI104884,HRA000873
HRI104873,HRA000873
HRI104877,HRA000873
HRI104878,HRA000873
HRI104881,HRA000873
HRI104879,HRA000873
HRI104869,HRA000873
HRI104875,HRA000873
HRI104876,HRA000873
HRI104871,HRA000873
HRI104860,HRA000873
HRI104872,HRA000873
HRI104866,HRA000873
HRI104867,HRA000873
HRI104861,HRA000873
HRI104862,HRA000873
HRI104863,HRA000873
HRI104859,HRA000873
HRI104865,HRA000873
HRI104858,HRA000873
HRI104864,HRA000873
HRI104856,HRA000873
HRI104857,HRA000873
HRI104843,HRA000873
HRI104853,HRA000873
HRI104851,HRA000873
HRI104854,HRA000873
HRI104855,HRA000873
HRI105548,HRA000873
HRI104852,HRA000873
HRI104847,HRA000873
HRI104849,HRA000873
HRI104848,HRA000873
HRI104850,HRA000873
HRI104840,HRA000873
HRI104826,HRA000873
HRI104845,HRA000873
HRI104844,HRA000873
HRI104846,HRA000873
HRI104842,HRA000873
HRI104839,HRA000873
HRI104841,HRA000873
HRI104838,HRA000873
HRI104836,HRA000873
HRI104837,HRA000873
HRI105286,HRA000873
HRI104835,HRA000873
HRI104834,HRA000873
HRI104832,HRA000873
HRI105541,HRA000873
HRI104829,HRA000873
HRI104828,HRA000873
HRI104831,HRA000873
HRI104830,HRA000873
HRI104825,HRA000873
HRI104827,HRA000873
HRI104818,HRA000873
HRI104819,HRA000873
HRI104822,HRA000873
HRI104820,HRA000873
HRI104824,HRA000873
HRI104821,HRA000873
HRI104812,HRA000873
HRI104817,HRA000873
HRI104823,HRA000873
HRI104815,HRA000873
HRI104814,HRA000873
HRI104816,HRA000873
HRI104813,HRA000873
HRI104809,HRA000873
HRI104810,HRA000873
HRI104811,HRA000873
HRI104808,HRA000873
HRI104806,HRA000873
HRI104802,HRA000873
HRI104805,HRA000873
HRI104804,HRA000873
HRI104801,HRA000873
HRI104803,HRA000873
HRI104800,HRA000873
HRI104798,HRA000873
HRI104797,HRA000873
HRI104792,HRA000873
HRI104799,HRA000873
HRI104795,HRA000873
HRI104786,HRA000873
HRI104793,HRA000873
HRI104796,HRA000873
HRI104794,HRA000873
HRI104791,HRA000873
HRI104787,HRA000873
HRI104789,HRA000873
HRI104788,HRA000873
HRI104785,HRA000873
HRI104782,HRA000873
HRI104790,HRA000873
HRI104784,HRA000873
HRI105309,HRA000873
HRI104779,HRA000873
HRI104783,HRA000873
HRI104778,HRA000873
HRI104775,HRA000873
HRI104781,HRA000873
HRI105327,HRA000873
HRI104776,HRA000873
HRI104777,HRA000873
HRI105328,HRA000873
HRI105322,HRA000873
HRI105321,HRA000873
HRI105320,HRA000873
HRI105324,HRA000873
HRI105319,HRA000873
HRI105323,HRA000873
HRI105315,HRA000873
HRI105318,HRA000873
HRI105325,HRA000873
HRI105317,HRA000873
HRI105311,HRA000873
HRI105312,HRA000873
HRI105316,HRA000873
HRI105313,HRA000873
HRI105314,HRA000873
HRI105310,HRA000873
HRI105306,HRA000873
HRI105307,HRA000873
HRI105308,HRA000873
HRI105303,HRA000873
HRI105304,HRA000873
HRI105302,HRA000873
HRI105305,HRA000873
HRI105297,HRA000873
HRI105299,HRA000873
HRI105301,HRA000873
HRI105298,HRA000873
HRI105296,HRA000873
HRI105295,HRA000873
HRI105300,HRA000873
HRI105428,HRA000873
HRI105294,HRA000873
HRI105293,HRA000873
HRI105291,HRA000873
HRI105292,HRA000873
HRI105290,HRA000873
HRI105289,HRA000873
HRI105288,HRA000873
HRI105282,HRA000873
HRI105283,HRA000873
HRI105387,HRA000873
HRI105280,HRA000873
HRI105287,HRA000873
HRI105284,HRA000873
HRI105285,HRA000873
HRI105279,HRA000873
HRI105281,HRA000873
HRI105278,HRA000873
HRI105385,HRA000873
HRI105277,HRA000873
HRI105404,HRA000873
HRI105389,HRA000873
HRI105401,HRA000873
HRI105392,HRA000873
HRI105397,HRA000873
HRI105400,HRA000873
HRI105399,HRA000873
HRI105396,HRA000873
HRI105391,HRA000873
HRI105394,HRA000873
HRI105388,HRA000873
HRI105405,HRA000873
HRI105393,HRA000873
HRI105390,HRA000873
HRI105395,HRA000873
HRI105398,HRA000873
HRI105386,HRA000873
HRI105427,HRA000873
HRI105402,HRA000873
HRI105426,HRA000873
HRI105384,HRA000873
HRI105550,HRA000873
HRI105383,HRA000873
HRI105556,HRA000873
HRI105350,HRA000873
HRI105362,HRA000873
HRI105353,HRA000873
HRI105368,HRA000873
HRI105547,HRA000873
HRI105366,HRA000873
HRI105361,HRA000873
HRI105546,HRA000873
HRI105553,HRA000873
HRI105559,HRA000873
HRI105558,HRA000873
HRI105342,HRA000873
HRI105552,HRA000873
HRI105551,HRA000873
HRI105381,HRA000873
HRI105557,HRA000873
HRI105549,HRA000873
HRI105554,HRA000873
HRI105338,HRA000873
HRI105336,HRA000873
HRI105340,HRA000873
HRI105417,HRA000873
HRI105419,HRA000873
HRI105421,HRA000873
HRI105356,HRA000873
HRI105418,HRA000873
HRI105420,HRA000873
HRI105371,HRA000873
HRI105424,HRA000873
HRI105422,HRA000873
HRI105380,HRA000873
HRI105354,HRA000873
HRI105425,HRA000873
HRI105375,HRA000873
HRI105357,HRA000873
HRI105337,HRA000873
HRI105343,HRA000873
HRI105339,HRA000873
HRI105355,HRA000873
HRI105363,HRA000873
HRI105364,HRA000873
HRI105378,HRA000873
HRI105377,HRA000873
HRI105374,HRA000873
HRI105346,HRA000873
HRI105365,HRA000873
HRI105348,HRA000873
HRI105373,HRA000873
HRI105345,HRA000873
HRI105341,HRA000873
HRI105382,HRA000873
HRI105347,HRA000873
HRI105335,HRA000873
HRI105379,HRA000873
HRI105334,HRA000873
HRI105372,HRA000873
HRI105376,HRA000873
HRI105432,HRA000873
HRI105352,HRA000873
HRI105349,HRA000873
HRI105351,HRA000873
HRI105344,HRA000873
HRI105359,HRA000873
HRI105358,HRA000873
HRI105370,HRA000873
HRI105360,HRA000873
HRI105435,HRA000873
HRI105415,HRA000873
HRI105408,HRA000873
HRI105369,HRA000873
HRI105443,HRA000873
HRI105413,HRA000873
HRI105414,HRA000873
HRI105433,HRA000873
HRI105407,HRA000873
HRI105555,HRA000873
HRI105445,HRA000873
HRI105409,HRA000873
HRI105436,HRA000873
HRI105410,HRA000873
HRI105440,HRA000873
HRI105446,HRA000873
HRI105430,HRA000873
HRI105447,HRA000873
HRI105411,HRA000873
HRI105545,HRA000873
HRI105431,HRA000873
HRI105416,HRA000873
HRI105412,HRA000873
HRI105542,HRA000873
HRI105434,HRA000873
HRI105543,HRA000873
HRI105523,HRA000873
HRI105438,HRA000873
HRI105535,HRA000873
HRI105442,HRA000873
HRI105533,HRA000873
HRI105329,HRA000873
HRI105528,HRA000873
HRI105537,HRA000873
HRI105529,HRA000873
HRI105439,HRA000873
HRI105520,HRA000873
HRI105538,HRA000873
HRI105525,HRA000873
HRI105517,HRA000873
HRI105333,HRA000873
HRI105332,HRA000873
HRI105429,HRA000873
HRI105441,HRA000873
HRI105330,HRA000873
HRI105331,HRA000873
HRI105444,HRA000873
HRI105519,HRA000873
HRI105536,HRA000873
HRI105518,HRA000873
HRI105532,HRA000873
HRI105531,HRA000873
HRI105521,HRA000873
HRI105539,HRA000873
HRI105534,HRA000873
HRI105524,HRA000873
HRI105540,HRA000873
HRI105527,HRA000873
HRI105661,HRA000873
HRI105530,HRA000873
HRI105526,HRA000873
HRI105659,HRA000873
HRI105522,HRA000873
HRI105660,HRA000873
HRI105658,HRA000873
HRI105598,HRA000873
HRI105612,HRA000873
HRI105599,HRA000873
HRI105637,HRA000873
HRI105614,HRA000873
HRI105594,HRA000873
HRI105596,HRA000873
HRI105591,HRA000873
HRI105644,HRA000873
HRI105608,HRA000873
HRI105593,HRA000873
HRI105639,HRA000873
HRI105616,HRA000873
HRI105652,HRA000873
HRI105601,HRA000873
HRI105600,HRA000873
HRI105635,HRA000873
HRI105618,HRA000873
HRI105595,HRA000873
HRI105655,HRA000873
HRI105605,HRA000873
HRI105636,HRA000873
HRI105626,HRA000873
HRI105602,HRA000873
HRI105611,HRA000873
HRI105648,HRA000873
HRI105629,HRA000873
HRI105656,HRA000873
HRI105617,HRA000873
HRI105653,HRA000873
HRI105632,HRA000873
HRI105613,HRA000873
HRI105650,HRA000873
HRI105641,HRA000873
HRI105634,HRA000873
HRI105645,HRA000873
HRI105630,HRA000873
HRI105654,HRA000873
HRI105621,HRA000873
HRI105642,HRA000873
HRI105619,HRA000873
HRI105622,HRA000873
HRI105643,HRA000873
HRI105603,HRA000873
HRI105623,HRA000873
HRI105607,HRA000873
HRI105647,HRA000873
HRI105649,HRA000873
HRI105627,HRA000873
HRI105646,HRA000873
HRI105597,HRA000873
HRI105609,HRA000873
HRI105592,HRA000873
HRI105640,HRA000873
HRI105624,HRA000873
HRI105628,HRA000873
HRI105657,HRA000873
HRI105615,HRA000873
HRI105604,HRA000873
HRI105651,HRA000873
HRI105610,HRA000873
HRI105572,HRA000873
HRI105638,HRA000873
HRI105575,HRA000873
HRI105631,HRA000873
HRI105586,HRA000873
HRI105565,HRA000873
HRI105573,HRA000873
HRI105569,HRA000873
HRI105577,HRA000873
HRI105584,HRA000873
HRI105589,HRA000873
HRI105561,HRA000873
HRI105563,HRA000873
HRI105576,HRA000873
HRI105567,HRA000873
HRI105585,HRA000873
HRI105570,HRA000873
HRI105582,HRA000873
HRI105590,HRA000873
HRI105564,HRA000873
HRI105560,HRA000873
HRI105578,HRA000873
HRI105562,HRA000873
HRI105568,HRA000873
HRI105571,HRA000873
HRI105581,HRA000873
HRI105580,HRA000873
HRI105587,HRA000873
HRI105574,HRA000873
HRI105588,HRA000873
HRI105579,HRA000873
HRI105583,HRA000873
HRI105668,HRA000873
HRI105767,HRA000873
HRI105737,HRA000873
HRI105770,HRA000873
HRI105717,HRA000873
HRI105665,HRA000873
HRI105695,HRA000873
HRI105727,HRA000873
HRI105741,HRA000873
HRI105700,HRA000873
HRI105672,HRA000873
HRI105755,HRA000873
HRI105691,HRA000873
HRI105690,HRA000873
HRI105724,HRA000873
HRI105785,HRA000873
HRI105775,HRA000873
HRI105769,HRA000873
HRI105760,HRA000873
HRI105751,HRA000873
HRI105774,HRA000873
HRI105733,HRA000873
HRI105723,HRA000873
HRI105683,HRA000873
HRI105750,HRA000873
HRI105786,HRA000873
HRI105754,HRA000873
HRI105726,HRA000873
HRI105720,HRA000873
HRI105689,HRA000873
HRI105719,HRA000873
HRI105688,HRA000873
HRI105753,HRA000873
HRI105692,HRA000873
HRI105677,HRA000873
HRI105666,HRA000873
HRI105702,HRA000873
HRI105676,HRA000873
HRI105768,HRA000873
HRI105739,HRA000873
HRI105721,HRA000873
HRI105740,HRA000873
HRI105674,HRA000873
HRI105762,HRA000873
HRI105662,HRA000873
HRI105777,HRA000873
HRI105718,HRA000873
HRI105772,HRA000873
HRI105698,HRA000873
HRI105782,HRA000873
HRI105776,HRA000873
HRI105764,HRA000873
HRI105680,HRA000873
HRI105765,HRA000873
HRI105778,HRA000873
HRI105761,HRA000873
HRI105722,HRA000873
HRI105673,HRA000873
HRI105745,HRA000873
HRI105763,HRA000873
HRI105756,HRA000873
HRI105679,HRA000873
HRI105746,HRA000873
HRI105744,HRA000873
HRI105684,HRA000873
HRI105779,HRA000873
HRI105752,HRA000873
HRI105781,HRA000873
HRI105678,HRA000873
HRI105773,HRA000873
HRI105780,HRA000873
HRI105758,HRA000873
HRI105699,HRA000873
HRI105757,HRA000873
HRI105730,HRA000873
HRI105789,HRA000873
HRI105716,HRA000873
HRI105734,HRA000873
HRI105731,HRA000873
HRI105738,HRA000873
HRI105759,HRA000873
HRI105732,HRA000873
HRI105664,HRA000873
HRI105715,HRA000873
HRI105701,HRA000873
HRI105728,HRA000873
HRI105697,HRA000873
HRI105669,HRA000873
HRI105710,HRA000873
HRI105712,HRA000873
HRI105709,HRA000873
HRI105787,HRA000873
HRI105663,HRA000873
HRI105687,HRA000873
HRI105711,HRA000873
HRI105686,HRA000873
HRI105706,HRA000873
HRI105708,HRA000873
HRI105703,HRA000873
HRI105696,HRA000873
HRI105694,HRA000873
HRI105747,HRA000873
HRI105707,HRA000873
HRI105743,HRA000873
HRI105714,HRA000873
HRI105705,HRA000873
HRI105671,HRA000873
HRI105713,HRA000873
HRI105729,HRA000873
HRI105766,HRA000873
HRI105749,HRA000873
HRI105742,HRA000873
HRI105704,HRA000873
HRI105725,HRA000873
HRI105667,HRA000873
HRI105685,HRA000873
HRI105784,HRA000873
HRI105681,HRA000873
HRI105788,HRA000873
HRI105783,HRA000873
HRI105693,HRA000873
HRI105675,HRA000873
HRI105736,HRA000873
HRI105735,HRA000873
HRI105748,HRA000873
HRI105682,HRA000873
HRI105670,HRA000873
HRI147472,HRA001272
HRI147473,HRA001272
HRI147474,HRA001272
HRI147475,HRA001272
HRI147476,HRA001272
HRI147477,HRA001272
HRI147478,HRA001272
HRI147479,HRA001272
HRI147480,HRA001272
HRI147481,HRA001272
HRI147482,HRA001272
HRI147483,HRA001272
HRI147484,HRA001272
HRI147485,HRA001272
HRI147486,HRA001272
HRI147487,HRA001272
HRI147488,HRA001272
HRI147489,HRA001272
HRI147490,HRA001272
HRI147491,HRA001272
HRI147492,HRA001272
HRI147493,HRA001272
HRI147494,HRA001272
HRI147495,HRA001272
HRI147496,HRA001272
HRI147497,HRA001272
HRI147498,HRA001272
HRI147499,HRA001272
HRI147500,HRA001272
HRI147501,HRA001272
HRI147502,HRA001272
HRI147503,HRA001272
HRI147504,HRA001272
HRI147505,HRA001272
HRI147506,HRA001272
HRI147507,HRA001272
HRI147508,HRA001272
HRI147509,HRA001272
HRI147510,HRA001272
HRI147511,HRA001272
HRI147512,HRA001272
HRI147513,HRA001272
HRI147514,HRA001272
HRI147515,HRA001272
HRI147516,HRA001272
HRI147517,HRA001272
HRI147518,HRA001272
HRI147519,HRA001272
HRI147520,HRA001272
HRI147521,HRA001272
HRI147522,HRA001272
HRI147523,HRA001272
HRI147524,HRA001272
HRI147525,HRA001272
HRI147526,HRA001272
HRI147527,HRA001272
HRI147528,HRA001272
HRI147529,HRA001272
HRI147530,HRA001272
HRI147531,HRA001272
HRI147532,HRA001272
HRI147533,HRA001272
HRI147534,HRA001272
HRI147535,HRA001272
HRI147536,HRA001272
HRI147537,HRA001272
HRI147538,HRA001272
HRI147539,HRA001272
HRI147540,HRA001272
HRI147541,HRA001272
HRI147542,HRA001272
HRI147543,HRA001272
HRI147544,HRA001272
HRI147545,HRA001272
HRI147546,HRA001272
HRI147547,HRA001272
HRI147548,HRA001272
HRI147549,HRA001272
HRI147550,HRA001272
HRI147551,HRA001272
HRI147552,HRA001272
HRI147553,HRA001272
HRI147554,HRA001272
HRI147555,HRA001272
HRI147556,HRA001272
HRI147557,HRA001272
HRI147558,HRA001272
HRI147559,HRA001272
HRI147560,HRA001272
HRI147561,HRA001272
HRI147562,HRA001272
HRI147563,HRA001272
HRI147564,HRA001272
HRI147565,HRA001272
HRI147566,HRA001272
HRI147567,HRA001272
HRI147568,HRA001272
HRI147569,HRA001272
HRI147570,HRA001272
HRI147571,HRA001272
HRI147572,HRA001272
HRI147573,HRA001272
HRI147574,HRA001272
HRI147575,HRA001272
HRI147576,HRA001272
HRI147577,HRA001272
HRI147578,HRA001272
HRI147579,HRA001272
HRI147580,HRA001272
HRI147581,HRA001272
HRI147582,HRA001272
HRI147583,HRA001272
HRI147584,HRA001272
HRI147585,HRA001272
HRI147586,HRA001272
HRI147587,HRA001272
HRI147588,HRA001272
HRI147589,HRA001272
HRI147590,HRA001272
HRI147591,HRA001272
HRI147592,HRA001272
HRI147593,HRA001272
HRI147594,HRA001272
HRI147595,HRA001272
HRI147596,HRA001272
HRI147597,HRA001272
HRI147598,HRA001272
HRI147599,HRA001272
HRI147600,HRA001272
HRI147601,HRA001272
HRI147602,HRA001272
HRI147603,HRA001272
HRI147604,HRA001272
HRI147605,HRA001272
HRI147606,HRA001272
HRI147607,HRA001272
HRI147608,HRA001272
HRI147609,HRA001272
HRI147610,HRA001272
HRI147611,HRA001272
HRI147612,HRA001272
HRI147613,HRA001272
HRI147614,HRA001272
HRI147615,HRA001272
HRI147616,HRA001272
HRI147617,HRA001272
HRI147618,HRA001272
HRI147619,HRA001272
HRI147620,HRA001272
HRI147621,HRA001272
HRI147622,HRA001272
HRI147623,HRA001272
HRI147624,HRA001272
HRI147625,HRA001272
HRI147626,HRA001272
HRI147627,HRA001272
HRI147628,HRA001272
HRI147629,HRA001272
HRI147630,HRA001272
HRI147631,HRA001272
HRI147632,HRA001272
HRI147633,HRA001272
HRI147634,HRA001272
HRI147635,HRA001272
HRI147636,HRA001272
HRI147637,HRA001272
HRI147638,HRA001272
HRI147639,HRA001272
HRI147640,HRA001272
HRI147641,HRA001272
HRI147642,HRA001272
HRI147643,HRA001272
HRI147644,HRA001272
HRI147645,HRA001272
HRI147646,HRA001272
HRI147647,HRA001272
HRI147648,HRA001272
HRI147649,HRA001272
HRI147650,HRA001272
HRI147651,HRA001272
HRI147652,HRA001272
HRI147653,HRA001272
HRI728840,HRA001272
HRI728841,HRA001272
HRI728842,HRA001272
HRI728843,HRA001272
HRI728844,HRA001272
HRI728845,HRA001272
HRI728846,HRA001272
HRI728847,HRA001272
HRI728848,HRA001272
HRI728849,HRA001272
HRI728850,HRA001272
HRI728851,HRA001272
HRI728852,HRA001272
HRI728853,HRA001272
HRI728854,HRA001272
HRI728855,HRA001272
HRI728856,HRA001272
HRI728857,HRA001272
HRI728858,HRA001272
HRI728859,HRA001272
HRI728860,HRA001272
HRI728861,HRA001272
HRI728862,HRA001272
HRI728863,HRA001272
HRI179841,HRA001748
HRI179842,HRA001748
HRI179843,HRA001748
HRI179844,HRA001748
HRI179845,HRA001748
HRI179846,HRA001748
HRI179847,HRA001748
HRI179848,HRA001748
HRI179849,HRA001748
HRI179850,HRA001748
HRI179851,HRA001748
HRI179852,HRA001748
HRI179853,HRA001748
HRI179854,HRA001748
HRI179855,HRA001748
HRI179856,HRA001748
HRI179857,HRA001748
HRI179858,HRA001748
HRI179859,HRA001748
HRI179860,HRA001748
HRI179861,HRA001748
HRI179862,HRA001748
HRI179863,HRA001748
HRI179864,HRA001748
HRI179865,HRA001748
HRI179866,HRA001748
HRI179867,HRA001748
HRI179868,HRA001748
HRI179869,HRA001748
HRI179870,HRA001748
HRI179871,HRA001748
HRI179872,HRA001748
HRI179873,HRA001748
HRI179874,HRA001748
HRI179875,HRA001748
HRI179876,HRA001748
HRI179877,HRA001748
HRI179878,HRA001748
HRI179879,HRA001748
HRI179880,HRA001748
HRI179881,HRA001748
HRI179882,HRA001748
HRI179883,HRA001748
HRI179884,HRA001748
HRI179885,HRA001748
HRI179886,HRA001748
HRI179887,HRA001748
HRI179888,HRA001748
HRI179889,HRA001748
HRI179890,HRA001748
HRI179891,HRA001748
HRI179892,HRA001748
HRI179893,HRA001748
HRI179894,HRA001748
HRI179895,HRA001748
HRI179896,HRA001748
HRI179897,HRA001748
HRI179898,HRA001748
HRI179899,HRA001748
HRI179900,HRA001748
HRI179901,HRA001748
HRI179902,HRA001748
HRI179903,HRA001748
HRI179904,HRA001748
HRI179905,HRA001748
HRI179906,HRA001748
HRI179907,HRA001748
HRI179908,HRA001748
HRI179909,HRA001748
HRI179910,HRA001748
HRI179911,HRA001748
HRI179912,HRA001748
HRI179913,HRA001748
HRI179914,HRA001748
HRI179915,HRA001748
HRI179916,HRA001748
HRI179917,HRA001748
HRI179918,HRA001748
HRI179919,HRA001748
HRI179920,HRA001748
HRI179921,HRA001748
HRI179922,HRA001748
HRI179923,HRA001748
HRI179924,HRA001748
HRI179925,HRA001748
HRI179926,HRA001748
HRI179927,HRA001748
HRI179928,HRA001748
HRI179929,HRA001748
HRI179930,HRA001748
HRI179931,HRA001748
HRI179932,HRA001748
HRI179933,HRA001748
HRI179934,HRA001748
HRI179935,HRA001748
HRI179936,HRA001748
HRI179937,HRA001748
HRI179938,HRA001748
HRI179939,HRA001748
HRI179940,HRA001748
HRI179941,HRA001748
HRI179942,HRA001748
HRI179943,HRA001748
HRI179944,HRA001748
HRI179945,HRA001748
HRI179946,HRA001748
HRI179947,HRA001748
HRI179948,HRA001748
HRI179949,HRA001748
HRI179950,HRA001748
HRI179951,HRA001748
HRI179952,HRA001748
HRI179953,HRA001748
HRI179954,HRA001748
HRI179955,HRA001748
HRI179956,HRA001748
HRI179957,HRA001748
HRI179958,HRA001748
HRI179959,HRA001748
HRI179960,HRA001748
HRI179961,HRA001748
HRI179962,HRA001748
HRI179963,HRA001748
HRI179964,HRA001748
HRI264436,HRA002693
HRI264437,HRA002693
HRI264438,HRA002693
HRI264439,HRA002693
HRI264440,HRA002693
HRI264441,HRA002693
HRI264442,HRA002693
HRI264443,HRA002693
HRI264444,HRA002693
HRI264445,HRA002693
HRI264446,HRA002693
HRI264447,HRA002693
HRI264448,HRA002693
HRI264449,HRA002693
HRI264450,HRA002693
HRI264451,HRA002693
HRI264452,HRA002693
HRI264453,HRA002693
HRI264454,HRA002693
HRI264455,HRA002693
HRI264456,HRA002693
HRI264457,HRA002693
HRI264458,HRA002693
HRI264459,HRA002693
HRI264460,HRA002693
HRI264461,HRA002693
HRI264462,HRA002693
HRI264463,HRA002693
HRI264464,HRA002693
HRI264465,HRA002693
HRI264466,HRA002693
HRI264467,HRA002693
HRI264468,HRA002693
HRI264469,HRA002693
HRI264470,HRA002693
HRI264471,HRA002693
HRI264472,HRA002693
HRI264473,HRA002693
HRI264474,HRA002693
HRI264475,HRA002693
HRI264476,HRA002693
HRI264477,HRA002693
HRI264478,HRA002693
HRI264479,HRA002693
HRI264480,HRA002693
HRI264481,HRA002693
HRI264482,HRA002693
HRI264483,HRA002693
HRI264484,HRA002693
HRI264485,HRA002693
HRI264486,HRA002693
HRI264487,HRA002693
HRI264488,HRA002693
HRI264489,HRA002693
HRI264490,HRA002693
HRI264491,HRA002693
HRI264492,HRA002693
HRI264493,HRA002693
HRI264494,HRA002693
HRI264495,HRA002693
HRI264496,HRA002693
HRI264497,HRA002693
HRI264498,HRA002693
HRI264499,HRA002693
HRI264500,HRA002693
HRI264501,HRA002693
HRI264502,HRA002693
HRI264503,HRA002693
HRI264504,HRA002693
HRI264505,HRA002693
HRI264506,HRA002693
HRI264507,HRA002693
HRI264508,HRA002693
HRI264509,HRA002693
HRI264510,HRA002693
HRI264511,HRA002693
HRI264512,HRA002693
HRI264513,HRA002693
HRI264514,HRA002693
HRI264515,HRA002693
HRI264516,HRA002693
HRI264517,HRA002693
HRI264518,HRA002693
HRI264519,HRA002693
HRI264520,HRA002693
HRI264521,HRA002693
HRI264522,HRA002693
HRI264523,HRA002693
HRI264524,HRA002693
HRI264525,HRA002693
HRI264526,HRA002693
HRI264527,HRA002693
HRI264528,HRA002693
HRI264529,HRA002693
HRI264530,HRA002693
HRI264531,HRA002693
HRI264532,HRA002693
HRI264533,HRA002693
HRI264534,HRA002693
HRI264535,HRA002693
HRI264536,HRA002693
HRI264537,HRA002693
HRI264538,HRA002693
HRI264539,HRA002693
HRI264540,HRA002693
HRI264541,HRA002693
HRI264542,HRA002693
HRI264543,HRA002693
HRI264544,HRA002693
HRI264545,HRA002693
HRI264546,HRA002693
HRI264547,HRA002693
HRI264548,HRA002693
HRI264549,HRA002693
HRI264550,HRA002693
HRI264551,HRA002693
HRI264552,HRA002693
HRI264553,HRA002693
HRI264554,HRA002693
HRI264555,HRA002693
HRI264556,HRA002693
HRI264557,HRA002693
HRI264558,HRA002693
HRI264559,HRA002693
HRI264560,HRA002693
HRI264561,HRA002693
HRI264562,HRA002693
HRI264563,HRA002693
HRI264564,HRA002693
HRI264565,HRA002693
HRI264566,HRA002693
HRI264567,HRA002693
HRI264568,HRA002693
HRI264569,HRA002693
HRI264570,HRA002693
HRI264571,HRA002693
HRI264572,HRA002693
HRI264573,HRA002693
HRI264574,HRA002693
HRI264575,HRA002693
HRI264576,HRA002693
HRI264577,HRA002693
HRI264578,HRA002693
HRI264579,HRA002693
HRI264580,HRA002693
HRI264581,HRA002693
HRI264582,HRA002693
HRI264583,HRA002693
HRI264584,HRA002693
HRI264585,HRA002693
HRI264586,HRA002693
HRI264587,HRA002693
HRI264588,HRA002693
HRI264589,HRA002693
HRI264590,HRA002693
HRI264591,HRA002693
HRI264592,HRA002693
HRI264593,HRA002693
HRI264594,HRA002693
HRI264595,HRA002693
HRI264596,HRA002693
HRI264597,HRA002693
HRI264598,HRA002693
HRI264599,HRA002693
HRI264600,HRA002693
HRI264601,HRA002693
HRI264602,HRA002693
HRI264603,HRA002693
HRI264604,HRA002693
HRI264605,HRA002693
HRI264606,HRA002693
HRI264607,HRA002693
HRI264608,HRA002693
HRI264609,HRA002693
HRI264610,HRA002693
HRI264611,HRA002693
HRI264612,HRA002693
HRI264613,HRA002693
HRI264614,HRA002693
HRI264615,HRA002693
HRI264616,HRA002693
HRI264617,HRA002693
HRI264618,HRA002693
HRI264619,HRA002693
HRI264620,HRA002693
HRI264621,HRA002693
HRI264622,HRA002693
HRI264623,HRA002693
HRI264624,HRA002693
HRI264625,HRA002693
HRI264626,HRA002693
HRI264627,HRA002693
HRI264628,HRA002693
HRI264629,HRA002693
HRI264630,HRA002693
HRI264631,HRA002693
HRI264632,HRA002693
HRI264633,HRA002693
HRI264634,HRA002693
HRI264635,HRA002693
HRI264636,HRA002693
HRI264637,HRA002693
HRI264638,HRA002693
HRI264639,HRA002693
HRI264640,HRA002693
HRI264641,HRA002693
HRI264642,HRA002693
HRI264643,HRA002693
HRI264644,HRA002693
HRI264645,HRA002693
HRI264646,HRA002693
HRI264647,HRA002693
HRI264648,HRA002693
HRI264649,HRA002693
HRI264650,HRA002693
HRI264651,HRA002693
HRI264652,HRA002693
HRI264653,HRA002693
HRI264654,HRA002693
HRI264655,HRA002693
HRI264656,HRA002693
HRI264657,HRA002693
HRI264658,HRA002693
HRI264659,HRA002693
HRI264660,HRA002693
HRI264661,HRA002693
HRI264662,HRA002693
HRI264663,HRA002693
HRI264664,HRA002693
HRI264665,HRA002693
HRI264666,HRA002693
HRI264667,HRA002693
HRI264668,HRA002693
HRI264669,HRA002693
HRI264670,HRA002693
HRI264671,HRA002693
HRI264672,HRA002693
HRI264673,HRA002693
HRI264674,HRA002693
HRI264675,HRA002693
HRI264676,HRA002693
HRI264677,HRA002693
HRI264678,HRA002693
HRI264679,HRA002693
HRI264680,HRA002693
HRI264681,HRA002693
HRI264682,HRA002693
HRI264683,HRA002693
HRI264684,HRA002693
HRI264685,HRA002693
HRI264686,HRA002693
HRI264687,HRA002693
HRI264688,HRA002693
HRI264689,HRA002693
HRI264690,HRA002693
HRI264691,HRA002693
HRI264692,HRA002693
HRI264693,HRA002693
HRI264694,HRA002693
HRI264695,HRA002693
HRI264696,HRA002693
HRI264697,HRA002693
HRI264698,HRA002693
HRI264699,HRA002693
HRI264700,HRA002693
HRI264701,HRA002693
HRI264702,HRA002693
HRI264703,HRA002693
HRI264704,HRA002693
HRI264705,HRA002693
HRI264706,HRA002693
HRI264707,HRA002693
HRI264708,HRA002693
HRI264709,HRA002693
HRI264710,HRA002693
HRI264711,HRA002693
HRI264712,HRA002693
HRI264713,HRA002693
HRI264714,HRA002693
HRI264715,HRA002693
HRI264716,HRA002693
HRI264717,HRA002693
HRI264718,HRA002693
HRI264719,HRA002693
HRI264720,HRA002693
HRI264721,HRA002693
HRI264722,HRA002693
HRI264723,HRA002693
HRI264724,HRA002693
HRI264725,HRA002693
HRI264726,HRA002693
HRI264727,HRA002693
HRI264728,HRA002693
HRI264729,HRA002693
HRI264730,HRA002693
HRI264731,HRA002693
HRI264732,HRA002693
HRI264733,HRA002693
HRI264734,HRA002693
HRI264735,HRA002693
HRI264736,HRA002693
HRI264737,HRA002693
HRI264738,HRA002693
HRI264739,HRA002693
HRI264740,HRA002693
HRI264741,HRA002693
HRI264742,HRA002693
HRI264743,HRA002693
HRI264744,HRA002693
HRI264745,HRA002693
HRI264746,HRA002693
HRI264747,HRA002693
HRI264748,HRA002693
HRI264749,HRA002693
HRI264750,HRA002693
HRI264751,HRA002693
HRI264752,HRA002693
HRI264753,HRA002693
HRI264754,HRA002693
HRI264755,HRA002693
HRI264756,HRA002693
HRI264757,HRA002693
HRI264758,HRA002693
HRI264759,HRA002693
HRI264760,HRA002693
HRI264761,HRA002693
HRI264762,HRA002693
HRI264763,HRA002693
HRI264764,HRA002693
HRI264765,HRA002693
HRI264766,HRA002693
HRI264767,HRA002693
HRI264768,HRA002693
HRI264769,HRA002693
HRI264770,HRA002693
HRI264771,HRA002693
HRI264772,HRA002693
HRI264773,HRA002693
HRI264774,HRA002693
HRI264775,HRA002693
HRI264776,HRA002693
HRI264777,HRA002693
HRI264778,HRA002693
HRI264779,HRA002693
HRI264780,HRA002693
HRI264781,HRA002693
HRI264782,HRA002693
HRI264783,HRA002693
HRI264784,HRA002693
HRI264785,HRA002693
HRI264786,HRA002693
HRI264787,HRA002693
HRI264788,HRA002693
HRI264789,HRA002693
HRI264790,HRA002693
HRI264791,HRA002693
HRI264792,HRA002693
HRI264793,HRA002693
HRI264794,HRA002693
HRI264795,HRA002693
HRI264796,HRA002693
HRI264797,HRA002693
HRI264798,HRA002693
HRI264799,HRA002693
HRI264800,HRA002693
HRI264801,HRA002693
HRI264802,HRA002693
HRI264803,HRA002693
HRI264804,HRA002693
HRI264805,HRA002693
HRI264806,HRA002693
HRI264807,HRA002693
HRI264808,HRA002693
HRI264809,HRA002693
HRI264810,HRA002693
HRI264811,HRA002693
HRI264812,HRA002693
HRI264813,HRA002693
HRI264814,HRA002693
HRI264815,HRA002693
HRI264816,HRA002693
HRI264817,HRA002693
HRI264818,HRA002693
HRI264819,HRA002693
HRI264820,HRA002693
HRI264821,HRA002693
HRI264822,HRA002693
HRI264823,HRA002693
HRI264824,HRA002693
HRI264825,HRA002693
HRI264826,HRA002693
HRI264827,HRA002693
HRI264828,HRA002693
HRI264829,HRA002693
HRI264830,HRA002693
HRI264831,HRA002693
HRI264832,HRA002693
HRI264833,HRA002693
HRI264834,HRA002693
HRI264835,HRA002693
HRI264836,HRA002693
HRI264837,HRA002693
HRI264838,HRA002693
HRI264839,HRA002693
HRI264840,HRA002693
HRI264841,HRA002693
HRI264842,HRA002693
HRI264843,HRA002693
HRI264844,HRA002693
HRI264845,HRA002693
HRI264846,HRA002693
HRI264847,HRA002693
HRI264848,HRA002693
HRI264849,HRA002693
HRI264850,HRA002693
HRI264851,HRA002693
HRI264852,HRA002693
HRI264853,HRA002693
HRI264854,HRA002693
HRI264855,HRA002693
HRI264856,HRA002693
HRI264857,HRA002693
HRI264858,HRA002693
HRI264859,HRA002693
HRI264860,HRA002693
HRI264861,HRA002693
HRI264862,HRA002693
HRI264863,HRA002693
HRI264864,HRA002693
HRI264865,HRA002693
HRI264866,HRA002693
HRI264867,HRA002693
HRI264868,HRA002693
HRI264869,HRA002693
HRI264870,HRA002693
HRI264871,HRA002693
HRI264872,HRA002693
HRI264873,HRA002693
HRI264874,HRA002693
HRI264875,HRA002693
HRI264876,HRA002693
HRI264877,HRA002693
HRI281308,HRA003107
HRI281309,HRA003107
HRI281310,HRA003107
HRI281311,HRA003107
HRI281312,HRA003107
HRI281313,HRA003107
HRI281314,HRA003107
HRI281315,HRA003107
HRI281316,HRA003107
HRI281317,HRA003107
HRI281318,HRA003107
HRI281319,HRA003107
HRI281320,HRA003107
HRI281321,HRA003107
HRI281322,HRA003107
HRI281323,HRA003107
HRI281324,HRA003107
HRI281325,HRA003107
HRI281326,HRA003107
HRI281327,HRA003107
HRI281328,HRA003107
HRI281329,HRA003107
HRI281330,HRA003107
HRI281331,HRA003107
HRI281332,HRA003107
HRI281333,HRA003107
HRI281334,HRA003107
HRI281335,HRA003107
HRI281336,HRA003107
HRI281337,HRA003107
HRI281338,HRA003107
HRI281339,HRA003107
HRI281340,HRA003107
HRI281341,HRA003107
HRI281342,HRA003107
HRI281343,HRA003107
HRI281344,HRA003107
HRI281345,HRA003107
HRI281346,HRA003107
HRI281347,HRA003107
HRI281348,HRA003107
HRI281349,HRA003107
HRI281350,HRA003107
HRI281351,HRA003107
HRI281352,HRA003107
HRI281353,HRA003107
HRI281354,HRA003107
HRI281355,HRA003107
HRI281356,HRA003107
HRI281357,HRA003107
HRI281358,HRA003107
HRI281359,HRA003107
HRI281360,HRA003107
HRI281361,HRA003107
HRI281362,HRA003107
HRI281363,HRA003107
HRI281364,HRA003107
HRI281365,HRA003107
HRI281366,HRA003107
HRI281367,HRA003107
HRI281368,HRA003107
HRI281369,HRA003107
HRI281370,HRA003107
HRI281371,HRA003107
HRI281372,HRA003107
HRI281373,HRA003107
HRI281374,HRA003107
HRI281375,HRA003107
HRI281376,HRA003107
HRI281377,HRA003107
HRI281378,HRA003107
HRI281379,HRA003107
HRI281380,HRA003107
HRI281381,HRA003107
HRI281382,HRA003107
HRI281383,HRA003107
HRI281384,HRA003107
HRI281385,HRA003107
HRI281386,HRA003107
HRI281387,HRA003107
HRI281388,HRA003107
HRI281389,HRA003107
HRI281390,HRA003107
HRI281391,HRA003107
HRI281392,HRA003107
HRI281393,HRA003107
HRI281394,HRA003107
HRI281395,HRA003107
HRI281396,HRA003107
HRI281397,HRA003107
HRI281398,HRA003107
HRI281399,HRA003107
HRI281400,HRA003107
HRI281401,HRA003107
HRI281402,HRA003107
HRI281403,HRA003107
HRI281404,HRA003107
HRI281405,HRA003107
HRI281406,HRA003107
HRI281407,HRA003107
HRI281408,HRA003107
HRI281409,HRA003107
HRI281410,HRA003107
HRI281411,HRA003107
HRI281412,HRA003107
HRI281413,HRA003107
HRI281414,HRA003107
HRI281415,HRA003107
HRI281416,HRA003107
HRI281417,HRA003107
HRI281418,HRA003107
HRI281419,HRA003107
HRI281420,HRA003107
HRI281421,HRA003107
HRI281422,HRA003107
HRI281423,HRA003107
HRI281424,HRA003107
HRI281425,HRA003107
HRI281426,HRA003107
HRI281427,HRA003107
HRI281428,HRA003107
HRI281429,HRA003107
HRI281430,HRA003107
HRI281431,HRA003107
HRI281432,HRA003107
HRI281433,HRA003107
HRI281434,HRA003107
HRI281435,HRA003107
HRI281436,HRA003107
HRI281437,HRA003107
HRI281438,HRA003107
HRI281439,HRA003107
HRI281440,HRA003107
HRI281441,HRA003107
HRI281442,HRA003107
HRI281443,HRA003107
HRI281444,HRA003107
HRI281445,HRA003107
HRI281446,HRA003107
HRI281447,HRA003107
HRI281448,HRA003107
HRI281449,HRA003107
HRI281450,HRA003107
HRI281451,HRA003107
HRI281452,HRA003107
HRI281453,HRA003107
HRI281454,HRA003107
HRI281455,HRA003107
HRI281456,HRA003107
HRI281457,HRA003107
HRI281458,HRA003107
HRI281459,HRA003107
HRI281460,HRA003107
HRI281461,HRA003107
HRI281462,HRA003107
HRI689406,HRA005191
HRI689407,HRA005191
HRI689408,HRA005191
HRI689409,HRA005191
HRI689410,HRA005191
HRI689411,HRA005191
HRI689412,HRA005191
HRI689413,HRA005191
HRI689414,HRA005191
HRI689415,HRA005191
HRI689416,HRA005191
HRI689417,HRA005191
HRI689418,HRA005191
HRI689419,HRA005191
HRI689420,HRA005191
HRI689421,HRA005191
HRI689422,HRA005191
HRI689423,HRA005191
HRI689424,HRA005191
HRI689425,HRA005191
HRI689426,HRA005191
HRI689427,HRA005191
HRI689428,HRA005191
HRI689429,HRA005191
HRI689430,HRA005191
HRI689431,HRA005191
HRI689432,HRA005191
HRI689433,HRA005191
HRI689434,HRA005191
HRI689435,HRA005191
HRI689436,HRA005191
HRI689437,HRA005191
HRI689438,HRA005191
HRI689439,HRA005191
HRI689440,HRA005191
HRI689441,HRA005191
HRI689442,HRA005191
HRI689443,HRA005191
HRI689444,HRA005191
HRI689445,HRA005191
HRI689446,HRA005191
HRI689447,HRA005191
HRI689448,HRA005191
HRI689449,HRA005191
HRI689450,HRA005191
HRI689451,HRA005191
HRI689452,HRA005191
HRI689453,HRA005191
HRI689454,HRA005191
HRI689455,HRA005191
HRI689456,HRA005191
HRI689457,HRA005191
HRI689458,HRA005191
HRI689459,HRA005191
HRI689460,HRA005191
HRI689461,HRA005191
HRI689462,HRA005191
HRI689463,HRA005191
HRI689464,HRA005191
HRI689465,HRA005191
HRI689466,HRA005191
HRI689467,HRA005191
HRI689468,HRA005191
HRI689469,HRA005191
HRI689470,HRA005191
HRI689471,HRA005191
HRI689472,HRA005191
HRI689473,HRA005191
HRI689474,HRA005191
HRI689475,HRA005191
HRI689476,HRA005191
HRI689477,HRA005191
HRI689478,HRA005191
HRI689479,HRA005191
HRI689480,HRA005191
HRI689481,HRA005191
HRI689482,HRA005191
HRI689483,HRA005191
HRI689484,HRA005191
HRI689485,HRA005191
HRI689486,HRA005191
HRI689487,HRA005191
HRI689488,HRA005191
HRI689489,HRA005191
HRI689490,HRA005191
HRI689491,HRA005191
HRI689492,HRA005191
HRI689493,HRA005191
HRI689494,HRA005191
HRI689495,HRA005191
HRI689496,HRA005191
HRI689497,HRA005191
HRI689498,HRA005191
HRI689499,HRA005191
HRI689500,HRA005191
HRI689501,HRA005191
HRI689502,HRA005191
HRI689503,HRA005191
HRI689504,HRA005191
HRI689505,HRA005191
HRI689506,HRA005191
HRI689507,HRA005191
HRI689508,HRA005191
HRI689509,HRA005191
HRI689510,HRA005191
HRI689511,HRA005191
HRI689512,HRA005191
HRI689513,HRA005191
HRI689514,HRA005191
HRI689515,HRA005191
HRI689516,HRA005191
HRI689517,HRA005191
HRI689518,HRA005191
HRI689519,HRA005191
HRI689520,HRA005191
HRI689521,HRA005191
HRI689522,HRA005191
HRI689523,HRA005191
HRI689524,HRA005191
HRI689525,HRA005191
HRI689526,HRA005191
HRI689527,HRA005191
HRI689528,HRA005191
HRI689529,HRA005191
HRI689530,HRA005191
HRI689531,HRA005191
HRI689532,HRA005191
HRI689533,HRA005191
HRI689534,HRA005191
HRI689535,HRA005191
HRI689536,HRA005191
HRI689537,HRA005191
HRI689538,HRA005191
HRI689539,HRA005191
HRI689540,HRA005191
HRI689541,HRA005191
HRI689542,HRA005191
HRI689543,HRA005191
HRI689544,HRA005191
HRI689545,HRA005191
HRI689546,HRA005191
HRI689547,HRA005191
HRI689548,HRA005191
HRI689549,HRA005191
HRI689550,HRA005191
HRI689551,HRA005191
HRI689552,HRA005191
HRI689553,HRA005191
HRI689554,HRA005191
HRI689555,HRA005191
HRI689556,HRA005191
HRI689557,HRA005191
HRI689558,HRA005191
HRI689559,HRA005191
HRI689560,HRA005191
HRI689561,HRA005191
HRI689562,HRA005191
HRI689563,HRA005191
HRI689564,HRA005191
HRI689565,HRA005191
HRI689566,HRA005191
HRI689567,HRA005191
HRI689568,HRA005191
HRI689569,HRA005191
HRI689570,HRA005191
HRI689571,HRA005191
HRI689572,HRA005191
HRI689573,HRA005191
HRI689574,HRA005191
HRI689575,HRA005191
HRI689576,HRA005191
HRI689577,HRA005191
HRI689578,HRA005191
HRI689579,HRA005191
HRI689580,HRA005191
HRI689581,HRA005191
HRI689582,HRA005191
HRI689583,HRA005191
HRI689584,HRA005191
HRI689585,HRA005191
HRI689586,HRA005191
HRI689587,HRA005191
HRI689588,HRA005191
HRI689589,HRA005191
HRI689590,HRA005191
HRI689591,HRA005191
HRI689592,HRA005191
HRI689593,HRA005191
HRI689594,HRA005191
HRI689595,HRA005191
HRI689596,HRA005191
HRI689597,HRA005191
HRI689598,HRA005191
HRI689599,HRA005191
HRI689600,HRA005191
HRI689601,HRA005191
HRI689602,HRA005191
HRI689603,HRA005191
HRI689604,HRA005191
HRI689605,HRA005191
HRI689606,HRA005191
HRI689607,HRA005191
HRI689608,HRA005191
HRI689609,HRA005191
HRI689610,HRA005191
HRI689611,HRA005191
HRI689612,HRA005191
HRI689613,HRA005191
HRI689614,HRA005191
HRI689615,HRA005191
HRI689616,HRA005191
HRI689617,HRA005191
HRI689618,HRA005191
HRI689619,HRA005191
HRI689620,HRA005191
HRI689621,HRA005191
HRI689622,HRA005191
HRI689623,HRA005191
HRI689624,HRA005191
HRI689625,HRA005191
HRI689626,HRA005191
HRI689627,HRA005191
HRI689628,HRA005191
HRI689629,HRA005191
HRI689630,HRA005191
HRI689631,HRA005191
HRI689632,HRA005191
HRI689633,HRA005191
HRI689634,HRA005191
HRI689635,HRA005191
HRI689636,HRA005191
HRI689637,HRA005191
HRI689638,HRA005191
HRI689639,HRA005191
HRI689640,HRA005191
HRI689641,HRA005191
HRI689642,HRA005191
HRI689643,HRA005191
HRI689644,HRA005191
HRI689645,HRA005191
HRI689646,HRA005191
HRI689647,HRA005191
HRI689648,HRA005191
HRI769104,HRA006117
HRI769105,HRA006117
HRI769106,HRA006117
HRI769107,HRA006117
HRI769108,HRA006117
HRI769109,HRA006117
HRI769110,HRA006117
HRI769111,HRA006117
HRI769112,HRA006117
HRI769113,HRA006117
HRI769114,HRA006117
HRI769115,HRA006117
HRI769116,HRA006117
HRI769117,HRA006117
HRI769118,HRA006117
HRI769119,HRA006117
HRI769120,HRA006117
HRI769121,HRA006117
HRI769122,HRA006117
HRI769123,HRA006117
HRI769124,HRA006117
HRI769125,HRA006117
HRI769126,HRA006117
HRI769127,HRA006117
HRI769128,HRA006117
HRI769129,HRA006117
HRI769130,HRA006117
HRI769131,HRA006117
HRI769132,HRA006117
HRI769133,HRA006117
HRI769134,HRA006117
HRI769135,HRA006117
HRI769136,HRA006117
HRI769137,HRA006117
HRI769138,HRA006117
HRI769139,HRA006117
HRI769140,HRA006117
HRI769141,HRA006117
HRI769142,HRA006117
HRI769143,HRA006117
HRI769144,HRA006117
HRI769145,HRA006117
HRI769146,HRA006117
HRI769147,HRA006117
HRI769148,HRA006117
HRI769149,HRA006117
HRI769150,HRA006117
HRI769151,HRA006117
HRI769152,HRA006117
HRI769153,HRA006117
HRI769154,HRA006117
HRI769155,HRA006117
HRI769156,HRA006117
HRI769157,HRA006117
HRI769158,HRA006117
HRI769159,HRA006117
HRI769160,HRA006117
HRI769161,HRA006117
HRI769162,HRA006117
HRI769163,HRA006117
HRI769164,HRA006117
HRI769165,HRA006117
HRI769166,HRA006117
HRI769167,HRA006117
HRI769168,HRA006117
HRI769169,HRA006117
HRI769170,HRA006117
HRI769171,HRA006117
HRI769172,HRA006117
HRI769173,HRA006117
HRI769174,HRA006117
HRI769175,HRA006117
HRI769176,HRA006117
HRI769177,HRA006117
HRI769178,HRA006117
HRI769179,HRA006117
HRI769180,HRA006117
HRI769181,HRA006117
HRI769182,HRA006117
HRI769183,HRA006117
HRI769184,HRA006117
HRI769185,HRA006117
HRI769186,HRA006117
HRI769187,HRA006117
HRI769188,HRA006117
HRI769189,HRA006117
HRI769190,HRA006117
HRI769191,HRA006117
HRI769192,HRA006117
HRI769193,HRA006117
HRI769194,HRA006117
HRI769195,HRA006117
HRI769196,HRA006117
HRI769197,HRA006117
HRI769198,HRA006117
HRI769199,HRA006117
HRI769200,HRA006117
HRI769201,HRA006117
HRI769202,HRA006117
HRI769203,HRA006117
HRI769204,HRA006117
HRI769205,HRA006117
HRI769206,HRA006117
HRI769207,HRA006117
HRI769208,HRA006117
HRI769209,HRA006117
HRI769210,HRA006117
HRI769211,HRA006117
HRI769212,HRA006117
HRI769213,HRA006117
HRI769214,HRA006117
HRI769215,HRA006117
HRI769216,HRA006117
HRI769217,HRA006117
HRI769218,HRA006117
HRI769219,HRA006117
HRI769220,HRA006117
HRI769221,HRA006117
HRI769222,HRA006117
HRI769223,HRA006117
HRI769224,HRA006117
HRI769225,HRA006117
HRI769226,HRA006117
HRI769227,HRA006117
HRI769228,HRA006117
HRI769229,HRA006117
HRI769230,HRA006117
HRI769231,HRA006117
HRI769232,HRA006117
HRI769233,HRA006117
HRI769234,HRA006117
HRI769235,HRA006117
HRI769236,HRA006117
HRI769237,HRA006117
HRI769238,HRA006117
HRI769239,HRA006117
HRI769240,HRA006117
HRI769241,HRA006117
HRI769242,HRA006117
HRI769243,HRA006117
HRI769244,HRA006117
HRI769245,HRA006117
HRI769246,HRA006117
HRI769247,HRA006117
HRI769248,HRA006117
HRI769249,HRA006117
HRI769250,HRA006117
HRI769251,HRA006117
HRI769252,HRA006117
HRI769253,HRA006117
HRI769254,HRA006117
HRI769255,HRA006117
HRI769256,HRA006117
HRI769257,HRA006117
HRI769258,HRA006117
HRI769259,HRA006117
HRI769260,HRA006117
HRI768691,HRA006117
HRI768692,HRA006117
HRI768693,HRA006117
HRI768694,HRA006117
HRI768695,HRA006117
HRI768696,HRA006117
HRI768697,HRA006117
HRI768698,HRA006117
HRI768699,HRA006117
HRI768700,HRA006117
HRI768701,HRA006117
HRI768702,HRA006117
HRI768703,HRA006117
HRI768704,HRA006117
HRI768705,HRA006117
HRI768706,HRA006117
HRI768707,HRA006117
HRI768708,HRA006117
HRI768709,HRA006117
HRI768710,HRA006117
HRI768711,HRA006117
HRI768712,HRA006117
HRI768713,HRA006117
HRI768714,HRA006117
HRI768715,HRA006117
HRI768716,HRA006117
HRI768717,HRA006117
HRI768718,HRA006117
HRI768719,HRA006117
HRI768720,HRA006117
HRI768721,HRA006117
HRI768722,HRA006117
HRI768723,HRA006117
HRI768724,HRA006117
HRI768725,HRA006117
HRI768726,HRA006117
HRI768727,HRA006117
HRI768728,HRA006117
HRI768729,HRA006117
HRI768730,HRA006117
HRI768731,HRA006117
HRI768732,HRA006117
HRI768733,HRA006117
HRI768734,HRA006117
HRI768735,HRA006117
HRI768736,HRA006117
HRI768737,HRA006117
HRI768738,HRA006117
HRI768739,HRA006117
HRI768740,HRA006117
HRI768741,HRA006117
HRI768742,HRA006117
HRI768743,HRA006117
HRI768744,HRA006117
HRI768745,HRA006117
HRI768746,HRA006117
HRI768747,HRA006117
HRI768748,HRA006117
HRI768749,HRA006117
HRI768750,HRA006117
HRI768751,HRA006117
HRI768752,HRA006117
HRI768753,HRA006117
HRI768754,HRA006117
HRI768755,HRA006117
HRI768756,HRA006117
HRI768757,HRA006117
HRI768758,HRA006117
HRI768759,HRA006117
HRI768760,HRA006117
HRI768761,HRA006117
HRI768762,HRA006117
HRI768763,HRA006117
HRI768764,HRA006117
HRI768765,HRA006117
HRI768766,HRA006117
HRI768767,HRA006117
HRI768768,HRA006117
HRI768769,HRA006117
HRI768770,HRA006117
HRI768771,HRA006117
HRI768772,HRA006117
HRI768773,HRA006117
HRI768774,HRA006117
HRI768775,HRA006117
HRI768776,HRA006117
HRI768777,HRA006117
HRI768778,HRA006117
HRI768779,HRA006117
HRI768780,HRA006117
HRI768781,HRA006117
HRI768782,HRA006117
HRI768783,HRA006117
HRI768784,HRA006117
HRI768785,HRA006117
HRI768786,HRA006117
HRI768787,HRA006117
HRI768788,HRA006117
HRI768789,HRA006117
HRI768790,HRA006117
HRI768791,HRA006117
HRI768792,HRA006117
HRI768793,HRA006117
HRI768794,HRA006117
HRI768795,HRA006117
HRI768796,HRA006117
HRI768797,HRA006117
HRI768798,HRA006117
HRI768799,HRA006117
HRI768800,HRA006117
HRI768801,HRA006117
HRI768802,HRA006117
HRI768803,HRA006117
HRI768804,HRA006117
HRI768805,HRA006117
HRI768806,HRA006117
HRI768807,HRA006117
HRI768808,HRA006117
HRI768809,HRA006117
HRI768810,HRA006117
HRI768811,HRA006117
HRI768812,HRA006117
HRI768813,HRA006117
HRI768814,HRA006117
HRI768815,HRA006117
HRI768816,HRA006117
HRI768817,HRA006117
HRI768818,HRA006117
HRI768819,HRA006117
HRI768820,HRA006117
HRI768821,HRA006117
HRI768822,HRA006117
HRI768823,HRA006117
HRI768824,HRA006117
HRI768825,HRA006117
HRI768826,HRA006117
HRI768827,HRA006117
HRI768828,HRA006117
HRI768829,HRA006117
HRI768830,HRA006117
HRI768831,HRA006117
HRI768832,HRA006117
HRI768833,HRA006117
HRI768834,HRA006117
HRI768835,HRA006117
HRI768836,HRA006117
HRI768837,HRA006117
HRI768838,HRA006117
HRI768839,HRA006117
HRI768840,HRA006117
HRI768841,HRA006117
HRI768842,HRA006117
HRI768843,HRA006117
HRI768844,HRA006117
HRI768845,HRA006117
HRI768846,HRA006117
HRI768847,HRA006117
HRI768848,HRA006117
HRI768849,HRA006117
HRI768850,HRA006117
HRI768851,HRA006117
HRI768852,HRA006117
HRI768853,HRA006117
HRI768854,HRA006117
HRI768855,HRA006117
HRI768856,HRA006117
HRI768857,HRA006117
HRI768858,HRA006117
HRI768859,HRA006117
HRI768860,HRA006117
HRI768861,HRA006117
HRI768862,HRA006117
HRI768863,HRA006117
HRI768864,HRA006117
HRI768865,HRA006117
HRI768866,HRA006117
HRI768867,HRA006117
HRI768868,HRA006117
HRI768869,HRA006117
HRI768870,HRA006117
HRI768871,HRA006117
HRI768872,HRA006117
HRI768873,HRA006117
HRI768874,HRA006117
HRI768875,HRA006117
HRI768876,HRA006117
HRI768877,HRA006117
HRI768878,HRA006117
HRI768879,HRA006117
HRI768880,HRA006117
HRI768881,HRA006117
HRI768882,HRA006117
HRI768883,HRA006117
HRI768884,HRA006117
HRI768885,HRA006117
HRI768886,HRA006117
HRI768887,HRA006117
HRI768888,HRA006117
HRI768889,HRA006117
HRI768890,HRA006117
HRI768891,HRA006117
HRI768892,HRA006117
HRI768893,HRA006117
HRI768894,HRA006117
HRI768895,HRA006117
HRI768896,HRA006117
HRI768897,HRA006117
HRI768898,HRA006117
HRI768899,HRA006117
HRI768900,HRA006117
HRI768901,HRA006117
HRI768902,HRA006117
HRI768903,HRA006117
HRI768904,HRA006117
HRI768905,HRA006117
HRI768906,HRA006117
HRI768907,HRA006117
HRI768908,HRA006117
HRI768909,HRA006117
HRI768910,HRA006117
HRI768911,HRA006117
HRI768912,HRA006117
HRI768913,HRA006117
HRI768914,HRA006117
HRI768915,HRA006117
HRI768916,HRA006117
HRI768917,HRA006117
HRI768918,HRA006117
HRI768919,HRA006117
HRI768920,HRA006117
HRI768921,HRA006117
HRI768922,HRA006117
HRI768923,HRA006117
HRI768924,HRA006117
HRI768925,HRA006117
HRI768926,HRA006117
HRI768927,HRA006117
HRI768928,HRA006117
HRI768929,HRA006117
HRI768930,HRA006117
HRI768931,HRA006117
HRI768932,HRA006117
HRI768933,HRA006117
HRI768934,HRA006117
HRI768935,HRA006117
HRI768936,HRA006117
HRI768937,HRA006117
HRI768938,HRA006117
HRI768939,HRA006117
HRI768940,HRA006117
HRI768941,HRA006117
HRI768942,HRA006117
HRI768943,HRA006117
HRI768944,HRA006117
HRI768945,HRA006117
HRI768946,HRA006117
HRI768947,HRA006117
HRI768948,HRA006117
HRI768949,HRA006117
HRI768950,HRA006117
HRI768951,HRA006117
HRI768952,HRA006117
HRI768953,HRA006117
HRI768954,HRA006117
HRI768955,HRA006117
HRI768956,HRA006117
HRI768957,HRA006117
HRI768958,HRA006117
HRI768959,HRA006117
HRI768960,HRA006117
HRI768961,HRA006117
HRI768962,HRA006117
HRI768963,HRA006117
HRI768964,HRA006117
HRI768965,HRA006117
HRI768966,HRA006117
HRI768967,HRA006117
HRI768968,HRA006117
HRI768969,HRA006117
HRI768970,HRA006117
HRI768971,HRA006117
HRI768972,HRA006117
HRI768973,HRA006117
HRI768974,HRA006117
HRI768975,HRA006117
HRI768976,HRA006117
HRI768977,HRA006117
HRI768978,HRA006117
HRI768979,HRA006117
HRI768980,HRA006117
HRI768981,HRA006117
HRI768982,HRA006117
HRI768983,HRA006117
HRI768984,HRA006117
HRI768985,HRA006117
HRI768986,HRA006117
HRI768987,HRA006117
HRI768988,HRA006117
HRI768989,HRA006117
HRI768990,HRA006117
HRI768991,HRA006117
HRI768992,HRA006117
HRI768993,HRA006117
HRI768994,HRA006117
HRI768995,HRA006117
HRI768996,HRA006117
HRI768997,HRA006117
HRI768998,HRA006117
HRI768999,HRA006117
HRI769000,HRA006117
HRI769001,HRA006117
HRI769002,HRA006117
HRI769003,HRA006117
HRI769004,HRA006117
HRI769005,HRA006117
HRI769006,HRA006117
HRI769007,HRA006117
HRI769008,HRA006117
HRI769009,HRA006117
HRI769010,HRA006117
HRI769011,HRA006117
HRI769012,HRA006117
HRI769013,HRA006117
HRI769014,HRA006117
HRI769015,HRA006117
HRI769016,HRA006117
HRI769017,HRA006117
HRI769018,HRA006117
HRI769019,HRA006117
HRI769020,HRA006117
HRI769021,HRA006117
HRI769022,HRA006117
HRI769023,HRA006117
HRI769024,HRA006117
HRI769025,HRA006117
HRI769026,HRA006117
HRI769027,HRA006117
HRI769028,HRA006117
HRI769029,HRA006117
HRI769030,HRA006117
HRI769031,HRA006117
HRI769032,HRA006117
HRI769033,HRA006117
HRI769034,HRA006117
HRI769035,HRA006117
HRI769036,HRA006117
HRI769037,HRA006117
HRI769038,HRA006117
HRI769039,HRA006117
HRI769040,HRA006117
HRI769041,HRA006117
HRI769042,HRA006117
HRI769043,HRA006117
HRI769044,HRA006117
HRI769045,HRA006117
HRI769046,HRA006117
HRI769047,HRA006117
HRI769048,HRA006117
HRI769049,HRA006117
HRI769050,HRA006117
HRI769051,HRA006117
HRI769052,HRA006117
HRI769053,HRA006117
HRI769054,HRA006117
HRI769055,HRA006117
HRI769056,HRA006117
HRI769057,HRA006117
HRI769058,HRA006117
HRI769059,HRA006117
HRI769060,HRA006117
HRI769061,HRA006117
HRI769062,HRA006117
HRI769063,HRA006117
HRI769064,HRA006117
HRI769065,HRA006117
HRI769066,HRA006117
HRI769067,HRA006117
HRI769068,HRA006117
HRI769069,HRA006117
HRI769070,HRA006117
HRI769071,HRA006117
HRI769072,HRA006117
HRI769073,HRA006117
HRI769074,HRA006117
HRI769075,HRA006117
HRI769076,HRA006117
HRI769077,HRA006117
HRI769078,HRA006117
HRI769079,HRA006117
HRI769080,HRA006117
HRI769081,HRA006117
HRI769082,HRA006117
HRI769083,HRA006117
HRI769084,HRA006117
HRI769085,HRA006117
HRI769086,HRA006117
HRI769087,HRA006117
HRI769088,HRA006117
HRI769089,HRA006117
HRI769090,HRA006117
HRI769091,HRA006117
HRI769092,HRA006117
HRI769093,HRA006117
HRI769094,HRA006117
HRI769095,HRA006117
HRI769096,HRA006117
HRI769097,HRA006117
HRI769098,HRA006117
HRI769099,HRA006117
HRI769100,HRA006117
HRI769101,HRA006117
HRI769102,HRA006117
HRI769103,HRA006117
HRI783929,HRA006499
HRI783930,HRA006499
HRI783931,HRA006499
HRI783932,HRA006499
HRI783933,HRA006499
HRI783934,HRA006499
HRI783935,HRA006499
HRI783936,HRA006499
HRI783937,HRA006499
HRI783938,HRA006499
HRI783939,HRA006499
HRI783940,HRA006499
HRI783941,HRA006499
HRI783942,HRA006499
HRI783943,HRA006499
HRI783944,HRA006499
HRI783945,HRA006499
HRI783946,HRA006499
HRI783947,HRA006499
HRI783948,HRA006499
HRI783949,HRA006499
HRI783950,HRA006499
HRI783951,HRA006499
HRI783952,HRA006499
HRI783953,HRA006499
HRI783954,HRA006499
HRI783955,HRA006499
HRI783956,HRA006499
HRI783957,HRA006499
HRI783958,HRA006499
HRI783959,HRA006499
HRI783960,HRA006499
HRI783961,HRA006499
HRI783962,HRA006499
HRI783963,HRA006499
HRI783964,HRA006499
HRI783965,HRA006499
HRI783966,HRA006499
HRI783967,HRA006499
HRI783968,HRA006499
HRI783969,HRA006499
HRI783970,HRA006499
HRI783971,HRA006499
HRI783972,HRA006499
HRI783973,HRA006499
HRI783974,HRA006499
HRI783975,HRA006499
HRI783976,HRA006499
HRI783977,HRA006499
HRI783978,HRA006499
HRI783979,HRA006499
HRI783980,HRA006499
HRI783981,HRA006499
HRI783982,HRA006499
HRI783983,HRA006499
HRI783984,HRA006499
HRI783985,HRA006499
HRI783986,HRA006499
HRI783987,HRA006499
HRI783988,HRA006499
HRI783989,HRA006499
HRI783990,HRA006499
HRI783991,HRA006499
HRI783992,HRA006499
HRI783993,HRA006499
HRI783994,HRA006499
HRI783995,HRA006499
HRI783996,HRA006499
HRI783997,HRA006499
HRI783998,HRA006499
HRI783999,HRA006499
HRI784000,HRA006499
HRI784001,HRA006499
HRI784002,HRA006499
HRI784003,HRA006499
HRI784004,HRA006499
HRI784005,HRA006499
HRI784006,HRA006499
HRI784007,HRA006499
HRI784008,HRA006499
HRI784009,HRA006499
HRI784010,HRA006499
HRI784011,HRA006499
HRI784012,HRA006499
HRI784013,HRA006499
HRI784014,HRA006499
HRI784015,HRA006499
HRI784016,HRA006499
HRI784017,HRA006499
HRI784018,HRA006499
HRI784019,HRA006499
HRI784020,HRA006499
HRI784021,HRA006499
HRI784022,HRA006499
HRI784023,HRA006499
HRI784024,HRA006499
HRI784025,HRA006499
HRI784026,HRA006499
HRI784027,HRA006499
HRI784028,HRA006499
HRI784029,HRA006499
HRI784030,HRA006499
HRI784031,HRA006499
HRI784032,HRA006499
HRI784033,HRA006499
HRI956434,HRA007167
HRI956440,HRA007167
HRI956448,HRA007167
HRI956455,HRA007167
HRI956506,HRA007167
HRI956513,HRA007167
HRI956514,HRA007167
HRI956515,HRA007167
HRI956516,HRA007167
HRI956517,HRA007167
HRI956518,HRA007167
HRI956519,HRA007167
HRI956520,HRA007167
HRI956521,HRA007167
HRI956522,HRA007167
HRI956523,HRA007167
HRI956524,HRA007167
HRI956528,HRA007167
HRI956529,HRA007167
HRI956531,HRA007167
HRI956532,HRA007167
HRI956533,HRA007167
HRI956534,HRA007167
HRI956535,HRA007167
HRI956536,HRA007167
HRI956537,HRA007167
HRI956538,HRA007167
HRI956539,HRA007167
HRI956540,HRA007167
HRI956541,HRA007167
HRI956542,HRA007167
HRI956543,HRA007167
HRI956544,HRA007167
HRI956545,HRA007167
HRI956546,HRA007167
HRI956547,HRA007167
HRI956548,HRA007167
HRI956549,HRA007167
HRI956550,HRA007167
HRI956551,HRA007167
HRI956552,HRA007167
HRI956553,HRA007167
HRI956554,HRA007167
HRI956555,HRA007167
HRI956556,HRA007167
HRI956557,HRA007167
HRI956558,HRA007167
HRI956559,HRA007167
HRI956560,HRA007167
HRI956561,HRA007167
HRI956562,HRA007167
HRI956563,HRA007167
HRI956564,HRA007167
HRI956565,HRA007167
HRI956566,HRA007167
HRI956567,HRA007167
HRI956568,HRA007167
HRI956569,HRA007167
HRI956570,HRA007167
HRI956571,HRA007167
HRI956572,HRA007167
HRI956573,HRA007167
HRI956574,HRA007167
HRI956575,HRA007167
HRI956576,HRA007167
HRI956577,HRA007167
HRI956578,HRA007167
HRI956579,HRA007167
HRI956580,HRA007167
HRI956581,HRA007167
HRI956582,HRA007167
HRI956583,HRA007167
HRI956584,HRA007167
HRI956585,HRA007167
HRI956586,HRA007167
HRI956587,HRA007167
HRI956588,HRA007167
HRI956589,HRA007167
HRI956592,HRA007167
HRI956503,HRA007169
HRI956504,HRA007169
HRI956505,HRA007169
HRI956507,HRA007169
HRI956508,HRA007169
HRI956509,HRA007169
HRI956510,HRA007169
HRI956511,HRA007169
HRI956512,HRA007169
HRI956525,HRA007169
HRI956526,HRA007169
HRI956527,HRA007169
HRI956530,HRA007169
HRI956590,HRA007169
HRI956591,HRA007169
HRI968344,HRA007413
HRI968350,HRA007413
HRI968265,HRA007413
HRI968271,HRA007413
HRI968485,HRA007413
HRI968275,HRA007413
HRI968280,HRA007413
HRI968266,HRA007413
HRI968454,HRA007413
HRI968471,HRA007413
HRI1703186,HRA016026
HRI1703187,HRA016026
HRI1703188,HRA016026
HRI1703189,HRA016026
HRI1703190,HRA016026
HRI1703191,HRA016026
HRI1703192,HRA016026
HRI1703193,HRA016026
HRI1703194,HRA016026
HRI1703195,HRA016026
HRI1703196,HRA016026
HRI1703197,HRA016026
HRI1703198,HRA016026
HRI1703199,HRA016026
HRI1703200,HRA016026
HRI1703201,HRA016026
HRI1703202,HRA016026
HRI1703203,HRA016026
HRI1703204,HRA016026
HRI1703205,HRA016026
HRI1703206,HRA016026
HRI1703207,HRA016026
HRI1703208,HRA016026
HRI1703209,HRA016026
HRI1703210,HRA016026
HRI1703211,HRA016026
HRI1703212,HRA016026
HRI1703213,HRA016026
HRI1703214,HRA016026
HRI1703215,HRA016026
HRI1703216,HRA016026
HRI1703217,HRA016026
HRI1703218,HRA016026
HRI1703219,HRA016026
HRI1703220,HRA016026
HRI1703221,HRA016026
HRI1703222,HRA016026
HRI1703223,HRA016026
HRI1703224,HRA016026
HRI1703225,HRA016026
HRI1703226,HRA016026
HRI1703227,HRA016026
HRI1703228,HRA016026
HRI1703229,HRA016026
HRI1703230,HRA016026
HRI1703231,HRA016026
HRI1703232,HRA016026
HRI1703233,HRA016026
HRI1703234,HRA016026
HRI1703235,HRA016026
HRI1703236,HRA016026
HRI1703237,HRA016026
HRI1703238,HRA016026
HRI1703239,HRA016026
HRI1703240,HRA016026
HRI1703241,HRA016026
HRI1703242,HRA016026
HRI1703243,HRA016026
HRI1703244,HRA016026
HRI1703245,HRA016026
HRI1703246,HRA016026
HRI1703247,HRA016026
HRI1703248,HRA016026
HRI1703249,HRA016026
HRI1703250,HRA016026
HRI1703251,HRA016026
HRI1703252,HRA016026
HRI1703253,HRA016026
HRI1703254,HRA016026
HRI1703255,HRA016026
HRI1703256,HRA016026
HRI1703257,HRA016026
HRI1703258,HRA016026
HRI1703259,HRA016026
HRI1703260,HRA016026
HRI1703261,HRA016026
HRI1703262,HRA016026
HRI1703263,HRA016026
HRI1703264,HRA016026
HRI1703265,HRA016026
HRI1703266,HRA016026
HRI1703267,HRA016026
HRI1703268,HRA016026
HRI1703269,HRA016026
HRI1703270,HRA016026
HRI1703271,HRA016026
HRI1703272,HRA016026
HRI1703273,HRA016026
HRI1703274,HRA016026
HRI1703275,HRA016026
HRI1703276,HRA016026
HRI1703277,HRA016026
HRI1703278,HRA016026
HRI1703279,HRA016026
HRI1703280,HRA016026
HRI1703281,HRA016026
HRI1703282,HRA016026
HRI1703283,HRA016026
HRI1703284,HRA016026
HRI1703285,HRA016026
HRI1703286,HRA016026
HRI1703287,HRA016026
HRI1703288,HRA016026
HRI1703289,HRA016026
HRI1703290,HRA016026
HRI1703291,HRA016026
HRI1703292,HRA016026
HRI1703293,HRA016026
HRI1703294,HRA016026
HRI1703295,HRA016026
HRI1703296,HRA016026
HRI1703297,HRA016026
HRI1703298,HRA016026
HRI1703299,HRA016026
HRI1703300,HRA016026
HRI1703301,HRA016026
HRI1703302,HRA016026
HRI1703303,HRA016026
HRI1703304,HRA016026
HRI1703305,HRA016026
HRI1703306,HRA016026
HRI1703307,HRA016026
HRI1703308,HRA016026
HRI1703309,HRA016026
HRI1703310,HRA016026
HRI1703311,HRA016026
HRI1703312,HRA016026
HRI1703313,HRA016026
HRI1703314,HRA016026
HRI1703315,HRA016026
HRI1703316,HRA016026
HRI1703317,HRA016026
HRI1703318,HRA016026
HRI1703319,HRA016026
HRI1703320,HRA016026
HRI1703321,HRA016026
HRI1703322,HRA016026
HRI1703323,HRA016026
HRI1703324,HRA016026
HRI1703325,HRA016026
HRI1703326,HRA016026
HRI1703327,HRA016026
HRI1703328,HRA016026
HRI1703329,HRA016026
HRI1703330,HRA016026
HRI1703331,HRA016026
HRI1703332,HRA016026
HRI1703333,HRA016026
HRI1703334,HRA016026
HRI1703335,HRA016026
HRI1703336,HRA016026
HRI1703337,HRA016026
HRI1703338,HRA016026
HRI1703339,HRA016026
HRI1703340,HRA016026
HRI1703341,HRA016026
HRI1703342,HRA016026
HRI1703343,HRA016026
HRI1703344,HRA016026
HRI1703345,HRA016026
HRI1703346,HRA016026
HRI1703347,HRA016026
HRI1703348,HRA016026
HRI1703349,HRA016026
HRI1703350,HRA016026
HRI1703351,HRA016026
HRI1703352,HRA016026
HRI1703353,HRA016026
HRI1703354,HRA016026
HRI1703355,HRA016026
HRI1703356,HRA016026
HRI1703357,HRA016026
HRI1703358,HRA016026
HRI1703359,HRA016026
HRI1703360,HRA016026
HRI1703361,HRA016026
HRI1703362,HRA016026
HRI1703363,HRA016026
HRI1703364,HRA016026
HRI1703365,HRA016026
HRI1703366,HRA016026
HRI1703367,HRA016026
HRI1703368,HRA016026
HRI1703369,HRA016026
HRI1703370,HRA016026
HRI1703371,HRA016026
HRI1703372,HRA016026
HRI1703373,HRA016026
HRI1703374,HRA016026
HRI1703375,HRA016026
HRI1703376,HRA016026
HRI1703377,HRA016026
HRI1703378,HRA016026
HRI1703379,HRA016026
HRI1703380,HRA016026
HRI1703381,HRA016026
HRI1703382,HRA016026
HRI1703383,HRA016026
HRI1703384,HRA016026
HRI1703385,HRA016026
HRI1703386,HRA016026
HRI1703387,HRA016026
HRI1703388,HRA016026
HRI1703389,HRA016026
HRI1703390,HRA016026
HRI1703391,HRA016026
HRI1703392,HRA016026
HRI1703393,HRA016026
HRI1703394,HRA016026
HRI1703395,HRA016026
HRI1703396,HRA016026
HRI1703397,HRA016026
HRI1703398,HRA016026
HRI1703399,HRA016026
HRI1703400,HRA016026
HRI1703401,HRA016026
HRI1703402,HRA016026
HRI1703403,HRA016026
HRI1703404,HRA016026
HRI1703405,HRA016026
HRI1703406,HRA016026
HRI1703407,HRA016026
HRI1703408,HRA016026
HRI1703409,HRA016026
HRI1703410,HRA016026
HRI1703411,HRA016026
HRI1703412,HRA016026
HRI1703413,HRA016026
HRI1703414,HRA016026
HRI1703415,HRA016026
HRI1703416,HRA016026
HRI1703417,HRA016026
HRI1703418,HRA016026
HRI1703419,HRA016026
HRI1703420,HRA016026
HRI1703421,HRA016026
HRI1703422,HRA016026
HRI1703423,HRA016026
HRI1703424,HRA016026
HRI1703425,HRA016026
HRI1703426,HRA016026
HRI1703427,HRA016026
HRI1703428,HRA016026
HRI1703429,HRA016026
HRI1703430,HRA016026
HRI1703431,HRA016026
HRI1703432,HRA016026
HRI1703433,HRA016026
HRI1703434,HRA016026
HRI1703435,HRA016026
HRI1703436,HRA016026
HRI1703437,HRA016026
HRI1703438,HRA016026
HRI1703439,HRA016026
HRI1703440,HRA016026
HRI1703441,HRA016026
HRI1703442,HRA016026
HRI1703443,HRA016026
HRI1703444,HRA016026
HRI1703445,HRA016026
HRI1703446,HRA016026
HRI1703447,HRA016026
HRI1703448,HRA016026
HRI1703449,HRA016026
HRI1703450,HRA016026
HRI1703451,HRA016026
HRI1703452,HRA016026
HRI1703453,HRA016026
HRI1703454,HRA016026
HRI1703455,HRA016026
HRI1703456,HRA016026
HRI1703457,HRA016026
HRI1703458,HRA016026
HRI1703459,HRA016026
HRI1703460,HRA016026
HRI1703461,HRA016026
HRI1703462,HRA016026
HRI1703463,HRA016026
HRI1703464,HRA016026
HRI1703465,HRA016026
HRI1703466,HRA016026
HRI1703467,HRA016026
HRI1703468,HRA016026
HRI1703469,HRA016026
HRI1703470,HRA016026
HRI1703471,HRA016026
HRI1703472,HRA016026
HRI1703473,HRA016026
HRI1703474,HRA016026
HRI1703475,HRA016026
HRI1703476,HRA016026
HRI1703477,HRA016026
HRI1703478,HRA016026
HRI1703479,HRA016026
HRI1703480,HRA016026
HRI1703481,HRA016026
HRI1703482,HRA016026
HRI1703483,HRA016026
HRI1703484,HRA016026
HRI1703485,HRA016026
HRI1703486,HRA016026
HRI1703487,HRA016026
HRI1703488,HRA016026
HRI1703489,HRA016026
HRI1703490,HRA016026
HRI1703491,HRA016026
HRI1703492,HRA016026
HRI1703493,HRA016026
HRI1703494,HRA016026
HRI1703495,HRA016026
HRI1703496,HRA016026
HRI1703497,HRA016026
HRI1703498,HRA016026
HRI1703499,HRA016026
HRI1703500,HRA016026
HRI1703501,HRA016026
HRI1703502,HRA016026
HRI1703503,HRA016026
HRI1703504,HRA016026
HRI1703505,HRA016026
HRI1703506,HRA016026
HRI1703507,HRA016026
HRI1703508,HRA016026
HRI1703509,HRA016026
HRI1703510,HRA016026
HRI1703511,HRA016026
HRI1703512,HRA016026
HRI1703513,HRA016026
HRI1703514,HRA016026
HRI1703515,HRA016026
HRI1703516,HRA016026
HRI1703517,HRA016026
HRI1703518,HRA016026
HRI1703519,HRA016026
HRI1703520,HRA016026
HRI1703521,HRA016026
HRI1703522,HRA016026
HRI1703523,HRA016026
HRI1703524,HRA016026
HRI1703525,HRA016026
HRI1703526,HRA016026
HRI1703527,HRA016026
HRI1703528,HRA016026
HRI1703529,HRA016026
HRI1703530,HRA016026
HRI1703531,HRA016026
HRI1703532,HRA016026
HRI1703533,HRA016026
HRI1703534,HRA016026
HRI1703535,HRA016026
