run_accession,sample_accession
HRR067347,HRS039792
HRR067348,HRS039793
HRR067349,HRS039794
HRR067350,HRS039795
HRR067351,HRS039796
HRR067352,HRS039797
HRR067353,HRS039798
HRR067354,HRS039799
HRR067355,HRS039800
HRR067356,HRS039801
HRR067357,HRS039802
HRR067358,HRS039803
HRR067359,HRS039804
HRR067360,HRS039805
HRR067361,HRS039806
HRR067362,HRS039807
HRR067363,HRS039808
HRR067364,HRS039809
HRR067365,HRS039810
HRR067366,HRS039811
HRR067367,HRS039812
HRR067368,HRS039813
HRR067369,HRS039814
HRR067370,HRS039815
HRR067371,HRS039816
HRR067372,HRS039817
HRR067373,HRS039818
HRR067374,HRS039819
HRR067375,HRS039820
HRR067376,HRS039821
HRR067377,HRS039822
HRR067378,HRS039823
HRR067379,HRS039824
HRR067380,HRS039825
HRR067381,HRS039826
HRR067382,HRS039827
HRR067383,HRS039828
HRR067384,HRS039829
HRR067385,HRS039830
HRR067386,HRS039831
HRR067387,HRS039832
HRR067388,HRS039833
HRR067389,HRS039834
HRR067390,HRS039835
HRR067391,HRS039836
HRR067392,HRS039837
HRR067393,HRS039838
HRR067394,HRS039839
HRR067395,HRS039840
HRR067396,HRS039841
HRR067397,HRS039842
HRR067398,HRS039843
HRR067399,HRS039844
HRR067400,HRS039845
HRR067401,HRS039846
HRR067402,HRS039847
HRR067403,HRS039848
HRR067404,HRS039849
HRR067405,HRS039850
HRR067406,HRS039851
HRR067407,HRS039852
HRR067408,HRS039853
HRR067409,HRS039854
HRR067410,HRS039855
HRR067411,HRS039856
HRR067412,HRS039857
HRR067413,HRS039858
HRR067414,HRS039859
HRR067415,HRS039860
HRR067416,HRS039861
HRR067417,HRS039862
HRR067418,HRS039863
HRR067419,HRS039864
HRR067420,HRS039865
HRR067421,HRS039866
HRR067422,HRS039867
HRR067423,HRS039868
HRR067424,HRS039869
HRR067425,HRS039870
HRR067426,HRS039871
HRR067427,HRS039872
HRR067428,HRS039873
HRR067429,HRS039874
HRR067430,HRS039875
HRR067431,HRS039876
HRR067432,HRS039877
HRR067433,HRS039878
HRR067434,HRS039879
HRR067435,HRS039880
HRR067436,HRS039881
HRR067437,HRS039882
HRR067438,HRS039883
HRR067439,HRS039884
HRR067440,HRS039885
HRR067441,HRS039886
HRR067442,HRS039887
HRR067443,HRS039888
HRR067444,HRS039889
HRR067445,HRS039890
HRR067446,HRS039891
HRR067447,HRS039892
HRR067448,HRS039893
HRR067449,HRS039894
HRR067450,HRS039895
HRR067451,HRS039896
HRR067452,HRS039897
HRR067453,HRS039898
HRR067454,HRS039899
HRR067455,HRS039900
HRR067456,HRS039901
HRR067457,HRS039902
HRR067458,HRS039903
HRR067459,HRS039904
HRR067460,HRS039905
HRR067461,HRS039906
HRR067462,HRS039907
HRR067463,HRS039908
HRR067464,HRS039909
HRR067465,HRS039910
HRR067466,HRS039911
HRR067467,HRS039912
HRR067468,HRS039913
HRR067469,HRS039914
HRR067470,HRS039915
HRR067471,HRS039916
HRR067472,HRS039917
HRR067473,HRS039918
HRR067474,HRS039919
HRR067475,HRS039920
HRR067476,HRS039921
HRR067477,HRS039922
HRR067478,HRS039923
HRR067479,HRS039924
HRR067480,HRS039925
HRR067481,HRS039926
HRR067482,HRS039927
HRR067483,HRS039928
HRR067484,HRS039929
HRR067485,HRS039930
HRR067486,HRS039931
HRR067487,HRS039932
HRR067488,HRS039933
HRR067489,HRS039934
HRR067490,HRS039935
HRR067491,HRS039936
HRR067492,HRS039937
HRR067493,HRS039938
HRR067494,HRS039939
HRR067495,HRS039940
HRR067496,HRS039941
HRR067497,HRS039942
HRR067498,HRS039943
HRR067499,HRS039944
HRR067500,HRS039945
HRR067501,HRS039946
HRR067502,HRS039947
HRR067503,HRS039948
HRR067504,HRS039949
HRR067505,HRS039950
HRR067506,HRS039951
HRR067507,HRS039952
HRR067508,HRS039953
HRR067509,HRS039954
HRR067510,HRS039955
HRR067511,HRS039956
HRR067512,HRS039957
HRR067513,HRS039958
HRR067514,HRS039959
HRR067515,HRS039960
HRR067516,HRS039961
HRR067517,HRS039962
HRR067518,HRS039963
HRR067519,HRS039964
HRR067520,HRS039965
HRR067521,HRS039966
HRR067522,HRS039967
HRR067523,HRS039968
HRR067524,HRS039969
HRR067525,HRS039970
HRR067526,HRS039971
HRR067527,HRS039972
HRR067528,HRS039973
HRR067529,HRS039974
HRR067530,HRS039975
HRR067531,HRS039976
HRR067532,HRS039977
HRR067533,HRS039978
HRR067534,HRS039979
HRR067535,HRS039980
HRR067536,HRS039981
HRR067537,HRS039982
HRR067538,HRS039983
HRR067539,HRS039984
HRR067540,HRS039985
HRR067541,HRS039986
HRR067542,HRS039987
HRR067543,HRS039988
HRR067544,HRS039989
HRR067545,HRS039990
HRR067546,HRS039991
HRR067547,HRS039992
HRR067548,HRS039993
HRR067549,HRS039994
HRR067550,HRS039995
HRR067551,HRS039996
HRR067552,HRS039997
HRR067553,HRS039998
HRR067554,HRS039999
HRR067555,HRS040000
HRR067556,HRS040001
HRR067557,HRS040002
HRR067558,HRS040003
HRR067559,HRS040004
HRR067560,HRS040005
HRR067561,HRS040006
HRR067562,HRS040007
HRR067563,HRS040008
HRR067564,HRS040009
HRR067565,HRS040010
HRR067566,HRS040011
HRR067567,HRS040012
HRR067568,HRS040013
HRR067569,HRS040014
HRR067570,HRS040015
HRR067571,HRS040016
HRR067572,HRS040017
HRR067573,HRS040018
HRR067574,HRS040019
HRR067575,HRS040020
HRR067576,HRS040021
HRR067577,HRS040022
HRR067578,HRS040023
HRR067579,HRS040024
HRR067580,HRS040025
HRR067581,HRS040026
HRR067582,HRS040027
HRR067583,HRS040028
HRR067584,HRS040029
HRR067585,HRS040030
HRR067586,HRS040031
HRR067587,HRS040032
HRR067588,HRS040033
HRR067589,HRS040034
HRR067590,HRS040035
HRR067591,HRS040036
HRR067592,HRS040037
HRR067593,HRS040038
HRR067594,HRS040039
HRR067595,HRS040040
HRR067596,HRS040041
HRR067597,HRS040042
HRR067598,HRS040043
HRR067599,HRS040044
HRR067600,HRS040045
HRR067601,HRS040046
HRR067602,HRS040047
HRR067603,HRS040048
HRR067604,HRS040049
HRR067605,HRS040050
HRR067606,HRS040051
HRR067607,HRS040052
HRR067608,HRS040053
HRR067609,HRS040054
HRR067610,HRS040055
HRR067611,HRS040056
HRR067612,HRS040057
HRR067613,HRS040058
HRR067614,HRS040059
HRR067615,HRS040060
HRR067616,HRS040061
HRR067617,HRS040062
HRR067618,HRS040063
HRR067619,HRS040064
HRR067620,HRS040065
HRR067621,HRS040066
HRR067622,HRS040067
HRR067623,HRS040068
HRR067624,HRS040069
HRR067625,HRS040070
HRR067626,HRS040071
HRR067627,HRS040072
HRR067628,HRS040073
HRR067629,HRS040074
HRR067630,HRS040075
HRR067631,HRS040076
HRR067632,HRS040077
HRR067633,HRS040078
HRR067634,HRS040079
HRR067635,HRS040080
HRR067636,HRS040081
HRR067637,HRS040082
HRR067638,HRS040083
HRR067639,HRS040084
HRR067640,HRS040085
HRR067641,HRS040086
HRR067642,HRS040087
HRR067643,HRS040088
HRR067644,HRS040089
HRR067645,HRS040090
HRR067646,HRS040091
HRR067647,HRS040092
HRR067648,HRS040093
HRR067649,HRS040094
HRR067650,HRS040095
HRR067651,HRS040096
HRR067652,HRS040097
HRR067653,HRS040098
HRR067654,HRS040099
HRR067655,HRS040100
HRR067656,HRS040101
HRR067657,HRS040102
HRR067658,HRS040103
HRR067659,HRS040104
HRR067660,HRS040105
HRR067661,HRS040106
HRR067662,HRS040107
HRR067663,HRS040108
HRR067664,HRS040109
HRR067665,HRS040110
HRR067666,HRS040111
HRR067667,HRS040112
HRR067668,HRS040113
HRR067669,HRS040114
HRR067670,HRS040115
HRR067671,HRS040116
HRR067672,HRS040117
HRR067673,HRS040118
HRR067674,HRS040119
HRR067675,HRS040120
HRR067676,HRS040121
HRR067677,HRS040122
HRR067678,HRS040123
HRR067679,HRS040124
HRR067680,HRS040125
HRR067681,HRS040126
HRR067682,HRS040127
HRR067683,HRS040128
HRR067684,HRS040129
HRR067685,HRS040130
HRR067686,HRS040131
HRR067687,HRS040132
HRR067688,HRS040133
HRR067689,HRS040134
HRR067690,HRS040135
HRR067691,HRS040136
HRR067692,HRS040137
HRR067693,HRS040138
HRR067694,HRS040139
HRR067695,HRS040140
HRR067696,HRS040141
HRR067697,HRS040142
HRR067698,HRS040143
HRR067699,HRS040144
HRR067700,HRS040145
HRR067701,HRS040146
HRR067702,HRS040147
HRR067703,HRS040148
HRR067704,HRS040149
HRR067705,HRS040150
HRR067706,HRS040151
HRR067707,HRS040152
HRR067708,HRS040153
HRR067709,HRS040154
HRR067710,HRS040155
HRR067711,HRS040156
HRR067712,HRS040157
HRR067713,HRS040158
HRR067714,HRS040159
HRR067715,HRS040160
HRR067716,HRS040161
HRR067717,HRS040162
HRR067718,HRS040163
HRR067719,HRS040164
HRR067720,HRS040165
HRR067721,HRS040166
HRR067722,HRS040167
HRR067723,HRS040168
HRR067724,HRS040169
HRR067725,HRS040170
HRR067726,HRS040171
HRR067727,HRS040172
HRR067728,HRS040173
HRR067729,HRS040174
HRR067730,HRS040175
HRR067731,HRS040176
HRR067732,HRS040177
HRR067733,HRS040178
HRR067734,HRS040179
HRR067735,HRS040180
HRR067736,HRS040181
HRR067737,HRS040182
HRR067738,HRS040183
HRR067739,HRS040184
HRR067740,HRS040185
HRR067741,HRS040186
HRR067742,HRS040187
HRR067743,HRS040188
HRR067744,HRS040189
HRR067745,HRS040190
HRR067746,HRS040191
HRR067747,HRS040192
HRR067748,HRS040193
HRR067749,HRS040194
HRR067750,HRS040195
HRR067751,HRS040196
HRR067752,HRS040197
HRR067753,HRS040198
HRR067754,HRS040199
HRR067755,HRS040200
HRR067756,HRS040201
HRR067757,HRS040202
HRR067758,HRS040203
HRR067759,HRS040204
HRR067760,HRS040205
HRR067761,HRS040206
HRR067762,HRS040207
HRR067763,HRS040208
HRR067764,HRS040209
HRR067765,HRS040210
HRR067766,HRS040211
HRR067767,HRS040212
HRR067768,HRS040213
HRR067769,HRS040214
HRR067770,HRS040215
HRR067771,HRS040216
HRR067772,HRS040217
HRR067773,HRS040218
HRR067774,HRS040219
HRR067775,HRS040220
HRR067776,HRS040221
HRR067777,HRS040222
HRR067778,HRS040223
HRR067779,HRS040224
HRR067780,HRS040225
HRR067781,HRS040226
HRR067782,HRS040227
HRR067783,HRS040228
HRR067784,HRS040229
HRR067785,HRS040230
HRR067786,HRS040231
HRR067787,HRS040232
HRR067788,HRS040233
HRR067789,HRS040234
HRR067790,HRS040235
HRR067791,HRS040236
HRR067792,HRS040237
HRR067793,HRS040238
HRR067794,HRS040239
HRR067795,HRS040240
HRR067796,HRS040241
HRR067797,HRS040242
HRR067798,HRS040243
HRR067799,HRS040244
HRR067800,HRS040245
HRR067801,HRS040246
HRR067802,HRS040247
HRR067803,HRS040248
HRR067804,HRS040249
HRR067805,HRS040250
HRR067806,HRS040251
HRR067807,HRS040252
HRR067808,HRS040253
HRR067809,HRS040254
HRR067810,HRS040255
HRR067811,HRS040256
HRR067812,HRS040257
HRR067813,HRS040258
HRR067814,HRS040259
HRR067815,HRS040260
HRR067816,HRS040261
HRR067817,HRS040262
HRR067818,HRS040263
HRR067819,HRS040264
HRR067820,HRS040265
HRR067821,HRS040266
HRR067822,HRS040267
HRR067823,HRS040268
HRR067824,HRS040269
HRR067825,HRS040270
HRR067826,HRS040271
HRR067827,HRS040272
HRR067828,HRS040273
HRR067829,HRS040274
HRR067830,HRS040275
HRR067831,HRS040276
HRR067832,HRS040277
HRR067833,HRS040278
HRR067834,HRS040279
HRR067835,HRS040280
HRR067836,HRS040281
HRR067837,HRS040282
HRR067838,HRS040283
HRR067839,HRS040284
HRR067840,HRS040285
HRR067841,HRS040286
HRR067842,HRS040287
HRR067843,HRS040288
HRR067844,HRS040289
HRR067845,HRS040290
HRR067846,HRS040291
HRR067847,HRS040292
HRR067848,HRS040293
HRR067849,HRS040294
HRR067850,HRS040295
HRR067851,HRS040296
HRR067852,HRS040297
HRR067853,HRS040298
HRR067854,HRS040299
HRR067855,HRS040300
HRR067856,HRS040301
HRR067857,HRS040302
HRR067858,HRS040303
HRR067859,HRS040304
HRR067860,HRS040305
HRR067861,HRS040306
HRR067862,HRS040307
HRR067863,HRS040308
HRR067864,HRS040309
HRR067865,HRS040310
HRR067866,HRS040311
HRR067867,HRS040312
HRR067868,HRS040313
HRR067869,HRS040314
HRR067870,HRS040315
HRR067871,HRS040316
HRR067872,HRS040317
HRR067873,HRS040318
HRR067874,HRS040319
HRR067875,HRS040320
HRR067876,HRS040321
HRR067877,HRS040322
HRR067878,HRS040323
HRR067879,HRS040324
HRR067880,HRS040325
HRR067881,HRS040326
HRR067882,HRS040327
HRR067883,HRS040328
HRR067884,HRS040329
HRR067885,HRS040330
HRR067886,HRS040331
HRR067887,HRS040332
HRR067888,HRS040333
HRR067889,HRS040334
HRR067890,HRS040335
HRR067891,HRS040336
HRR067892,HRS040337
HRR067893,HRS040338
HRR067894,HRS040339
HRR067895,HRS040340
HRR067896,HRS040341
HRR067897,HRS040342
HRR067898,HRS040343
HRR067899,HRS040344
HRR067900,HRS040345
HRR067901,HRS040346
HRR067902,HRS040347
HRR067903,HRS040348
HRR067904,HRS040349
HRR067905,HRS040350
HRR067906,HRS040351
HRR067907,HRS040352
HRR067908,HRS040353
HRR067909,HRS040354
HRR067910,HRS040355
HRR067911,HRS040356
HRR067912,HRS040357
HRR067913,HRS040358
HRR067914,HRS040359
HRR067915,HRS040360
HRR067916,HRS040361
HRR067917,HRS040362
HRR067918,HRS040363
HRR067919,HRS040364
HRR067920,HRS040365
HRR067921,HRS040366
HRR067922,HRS040367
HRR067923,HRS040368
HRR067924,HRS040369
HRR067925,HRS040370
HRR067926,HRS040371
HRR067927,HRS040372
HRR067928,HRS040373
HRR067929,HRS040374
HRR067930,HRS040375
HRR067931,HRS040376
HRR067932,HRS040377
HRR067933,HRS040378
HRR067934,HRS040379
HRR067935,HRS040380
HRR067936,HRS040381
HRR067937,HRS040382
HRR067938,HRS040383
HRR067939,HRS040384
HRR067940,HRS040385
HRR067941,HRS040386
HRR067942,HRS040387
HRR067943,HRS040388
HRR067944,HRS040389
HRR067945,HRS040390
HRR067946,HRS040391
HRR067947,HRS040392
HRR067948,HRS040393
HRR067949,HRS040394
HRR067950,HRS040395
HRR067951,HRS040396
HRR067952,HRS040397
HRR067953,HRS040398
HRR067954,HRS040399
HRR067955,HRS040400
HRR067956,HRS040401
HRR067957,HRS040402
HRR067958,HRS040403
HRR067959,HRS040404
HRR067960,HRS040405
HRR067961,HRS040406
HRR067962,HRS040407
HRR067963,HRS040408
HRR067964,HRS040409
HRR067965,HRS040410
HRR067966,HRS040411
HRR067967,HRS040412
HRR067968,HRS040413
HRR067969,HRS040414
HRR067970,HRS040415
HRR067971,HRS040416
HRR067972,HRS040417
HRR067973,HRS040418
HRR067974,HRS040419
HRR067975,HRS040420
HRR067976,HRS040421
HRR067977,HRS040422
HRR067978,HRS040423
HRR067979,HRS040424
HRR067980,HRS040425
HRR067981,HRS040426
HRR067982,HRS040427
HRR067983,HRS040428
HRR067984,HRS040429
HRR067985,HRS040430
HRR067986,HRS040431
HRR067987,HRS040432
HRR067988,HRS040433
HRR067989,HRS040434
HRR067990,HRS040435
HRR067991,HRS040436
HRR067992,HRS040437
HRR067993,HRS040438
HRR067994,HRS040439
HRR067995,HRS040440
HRR067996,HRS040441
HRR067997,HRS040442
HRR067998,HRS040443
HRR067999,HRS040444
HRR068000,HRS040445
HRR068001,HRS040446
HRR068002,HRS040447
HRR068003,HRS040448
HRR068004,HRS040449
HRR068005,HRS040450
HRR068006,HRS040451
HRR068007,HRS040452
HRR068008,HRS040453
HRR068009,HRS040454
HRR068010,HRS040455
HRR068011,HRS040456
HRR068012,HRS040457
HRR068013,HRS040458
HRR068014,HRS040459
HRR068015,HRS040460
HRR068016,HRS040461
HRR068017,HRS040462
HRR068018,HRS040463
HRR068019,HRS040464
HRR068020,HRS040465
HRR068021,HRS040466
HRR068022,HRS040467
HRR068023,HRS040468
HRR068024,HRS040469
HRR068025,HRS040470
HRR068026,HRS040471
HRR068027,HRS040472
HRR068028,HRS040473
HRR068029,HRS040474
HRR068030,HRS040475
HRR068031,HRS040476
HRR068032,HRS040477
HRR068033,HRS040478
HRR068034,HRS040479
HRR068035,HRS040480
HRR068036,HRS040481
HRR068037,HRS040482
HRR068038,HRS040483
HRR068039,HRS040484
HRR068040,HRS040485
HRR068041,HRS040486
HRR068042,HRS040487
HRR068043,HRS040488
HRR068044,HRS040489
HRR068045,HRS040490
HRR068046,HRS040491
HRR068047,HRS040492
HRR068048,HRS040493
HRR068049,HRS040494
HRR068050,HRS040495
HRR068051,HRS040496
HRR068052,HRS040497
HRR068053,HRS040498
HRR068054,HRS040499
HRR068055,HRS040500
HRR068056,HRS040501
HRR068057,HRS040502
HRR068058,HRS040503
HRR068059,HRS040504
HRR068060,HRS040505
HRR068061,HRS040506
HRR068062,HRS040507
HRR068063,HRS040508
HRR068064,HRS040509
HRR068065,HRS040510
HRR068066,HRS040511
HRR068067,HRS040512
HRR068068,HRS040513
HRR068069,HRS040514
HRR068070,HRS040515
HRR068071,HRS040516
HRR068072,HRS040517
HRR068073,HRS040518
HRR068074,HRS040519
HRR068075,HRS040520
HRR068076,HRS040521
HRR068077,HRS040522
HRR068078,HRS040523
HRR068079,HRS040524
HRR068080,HRS040525
HRR068081,HRS040526
HRR068082,HRS040527
HRR068083,HRS040528
HRR068084,HRS040529
HRR068085,HRS040530
HRR068086,HRS040531
HRR068087,HRS040532
HRR068088,HRS040533
HRR068089,HRS040534
HRR068090,HRS040535
HRR068091,HRS040536
HRR068092,HRS040537
HRR068093,HRS040538
HRR068094,HRS040539
HRR068095,HRS040540
HRR068096,HRS040541
HRR068097,HRS040542
HRR068098,HRS040543
HRR068099,HRS040544
HRR068100,HRS040545
HRR068101,HRS040546
HRR068102,HRS040547
HRR068103,HRS040548
HRR068104,HRS040549
HRR068105,HRS040550
HRR068106,HRS040551
HRR068107,HRS040552
HRR068108,HRS040553
HRR068109,HRS040554
HRR068110,HRS040555
HRR068111,HRS040556
HRR068112,HRS040557
HRR068113,HRS040558
HRR068114,HRS040559
HRR068115,HRS040560
HRR068116,HRS040561
HRR068117,HRS040562
HRR068118,HRS040563
HRR068119,HRS040564
HRR068120,HRS040565
HRR068121,HRS040566
HRR068122,HRS040567
HRR068123,HRS040568
HRR068124,HRS040569
HRR068125,HRS040570
HRR068126,HRS040571
HRR068127,HRS040572
HRR068128,HRS040573
HRR068129,HRS040574
HRR068130,HRS040575
HRR068131,HRS040576
HRR068132,HRS040577
HRR068133,HRS040578
HRR068134,HRS040579
HRR068135,HRS040580
HRR068136,HRS040581
HRR068137,HRS040582
HRR068138,HRS040583
HRR068139,HRS040584
HRR068140,HRS040585
HRR068141,HRS040586
HRR068142,HRS040587
HRR068143,HRS040588
HRR068144,HRS040589
HRR068145,HRS040590
HRR068146,HRS040591
HRR068147,HRS040592
HRR068148,HRS040593
HRR068149,HRS040594
HRR068150,HRS040595
HRR068151,HRS040596
HRR068152,HRS040597
HRR068153,HRS040598
HRR068154,HRS040599
HRR068155,HRS040600
HRR068156,HRS040601
HRR068157,HRS040602
HRR068158,HRS040603
HRR068159,HRS040604
HRR068160,HRS040605
HRR068161,HRS040606
HRR068162,HRS040607
HRR068163,HRS040608
HRR068164,HRS040609
HRR068165,HRS040610
HRR068166,HRS040611
HRR068167,HRS040612
HRR068168,HRS040613
HRR068169,HRS040614
HRR068170,HRS040615
HRR068171,HRS040616
HRR068172,HRS040617
HRR068173,HRS040618
HRR068174,HRS040619
HRR068175,HRS040620
HRR068176,HRS040621
HRR068177,HRS040622
HRR068178,HRS040623
HRR068179,HRS040624
HRR068180,HRS040625
HRR068181,HRS040626
HRR068182,HRS040627
HRR068183,HRS040628
HRR068184,HRS040629
HRR068185,HRS040630
HRR068186,HRS040631
HRR068187,HRS040632
HRR068188,HRS040633
HRR068189,HRS040634
HRR068190,HRS040635
HRR068191,HRS040636
HRR068192,HRS040637
HRR068193,HRS040638
HRR068194,HRS040639
HRR068195,HRS040640
HRR068196,HRS040641
HRR068197,HRS040642
HRR068198,HRS040643
HRR068199,HRS040644
HRR068200,HRS040645
HRR068201,HRS040646
HRR068202,HRS040647
HRR068203,HRS040648
HRR068204,HRS040649
HRR068205,HRS040650
HRR068206,HRS040651
HRR068207,HRS040652
HRR068208,HRS040653
HRR068209,HRS040654
HRR068210,HRS040655
HRR068211,HRS040656
HRR068212,HRS040657
HRR068213,HRS040658
HRR068214,HRS040659
HRR068215,HRS040660
HRR068216,HRS040661
HRR068217,HRS040662
HRR068218,HRS040663
HRR068219,HRS040664
HRR068220,HRS040665
HRR068221,HRS040666
HRR068222,HRS040667
HRR068223,HRS040668
HRR068224,HRS040669
HRR068225,HRS040670
HRR068226,HRS040671
HRR068227,HRS040672
HRR068228,HRS040673
HRR068229,HRS040674
HRR068230,HRS040675
HRR068231,HRS040676
HRR068232,HRS040677
HRR068233,HRS040678
HRR068234,HRS040679
HRR068235,HRS040680
HRR068236,HRS040681
HRR068237,HRS040682
HRR068238,HRS040683
HRR068239,HRS040684
HRR068240,HRS040685
HRR068241,HRS040686
HRR068242,HRS040687
HRR068243,HRS040688
HRR068244,HRS040689
HRR068245,HRS040690
HRR068246,HRS040691
HRR068247,HRS040692
HRR068248,HRS040693
HRR068249,HRS040694
HRR068250,HRS040695
HRR068251,HRS040696
HRR068252,HRS040697
HRR068253,HRS040698
HRR068254,HRS040699
HRR068255,HRS040700
HRR068256,HRS040701
HRR068257,HRS040702
HRR068258,HRS040703
HRR068259,HRS040704
HRR068260,HRS040705
HRR068261,HRS040706
HRR068262,HRS040707
HRR068263,HRS040708
HRR068264,HRS040709
HRR068265,HRS040710
HRR068266,HRS040711
HRR068267,HRS040712
HRR068268,HRS040713
HRR068269,HRS040714
HRR068270,HRS040715
HRR068271,HRS040716
HRR068272,HRS040717
HRR068273,HRS040718
HRR068274,HRS040719
HRR068275,HRS040720
HRR068276,HRS040721
HRR068277,HRS040722
HRR068278,HRS040723
HRR068279,HRS040724
HRR068280,HRS040725
HRR068281,HRS040726
HRR068282,HRS040727
HRR068283,HRS040728
HRR068284,HRS040729
HRR068285,HRS040730
HRR068286,HRS040731
HRR068287,HRS040732
HRR068288,HRS040733
HRR068289,HRS040734
HRR068290,HRS040735
HRR068291,HRS040736
HRR068292,HRS040737
HRR068293,HRS040738
HRR068294,HRS040739
HRR068295,HRS040740
HRR068296,HRS040741
HRR068297,HRS040742
HRR068298,HRS040743
HRR068299,HRS040744
HRR068300,HRS040745
HRR068301,HRS040746
HRR068302,HRS040747
HRR068303,HRS040748
HRR068304,HRS040749
HRR068305,HRS040750
HRR068306,HRS040751
HRR068307,HRS040752
HRR068308,HRS040753
HRR068309,HRS040754
HRR068310,HRS040755
HRR068311,HRS040756
HRR068312,HRS040757
HRR068313,HRS040758
HRR068314,HRS040759
HRR068315,HRS040760
HRR068316,HRS040761
HRR068317,HRS040762
HRR068318,HRS040763
HRR068319,HRS040764
HRR068320,HRS040765
HRR068321,HRS040766
HRR068322,HRS040767
HRR068323,HRS040768
HRR068324,HRS040769
HRR068325,HRS040770
HRR068326,HRS040771
HRR068327,HRS040772
HRR068328,HRS040773
HRR068329,HRS040774
HRR068330,HRS040775
HRR068331,HRS040776
HRR068332,HRS040777
HRR068333,HRS040778
HRR068334,HRS040779
HRR068335,HRS040780
HRR068336,HRS040781
HRR068337,HRS040782
HRR068338,HRS040783
HRR068339,HRS040784
HRR068340,HRS040785
HRR068341,HRS040786
HRR068342,HRS040787
HRR068343,HRS040788
HRR068344,HRS040789
HRR068345,HRS040790
HRR068346,HRS040791
HRR068347,HRS040792
HRR068348,HRS040793
HRR068349,HRS040794
HRR068350,HRS040795
HRR068351,HRS040796
HRR068352,HRS040797
HRR068353,HRS040798
HRR068354,HRS040799
HRR068355,HRS040800
HRR068356,HRS040801
HRR068357,HRS040802
HRR068358,HRS040803
HRR068359,HRS040804
HRR068360,HRS040805
HRR068361,HRS040806
HRR068362,HRS040807
HRR024685,HRS023383
HRR024686,HRS023384
HRR024687,HRS023385
HRR024688,HRS023386
HRR024689,HRS023387
HRR024690,HRS023388
HRR024691,HRS023389
HRR024692,HRS023390
HRR024693,HRS023391
HRR024694,HRS023392
HRR024695,HRS023393
HRR024696,HRS023394
HRR024697,HRS023395
HRR024698,HRS023396
HRR024699,HRS023397
HRR024700,HRS023398
HRR024701,HRS023399
HRR024702,HRS023400
HRR024703,HRS023401
HRR024704,HRS023402
HRR024705,HRS023403
HRR024706,HRS023404
HRR024707,HRS023405
HRR024708,HRS023406
HRR024709,HRS023407
HRR024710,HRS023408
HRR024711,HRS023409
HRR024712,HRS023410
HRR024713,HRS023411
HRR024714,HRS023412
HRR024715,HRS023413
HRR024716,HRS023414
HRR024717,HRS023415
HRR024718,HRS023416
HRR024719,HRS023417
HRR024720,HRS023418
HRR024721,HRS023419
HRR024722,HRS023420
HRR024723,HRS023421
HRR024724,HRS023422
HRR024725,HRS023423
HRR024726,HRS023424
HRR024727,HRS023425
HRR024728,HRS023426
HRR024729,HRS023427
HRR024730,HRS023428
HRR024731,HRS023429
HRR024732,HRS023430
HRR024733,HRS023431
HRR024734,HRS023432
HRR024735,HRS023433
HRR024736,HRS023434
HRR024737,HRS023435
HRR024738,HRS023436
HRR024739,HRS023437
HRR024740,HRS023438
HRR024741,HRS023439
HRR024742,HRS023440
HRR024743,HRS023441
HRR024744,HRS023442
HRR024745,HRS023443
HRR024746,HRS023444
HRR024747,HRS023445
HRR024748,HRS023446
HRR024749,HRS023447
HRR024750,HRS023448
HRR024751,HRS023449
HRR024752,HRS023450
HRR024753,HRS023451
HRR024754,HRS023452
HRR024755,HRS023453
HRR024756,HRS023454
HRR024757,HRS023455
HRR024758,HRS023456
HRR024759,HRS023457
HRR024760,HRS023458
HRR024761,HRS023459
HRR024762,HRS023460
HRR024763,HRS023461
HRR024764,HRS023462
HRR024765,HRS023463
HRR024766,HRS023464
HRR024767,HRS023465
HRR024768,HRS023466
HRR024769,HRS023467
HRR024770,HRS023468
HRR024771,HRS023469
HRR024772,HRS023470
HRR024773,HRS023471
HRR024774,HRS023472
HRR024775,HRS023473
HRR024776,HRS023474
HRR024777,HRS023475
HRR024778,HRS023476
HRR024779,HRS023477
HRR024780,HRS023478
HRR024781,HRS023479
HRR024782,HRS023480
HRR024783,HRS023481
HRR024784,HRS023482
HRR024785,HRS023483
HRR024786,HRS023484
HRR024787,HRS023485
HRR024788,HRS023486
HRR024789,HRS023487
HRR024790,HRS023488
HRR024791,HRS023489
HRR024792,HRS023490
HRR024793,HRS023491
HRR024794,HRS023492
HRR024795,HRS023493
HRR024796,HRS023494
HRR024797,HRS023495
HRR024798,HRS023496
HRR024799,HRS023497
HRR024800,HRS023498
HRR024801,HRS023499
HRR024802,HRS023500
HRR024803,HRS023501
HRR024804,HRS023502
HRR024805,HRS023503
HRR024806,HRS023504
HRR024807,HRS023505
HRR024808,HRS023506
HRR024809,HRS023507
HRR024810,HRS023508
HRR024811,HRS023509
HRR024812,HRS023510
HRR024813,HRS023511
HRR024814,HRS023512
HRR024815,HRS023513
HRR024816,HRS023514
HRR024817,HRS023515
HRR024818,HRS023516
HRR024819,HRS023517
HRR024820,HRS023518
HRR024821,HRS023519
HRR024822,HRS023520
HRR024823,HRS023521
HRR024824,HRS023522
HRR024825,HRS023523
HRR024826,HRS023524
HRR024827,HRS023525
HRR024828,HRS023526
HRR024829,HRS023527
HRR024830,HRS023528
HRR024831,HRS023529
HRR024832,HRS023530
HRR024833,HRS023531
HRR024834,HRS023532
HRR024835,HRS023533
HRR024836,HRS023534
HRR024837,HRS023535
HRR024838,HRS023536
HRR024839,HRS023537
HRR024840,HRS023538
HRR024841,HRS023539
HRR024842,HRS023540
HRR024843,HRS023541
HRR024844,HRS023542
HRR024845,HRS023543
HRR024846,HRS023544
HRR024847,HRS023545
HRR024848,HRS023546
HRR024849,HRS023547
HRR024850,HRS023548
HRR024851,HRS023549
HRR024852,HRS023550
HRR024853,HRS023551
HRR024854,HRS023552
HRR024855,HRS023553
HRR024856,HRS023554
HRR024857,HRS023555
HRR024858,HRS023556
HRR024859,HRS023557
HRR024860,HRS023558
HRR024861,HRS023559
HRR024862,HRS023560
HRR024863,HRS023561
HRR024864,HRS023562
HRR024865,HRS023563
HRR024866,HRS023564
HRR024867,HRS023565
HRR024868,HRS023566
HRR024869,HRS023567
HRR024870,HRS023568
HRR024871,HRS023569
HRR024872,HRS023570
HRR024873,HRS023571
HRR024874,HRS023572
HRR024875,HRS023573
HRR024876,HRS023574
HRR024877,HRS023575
HRR024878,HRS023576
HRR024879,HRS023577
HRR024880,HRS023578
HRR024881,HRS023579
HRR024882,HRS023580
HRR024883,HRS023581
HRR024884,HRS023582
HRR024885,HRS023583
HRR024886,HRS023584
HRR024887,HRS023585
HRR024888,HRS023586
HRR024889,HRS023587
HRR024890,HRS023588
HRR024891,HRS023589
HRR024892,HRS023590
HRR024893,HRS023591
HRR024894,HRS023592
HRR024895,HRS023593
HRR024896,HRS023594
HRR024897,HRS023595
HRR024898,HRS023596
HRR024899,HRS023597
HRR024900,HRS023598
HRR024901,HRS023599
HRR024902,HRS023600
HRR024903,HRS023601
HRR024904,HRS023602
HRR024905,HRS023603
HRR024906,HRS023604
HRR024907,HRS023605
HRR024908,HRS023606
HRR024909,HRS023607
HRR024910,HRS023608
HRR024911,HRS023609
HRR024912,HRS023610
HRR024913,HRS023611
HRR024914,HRS023612
HRR024915,HRS023613
HRR024916,HRS023614
HRR024917,HRS023615
HRR024918,HRS023616
HRR024919,HRS023617
HRR024920,HRS023618
HRR024921,HRS023619
HRR024922,HRS023620
HRR024923,HRS023621
HRR024924,HRS023622
HRR024925,HRS023623
HRR024926,HRS023624
HRR024927,HRS023625
HRR024928,HRS023626
HRR024929,HRS023627
HRR024930,HRS023628
HRR024931,HRS023629
HRR024932,HRS023630
HRR024933,HRS023631
HRR024934,HRS023632
HRR024935,HRS023633
HRR024936,HRS023634
HRR024937,HRS023635
HRR024938,HRS023636
HRR024939,HRS023637
HRR024940,HRS023638
HRR024941,HRS023639
HRR024942,HRS023640
HRR024943,HRS023641
HRR024944,HRS023642
HRR024945,HRS023643
HRR024946,HRS023644
HRR024947,HRS023645
HRR024948,HRS023646
HRR024949,HRS023647
HRR024950,HRS023648
HRR024951,HRS023649
HRR024952,HRS023650
HRR024953,HRS023651
HRR024954,HRS023652
HRR024955,HRS023653
HRR024956,HRS023654
HRR024957,HRS023655
HRR024958,HRS023656
HRR024959,HRS023657
HRR024960,HRS023658
HRR024961,HRS023659
HRR024962,HRS023660
HRR024963,HRS023661
HRR024964,HRS023662
HRR024965,HRS023663
HRR024966,HRS023664
HRR024967,HRS023665
HRR024968,HRS023666
HRR024969,HRS023667
HRR024970,HRS023668
HRR024971,HRS023669
HRR024972,HRS023670
HRR024973,HRS023671
HRR024974,HRS023672
HRR024975,HRS023673
HRR024976,HRS023674
HRR024977,HRS023675
HRR024978,HRS023676
HRR024979,HRS023677
HRR024980,HRS023678
HRR024981,HRS023679
HRR024982,HRS023680
HRR024983,HRS023681
HRR024984,HRS023682
HRR024985,HRS023683
HRR024986,HRS023684
HRR024987,HRS023685
HRR024988,HRS023686
HRR024989,HRS023687
HRR024990,HRS023688
HRR024991,HRS023689
HRR024992,HRS023690
HRR024993,HRS023691
HRR024994,HRS023692
HRR024995,HRS023693
HRR024996,HRS023694
HRR024997,HRS023695
HRR024998,HRS023696
HRR024999,HRS023697
HRR025000,HRS023698
HRR025001,HRS023699
HRR025002,HRS023700
HRR025003,HRS023701
HRR025004,HRS023702
HRR025005,HRS023703
HRR025006,HRS023704
HRR025007,HRS023705
HRR025008,HRS023706
HRR025009,HRS023707
HRR025010,HRS023708
HRR025011,HRS023709
HRR025012,HRS023710
HRR025013,HRS023711
HRR025014,HRS023712
HRR025015,HRS023713
HRR025016,HRS023714
HRR025017,HRS023715
HRR025018,HRS023716
HRR025019,HRS023717
HRR025020,HRS023718
HRR025021,HRS023719
HRR025022,HRS023720
HRR025023,HRS023721
HRR025024,HRS023722
HRR025025,HRS023723
HRR025026,HRS023724
HRR025027,HRS023725
HRR025028,HRS023726
HRR025029,HRS023727
HRR025030,HRS023728
HRR025031,HRS023729
HRR025032,HRS023730
HRR025033,HRS023731
HRR025034,HRS023732
HRR025035,HRS023733
HRR025036,HRS023734
HRR025037,HRS023735
HRR025038,HRS023736
HRR025039,HRS023737
HRR025040,HRS023738
HRR025041,HRS023739
HRR025042,HRS023740
HRR025043,HRS023741
HRR025044,HRS023742
HRR025045,HRS023743
HRR025046,HRS023744
HRR025047,HRS023745
HRR025048,HRS023746
HRR025049,HRS023747
HRR025050,HRS023748
HRR025051,HRS023749
HRR025052,HRS023750
HRR025053,HRS023751
HRR025054,HRS023752
HRR025055,HRS023753
HRR025056,HRS023754
HRR025057,HRS023755
HRR025058,HRS023756
HRR025059,HRS023757
HRR025060,HRS023758
HRR025061,HRS023759
HRR025062,HRS023760
HRR025063,HRS023761
HRR025064,HRS023762
HRR025065,HRS023763
HRR025066,HRS023764
HRR025067,HRS023765
HRR025068,HRS023766
HRR025069,HRS023767
HRR025070,HRS023768
HRR025071,HRS023769
HRR025072,HRS023770
HRR025073,HRS023771
HRR025074,HRS023772
HRR025075,HRS023773
HRR025076,HRS023774
HRR025077,HRS023775
HRR025078,HRS023776
HRR025079,HRS023777
HRR025080,HRS023778
HRR025081,HRS023779
HRR025082,HRS023780
HRR025083,HRS023781
HRR025084,HRS023782
HRR025085,HRS023783
HRR025086,HRS023784
HRR025087,HRS023785
HRR025088,HRS023786
HRR025089,HRS023787
HRR025090,HRS023788
HRR025091,HRS023789
HRR025092,HRS023790
HRR025093,HRS023791
HRR025094,HRS023792
HRR025095,HRS023793
HRR025096,HRS023794
HRR025097,HRS023795
HRR025098,HRS023796
HRR025099,HRS023797
HRR025100,HRS023798
HRR025101,HRS023799
HRR025102,HRS023800
HRR025103,HRS023801
HRR025104,HRS023802
HRR025105,HRS023803
HRR025106,HRS023804
HRR025107,HRS023805
HRR025108,HRS023806
HRR025109,HRS023807
HRR025110,HRS023808
HRR025111,HRS023809
HRR025112,HRS023810
HRR025113,HRS023811
HRR025114,HRS023812
HRR025115,HRS023813
HRR025116,HRS023814
HRR025117,HRS023815
HRR025118,HRS023816
HRR025119,HRS023817
HRR025120,HRS023818
HRR025121,HRS023819
HRR025122,HRS023820
HRR025123,HRS023821
HRR025124,HRS023822
HRR025125,HRS023823
HRR025126,HRS023824
HRR025127,HRS023825
HRR025128,HRS023826
HRR025129,HRS023827
HRR025130,HRS023828
HRR025131,HRS023829
HRR025132,HRS023830
HRR025133,HRS023831
HRR025134,HRS023832
HRR025135,HRS023833
HRR025136,HRS023834
HRR025137,HRS023835
HRR025138,HRS023836
HRR025139,HRS023837
HRR025140,HRS023838
HRR025141,HRS023839
HRR025142,HRS023840
HRR025143,HRS023841
HRR025144,HRS023842
HRR025145,HRS023843
HRR025146,HRS023844
HRR025147,HRS023845
HRR025148,HRS023846
HRR025149,HRS023847
HRR025150,HRS023848
HRR025151,HRS023849
HRR025152,HRS023850
HRR025153,HRS023851
HRR025154,HRS023852
HRR025155,HRS023853
HRR025156,HRS023854
HRR025157,HRS023855
HRR025158,HRS023856
HRR025159,HRS023857
HRR025160,HRS023858
HRR025161,HRS023859
HRR025162,HRS023860
HRR025163,HRS023861
HRR025164,HRS023862
HRR025165,HRS023863
HRR025166,HRS023864
HRR025167,HRS023865
HRR025168,HRS023866
HRR025169,HRS023867
HRR025170,HRS023868
HRR025171,HRS023869
HRR025172,HRS023870
HRR025173,HRS023871
HRR025174,HRS023872
HRR025175,HRS023873
HRR025176,HRS023874
HRR025177,HRS023875
HRR025178,HRS023876
HRR025179,HRS023877
HRR025180,HRS023878
HRR025181,HRS023879
HRR025182,HRS023880
HRR025183,HRS023881
HRR025184,HRS023882
HRR025185,HRS023883
HRR025186,HRS023884
HRR025187,HRS023885
HRR025188,HRS023886
HRR025189,HRS023887
HRR025190,HRS023888
HRR025191,HRS023889
HRR025192,HRS023890
HRR025193,HRS023891
HRR025194,HRS023892
HRR025195,HRS023893
HRR025196,HRS023894
HRR025197,HRS023895
HRR025198,HRS023896
HRR025199,HRS023897
HRR025200,HRS023898
HRR025201,HRS023899
HRR025202,HRS023900
HRR025203,HRS023901
HRR025204,HRS023902
HRR025205,HRS023903
HRR025206,HRS023904
HRR025207,HRS023905
HRR025208,HRS023906
HRR025209,HRS023907
HRR025210,HRS023908
HRR025211,HRS023909
HRR025212,HRS023910
HRR025213,HRS023911
HRR025214,HRS023912
HRR025215,HRS023913
HRR025216,HRS023914
HRR025217,HRS023915
HRR025218,HRS023916
HRR025219,HRS023917
HRR025220,HRS023918
HRR025221,HRS023919
HRR025222,HRS023920
HRR025223,HRS023921
HRR025224,HRS023922
HRR025225,HRS023923
HRR025226,HRS023924
HRR025227,HRS023925
HRR025228,HRS023926
HRR025229,HRS023927
HRR025230,HRS023928
HRR025231,HRS023929
HRR025232,HRS023930
HRR025233,HRS023931
HRR025234,HRS023932
HRR025235,HRS023933
HRR025236,HRS023934
HRR025237,HRS023935
HRR025238,HRS023936
HRR025239,HRS023937
HRR025240,HRS023938
HRR025241,HRS023939
HRR025242,HRS023940
HRR025243,HRS023941
HRR025244,HRS023942
HRR025245,HRS023943
HRR025246,HRS023944
HRR025247,HRS023945
HRR025248,HRS023946
HRR025249,HRS023947
HRR025250,HRS023948
HRR025251,HRS023949
HRR025252,HRS023950
HRR025253,HRS023951
HRR025254,HRS023952
HRR025255,HRS023953
HRR025256,HRS023954
HRR025534,HRS023972
HRR025535,HRS023973
HRR025536,HRS023974
HRR025537,HRS023975
HRR025538,HRS023976
HRR025539,HRS023977
HRR025540,HRS023978
HRR025541,HRS023979
HRR025542,HRS023980
HRR025543,HRS023981
HRR025544,HRS023982
HRR025545,HRS023983
HRR025546,HRS023984
HRR025547,HRS023985
HRR025548,HRS023986
HRR025549,HRS023987
HRR025550,HRS023988
HRR025551,HRS023989
HRR025552,HRS023990
HRR025553,HRS023991
HRR025554,HRS023992
HRR025555,HRS023993
HRR025556,HRS023994
HRR025557,HRS023995
HRR025558,HRS023996
HRR025559,HRS023997
HRR025560,HRS023998
HRR025561,HRS023999
HRR025562,HRS024000
HRR025563,HRS024001
HRR025564,HRS024002
HRR025565,HRS024003
HRR025566,HRS024004
HRR025567,HRS024005
HRR025568,HRS024006
HRR025569,HRS024007
HRR025570,HRS024008
HRR025571,HRS024009
HRR025572,HRS024010
HRR025573,HRS024011
HRR025574,HRS024012
HRR025575,HRS024013
HRR025576,HRS024014
HRR025577,HRS024015
HRR025578,HRS024016
HRR025579,HRS024017
HRR025580,HRS024018
HRR025581,HRS024019
HRR025582,HRS024020
HRR025583,HRS024021
HRR025584,HRS024022
HRR025585,HRS024023
HRR025586,HRS024024
HRR025587,HRS024025
HRR025588,HRS024026
HRR025589,HRS024027
HRR025590,HRS024028
HRR025591,HRS024029
HRR025592,HRS024030
HRR025593,HRS024031
HRR025594,HRS024032
HRR025595,HRS024033
HRR025596,HRS024034
HRR025597,HRS024035
HRR025598,HRS024036
HRR025599,HRS024037
HRR025600,HRS024038
HRR025601,HRS024039
HRR025602,HRS024040
HRR025603,HRS024041
HRR025604,HRS024042
HRR025605,HRS024043
HRR025606,HRS024044
HRR025607,HRS024045
HRR025608,HRS024046
HRR025609,HRS024047
HRR025610,HRS024048
HRR025611,HRS024049
HRR025612,HRS024050
HRR025613,HRS024051
HRR025614,HRS024052
HRR025615,HRS024053
HRR025616,HRS024054
HRR025617,HRS024055
HRR025618,HRS024056
HRR025619,HRS024057
HRR025620,HRS024058
HRR025621,HRS024059
HRR025622,HRS024060
HRR025623,HRS024061
HRR025624,HRS024062
HRR025625,HRS024063
HRR025626,HRS024064
HRR025627,HRS024065
HRR025628,HRS024066
HRR025629,HRS024067
HRR025630,HRS024068
HRR025631,HRS024069
HRR025632,HRS024070
HRR025633,HRS024071
HRR025634,HRS024072
HRR025635,HRS024073
HRR025636,HRS024074
HRR025637,HRS024075
HRR025638,HRS024076
HRR025639,HRS024077
HRR025640,HRS024078
HRR025641,HRS024079
HRR025642,HRS024080
HRR025643,HRS024081
HRR025644,HRS024082
HRR025645,HRS024083
HRR025646,HRS024084
HRR025647,HRS024085
HRR025648,HRS024086
HRR025649,HRS024087
HRR025650,HRS024088
HRR025651,HRS024089
HRR025652,HRS024090
HRR025653,HRS024091
HRR025654,HRS024092
HRR025655,HRS024093
HRR025656,HRS024094
HRR025657,HRS024095
HRR025658,HRS024096
HRR025659,HRS024097
HRR025660,HRS024098
HRR025661,HRS024099
HRR025662,HRS024100
HRR025663,HRS024101
HRR025664,HRS024102
HRR025665,HRS024103
HRR025666,HRS024104
HRR025667,HRS024105
HRR025668,HRS024106
HRR025669,HRS024107
HRR025670,HRS024108
HRR025671,HRS024109
HRR025672,HRS024110
HRR025673,HRS024111
HRR025674,HRS024112
HRR025675,HRS024113
HRR025676,HRS024114
HRR025677,HRS024115
HRR025678,HRS024116
HRR025679,HRS024117
HRR025680,HRS024118
HRR025681,HRS024119
HRR025682,HRS024120
HRR025683,HRS024121
HRR025684,HRS024122
HRR025685,HRS024123
HRR025686,HRS024124
HRR025687,HRS024125
HRR025688,HRS024126
HRR025689,HRS024127
HRR025690,HRS024128
HRR025691,HRS024129
HRR025692,HRS024130
HRR025693,HRS024131
HRR025694,HRS024132
HRR025695,HRS024133
HRR025696,HRS024134
HRR025697,HRS024135
HRR025698,HRS024136
HRR025699,HRS024137
HRR025700,HRS024138
HRR025701,HRS024139
HRR025702,HRS024140
HRR025703,HRS024141
HRR025704,HRS024142
HRR025705,HRS024143
HRR025706,HRS024144
HRR025707,HRS024145
HRR025708,HRS024146
HRR025709,HRS024147
HRR025710,HRS024148
HRR025711,HRS024149
HRR025712,HRS024150
HRR025713,HRS024151
HRR025714,HRS024152
HRR025715,HRS024153
HRR025716,HRS024154
HRR025717,HRS024155
HRR025718,HRS024156
HRR025719,HRS024157
HRR025720,HRS024158
HRR025721,HRS024159
HRR025722,HRS024160
HRR025723,HRS024161
HRR025724,HRS024162
HRR025725,HRS024163
HRR025726,HRS024164
HRR025727,HRS024165
HRR025728,HRS024166
HRR025729,HRS024167
HRR025730,HRS024168
HRR025731,HRS024169
HRR025732,HRS024170
HRR025733,HRS024171
HRR025734,HRS024172
HRR025735,HRS024173
HRR025736,HRS024174
HRR025737,HRS024175
HRR025738,HRS024176
HRR025739,HRS024177
HRR025740,HRS024178
HRR025741,HRS024179
HRR025742,HRS024180
HRR025743,HRS024181
HRR025744,HRS024182
HRR025745,HRS024183
HRR025746,HRS024184
HRR025747,HRS024185
HRR025748,HRS024186
HRR025749,HRS024187
HRR025750,HRS024188
HRR025751,HRS024189
HRR025752,HRS024190
HRR025753,HRS024191
HRR025754,HRS024192
HRR025755,HRS024193
HRR025756,HRS024194
HRR025757,HRS024195
HRR025758,HRS024196
HRR025759,HRS024197
HRR025760,HRS024198
HRR025761,HRS024199
HRR025762,HRS024200
HRR025763,HRS024201
HRR025764,HRS024202
HRR025765,HRS024203
HRR025766,HRS024204
HRR025767,HRS024205
HRR025768,HRS024206
HRR025769,HRS024207
HRR025770,HRS024208
HRR025771,HRS024209
HRR025772,HRS024210
HRR025773,HRS024211
HRR025774,HRS024212
HRR025775,HRS024213
HRR025776,HRS024214
HRR025777,HRS024215
HRR025778,HRS024216
HRR025779,HRS024217
HRR025780,HRS024218
HRR025781,HRS024219
HRR025782,HRS024220
HRR025783,HRS024221
HRR025784,HRS024222
HRR025785,HRS024223
HRR025786,HRS024224
HRR025787,HRS024225
HRR025788,HRS024226
HRR025789,HRS024227
HRR025790,HRS024228
HRR025791,HRS024229
HRR025792,HRS024230
HRR025793,HRS024231
HRR025794,HRS024232
HRR025795,HRS024233
HRR025796,HRS024234
HRR025797,HRS024235
HRR025798,HRS024236
HRR025799,HRS024237
HRR025800,HRS024238
HRR025801,HRS024239
HRR025802,HRS024240
HRR025803,HRS024241
HRR025804,HRS024242
HRR025805,HRS024243
HRR025806,HRS024244
HRR025807,HRS024245
HRR025808,HRS024246
HRR025809,HRS024247
HRR025810,HRS024248
HRR025811,HRS024249
HRR025812,HRS024250
HRR025813,HRS024251
HRR025814,HRS024252
HRR025815,HRS024253
HRR025816,HRS024254
HRR025817,HRS024255
HRR025818,HRS024256
HRR025819,HRS024257
HRR025820,HRS024258
HRR025821,HRS024259
HRR025822,HRS024260
HRR025823,HRS024261
HRR025824,HRS024262
HRR025825,HRS024263
HRR025826,HRS024264
HRR025827,HRS024265
HRR025828,HRS024266
HRR025829,HRS024267
HRR025830,HRS024268
HRR025831,HRS024269
HRR025832,HRS024270
HRR025833,HRS024271
HRR025834,HRS024272
HRR025835,HRS024273
HRR025836,HRS024274
HRR025837,HRS024275
HRR025838,HRS024276
HRR025839,HRS024277
HRR025840,HRS024278
HRR025841,HRS024279
HRR025842,HRS024280
HRR025843,HRS024281
HRR025844,HRS024282
HRR025845,HRS024283
HRR025846,HRS024284
HRR025847,HRS024285
HRR025848,HRS024286
HRR025849,HRS024287
HRR025850,HRS024288
HRR025851,HRS024289
HRR025852,HRS024290
HRR025853,HRS024291
HRR025854,HRS024292
HRR025855,HRS024293
HRR025856,HRS024294
HRR025857,HRS024295
HRR025858,HRS024296
HRR025859,HRS024297
HRR025860,HRS024298
HRR025861,HRS024299
HRR025862,HRS024300
HRR025863,HRS024301
HRR025864,HRS024302
HRR025865,HRS024303
HRR025866,HRS024304
HRR025867,HRS024305
HRR025868,HRS024306
HRR025869,HRS024307
HRR025870,HRS024308
HRR025871,HRS024309
HRR025872,HRS024310
HRR025873,HRS024311
HRR025874,HRS024312
HRR025875,HRS024313
HRR025876,HRS024314
HRR025877,HRS024315
HRR025878,HRS024316
HRR025879,HRS024317
HRR025880,HRS024318
HRR025881,HRS024319
HRR025882,HRS024320
HRR025883,HRS024321
HRR025884,HRS024322
HRR025885,HRS024323
HRR025886,HRS024324
HRR025887,HRS024325
HRR025888,HRS024326
HRR025889,HRS024327
HRR025890,HRS024328
HRR025891,HRS024329
HRR025892,HRS024330
HRR025893,HRS024331
HRR025894,HRS024332
HRR025895,HRS024333
HRR025896,HRS024334
HRR025897,HRS024335
HRR025898,HRS024336
HRR025899,HRS024337
HRR025900,HRS024338
HRR025901,HRS024339
HRR025902,HRS024340
HRR025903,HRS024341
HRR025904,HRS024342
HRR025905,HRS024343
HRR025906,HRS024344
HRR025907,HRS024345
HRR025908,HRS024346
HRR025909,HRS024347
HRR025910,HRS024348
HRR025911,HRS024349
HRR025912,HRS024350
HRR025913,HRS024351
HRR025914,HRS024352
HRR025915,HRS024353
HRR025916,HRS024354
HRR025917,HRS024355
HRR025918,HRS024356
HRR025919,HRS024357
HRR025920,HRS024358
HRR025921,HRS024359
HRR025922,HRS024360
HRR025923,HRS024361
HRR025924,HRS024362
HRR025925,HRS024363
HRR025926,HRS024364
HRR025927,HRS024365
HRR025928,HRS024366
HRR025929,HRS024367
HRR025930,HRS024368
HRR025931,HRS024369
HRR025932,HRS024370
HRR025933,HRS024371
HRR025934,HRS024372
HRR025935,HRS024373
HRR025936,HRS024374
HRR025937,HRS024375
HRR025938,HRS024376
HRR025939,HRS024377
HRR025940,HRS024378
HRR025941,HRS024379
HRR025942,HRS024380
HRR025943,HRS024381
HRR025944,HRS024382
HRR025945,HRS024383
HRR025946,HRS024384
HRR025947,HRS024385
HRR025948,HRS024386
HRR025949,HRS024387
HRR025950,HRS024388
HRR025951,HRS024389
HRR025952,HRS024390
HRR025953,HRS024391
HRR025954,HRS024392
HRR025955,HRS024393
HRR025956,HRS024394
HRR025957,HRS024395
HRR025958,HRS024396
HRR025959,HRS024397
HRR025960,HRS024398
HRR025961,HRS024399
HRR025962,HRS024400
HRR025963,HRS024401
HRR025964,HRS024402
HRR025965,HRS024403
HRR025966,HRS024404
HRR025967,HRS024405
HRR025968,HRS024406
HRR025969,HRS024407
HRR025970,HRS024408
HRR025971,HRS024409
HRR025972,HRS024410
HRR025973,HRS024411
HRR025974,HRS024412
HRR025975,HRS024413
HRR025976,HRS024414
HRR025977,HRS024415
HRR025978,HRS024416
HRR025979,HRS024417
HRR025980,HRS024418
HRR025981,HRS024419
HRR025982,HRS024420
HRR025983,HRS024421
HRR025984,HRS024422
HRR025985,HRS024423
HRR025986,HRS024424
HRR025987,HRS024425
HRR025988,HRS024426
HRR025989,HRS024427
HRR025990,HRS024428
HRR025991,HRS024429
HRR025992,HRS024430
HRR025993,HRS024431
HRR025994,HRS024432
HRR025995,HRS024433
HRR025996,HRS024434
HRR025997,HRS024435
HRR025998,HRS024436
HRR025999,HRS024437
HRR026000,HRS024438
HRR026001,HRS024439
HRR026002,HRS024440
HRR026003,HRS024441
HRR026004,HRS024442
HRR026005,HRS024443
HRR026006,HRS024444
HRR026007,HRS024445
HRR026008,HRS024446
HRR026009,HRS024447
HRR026010,HRS024448
HRR026011,HRS024449
HRR026012,HRS024450
HRR026013,HRS024451
HRR026014,HRS024452
HRR026015,HRS024453
HRR026016,HRS024454
HRR026017,HRS024455
HRR026018,HRS024456
HRR026019,HRS024457
HRR026020,HRS024458
HRR026021,HRS024459
HRR026022,HRS024460
HRR026023,HRS024461
HRR026024,HRS024462
HRR026025,HRS024463
HRR026026,HRS024464
HRR026027,HRS024465
HRR026028,HRS024466
HRR026029,HRS024467
HRR026030,HRS024468
HRR026031,HRS024469
HRR026032,HRS024470
HRR026033,HRS024471
HRR026034,HRS024472
HRR026035,HRS024473
HRR026036,HRS024474
HRR026037,HRS024475
HRR026038,HRS024476
HRR026039,HRS024477
HRR026040,HRS024478
HRR026041,HRS024479
HRR026042,HRS024480
HRR026043,HRS024481
HRR026044,HRS024482
HRR026045,HRS024483
HRR026046,HRS024484
HRR026047,HRS024485
HRR026048,HRS024486
HRR026049,HRS024487
HRR026050,HRS024488
HRR026051,HRS024489
HRR026052,HRS024490
HRR026053,HRS024491
HRR026054,HRS024492
HRR026055,HRS024493
HRR026056,HRS024494
HRR026057,HRS024495
HRR026058,HRS024496
HRR026059,HRS024497
HRR026060,HRS024498
HRR026061,HRS024499
HRR026062,HRS024500
HRR026063,HRS024501
HRR026064,HRS024502
HRR026065,HRS024503
HRR026066,HRS024504
HRR026067,HRS024505
HRR026068,HRS024506
HRR026069,HRS024507
HRR026070,HRS024508
HRR026071,HRS024509
HRR026072,HRS024510
HRR026073,HRS024511
HRR026074,HRS024512
HRR026075,HRS024513
HRR026076,HRS024514
HRR026077,HRS024515
HRR026078,HRS024516
HRR026079,HRS024517
HRR026080,HRS024518
HRR026081,HRS024519
HRR026082,HRS024520
HRR026083,HRS024521
HRR026084,HRS024522
HRR026085,HRS024523
HRR026086,HRS024524
HRR026087,HRS024525
HRR026088,HRS024526
HRR026089,HRS024527
HRR026090,HRS024528
HRR026091,HRS024529
HRR026092,HRS024530
HRR026093,HRS024531
HRR026094,HRS024532
HRR026095,HRS024533
HRR026096,HRS024534
HRR026097,HRS024535
HRR026098,HRS024536
HRR026099,HRS024537
HRR026100,HRS024538
HRR026101,HRS024539
HRR026102,HRS024540
HRR026103,HRS024541
HRR026104,HRS024542
HRR026105,HRS024543
HRR026106,HRS024544
HRR026107,HRS024545
HRR026108,HRS024546
HRR026109,HRS024547
HRR026110,HRS024548
HRR026111,HRS024549
HRR026112,HRS024550
HRR026113,HRS024551
HRR026114,HRS024552
HRR026115,HRS024553
HRR026116,HRS024554
HRR026117,HRS024555
HRR026118,HRS024556
HRR026119,HRS024557
HRR026120,HRS024558
HRR026121,HRS024559
HRR026122,HRS024560
HRR026123,HRS024561
HRR026124,HRS024562
HRR026125,HRS024563
HRR026126,HRS024564
HRR026127,HRS024565
HRR026128,HRS024566
HRR026129,HRS024567
HRR026130,HRS024568
HRR026131,HRS024569
HRR026132,HRS024570
HRR026133,HRS024571
HRR026134,HRS024572
HRR026135,HRS024573
HRR026136,HRS024574
HRR026137,HRS024575
HRR026138,HRS024576
HRR026139,HRS024577
HRR026140,HRS024578
HRR026141,HRS024579
HRR026142,HRS024580
HRR026143,HRS024581
HRR026144,HRS024582
HRR026145,HRS024583
HRR026146,HRS024584
HRR026147,HRS024585
HRR026148,HRS024586
HRR026149,HRS024587
HRR026150,HRS024588
HRR026151,HRS024589
HRR026152,HRS024590
HRR026153,HRS024591
HRR026154,HRS024592
HRR026155,HRS024593
HRR026156,HRS024594
HRR026157,HRS024595
HRR026158,HRS024596
HRR026159,HRS024597
HRR026160,HRS024598
HRR026161,HRS024599
HRR026162,HRS024600
HRR026163,HRS024601
HRR026164,HRS024602
HRR026165,HRS024603
HRR026166,HRS024604
HRR026167,HRS024605
HRR026168,HRS024606
HRR026169,HRS024607
HRR026170,HRS024608
HRR026171,HRS024609
HRR026172,HRS024610
HRR026173,HRS024611
HRR026174,HRS024612
HRR026175,HRS024613
HRR026176,HRS024614
HRR026177,HRS024615
HRR026178,HRS024616
HRR026179,HRS024617
HRR026180,HRS024618
HRR026181,HRS024619
HRR026182,HRS024620
HRR026183,HRS024621
HRR026184,HRS024622
HRR026185,HRS024623
HRR026186,HRS024624
HRR026187,HRS024625
HRR026188,HRS024626
HRR026189,HRS024627
HRR026190,HRS024628
HRR026191,HRS024629
HRR026192,HRS024630
HRR026193,HRS024631
HRR026194,HRS024632
HRR026195,HRS024633
HRR026196,HRS024634
HRR026197,HRS024635
HRR026198,HRS024636
HRR026199,HRS024637
HRR026200,HRS024638
HRR026201,HRS024639
HRR026202,HRS024640
HRR026203,HRS024641
HRR026204,HRS024642
HRR026205,HRS024643
HRR026206,HRS024644
HRR026207,HRS024645
HRR026208,HRS024646
HRR026209,HRS024647
HRR026210,HRS024648
HRR026211,HRS024649
HRR026212,HRS024650
HRR026213,HRS024651
HRR026214,HRS024652
HRR026215,HRS024653
HRR026216,HRS024654
HRR026217,HRS024655
HRR026218,HRS024656
HRR026219,HRS024657
HRR026220,HRS024658
HRR026221,HRS024659
HRR026222,HRS024660
HRR026223,HRS024661
HRR026224,HRS024662
HRR026225,HRS024663
HRR026226,HRS024664
HRR026227,HRS024665
HRR026228,HRS024666
HRR026229,HRS024667
HRR026230,HRS024668
HRR026231,HRS024669
HRR026232,HRS024670
HRR026233,HRS024671
HRR026234,HRS024672
HRR026235,HRS024673
HRR026236,HRS024674
HRR026237,HRS024675
HRR026238,HRS024676
HRR026239,HRS024677
HRR026240,HRS024678
HRR026241,HRS024679
HRR026242,HRS024680
HRR026243,HRS024681
HRR026244,HRS024682
HRR026245,HRS024683
HRR026246,HRS024684
HRR026247,HRS024685
HRR026248,HRS024686
HRR026249,HRS024687
HRR026250,HRS024688
HRR026251,HRS024689
HRR026252,HRS024690
HRR026253,HRS024691
HRR026254,HRS024692
HRR026255,HRS024693
HRR026256,HRS024694
HRR026257,HRS024695
HRR026258,HRS024696
HRR026259,HRS024697
HRR026260,HRS024698
HRR026261,HRS024699
HRR026262,HRS024700
HRR026263,HRS024701
HRR026264,HRS024702
HRR026265,HRS024703
HRR026266,HRS024704
HRR026267,HRS024705
HRR026268,HRS024706
HRR026269,HRS024707
HRR026270,HRS024708
HRR026271,HRS024709
HRR026272,HRS024710
HRR026273,HRS024711
HRR026274,HRS024712
HRR026275,HRS024713
HRR026276,HRS024714
HRR026277,HRS024715
HRR026278,HRS024716
HRR026279,HRS024717
HRR026280,HRS024718
HRR026281,HRS024719
HRR026282,HRS024720
HRR026283,HRS024721
HRR026284,HRS024722
HRR026285,HRS024723
HRR026286,HRS024724
HRR026287,HRS024725
HRR026288,HRS024726
HRR026289,HRS024727
HRR026290,HRS024728
HRR026291,HRS024729
HRR026292,HRS024730
HRR026293,HRS024731
HRR026294,HRS024732
HRR026295,HRS024733
HRR026296,HRS024734
HRR026297,HRS024735
HRR026298,HRS024736
HRR026299,HRS024737
HRR026300,HRS024738
HRR026301,HRS024739
HRR026302,HRS024740
HRR026303,HRS024741
HRR026304,HRS024742
HRR026305,HRS024743
HRR026306,HRS024744
HRR026307,HRS024745
HRR026308,HRS024746
HRR026309,HRS024747
HRR026310,HRS024748
HRR026311,HRS024749
HRR026312,HRS024750
HRR026313,HRS024751
HRR026314,HRS024752
HRR026315,HRS024753
HRR026316,HRS024754
HRR026317,HRS024755
HRR026318,HRS024756
HRR026319,HRS024757
HRR026320,HRS024758
HRR026321,HRS024759
HRR026322,HRS024760
HRR026323,HRS024761
HRR026324,HRS024762
HRR026325,HRS024763
HRR026326,HRS024764
HRR026327,HRS024765
HRR026328,HRS024766
HRR026329,HRS024767
HRR026330,HRS024768
HRR026331,HRS024769
HRR026332,HRS024770
HRR026333,HRS024771
HRR026334,HRS024772
HRR026335,HRS024773
HRR026336,HRS024774
HRR026337,HRS024775
HRR026338,HRS024776
HRR026339,HRS024777
HRR026340,HRS024778
HRR026341,HRS024779
HRR026342,HRS024780
HRR026343,HRS024781
HRR026344,HRS024782
HRR026345,HRS024783
HRR026346,HRS024784
HRR026347,HRS024785
HRR026348,HRS024786
HRR026349,HRS024787
HRR026350,HRS024788
HRR026351,HRS024789
HRR026352,HRS024790
HRR026353,HRS024791
HRR026354,HRS024792
HRR026355,HRS024793
HRR026356,HRS024794
HRR026357,HRS024795
HRR026358,HRS024796
HRR026359,HRS024797
HRR026360,HRS024798
HRR026361,HRS024799
HRR026362,HRS024800
HRR026363,HRS024801
HRR026364,HRS024802
HRR026365,HRS024803
HRR026366,HRS024804
HRR026367,HRS024805
HRR026368,HRS024806
HRR026369,HRS024807
HRR026370,HRS024808
HRR026371,HRS024809
HRR026372,HRS024810
HRR026373,HRS024811
HRR026374,HRS024812
HRR026375,HRS024813
HRR026376,HRS024814
HRR026377,HRS024815
HRR026378,HRS024816
HRR026379,HRS024817
HRR026380,HRS024818
HRR026381,HRS024819
HRR026382,HRS024820
HRR026383,HRS024821
HRR026384,HRS024822
HRR026385,HRS024823
HRR026386,HRS024824
HRR026387,HRS024825
HRR026388,HRS024826
HRR026389,HRS024827
HRR026390,HRS024828
HRR026391,HRS024829
HRR026392,HRS024830
HRR026393,HRS024831
HRR026394,HRS024832
HRR026395,HRS024833
HRR026396,HRS024834
HRR026397,HRS024835
HRR026398,HRS024836
HRR026399,HRS024837
HRR026400,HRS024838
HRR026401,HRS024839
HRR026402,HRS024840
HRR026403,HRS024841
HRR026404,HRS024842
HRR026405,HRS024843
HRR026406,HRS024844
HRR026407,HRS024845
HRR026408,HRS024846
HRR026409,HRS024847
HRR026410,HRS024848
HRR026411,HRS024849
HRR026412,HRS024850
HRR026413,HRS024851
HRR026414,HRS024852
HRR026415,HRS024853
HRR026416,HRS024854
HRR026417,HRS024855
HRR026418,HRS024856
HRR026419,HRS024857
HRR026420,HRS024858
HRR026421,HRS024859
HRR026422,HRS024860
HRR026423,HRS024861
HRR026424,HRS024862
HRR026425,HRS024863
HRR026426,HRS024864
HRR026427,HRS024865
HRR026428,HRS024866
HRR026429,HRS024867
HRR026430,HRS024868
HRR026431,HRS024869
HRR026432,HRS024870
HRR026433,HRS024871
HRR026434,HRS024872
HRR026435,HRS024873
HRR026436,HRS024874
HRR026437,HRS024875
HRR026438,HRS024876
HRR026439,HRS024877
HRR026440,HRS024878
HRR026441,HRS024879
HRR026442,HRS024880
HRR026443,HRS024881
HRR026444,HRS024882
HRR026445,HRS024883
HRR026446,HRS024884
HRR026447,HRS024885
HRR026448,HRS024886
HRR026449,HRS024887
HRR026450,HRS024888
HRR026451,HRS024889
HRR026452,HRS024890
HRR026453,HRS024891
HRR026454,HRS024892
HRR026455,HRS024893
HRR026456,HRS024894
HRR026457,HRS024895
HRR026458,HRS024896
HRR026459,HRS024897
HRR026460,HRS024898
HRR026461,HRS024899
HRR026462,HRS024900
HRR026463,HRS024901
HRR026464,HRS024902
HRR026465,HRS024903
HRR026466,HRS024904
HRR026467,HRS024905
HRR026468,HRS024906
HRR026469,HRS024907
HRR026470,HRS024908
HRR026471,HRS024909
HRR026472,HRS024910
HRR026473,HRS024911
HRR026474,HRS024912
HRR026475,HRS024913
HRR026476,HRS024914
HRR026477,HRS024915
HRR026478,HRS024916
HRR026479,HRS024917
HRR026480,HRS024918
HRR026481,HRS024919
HRR026482,HRS024920
HRR026483,HRS024921
HRR026484,HRS024922
HRR026485,HRS024923
HRR026486,HRS024924
HRR026487,HRS024925
HRR026488,HRS024926
HRR026489,HRS024927
HRR026490,HRS024928
HRR026491,HRS024929
HRR026492,HRS024930
HRR026493,HRS024931
HRR026494,HRS024932
HRR026495,HRS024933
HRR026496,HRS024934
HRR026497,HRS024935
HRR026498,HRS024936
HRR026499,HRS024937
HRR026500,HRS024938
HRR026501,HRS024939
HRR026502,HRS024940
HRR026503,HRS024941
HRR026504,HRS024942
HRR026505,HRS024943
HRR026506,HRS024944
HRR026507,HRS024945
HRR026508,HRS024946
HRR026509,HRS024947
HRR026510,HRS024948
HRR026511,HRS024949
HRR026512,HRS024950
HRR026513,HRS024951
HRR026514,HRS024952
HRR026515,HRS024953
HRR026516,HRS024954
HRR026517,HRS024955
HRR026518,HRS024956
HRR026519,HRS024957
HRR026520,HRS024958
HRR026521,HRS024959
HRR026522,HRS024960
HRR026523,HRS024961
HRR026524,HRS024962
HRR026525,HRS024963
HRR026526,HRS024964
HRR026527,HRS024965
HRR026528,HRS024966
HRR026529,HRS024967
HRR026530,HRS024968
HRR026531,HRS024969
HRR026532,HRS024970
HRR026533,HRS024971
HRR026534,HRS024972
HRR026535,HRS024973
HRR026536,HRS024974
HRR026537,HRS024975
HRR026538,HRS024976
HRR026539,HRS024977
HRR026540,HRS024978
HRR026541,HRS024979
HRR026542,HRS024980
HRR026543,HRS024981
HRR026544,HRS024982
HRR026545,HRS024983
HRR026546,HRS024984
HRR026547,HRS024985
HRR026548,HRS024986
HRR026549,HRS024987
HRR026550,HRS024988
HRR026551,HRS024989
HRR026820,HRS025251
HRR026821,HRS025251
HRR026822,HRS025251
HRR026823,HRS025251
HRR026824,HRS025251
HRR026825,HRS025251
HRR026826,HRS025251
HRR026827,HRS025251
HRR026828,HRS025251
HRR026829,HRS025251
HRR026830,HRS025251
HRR026831,HRS025251
HRR026832,HRS025251
HRR026833,HRS025251
HRR026834,HRS025251
HRR026835,HRS025251
HRR026836,HRS025251
HRR026837,HRS025251
HRR026838,HRS025251
HRR026839,HRS025251
HRR026840,HRS025251
HRR026841,HRS025251
HRR026842,HRS025251
HRR026843,HRS025251
HRR026844,HRS025251
HRR026845,HRS025251
HRR026846,HRS025251
HRR026847,HRS025251
HRR026848,HRS025251
HRR026849,HRS025251
HRR026850,HRS025251
HRR026851,HRS025251
HRR026852,HRS025251
HRR026853,HRS025251
HRR026854,HRS025251
HRR026855,HRS025251
HRR026856,HRS025251
HRR026857,HRS025251
HRR026858,HRS025251
HRR026859,HRS025251
HRR026860,HRS025251
HRR026861,HRS025251
HRR026862,HRS025251
HRR026863,HRS025251
HRR026864,HRS025251
HRR026865,HRS025251
HRR026866,HRS025251
HRR026867,HRS025251
HRR026868,HRS025251
HRR026869,HRS025251
HRR026870,HRS025251
HRR026871,HRS025251
HRR026872,HRS025251
HRR026873,HRS025251
HRR026874,HRS025251
HRR026875,HRS025251
HRR026876,HRS025251
HRR026877,HRS025251
HRR026878,HRS025251
HRR026879,HRS025251
HRR026880,HRS025251
HRR026881,HRS025251
HRR026882,HRS025251
HRR026883,HRS025251
HRR026884,HRS025251
HRR026885,HRS025251
HRR026886,HRS025251
HRR026887,HRS025251
HRR026888,HRS025251
HRR026889,HRS025251
HRR026890,HRS025251
HRR026891,HRS025251
HRR026892,HRS025251
HRR026893,HRS025251
HRR026894,HRS025251
HRR026895,HRS025251
HRR026896,HRS025251
HRR026897,HRS025251
HRR026898,HRS025251
HRR026899,HRS025251
HRR026900,HRS025251
HRR026901,HRS025251
HRR026902,HRS025251
HRR026903,HRS025251
HRR026904,HRS025251
HRR026905,HRS025251
HRR026906,HRS025251
HRR026907,HRS025251
HRR026908,HRS025251
HRR026909,HRS025251
HRR026910,HRS025251
HRR026911,HRS025251
HRR026912,HRS025251
HRR026913,HRS025251
HRR026914,HRS025251
HRR026915,HRS025251
HRR026916,HRS025251
HRR026917,HRS025251
HRR026918,HRS025251
HRR026919,HRS025251
HRR026920,HRS025251
HRR026921,HRS025251
HRR026922,HRS025251
HRR026923,HRS025251
HRR026924,HRS025251
HRR026925,HRS025251
HRR026926,HRS025251
HRR026927,HRS025251
HRR026928,HRS025251
HRR026929,HRS025251
HRR026930,HRS025251
HRR026931,HRS025251
HRR026932,HRS025251
HRR026933,HRS025251
HRR026934,HRS025251
HRR026935,HRS025251
HRR026936,HRS025251
HRR026937,HRS025251
HRR026938,HRS025251
HRR026939,HRS025251
HRR026940,HRS025251
HRR026941,HRS025251
HRR026942,HRS025251
HRR026943,HRS025251
HRR026944,HRS025251
HRR026945,HRS025251
HRR026946,HRS025251
HRR026947,HRS025251
HRR026948,HRS025251
HRR026949,HRS025251
HRR026950,HRS025251
HRR026951,HRS025251
HRR026952,HRS025251
HRR026953,HRS025251
HRR026954,HRS025251
HRR026955,HRS025251
HRR026956,HRS025251
HRR026957,HRS025251
HRR026958,HRS025251
HRR026959,HRS025251
HRR026960,HRS025251
HRR026961,HRS025251
HRR026962,HRS025251
HRR026963,HRS025251
HRR026964,HRS025251
HRR026965,HRS025251
HRR026966,HRS025251
HRR026967,HRS025251
HRR026968,HRS025251
HRR026969,HRS025251
HRR026970,HRS025251
HRR026971,HRS025251
HRR026972,HRS025251
HRR026973,HRS025251
HRR026974,HRS025251
HRR026975,HRS025251
HRR026976,HRS025251
HRR026977,HRS025251
HRR026978,HRS025251
HRR026979,HRS025251
HRR026980,HRS025251
HRR026981,HRS025251
HRR026982,HRS025251
HRR026983,HRS025251
HRR026984,HRS025251
HRR026985,HRS025251
HRR026986,HRS025251
HRR026987,HRS025251
HRR026988,HRS025251
HRR026989,HRS025251
HRR026990,HRS025251
HRR026991,HRS025251
HRR026992,HRS025251
HRR026993,HRS025251
HRR026994,HRS025251
HRR026995,HRS025251
HRR026996,HRS025251
HRR026997,HRS025251
HRR026998,HRS025251
HRR026999,HRS025251
HRR027000,HRS025251
HRR027001,HRS025251
HRR027002,HRS025251
HRR027003,HRS025251
HRR027004,HRS025251
HRR027005,HRS025251
HRR027006,HRS025251
HRR027007,HRS025251
HRR027008,HRS025251
HRR027009,HRS025251
HRR027010,HRS025251
HRR027011,HRS025251
HRR027012,HRS025251
HRR027013,HRS025251
HRR027014,HRS025251
HRR027015,HRS025251
HRR027016,HRS025251
HRR027017,HRS025251
HRR027018,HRS025251
HRR027019,HRS025251
HRR027020,HRS025251
HRR027021,HRS025251
HRR027022,HRS025251
HRR027023,HRS025251
HRR027024,HRS025251
HRR027025,HRS025251
HRR027026,HRS025251
HRR027027,HRS025251
HRR027028,HRS025251
HRR027029,HRS025251
HRR027030,HRS025251
HRR027031,HRS025251
HRR027032,HRS025251
HRR027033,HRS025251
HRR027034,HRS025251
HRR027035,HRS025251
HRR027036,HRS025251
HRR027037,HRS025251
HRR027038,HRS025251
HRR027039,HRS025251
HRR027040,HRS025251
HRR027041,HRS025251
HRR027042,HRS025251
HRR027043,HRS025251
HRR027044,HRS025251
HRR027045,HRS025252
HRR027046,HRS025252
HRR027047,HRS025252
HRR027048,HRS025252
HRR027049,HRS025252
HRR027050,HRS025252
HRR027051,HRS025252
HRR027052,HRS025252
HRR027053,HRS025252
HRR027054,HRS025252
HRR027055,HRS025252
HRR027056,HRS025252
HRR027057,HRS025252
HRR027058,HRS025252
HRR027059,HRS025252
HRR027060,HRS025252
HRR027061,HRS025252
HRR027062,HRS025252
HRR027063,HRS025252
HRR027064,HRS025252
HRR027065,HRS025252
HRR027066,HRS025252
HRR027067,HRS025252
HRR027068,HRS025252
HRR027069,HRS025252
HRR027070,HRS025252
HRR027071,HRS025252
HRR027072,HRS025252
HRR027073,HRS025252
HRR027074,HRS025252
HRR027075,HRS025252
HRR027076,HRS025252
HRR027077,HRS025252
HRR027078,HRS025252
HRR027079,HRS025252
HRR027080,HRS025252
HRR027081,HRS025252
HRR027082,HRS025252
HRR027083,HRS025252
HRR027084,HRS025252
HRR027085,HRS025252
HRR027086,HRS025252
HRR027087,HRS025252
HRR027088,HRS025252
HRR027089,HRS025252
HRR027090,HRS025252
HRR027091,HRS025252
HRR027092,HRS025252
HRR027093,HRS025252
HRR027094,HRS025252
HRR027095,HRS025252
HRR027096,HRS025252
HRR027097,HRS025252
HRR027098,HRS025252
HRR027099,HRS025252
HRR027100,HRS025252
HRR027101,HRS025252
HRR027102,HRS025252
HRR027103,HRS025252
HRR027104,HRS025252
HRR027105,HRS025252
HRR027106,HRS025252
HRR027107,HRS025252
HRR027108,HRS025252
HRR027109,HRS025252
HRR027110,HRS025252
HRR027111,HRS025252
HRR027112,HRS025252
HRR027113,HRS025252
HRR027114,HRS025252
HRR027115,HRS025252
HRR027116,HRS025252
HRR027117,HRS025252
HRR027118,HRS025252
HRR027119,HRS025252
HRR027120,HRS025252
HRR027121,HRS025252
HRR027122,HRS025252
HRR027123,HRS025252
HRR027124,HRS025252
HRR027125,HRS025252
HRR027126,HRS025252
HRR027127,HRS025252
HRR027128,HRS025252
HRR027129,HRS025252
HRR027130,HRS025252
HRR027131,HRS025252
HRR027132,HRS025252
HRR027133,HRS025252
HRR027134,HRS025252
HRR027135,HRS025252
HRR027136,HRS025252
HRR027137,HRS025252
HRR027138,HRS025252
HRR027139,HRS025252
HRR027140,HRS025252
HRR027141,HRS025252
HRR027142,HRS025252
HRR027143,HRS025252
HRR027144,HRS025252
HRR027145,HRS025252
HRR027146,HRS025252
HRR027147,HRS025252
HRR027148,HRS025252
HRR027149,HRS025252
HRR027150,HRS025252
HRR027151,HRS025252
HRR027152,HRS025252
HRR027153,HRS025252
HRR027154,HRS025252
HRR027155,HRS025252
HRR027156,HRS025252
HRR027157,HRS025252
HRR027158,HRS025252
HRR027159,HRS025252
HRR027160,HRS025252
HRR027161,HRS025252
HRR027162,HRS025252
HRR027163,HRS025252
HRR027164,HRS025252
HRR027165,HRS025252
HRR027166,HRS025252
HRR027167,HRS025252
HRR027168,HRS025252
HRR027169,HRS025252
HRR027170,HRS025252
HRR027171,HRS025252
HRR027172,HRS025252
HRR027173,HRS025252
HRR027174,HRS025252
HRR027175,HRS025252
HRR027176,HRS025252
HRR027177,HRS025252
HRR027178,HRS025252
HRR027179,HRS025252
HRR027180,HRS025252
HRR027181,HRS025252
HRR027182,HRS025252
HRR027183,HRS025252
HRR027184,HRS025252
HRR027185,HRS025252
HRR027186,HRS025252
HRR027187,HRS025252
HRR027188,HRS025252
HRR027189,HRS025252
HRR027190,HRS025252
HRR027191,HRS025252
HRR027192,HRS025252
HRR027193,HRS025252
HRR027194,HRS025252
HRR027195,HRS025252
HRR027196,HRS025252
HRR027197,HRS025252
HRR027198,HRS025252
HRR027199,HRS025252
HRR027200,HRS025252
HRR027201,HRS025252
HRR027202,HRS025252
HRR027203,HRS025252
HRR027204,HRS025252
HRR027205,HRS025252
HRR027206,HRS025252
HRR027207,HRS025252
HRR027208,HRS025252
HRR027209,HRS025252
HRR027210,HRS025252
HRR027211,HRS025252
HRR027212,HRS025252
HRR027213,HRS025252
HRR027214,HRS025252
HRR027215,HRS025252
HRR027216,HRS025252
HRR027217,HRS025252
HRR027218,HRS025252
HRR027219,HRS025252
HRR027220,HRS025252
HRR027221,HRS025252
HRR027222,HRS025252
HRR027223,HRS025252
HRR027224,HRS025252
HRR027225,HRS025252
HRR027226,HRS025252
HRR027227,HRS025252
HRR027228,HRS025252
HRR027229,HRS025252
HRR027230,HRS025252
HRR027231,HRS025252
HRR027232,HRS025252
HRR027233,HRS025252
HRR027234,HRS025252
HRR027235,HRS025252
HRR027236,HRS025252
HRR027237,HRS025252
HRR027238,HRS025252
HRR027239,HRS025252
HRR027240,HRS025252
HRR027241,HRS025252
HRR027242,HRS025252
HRR027243,HRS025253
HRR027244,HRS025253
HRR027245,HRS025253
HRR027246,HRS025253
HRR027247,HRS025253
HRR027248,HRS025253
HRR027249,HRS025253
HRR027250,HRS025253
HRR027251,HRS025253
HRR027252,HRS025253
HRR027253,HRS025253
HRR027254,HRS025253
HRR027255,HRS025253
HRR027256,HRS025253
HRR027257,HRS025253
HRR027258,HRS025253
HRR027259,HRS025253
HRR027260,HRS025253
HRR027261,HRS025253
HRR027262,HRS025253
HRR027263,HRS025253
HRR027264,HRS025253
HRR027265,HRS025253
HRR027266,HRS025253
HRR027267,HRS025253
HRR027268,HRS025253
HRR027269,HRS025253
HRR027270,HRS025253
HRR027271,HRS025253
HRR027272,HRS025253
HRR027273,HRS025253
HRR027274,HRS025253
HRR027275,HRS025253
HRR027276,HRS025253
HRR027277,HRS025253
HRR027278,HRS025253
HRR027279,HRS025253
HRR027280,HRS025253
HRR027281,HRS025253
HRR027282,HRS025253
HRR027283,HRS025253
HRR027284,HRS025253
HRR027285,HRS025253
HRR027286,HRS025253
HRR027287,HRS025253
HRR027288,HRS025253
HRR027289,HRS025253
HRR027290,HRS025253
HRR027291,HRS025253
HRR027292,HRS025253
HRR027293,HRS025253
HRR027294,HRS025253
HRR027295,HRS025253
HRR027296,HRS025253
HRR027297,HRS025253
HRR027298,HRS025253
HRR027299,HRS025253
HRR027300,HRS025253
HRR027301,HRS025253
HRR027302,HRS025253
HRR027303,HRS025253
HRR027304,HRS025253
HRR027305,HRS025253
HRR027306,HRS025253
HRR027307,HRS025253
HRR027308,HRS025253
HRR027309,HRS025253
HRR027310,HRS025253
HRR027311,HRS025253
HRR027312,HRS025253
HRR027313,HRS025253
HRR027314,HRS025253
HRR027315,HRS025253
HRR027316,HRS025253
HRR027317,HRS025253
HRR027318,HRS025253
HRR027319,HRS025253
HRR027320,HRS025253
HRR027321,HRS025253
HRR027322,HRS025253
HRR027323,HRS025253
HRR027324,HRS025253
HRR027325,HRS025253
HRR027326,HRS025253
HRR027327,HRS025253
HRR027328,HRS025253
HRR027329,HRS025253
HRR027330,HRS025253
HRR027331,HRS025253
HRR027332,HRS025253
HRR027333,HRS025253
HRR027334,HRS025253
HRR027335,HRS025253
HRR027336,HRS025253
HRR027337,HRS025253
HRR027338,HRS025253
HRR027339,HRS025253
HRR027340,HRS025253
HRR027341,HRS025253
HRR027342,HRS025253
HRR027343,HRS025253
HRR027344,HRS025253
HRR027345,HRS025253
HRR027346,HRS025253
HRR027347,HRS025253
HRR027348,HRS025253
HRR027349,HRS025253
HRR027350,HRS025253
HRR027351,HRS025253
HRR027352,HRS025253
HRR027353,HRS025253
HRR027354,HRS025253
HRR027355,HRS025253
HRR027356,HRS025253
HRR027357,HRS025253
HRR027358,HRS025253
HRR027359,HRS025253
HRR027360,HRS025253
HRR027361,HRS025253
HRR027362,HRS025253
HRR027363,HRS025253
HRR027364,HRS025253
HRR027365,HRS025253
HRR027366,HRS025253
HRR027367,HRS025253
HRR027368,HRS025253
HRR027369,HRS025253
HRR027370,HRS025253
HRR027371,HRS025253
HRR027372,HRS025253
HRR027373,HRS025253
HRR027374,HRS025253
HRR027375,HRS025253
HRR027376,HRS025253
HRR027377,HRS025253
HRR027378,HRS025253
HRR027379,HRS025253
HRR027380,HRS025253
HRR027381,HRS025253
HRR027382,HRS025253
HRR027383,HRS025253
HRR027384,HRS025253
HRR027385,HRS025253
HRR027386,HRS025253
HRR027387,HRS025253
HRR027388,HRS025253
HRR027389,HRS025253
HRR027390,HRS025253
HRR027391,HRS025253
HRR027392,HRS025253
HRR027393,HRS025253
HRR027394,HRS025253
HRR027395,HRS025253
HRR027396,HRS025253
HRR027397,HRS025253
HRR027398,HRS025253
HRR027399,HRS025253
HRR027400,HRS025253
HRR027401,HRS025253
HRR027402,HRS025253
HRR027403,HRS025253
HRR027404,HRS025253
HRR027405,HRS025253
HRR027406,HRS025253
HRR027407,HRS025253
HRR027408,HRS025253
HRR027409,HRS025253
HRR027410,HRS025253
HRR027411,HRS025253
HRR027412,HRS025253
HRR027413,HRS025253
HRR027414,HRS025253
HRR027415,HRS025253
HRR027416,HRS025253
HRR027417,HRS025253
HRR027418,HRS025253
HRR027419,HRS025253
HRR027420,HRS025253
HRR027421,HRS025253
HRR027422,HRS025253
HRR027423,HRS025253
HRR027424,HRS025253
HRR027425,HRS025253
HRR027426,HRS025253
HRR027427,HRS025253
HRR027428,HRS025253
HRR027429,HRS025253
HRR027430,HRS025253
HRR027431,HRS025253
HRR027432,HRS025253
HRR027433,HRS025253
HRR027434,HRS025253
HRR027435,HRS025253
HRR027436,HRS025253
HRR027437,HRS025253
HRR027438,HRS025253
HRR027439,HRS025253
HRR027440,HRS025253
HRR027441,HRS025253
HRR027442,HRS025253
HRR027443,HRS025253
HRR027444,HRS025253
HRR027445,HRS025253
HRR027446,HRS025253
HRR027447,HRS025253
HRR027448,HRS025253
HRR027449,HRS025253
HRR027450,HRS025253
HRR027451,HRS025253
HRR027452,HRS025253
HRR027453,HRS025253
HRR027454,HRS025253
HRR027455,HRS025253
HRR027456,HRS025253
HRR027457,HRS025253
HRR027458,HRS025253
HRR027459,HRS025253
HRR027460,HRS025253
HRR027461,HRS025253
HRR027462,HRS025253
HRR027463,HRS025253
HRR027464,HRS025253
HRR027465,HRS025253
HRR027466,HRS025253
HRR027467,HRS025253
HRR027468,HRS025253
HRR027469,HRS025253
HRR027470,HRS025253
HRR027471,HRS025253
HRR027472,HRS025253
HRR027473,HRS025253
HRR027474,HRS025253
HRR027475,HRS025253
HRR027476,HRS025253
HRR027477,HRS025253
HRR027478,HRS025253
HRR027479,HRS025253
HRR027480,HRS025253
HRR027481,HRS025253
HRR027482,HRS025253
HRR027483,HRS025253
HRR027484,HRS025253
HRR027485,HRS025253
HRR027486,HRS025253
HRR027487,HRS025253
HRR027488,HRS025253
HRR027489,HRS025253
HRR027490,HRS025253
HRR027491,HRS025253
HRR027492,HRS025253
HRR027493,HRS025253
HRR027494,HRS025253
HRR027495,HRS025253
HRR027496,HRS025253
HRR027497,HRS025253
HRR027498,HRS025253
HRR027499,HRS025253
HRR027500,HRS025253
HRR027501,HRS025253
HRR027502,HRS025253
HRR027503,HRS025253
HRR027504,HRS025253
HRR027505,HRS025253
HRR027506,HRS025253
HRR027507,HRS025253
HRR027508,HRS025253
HRR027509,HRS025253
HRR027510,HRS025253
HRR027511,HRS025253
HRR027512,HRS025253
HRR027513,HRS025253
HRR027514,HRS025253
HRR027515,HRS025253
HRR027516,HRS025253
HRR027517,HRS025253
HRR027518,HRS025253
HRR027519,HRS025253
HRR027520,HRS025253
HRR027521,HRS025253
HRR027522,HRS025253
HRR027523,HRS025253
HRR027524,HRS025253
HRR027525,HRS025253
HRR027526,HRS025253
HRR027527,HRS025253
HRR027528,HRS025253
HRR027529,HRS025253
HRR027530,HRS025253
HRR027531,HRS025253
HRR027532,HRS025253
HRR027533,HRS025253
HRR027534,HRS025253
HRR027535,HRS025253
HRR027536,HRS025253
HRR027537,HRS025253
HRR027538,HRS025253
HRR027539,HRS025253
HRR027540,HRS025253
HRR027541,HRS025253
HRR027542,HRS025253
HRR027543,HRS025253
HRR027544,HRS025253
HRR027545,HRS025253
HRR027546,HRS025253
HRR027547,HRS025253
HRR027548,HRS025253
HRR027549,HRS025253
HRR027550,HRS025253
HRR027551,HRS025253
HRR027552,HRS025253
HRR027553,HRS025253
HRR027554,HRS025253
HRR027555,HRS025253
HRR027556,HRS025253
HRR027557,HRS025253
HRR027558,HRS025253
HRR027559,HRS025253
HRR027560,HRS025253
HRR027561,HRS025253
HRR027562,HRS025253
HRR027563,HRS025253
HRR027564,HRS025253
HRR027565,HRS025253
HRR027566,HRS025253
HRR027567,HRS025253
HRR027568,HRS025253
HRR027569,HRS025253
HRR027570,HRS025253
HRR027571,HRS025253
HRR027572,HRS025253
HRR027573,HRS025253
HRR027574,HRS025253
HRR027575,HRS025253
HRR027576,HRS025254
HRR027577,HRS025254
HRR027578,HRS025254
HRR027579,HRS025254
HRR027580,HRS025254
HRR027581,HRS025254
HRR027582,HRS025254
HRR027583,HRS025254
HRR027584,HRS025254
HRR027585,HRS025254
HRR027586,HRS025254
HRR027587,HRS025254
HRR027588,HRS025254
HRR027589,HRS025254
HRR027590,HRS025254
HRR027591,HRS025254
HRR027592,HRS025254
HRR027593,HRS025254
HRR027594,HRS025254
HRR027595,HRS025254
HRR027596,HRS025254
HRR027597,HRS025254
HRR027598,HRS025254
HRR027599,HRS025254
HRR027600,HRS025254
HRR027601,HRS025254
HRR027602,HRS025254
HRR027603,HRS025254
HRR027604,HRS025254
HRR027605,HRS025254
HRR027606,HRS025254
HRR027607,HRS025254
HRR027608,HRS025254
HRR027609,HRS025254
HRR027610,HRS025254
HRR027611,HRS025254
HRR027612,HRS025254
HRR027613,HRS025254
HRR027614,HRS025254
HRR027615,HRS025254
HRR027616,HRS025254
HRR027617,HRS025254
HRR027618,HRS025254
HRR027619,HRS025254
HRR027620,HRS025254
HRR027621,HRS025254
HRR027622,HRS025254
HRR027623,HRS025254
HRR027624,HRS025254
HRR027625,HRS025254
HRR027626,HRS025254
HRR027627,HRS025254
HRR027628,HRS025254
HRR027629,HRS025254
HRR027630,HRS025254
HRR027631,HRS025254
HRR027632,HRS025254
HRR027633,HRS025254
HRR027634,HRS025254
HRR027635,HRS025254
HRR027636,HRS025254
HRR027637,HRS025254
HRR027638,HRS025254
HRR027639,HRS025254
HRR027640,HRS025254
HRR027641,HRS025254
HRR027642,HRS025254
HRR027643,HRS025254
HRR027644,HRS025254
HRR027645,HRS025254
HRR027646,HRS025254
HRR027647,HRS025254
HRR027648,HRS025254
HRR027649,HRS025254
HRR027650,HRS025254
HRR027651,HRS025254
HRR027652,HRS025254
HRR027653,HRS025254
HRR027654,HRS025254
HRR027655,HRS025254
HRR027656,HRS025254
HRR027657,HRS025254
HRR027658,HRS025254
HRR027659,HRS025254
HRR027660,HRS025254
HRR027661,HRS025254
HRR027662,HRS025254
HRR027663,HRS025254
HRR027664,HRS025254
HRR027665,HRS025254
HRR027666,HRS025254
HRR027667,HRS025254
HRR027668,HRS025254
HRR027669,HRS025254
HRR027670,HRS025254
HRR027671,HRS025254
HRR027672,HRS025254
HRR027673,HRS025254
HRR027674,HRS025254
HRR027675,HRS025254
HRR027676,HRS025254
HRR027677,HRS025254
HRR027678,HRS025254
HRR027679,HRS025254
HRR027680,HRS025254
HRR027681,HRS025254
HRR027682,HRS025254
HRR027683,HRS025254
HRR027684,HRS025254
HRR027685,HRS025254
HRR027686,HRS025254
HRR027687,HRS025254
HRR027688,HRS025254
HRR027689,HRS025254
HRR027690,HRS025254
HRR027691,HRS025254
HRR027692,HRS025254
HRR027693,HRS025254
HRR027694,HRS025254
HRR027695,HRS025254
HRR027696,HRS025254
HRR027697,HRS025254
HRR027698,HRS025254
HRR027699,HRS025254
HRR027700,HRS025254
HRR027701,HRS025254
HRR027702,HRS025254
HRR027703,HRS025254
HRR027704,HRS025254
HRR027705,HRS025254
HRR027706,HRS025254
HRR027707,HRS025254
HRR027708,HRS025254
HRR027709,HRS025254
HRR027710,HRS025254
HRR027711,HRS025254
HRR027712,HRS025254
HRR027713,HRS025254
HRR027714,HRS025254
HRR027715,HRS025254
HRR027716,HRS025254
HRR027717,HRS025254
HRR027718,HRS025254
HRR027719,HRS025254
HRR027720,HRS025254
HRR027721,HRS025254
HRR027722,HRS025254
HRR027723,HRS025254
HRR027724,HRS025254
HRR027725,HRS025254
HRR027726,HRS025254
HRR027727,HRS025254
HRR027728,HRS025254
HRR027729,HRS025254
HRR027730,HRS025254
HRR027731,HRS025254
HRR027732,HRS025254
HRR027733,HRS025254
HRR027734,HRS025254
HRR027735,HRS025254
HRR027736,HRS025254
HRR027737,HRS025254
HRR027738,HRS025254
HRR027739,HRS025254
HRR027740,HRS025254
HRR027741,HRS025254
HRR027742,HRS025254
HRR027743,HRS025254
HRR027744,HRS025254
HRR027745,HRS025254
HRR027746,HRS025254
HRR027747,HRS025254
HRR027748,HRS025254
HRR027749,HRS025254
HRR027750,HRS025254
HRR027751,HRS025254
HRR027752,HRS025254
HRR027753,HRS025254
HRR027754,HRS025254
HRR027755,HRS025254
HRR027756,HRS025254
HRR027757,HRS025254
HRR027758,HRS025254
HRR027759,HRS025254
HRR027760,HRS025254
HRR027761,HRS025254
HRR027762,HRS025254
HRR027763,HRS025254
HRR027764,HRS025254
HRR027765,HRS025254
HRR027766,HRS025254
HRR027767,HRS025254
HRR027768,HRS025254
HRR027769,HRS025254
HRR027770,HRS025254
HRR027771,HRS025254
HRR027772,HRS025254
HRR027773,HRS025254
HRR027774,HRS025254
HRR027775,HRS025254
HRR027776,HRS025254
HRR027777,HRS025254
HRR027778,HRS025254
HRR027779,HRS025254
HRR027780,HRS025254
HRR027781,HRS025254
HRR027782,HRS025254
HRR027783,HRS025254
HRR027784,HRS025254
HRR027785,HRS025254
HRR027786,HRS025254
HRR027787,HRS025254
HRR027788,HRS025254
HRR027789,HRS025254
HRR027790,HRS025254
HRR027791,HRS025254
HRR027792,HRS025254
HRR027793,HRS025254
HRR027794,HRS025254
HRR027795,HRS025254
HRR027796,HRS025254
HRR027797,HRS025254
HRR027798,HRS025254
HRR027799,HRS025254
HRR027800,HRS025254
HRR027801,HRS025254
HRR027802,HRS025254
HRR027803,HRS025254
HRR027804,HRS025254
HRR027805,HRS025254
HRR027806,HRS025254
HRR027807,HRS025254
HRR027808,HRS025254
HRR027809,HRS025254
HRR027810,HRS025254
HRR027811,HRS025254
HRR027812,HRS025254
HRR027813,HRS025254
HRR027814,HRS025254
HRR027815,HRS025254
HRR027816,HRS025254
HRR027817,HRS025254
HRR027818,HRS025255
HRR027819,HRS025255
HRR027820,HRS025255
HRR027821,HRS025255
HRR027822,HRS025255
HRR027823,HRS025255
HRR027824,HRS025255
HRR027825,HRS025255
HRR027826,HRS025255
HRR027827,HRS025255
HRR027828,HRS025255
HRR027829,HRS025255
HRR027830,HRS025255
HRR027831,HRS025255
HRR027832,HRS025255
HRR027833,HRS025255
HRR027834,HRS025255
HRR027835,HRS025255
HRR027836,HRS025255
HRR027837,HRS025255
HRR027838,HRS025255
HRR027839,HRS025255
HRR027840,HRS025255
HRR027841,HRS025255
HRR027842,HRS025255
HRR027843,HRS025255
HRR027844,HRS025255
HRR027845,HRS025255
HRR027846,HRS025255
HRR027847,HRS025255
HRR027848,HRS025255
HRR027849,HRS025255
HRR027850,HRS025255
HRR027851,HRS025255
HRR027852,HRS025255
HRR027853,HRS025255
HRR027854,HRS025255
HRR027855,HRS025255
HRR027856,HRS025255
HRR027857,HRS025255
HRR027858,HRS025255
HRR027859,HRS025255
HRR027860,HRS025255
HRR027861,HRS025255
HRR027862,HRS025255
HRR027863,HRS025255
HRR027864,HRS025255
HRR027865,HRS025255
HRR027866,HRS025255
HRR027867,HRS025255
HRR027868,HRS025255
HRR027869,HRS025255
HRR027870,HRS025255
HRR027871,HRS025255
HRR027872,HRS025255
HRR027873,HRS025255
HRR027874,HRS025255
HRR027875,HRS025255
HRR027876,HRS025255
HRR027877,HRS025255
HRR027878,HRS025255
HRR027879,HRS025255
HRR027880,HRS025255
HRR027881,HRS025255
HRR027882,HRS025255
HRR027883,HRS025255
HRR027884,HRS025255
HRR027885,HRS025255
HRR027886,HRS025255
HRR027887,HRS025255
HRR027888,HRS025255
HRR027889,HRS025255
HRR027890,HRS025255
HRR027891,HRS025255
HRR027892,HRS025255
HRR027893,HRS025255
HRR027894,HRS025255
HRR027895,HRS025255
HRR027896,HRS025255
HRR027897,HRS025255
HRR027898,HRS025255
HRR027899,HRS025255
HRR027900,HRS025255
HRR027901,HRS025255
HRR027902,HRS025255
HRR027903,HRS025255
HRR027904,HRS025255
HRR027905,HRS025255
HRR027906,HRS025255
HRR027907,HRS025255
HRR027908,HRS025255
HRR027909,HRS025255
HRR027910,HRS025255
HRR027911,HRS025255
HRR027912,HRS025255
HRR027913,HRS025255
HRR027914,HRS025255
HRR027915,HRS025255
HRR027916,HRS025255
HRR027917,HRS025255
HRR027918,HRS025255
HRR027919,HRS025255
HRR027920,HRS025255
HRR027921,HRS025255
HRR027922,HRS025255
HRR027923,HRS025255
HRR027924,HRS025255
HRR027925,HRS025255
HRR027926,HRS025255
HRR027927,HRS025255
HRR027928,HRS025255
HRR027929,HRS025255
HRR027930,HRS025255
HRR027931,HRS025255
HRR027932,HRS025255
HRR027933,HRS025255
HRR027934,HRS025255
HRR027935,HRS025255
HRR027936,HRS025255
HRR027937,HRS025255
HRR027938,HRS025255
HRR027939,HRS025255
HRR027940,HRS025255
HRR027941,HRS025255
HRR027942,HRS025255
HRR027943,HRS025255
HRR027944,HRS025255
HRR027945,HRS025255
HRR027946,HRS025255
HRR027947,HRS025255
HRR027948,HRS025255
HRR027949,HRS025255
HRR027950,HRS025255
HRR027951,HRS025255
HRR027952,HRS025255
HRR027953,HRS025255
HRR027954,HRS025255
HRR027955,HRS025255
HRR027956,HRS025255
HRR027957,HRS025255
HRR027958,HRS025255
HRR027959,HRS025255
HRR027960,HRS025255
HRR027961,HRS025255
HRR027962,HRS025255
HRR027963,HRS025255
HRR027964,HRS025255
HRR027965,HRS025255
HRR027966,HRS025255
HRR027967,HRS025255
HRR027968,HRS025255
HRR027969,HRS025255
HRR027970,HRS025255
HRR027971,HRS025255
HRR027972,HRS025255
HRR027973,HRS025255
HRR027974,HRS025255
HRR027975,HRS025255
HRR027976,HRS025255
HRR027977,HRS025255
HRR027978,HRS025255
HRR027979,HRS025255
HRR027980,HRS025255
HRR027981,HRS025255
HRR027982,HRS025255
HRR027983,HRS025255
HRR027984,HRS025255
HRR027985,HRS025255
HRR027986,HRS025255
HRR027987,HRS025255
HRR027988,HRS025255
HRR027989,HRS025255
HRR027990,HRS025255
HRR027991,HRS025255
HRR027992,HRS025255
HRR027993,HRS025255
HRR027994,HRS025255
HRR027995,HRS025255
HRR027996,HRS025255
HRR027997,HRS025255
HRR027998,HRS025255
HRR027999,HRS025255
HRR028000,HRS025255
HRR028001,HRS025255
HRR028002,HRS025255
HRR028003,HRS025255
HRR028004,HRS025255
HRR028005,HRS025255
HRR028006,HRS025255
HRR028007,HRS025255
HRR028008,HRS025255
HRR028009,HRS025255
HRR028010,HRS025255
HRR028011,HRS025255
HRR028012,HRS025255
HRR028013,HRS025255
HRR028014,HRS025255
HRR028015,HRS025255
HRR028016,HRS025255
HRR028017,HRS025255
HRR028018,HRS025255
HRR028019,HRS025255
HRR028020,HRS025255
HRR028021,HRS025255
HRR028022,HRS025255
HRR028023,HRS025255
HRR028024,HRS025255
HRR028025,HRS025255
HRR028026,HRS025255
HRR028027,HRS025255
HRR028028,HRS025255
HRR028029,HRS025255
HRR028030,HRS025255
HRR028031,HRS025255
HRR028032,HRS025255
HRR028033,HRS025255
HRR028034,HRS025255
HRR028035,HRS025255
HRR028036,HRS025255
HRR028037,HRS025255
HRR028038,HRS025255
HRR028039,HRS025255
HRR028040,HRS025255
HRR028041,HRS025255
HRR028042,HRS025255
HRR028043,HRS025255
HRR028044,HRS025255
HRR028045,HRS025255
HRR028046,HRS025255
HRR028047,HRS025255
HRR028048,HRS025255
HRR028049,HRS025255
HRR028050,HRS025255
HRR028051,HRS025255
HRR028052,HRS025255
HRR028053,HRS025255
HRR028054,HRS025256
HRR028055,HRS025256
HRR028056,HRS025256
HRR028057,HRS025256
HRR028058,HRS025256
HRR028059,HRS025256
HRR028060,HRS025256
HRR028061,HRS025256
HRR028062,HRS025256
HRR028063,HRS025256
HRR028064,HRS025256
HRR028065,HRS025256
HRR028066,HRS025256
HRR028067,HRS025256
HRR028068,HRS025256
HRR028069,HRS025256
HRR028070,HRS025256
HRR028071,HRS025256
HRR028072,HRS025256
HRR028073,HRS025256
HRR028074,HRS025256
HRR028075,HRS025256
HRR028076,HRS025256
HRR028077,HRS025256
HRR028078,HRS025256
HRR028079,HRS025256
HRR028080,HRS025256
HRR028081,HRS025256
HRR028082,HRS025256
HRR028083,HRS025256
HRR028084,HRS025256
HRR028085,HRS025256
HRR028086,HRS025256
HRR028087,HRS025256
HRR028088,HRS025256
HRR028089,HRS025256
HRR028090,HRS025256
HRR028091,HRS025256
HRR028092,HRS025256
HRR028093,HRS025256
HRR028094,HRS025256
HRR028095,HRS025256
HRR028096,HRS025256
HRR028097,HRS025256
HRR028098,HRS025256
HRR028099,HRS025256
HRR028100,HRS025256
HRR028101,HRS025256
HRR028102,HRS025256
HRR028103,HRS025256
HRR028104,HRS025256
HRR028105,HRS025256
HRR028106,HRS025256
HRR028107,HRS025256
HRR028108,HRS025256
HRR028109,HRS025256
HRR028110,HRS025256
HRR028111,HRS025256
HRR028112,HRS025256
HRR028113,HRS025256
HRR028114,HRS025256
HRR028115,HRS025256
HRR028116,HRS025256
HRR028117,HRS025256
HRR028118,HRS025256
HRR028119,HRS025256
HRR028120,HRS025256
HRR028121,HRS025256
HRR028122,HRS025256
HRR028123,HRS025256
HRR028124,HRS025256
HRR028125,HRS025256
HRR028126,HRS025256
HRR028127,HRS025256
HRR028128,HRS025256
HRR028129,HRS025256
HRR028130,HRS025256
HRR028131,HRS025256
HRR028132,HRS025256
HRR028133,HRS025256
HRR028134,HRS025256
HRR028135,HRS025256
HRR028136,HRS025256
HRR028137,HRS025256
HRR028138,HRS025256
HRR028139,HRS025256
HRR028140,HRS025256
HRR028141,HRS025256
HRR028142,HRS025256
HRR028143,HRS025256
HRR028144,HRS025256
HRR028145,HRS025256
HRR028146,HRS025256
HRR028147,HRS025256
HRR028148,HRS025256
HRR028149,HRS025256
HRR028150,HRS025256
HRR028151,HRS025256
HRR028152,HRS025256
HRR028153,HRS025256
HRR028154,HRS025256
HRR028155,HRS025256
HRR028156,HRS025256
HRR028157,HRS025256
HRR028158,HRS025256
HRR028159,HRS025256
HRR028160,HRS025256
HRR028161,HRS025256
HRR028162,HRS025256
HRR028163,HRS025256
HRR028164,HRS025256
HRR028165,HRS025256
HRR028166,HRS025256
HRR028167,HRS025256
HRR028168,HRS025256
HRR028169,HRS025256
HRR028170,HRS025256
HRR028171,HRS025256
HRR028172,HRS025256
HRR028173,HRS025256
HRR028174,HRS025256
HRR028175,HRS025256
HRR028176,HRS025256
HRR028177,HRS025256
HRR028178,HRS025256
HRR028179,HRS025256
HRR028180,HRS025256
HRR028181,HRS025256
HRR028182,HRS025256
HRR028183,HRS025256
HRR028184,HRS025256
HRR028185,HRS025256
HRR028186,HRS025256
HRR028187,HRS025256
HRR028188,HRS025256
HRR028189,HRS025256
HRR028190,HRS025256
HRR028191,HRS025256
HRR028192,HRS025256
HRR028193,HRS025256
HRR028194,HRS025256
HRR028195,HRS025256
HRR028196,HRS025256
HRR028197,HRS025256
HRR028198,HRS025256
HRR028199,HRS025256
HRR028200,HRS025256
HRR028201,HRS025256
HRR028202,HRS025256
HRR028203,HRS025256
HRR028204,HRS025256
HRR028205,HRS025256
HRR028206,HRS025256
HRR028207,HRS025256
HRR028208,HRS025256
HRR028209,HRS025256
HRR028210,HRS025256
HRR028211,HRS025256
HRR028212,HRS025256
HRR028213,HRS025256
HRR028214,HRS025256
HRR028215,HRS025256
HRR028216,HRS025256
HRR028217,HRS025256
HRR028218,HRS025256
HRR028219,HRS025256
HRR028220,HRS025256
HRR028221,HRS025256
HRR028222,HRS025256
HRR028223,HRS025256
HRR028224,HRS025256
HRR028225,HRS025256
HRR028226,HRS025256
HRR028227,HRS025256
HRR028228,HRS025256
HRR028229,HRS025256
HRR028230,HRS025256
HRR028231,HRS025256
HRR028232,HRS025256
HRR028233,HRS025256
HRR028234,HRS025256
HRR028235,HRS025256
HRR028236,HRS025256
HRR028237,HRS025256
HRR028238,HRS025256
HRR028239,HRS025256
HRR028240,HRS025256
HRR028241,HRS025256
HRR028242,HRS025256
HRR028243,HRS025256
HRR028244,HRS025256
HRR028245,HRS025256
HRR028246,HRS025256
HRR028247,HRS025256
HRR028248,HRS025256
HRR028249,HRS025256
HRR028250,HRS025256
HRR028251,HRS025256
HRR028252,HRS025256
HRR028253,HRS025256
HRR028254,HRS025256
HRR028255,HRS025256
HRR028256,HRS025256
HRR028257,HRS025256
HRR028258,HRS025256
HRR028259,HRS025256
HRR028260,HRS025256
HRR028261,HRS025256
HRR028262,HRS025256
HRR028263,HRS025256
HRR028264,HRS025256
HRR028265,HRS025256
HRR028266,HRS025256
HRR028267,HRS025256
HRR028268,HRS025256
HRR028269,HRS025256
HRR028270,HRS025256
HRR028271,HRS025256
HRR028272,HRS025256
HRR028273,HRS025256
HRR028274,HRS025256
HRR028275,HRS025256
HRR028276,HRS025256
HRR028277,HRS025256
HRR028278,HRS025256
HRR028279,HRS025256
HRR028280,HRS025256
HRR028281,HRS025256
HRR028282,HRS025256
HRR028283,HRS025256
HRR028284,HRS025256
HRR028285,HRS025256
HRR028286,HRS025256
HRR028287,HRS025256
HRR028288,HRS025256
HRR028289,HRS025256
HRR028290,HRS025256
HRR028291,HRS025256
HRR028292,HRS025256
HRR028293,HRS025256
HRR028294,HRS025256
HRR028295,HRS025256
HRR028296,HRS025256
HRR028297,HRS025256
HRR028298,HRS025256
HRR028299,HRS025256
HRR028300,HRS025256
HRR028301,HRS025256
HRR028302,HRS025256
HRR028303,HRS025257
HRR028304,HRS025257
HRR028305,HRS025257
HRR028306,HRS025257
HRR028307,HRS025258
HRR028308,HRS025258
HRR028309,HRS025258
HRR028310,HRS025258
HRR028311,HRS025259
HRR028312,HRS025259
HRR028313,HRS025259
HRR028314,HRS025259
HRR028315,HRS025260
HRR028316,HRS025260
HRR028317,HRS025260
HRR028318,HRS025260
HRR028319,HRS025261
HRR028320,HRS025261
HRR028321,HRS025261
HRR028322,HRS025261
HRR028323,HRS025262
HRR028324,HRS025263
HRR028325,HRS025264
HRR028326,HRS025265
HRR028327,HRS025266
HRR028328,HRS025267
HRR028329,HRS025268
HRR028330,HRS025269
HRR028331,HRS025270
HRR028332,HRS025271
HRR028333,HRS025272
HRR028334,HRS025273
HRR028335,HRS025274
HRR028336,HRS025275
HRR028337,HRS025276
HRR028338,HRS025277
HRR028339,HRS025278
HRR028340,HRS025279
HRR028341,HRS025280
HRR028342,HRS025281
HRR028343,HRS025282
HRR028344,HRS025283
HRR028345,HRS025284
HRR028346,HRS025285
HRR028347,HRS025286
HRR028348,HRS025287
HRR028349,HRS025288
HRR028350,HRS025289
HRR028351,HRS025290
HRR028352,HRS025291
HRR028353,HRS025292
HRR028354,HRS025293
HRR028355,HRS025294
HRR028356,HRS025295
HRR028357,HRS025296
HRR028358,HRS025297
HRR028359,HRS025298
HRR028360,HRS025299
HRR028361,HRS025300
HRR028362,HRS025301
HRR028363,HRS025302
HRR028364,HRS025303
HRR028365,HRS025304
HRR028366,HRS025305
HRR028367,HRS025306
HRR028368,HRS025307
HRR028369,HRS025308
HRR028370,HRS025309
HRR028371,HRS025310
HRR662848,HRS381911
HRR230242,HRS167821
HRR230243,HRS167822
HRR230244,HRS167823
HRR230245,HRS167824
HRR230246,HRS167825
HRR230247,HRS167826
HRR230248,HRS167827
HRR230249,HRS167828
HRR230250,HRS167829
HRR230251,HRS167830
HRR230252,HRS167831
HRR230253,HRS167832
HRR230254,HRS167833
HRR230255,HRS167834
HRR230256,HRS167835
HRR230257,HRS167836
HRR230258,HRS167837
HRR230259,HRS167838
HRR230260,HRS167839
HRR230261,HRS167840
HRR230262,HRS167841
HRR230263,HRS167842
HRR230264,HRS167843
HRR230265,HRS167844
HRR230266,HRS167845
HRR230267,HRS167846
HRR230268,HRS167847
HRR230269,HRS167848
HRR230270,HRS167849
HRR230271,HRS167850
HRR230272,HRS167851
HRR230273,HRS167852
HRR230274,HRS167853
HRR230275,HRS167854
HRR230276,HRS167855
HRR230277,HRS167856
HRR230278,HRS167857
HRR230279,HRS167858
HRR230280,HRS167859
HRR230281,HRS167860
HRR230282,HRS167861
HRR230283,HRS167862
HRR230284,HRS167863
HRR230285,HRS167864
HRR230286,HRS167865
HRR230287,HRS167866
HRR230288,HRS167867
HRR230289,HRS167868
HRR230290,HRS167869
HRR230291,HRS167870
HRR230292,HRS167871
HRR230293,HRS167872
HRR230294,HRS167873
HRR230295,HRS167874
HRR230296,HRS167875
HRR230297,HRS167876
HRR230298,HRS167877
HRR230299,HRS167878
HRR230300,HRS167879
HRR230301,HRS167880
HRR230302,HRS167881
HRR230303,HRS167882
HRR230304,HRS167883
HRR230305,HRS167884
HRR230306,HRS167885
HRR230307,HRS167886
HRR230308,HRS167887
HRR230309,HRS167888
HRR230310,HRS167889
HRR230311,HRS167890
HRR230312,HRS167891
HRR230313,HRS167892
HRR230314,HRS167893
HRR230315,HRS167894
HRR230316,HRS167895
HRR230317,HRS167896
HRR230318,HRS167897
HRR230319,HRS167898
HRR230320,HRS167899
HRR230321,HRS167900
HRR230322,HRS167901
HRR230323,HRS167902
HRR230324,HRS167903
HRR230325,HRS167904
HRR230326,HRS167905
HRR230327,HRS167906
HRR230328,HRS167907
HRR230329,HRS167908
HRR230330,HRS167909
HRR230331,HRS167910
HRR230332,HRS167911
HRR230333,HRS167912
HRR230334,HRS167912
HRR230335,HRS167913
HRR230336,HRS167913
HRR230337,HRS167914
HRR230338,HRS167914
HRR230339,HRS167915
HRR230340,HRS167915
HRR230341,HRS167916
HRR230342,HRS167916
HRR230343,HRS167917
HRR230344,HRS167917
HRR230345,HRS167918
HRR230346,HRS167918
HRR230347,HRS167919
HRR230348,HRS167919
HRR230349,HRS167920
HRR230350,HRS167920
HRR230351,HRS167921
HRR230352,HRS167921
HRR230353,HRS167922
HRR230354,HRS167922
HRR230355,HRS167923
HRR230356,HRS167923
HRR230357,HRS167924
HRR230358,HRS167924
HRR230359,HRS167925
HRR230360,HRS167925
HRR230361,HRS167926
HRR230362,HRS167926
HRR230363,HRS167927
HRR230364,HRS167927
HRR230365,HRS167928
HRR230366,HRS167928
HRR230367,HRS167929
HRR230368,HRS167929
HRR230369,HRS167930
HRR230370,HRS167930
HRR230371,HRS167931
HRR230372,HRS167931
HRR230373,HRS167932
HRR230374,HRS167932
HRR230375,HRS167933
HRR230376,HRS167933
HRR230377,HRS167934
HRR230378,HRS167934
HRR230379,HRS167935
HRR230380,HRS167935
HRR230381,HRS167936
HRR230382,HRS167936
HRR230383,HRS167937
HRR230384,HRS167937
HRR230385,HRS167938
HRR230386,HRS167938
HRR230387,HRS167939
HRR230388,HRS167939
HRR230389,HRS167940
HRR230390,HRS167940
HRR230391,HRS167941
HRR230392,HRS167941
HRR230393,HRS167942
HRR230394,HRS167942
HRR230395,HRS167943
HRR230396,HRS167944
HRR230397,HRS167945
HRR230398,HRS167946
HRR230399,HRS167947
HRR230400,HRS167948
HRR230401,HRS167949
HRR230402,HRS167950
HRR230403,HRS167951
HRR230404,HRS167952
HRR230405,HRS167953
HRR230406,HRS167954
HRR230407,HRS167954
HRR230408,HRS167955
HRR230409,HRS167955
HRR230410,HRS167956
HRR230411,HRS167956
HRR230412,HRS167957
HRR230413,HRS167957
HRR230414,HRS167958
HRR230415,HRS167958
HRR230416,HRS167959
HRR230417,HRS167959
HRR230418,HRS167960
HRR230419,HRS167960
HRR230420,HRS167961
HRR230421,HRS167961
HRR230422,HRS167962
HRR230423,HRS167962
HRR230424,HRS167963
HRR230425,HRS167963
HRR230426,HRS167964
HRR230427,HRS167964
HRR230428,HRS167965
HRR230429,HRS167965
HRR230430,HRS167966
HRR230431,HRS167966
HRR230432,HRS167967
HRR230433,HRS167967
HRR230434,HRS167968
HRR230435,HRS167968
HRR230436,HRS167969
HRR230437,HRS167969
HRR230438,HRS167970
HRR230439,HRS167970
HRR230440,HRS167971
HRR230441,HRS167971
HRR230442,HRS167972
HRR230443,HRS167972
HRR230444,HRS167973
HRR230445,HRS167973
HRR230446,HRS167974
HRR230447,HRS167974
HRR230448,HRS167975
HRR230449,HRS167975
HRR230450,HRS167976
HRR230451,HRS167976
HRR230452,HRS167977
HRR230453,HRS167977
HRR230454,HRS167978
HRR230455,HRS167978
HRR230456,HRS167979
HRR230457,HRS167979
HRR230458,HRS167980
HRR230459,HRS167980
HRR230460,HRS167981
HRR230461,HRS167981
HRR230462,HRS167982
HRR230463,HRS167982
HRR230464,HRS167983
HRR230465,HRS167983
HRR230528,HRS167984
HRR230529,HRS167985
HRR230494,HRS167986
HRR230495,HRS167987
HRR230496,HRS167988
HRR230497,HRS167989
HRR230498,HRS167990
HRR230499,HRS167991
HRR230500,HRS167992
HRR230530,HRS167993
HRR230531,HRS167994
HRR230501,HRS167995
HRR230532,HRS167996
HRR230502,HRS167997
HRR230503,HRS167998
HRR230542,HRS167999
HRR230504,HRS168000
HRR230533,HRS168001
HRR230505,HRS168002
HRR230506,HRS168003
HRR230507,HRS168004
HRR230508,HRS168005
HRR230509,HRS168006
HRR230510,HRS168007
HRR230534,HRS168008
HRR230535,HRS168009
HRR230511,HRS168010
HRR230536,HRS168011
HRR230537,HRS168012
HRR230512,HRS168013
HRR230513,HRS168014
HRR230514,HRS168015
HRR230515,HRS168016
HRR230516,HRS168017
HRR230493,HRS168018
HRR230538,HRS168019
HRR230517,HRS168020
HRR230539,HRS168021
HRR230543,HRS168022
HRR230518,HRS168023
HRR230519,HRS168024
HRR230544,HRS168025
HRR230520,HRS168026
HRR230521,HRS168027
HRR230522,HRS168028
HRR230545,HRS168029
HRR230523,HRS168030
HRR230524,HRS168031
HRR230540,HRS168032
HRR230525,HRS168033
HRR230541,HRS168034
HRR230526,HRS168035
HRR230527,HRS168036
HRR230546,HRS168037
HRR230547,HRS168038
HRR230548,HRS168039
HRR230549,HRS168040
HRR230550,HRS168041
HRR230474,HRS168042
HRR230471,HRS168043
HRR230466,HRS168044
HRR230467,HRS168045
HRR230469,HRS168046
HRR230468,HRS168047
HRR230473,HRS168048
HRR230472,HRS168049
HRR230470,HRS168050
HRR230475,HRS168051
HRR230477,HRS168052
HRR230476,HRS168053
HRR230479,HRS168054
HRR230480,HRS168055
HRR230482,HRS168056
HRR230484,HRS168057
HRR230483,HRS168058
HRR230487,HRS168059
HRR230485,HRS168060
HRR230486,HRS168061
HRR230489,HRS168062
HRR230488,HRS168063
HRR230478,HRS168064
HRR230481,HRS168065
HRR230551,HRS168066
HRR230492,HRS168067
HRR230552,HRS168068
HRR230553,HRS168069
HRR230554,HRS168070
HRR230555,HRS168071
HRR230556,HRS168072
HRR230557,HRS168073
HRR230490,HRS168074
HRR230558,HRS168075
HRR230559,HRS168076
HRR230491,HRS168077
HRR230560,HRS168078
HRR230561,HRS168079
HRR230562,HRS168080
HRR230563,HRS168081
HRR230564,HRS168082
HRR230565,HRS168083
HRR230566,HRS168084
HRR230567,HRS168085
HRR230568,HRS168086
HRR230569,HRS168087
HRR230570,HRS168088
HRR230571,HRS168089
HRR230572,HRS168090
HRR230573,HRS168091
HRR230574,HRS168092
HRR230575,HRS168093
HRR230576,HRS168094
HRR230577,HRS168095
HRR230578,HRS168096
HRR230579,HRS168097
HRR230580,HRS168098
HRR230581,HRS168099
HRR230582,HRS168100
HRR230583,HRS168101
HRR230584,HRS168102
HRR230585,HRS168103
HRR230586,HRS168104
HRR230587,HRS168105
HRR230588,HRS168106
HRR230589,HRS168107
HRR232644,HRS169394
HRR232645,HRS169395
HRR232646,HRS169396
HRR232647,HRS169397
HRR232648,HRS169398
HRR232649,HRS169399
HRR232650,HRS169400
HRR232651,HRS169401
HRR232652,HRS169402
HRR232653,HRS169403
HRR232654,HRS169404
HRR232655,HRS169405
HRR232656,HRS169406
HRR232657,HRS169407
HRR232658,HRS169408
HRR232659,HRS169409
HRR232660,HRS169410
HRR232661,HRS169411
HRR232662,HRS169412
HRR232663,HRS169413
HRR232664,HRS169414
HRR232665,HRS169415
HRR232666,HRS169416
HRR232667,HRS169417
HRR232668,HRS169418
HRR232669,HRS169419
HRR232670,HRS169420
HRR232671,HRS169421
HRR232672,HRS169422
HRR232673,HRS169423
HRR232674,HRS169424
HRR232675,HRS169425
HRR232676,HRS169426
HRR232677,HRS169427
HRR232678,HRS169428
HRR232679,HRS169429
HRR232680,HRS169430
HRR232681,HRS169431
HRR232682,HRS169432
HRR232683,HRS169433
HRR232684,HRS169434
HRR232685,HRS169435
HRR232686,HRS169436
HRR232687,HRS169437
HRR232688,HRS169438
HRR232689,HRS169439
HRR232690,HRS169440
HRR232691,HRS169441
HRR232692,HRS169442
HRR232693,HRS169443
HRR232694,HRS169444
HRR232695,HRS169445
HRR232696,HRS169446
HRR232697,HRS169447
HRR232698,HRS169448
HRR232699,HRS169449
HRR232700,HRS169450
HRR232701,HRS169451
HRR232702,HRS169452
HRR232703,HRS169453
HRR232704,HRS169454
HRR232705,HRS169455
HRR232706,HRS169456
HRR232707,HRS169457
HRR232708,HRS169458
HRR232709,HRS169459
HRR232710,HRS169460
HRR232711,HRS169461
HRR232712,HRS169462
HRR232713,HRS169463
HRR232714,HRS169464
HRR232715,HRS169465
HRR232716,HRS169466
HRR232717,HRS169467
HRR232718,HRS169468
HRR232719,HRS169469
HRR232720,HRS169470
HRR232721,HRS169471
HRR232722,HRS169472
HRR232723,HRS169473
HRR232724,HRS169474
HRR232725,HRS169475
HRR232726,HRS169476
HRR232727,HRS169477
HRR232728,HRS169478
HRR232729,HRS169479
HRR232730,HRS169480
HRR232731,HRS169481
HRR232732,HRS169482
HRR232733,HRS169483
HRR232734,HRS169484
HRR232735,HRS169485
HRR232736,HRS169486
HRR232737,HRS169487
HRR232738,HRS169488
HRR232739,HRS169489
HRR232740,HRS169490
HRR232741,HRS169491
HRR232742,HRS169492
HRR232743,HRS169493
HRR232744,HRS169494
HRR232745,HRS169495
HRR232746,HRS169496
HRR232747,HRS169497
HRR232748,HRS169498
HRR232749,HRS169499
HRR232750,HRS169500
HRR232751,HRS169501
HRR232752,HRS169502
HRR232753,HRS169503
HRR232754,HRS169504
HRR232755,HRS169505
HRR232756,HRS169506
HRR232757,HRS169507
HRR232758,HRS169508
HRR232759,HRS169509
HRR232760,HRS169510
HRR232761,HRS169511
HRR232762,HRS169512
HRR232763,HRS169513
HRR232764,HRS169514
HRR232765,HRS169515
HRR232766,HRS169516
HRR232767,HRS169517
HRR232768,HRS169518
HRR232769,HRS169519
HRR232770,HRS169520
HRR232771,HRS169521
HRR232772,HRS169522
HRR232773,HRS169523
HRR232774,HRS169524
HRR232775,HRS169525
HRR232776,HRS169526
HRR232777,HRS169527
HRR232778,HRS169528
HRR232779,HRS169529
HRR232780,HRS169530
HRR232781,HRS169531
HRR232782,HRS169532
HRR232783,HRS169533
HRR232784,HRS169534
HRR232785,HRS169535
HRR232786,HRS169536
HRR232787,HRS169537
HRR232788,HRS169538
HRR232789,HRS169539
HRR232790,HRS169540
HRR232791,HRS169541
HRR232792,HRS169542
HRR232793,HRS169543
HRR232794,HRS169544
HRR232795,HRS169545
HRR232796,HRS169546
HRR232797,HRS169547
HRR232798,HRS169548
HRR232799,HRS169549
HRR232800,HRS169550
HRR232801,HRS169551
HRR232802,HRS169552
HRR232803,HRS169553
HRR232804,HRS169554
HRR232805,HRS169555
HRR232806,HRS169556
HRR232807,HRS169557
HRR232808,HRS169558
HRR232809,HRS169559
HRR232810,HRS169560
HRR232811,HRS169561
HRR232812,HRS169562
HRR232813,HRS169563
HRR232814,HRS169564
HRR232815,HRS169565
HRR232816,HRS169566
HRR232817,HRS169567
HRR232818,HRS169568
HRR232819,HRS169569
HRR232820,HRS169570
HRR232821,HRS169571
HRR232822,HRS169572
HRR232823,HRS169573
HRR232824,HRS169574
HRR232825,HRS169575
HRR232826,HRS169576
HRR232827,HRS169577
HRR232828,HRS169578
HRR232829,HRS169579
HRR232830,HRS169580
HRR232831,HRS169581
HRR232832,HRS169582
HRR232833,HRS169583
HRR232834,HRS169584
HRR232835,HRS169585
HRR232836,HRS169586
HRR232837,HRS169587
HRR232838,HRS169588
HRR232839,HRS169589
HRR232840,HRS169590
HRR232841,HRS169591
HRR232842,HRS169592
HRR232843,HRS169593
HRR232844,HRS169594
HRR232845,HRS169595
HRR232846,HRS169596
HRR232847,HRS169597
HRR232848,HRS169598
HRR232849,HRS169599
HRR232850,HRS169600
HRR232851,HRS169601
HRR232852,HRS169602
HRR232853,HRS169603
HRR232854,HRS169604
HRR232855,HRS169605
HRR232856,HRS169606
HRR232857,HRS169607
HRR232858,HRS169608
HRR232859,HRS169609
HRR232860,HRS169610
HRR232861,HRS169611
HRR232862,HRS169612
HRR232863,HRS169613
HRR232864,HRS169614
HRR232865,HRS169615
HRR232866,HRS169616
HRR232867,HRS169617
HRR232868,HRS169618
HRR232869,HRS169619
HRR232870,HRS169620
HRR232871,HRS169621
HRR232872,HRS169622
HRR232873,HRS169623
HRR232874,HRS169624
HRR232875,HRS169625
HRR232876,HRS169626
HRR232877,HRS169627
HRR232878,HRS169628
HRR232879,HRS169629
HRR232880,HRS169630
HRR232881,HRS169631
HRR232882,HRS169632
HRR232883,HRS169633
HRR232884,HRS169634
HRR232885,HRS169635
HRR232886,HRS169636
HRR232887,HRS169637
HRR232888,HRS169638
HRR232889,HRS169639
HRR232890,HRS169640
HRR232891,HRS169641
HRR232892,HRS169642
HRR232893,HRS169643
HRR232894,HRS169644
HRR232895,HRS169645
HRR232896,HRS169646
HRR232897,HRS169647
HRR232898,HRS169648
HRR232899,HRS169649
HRR232900,HRS169650
HRR232901,HRS169651
HRR232902,HRS169652
HRR232903,HRS169653
HRR232904,HRS169654
HRR232905,HRS169655
HRR232906,HRS169656
HRR232907,HRS169657
HRR232908,HRS169658
HRR232909,HRS169659
HRR232910,HRS169660
HRR232911,HRS169661
HRR232912,HRS169662
HRR232913,HRS169663
HRR232914,HRS169664
HRR232915,HRS169665
HRR232916,HRS169666
HRR232917,HRS169667
HRR232918,HRS169668
HRR232919,HRS169669
HRR232920,HRS169670
HRR232921,HRS169671
HRR232922,HRS169672
HRR232923,HRS169673
HRR232924,HRS169674
HRR232925,HRS169675
HRR232926,HRS169676
HRR232927,HRS169677
HRR232928,HRS169678
HRR232929,HRS169679
HRR232930,HRS169680
HRR232931,HRS169681
HRR232932,HRS169682
HRR232933,HRS169683
HRR232934,HRS169684
HRR232935,HRS169685
HRR232936,HRS169686
HRR232937,HRS169687
HRR232938,HRS169688
HRR232939,HRS169689
HRR232940,HRS169690
HRR232941,HRS169691
HRR232942,HRS169692
HRR232943,HRS169693
HRR232944,HRS169694
HRR232945,HRS169695
HRR232946,HRS169696
HRR232947,HRS169697
HRR232948,HRS169698
HRR232949,HRS169699
HRR232950,HRS169700
HRR232951,HRS169701
HRR232952,HRS169702
HRR232953,HRS169703
HRR232954,HRS169704
HRR232955,HRS169705
HRR232956,HRS169706
HRR232957,HRS169707
HRR232958,HRS169708
HRR232959,HRS169709
HRR232960,HRS169710
HRR232961,HRS169711
HRR232962,HRS169712
HRR232963,HRS169713
HRR232964,HRS169714
HRR232965,HRS169715
HRR232966,HRS169716
HRR232967,HRS169717
HRR232968,HRS169718
HRR232969,HRS169719
HRR232970,HRS169720
HRR232971,HRS169721
HRR232972,HRS169722
HRR232973,HRS169723
HRR232974,HRS169724
HRR232975,HRS169725
HRR232976,HRS169726
HRR232977,HRS169727
HRR232978,HRS169728
HRR232979,HRS169729
HRR232980,HRS169730
HRR232981,HRS169731
HRR232982,HRS169732
HRR232983,HRS169733
HRR232984,HRS169734
HRR232985,HRS169735
HRR232986,HRS169736
HRR232987,HRS169737
HRR232988,HRS169738
HRR232989,HRS169739
HRR232990,HRS169740
HRR232991,HRS169741
HRR232992,HRS169742
HRR232993,HRS169743
HRR232994,HRS169744
HRR232995,HRS169745
HRR232996,HRS169746
HRR232997,HRS169747
HRR232998,HRS169748
HRR232999,HRS169749
HRR233000,HRS169750
HRR233001,HRS169751
HRR233002,HRS169752
HRR233003,HRS169753
HRR233004,HRS169754
HRR233005,HRS169755
HRR233006,HRS169756
HRR233007,HRS169757
HRR233008,HRS169758
HRR233009,HRS169759
HRR233010,HRS169760
HRR233011,HRS169761
HRR233012,HRS169762
HRR233013,HRS169763
HRR233014,HRS169764
HRR233015,HRS169765
HRR233016,HRS169766
HRR233017,HRS169767
HRR233018,HRS169768
HRR233019,HRS169769
HRR233020,HRS169770
HRR233021,HRS169771
HRR233022,HRS169772
HRR233023,HRS169773
HRR233024,HRS169774
HRR233025,HRS169775
HRR233026,HRS169776
HRR233027,HRS169777
HRR233028,HRS169778
HRR233029,HRS169779
HRR233030,HRS169780
HRR233031,HRS169781
HRR233032,HRS169782
HRR233033,HRS169783
HRR233034,HRS169784
HRR233035,HRS169785
HRR233036,HRS169786
HRR233037,HRS169787
HRR233038,HRS169788
HRR233039,HRS169789
HRR233040,HRS169790
HRR233041,HRS169791
HRR233042,HRS169792
HRR233043,HRS169793
HRR233044,HRS169794
HRR233045,HRS169795
HRR233046,HRS169796
HRR233047,HRS169797
HRR233048,HRS169798
HRR233049,HRS169799
HRR233050,HRS169800
HRR233051,HRS169801
HRR233052,HRS169802
HRR233053,HRS169803
HRR233054,HRS169804
HRR233055,HRS169805
HRR233056,HRS169806
HRR233057,HRS169807
HRR233058,HRS169808
HRR233059,HRS169809
HRR233060,HRS169810
HRR233061,HRS169811
HRR233062,HRS169812
HRR233063,HRS169813
HRR233064,HRS169814
HRR233065,HRS169815
HRR233066,HRS169816
HRR233067,HRS169817
HRR233068,HRS169818
HRR233069,HRS169819
HRR233070,HRS169820
HRR233071,HRS169821
HRR233072,HRS169822
HRR233073,HRS169823
HRR233074,HRS169824
HRR233075,HRS169825
HRR233076,HRS169826
HRR233077,HRS169827
HRR233078,HRS169828
HRR233079,HRS169829
HRR233080,HRS169830
HRR233081,HRS169831
HRR233082,HRS169832
HRR233083,HRS169833
HRR233084,HRS169834
HRR233085,HRS169835
HRR233086,HRS169836
HRR233087,HRS169837
HRR233088,HRS169838
HRR233089,HRS169839
HRR233090,HRS169840
HRR233091,HRS169841
HRR233092,HRS169842
HRR233093,HRS169843
HRR233094,HRS169844
HRR233095,HRS169845
HRR233096,HRS169846
HRR233097,HRS169847
HRR233098,HRS169848
HRR233099,HRS169849
HRR233100,HRS169850
HRR233101,HRS169851
HRR233102,HRS169852
HRR233103,HRS169853
HRR233104,HRS169854
HRR233105,HRS169855
HRR233106,HRS169856
HRR233107,HRS169857
HRR233108,HRS169858
HRR233109,HRS169859
HRR233110,HRS169860
HRR233111,HRS169861
HRR233112,HRS169862
HRR233113,HRS169863
HRR233114,HRS169864
HRR233115,HRS169865
HRR233116,HRS169866
HRR233117,HRS169867
HRR233118,HRS169868
HRR233119,HRS169869
HRR233120,HRS169870
HRR233121,HRS169871
HRR233122,HRS169872
HRR233123,HRS169873
HRR233124,HRS169874
HRR233125,HRS169875
HRR233126,HRS169876
HRR233127,HRS169877
HRR233128,HRS169878
HRR233129,HRS169879
HRR233130,HRS169880
HRR233131,HRS169881
HRR233132,HRS169882
HRR233133,HRS169883
HRR233134,HRS169884
HRR233135,HRS169885
HRR233136,HRS169886
HRR233137,HRS169887
HRR233138,HRS169888
HRR233139,HRS169889
HRR233140,HRS169890
HRR233141,HRS169891
HRR233142,HRS169892
HRR233143,HRS169893
HRR233144,HRS169894
HRR233145,HRS169895
HRR233146,HRS169896
HRR233147,HRS169897
HRR233148,HRS169898
HRR233149,HRS169899
HRR233150,HRS169900
HRR233151,HRS169901
HRR233152,HRS169902
HRR233153,HRS169903
HRR233154,HRS169904
HRR233155,HRS169905
HRR233156,HRS169906
HRR233157,HRS169907
HRR233158,HRS169908
HRR233159,HRS169909
HRR233160,HRS169910
HRR233161,HRS169911
HRR233162,HRS169912
HRR233163,HRS169913
HRR233164,HRS169914
HRR233165,HRS169915
HRR233166,HRS169916
HRR233167,HRS169917
HRR233168,HRS169918
HRR233169,HRS169919
HRR233170,HRS169920
HRR233171,HRS169921
HRR233172,HRS169922
HRR233173,HRS169923
HRR233174,HRS169924
HRR233175,HRS169925
HRR233176,HRS169926
HRR233177,HRS169927
HRR233178,HRS169928
HRR233179,HRS169929
HRR233180,HRS169930
HRR233181,HRS169931
HRR233182,HRS169932
HRR233183,HRS169933
HRR233184,HRS169934
HRR233185,HRS169935
HRR233186,HRS169936
HRR233187,HRS169937
HRR233188,HRS169938
HRR233189,HRS169939
HRR233190,HRS169940
HRR233191,HRS169941
HRR233192,HRS169942
HRR233193,HRS169943
HRR233194,HRS169944
HRR233195,HRS169945
HRR233196,HRS169946
HRR233197,HRS169947
HRR233198,HRS169948
HRR233199,HRS169949
HRR233200,HRS169950
HRR233201,HRS169951
HRR233202,HRS169952
HRR233203,HRS169953
HRR233204,HRS169954
HRR233205,HRS169955
HRR233206,HRS169956
HRR233207,HRS169957
HRR233208,HRS169958
HRR233209,HRS169959
HRR233210,HRS169960
HRR233211,HRS169961
HRR233212,HRS169962
HRR233213,HRS169963
HRR233214,HRS169964
HRR233215,HRS169965
HRR233216,HRS169966
HRR233217,HRS169967
HRR233218,HRS169968
HRR233219,HRS169969
HRR233220,HRS169970
HRR233221,HRS169971
HRR233222,HRS169972
HRR233223,HRS169973
HRR233224,HRS169974
HRR233225,HRS169975
HRR233226,HRS169976
HRR233227,HRS169977
HRR233228,HRS169978
HRR233229,HRS169979
HRR233230,HRS169980
HRR233231,HRS169981
HRR233232,HRS169982
HRR233233,HRS169983
HRR233234,HRS169984
HRR233235,HRS169985
HRR233236,HRS169986
HRR233237,HRS169987
HRR233238,HRS169988
HRR233239,HRS169989
HRR233240,HRS169990
HRR233241,HRS169991
HRR233242,HRS169992
HRR233243,HRS169993
HRR233244,HRS169994
HRR233245,HRS169995
HRR233246,HRS169996
HRR233247,HRS169997
HRR233248,HRS169998
HRR233249,HRS169999
HRR233250,HRS170000
HRR233251,HRS170001
HRR233252,HRS170002
HRR233253,HRS170003
HRR233254,HRS170004
HRR233255,HRS170005
HRR233256,HRS170006
HRR233257,HRS170007
HRR233258,HRS170008
HRR233259,HRS170009
HRR233260,HRS170010
HRR233261,HRS170011
HRR233262,HRS170012
HRR233263,HRS170013
HRR233264,HRS170014
HRR233265,HRS170015
HRR233266,HRS170016
HRR233267,HRS170017
HRR233268,HRS170018
HRR233269,HRS170019
HRR233270,HRS170020
HRR233271,HRS170021
HRR233272,HRS170022
HRR233273,HRS170023
HRR233274,HRS170024
HRR233275,HRS170025
HRR233276,HRS170026
HRR233277,HRS170027
HRR233278,HRS170028
HRR233279,HRS170029
HRR233280,HRS170030
HRR233281,HRS170031
HRR233282,HRS170032
HRR233283,HRS170033
HRR233284,HRS170034
HRR233285,HRS170035
HRR233286,HRS170036
HRR233287,HRS170037
HRR233288,HRS170038
HRR233289,HRS170039
HRR233290,HRS170040
HRR233291,HRS170041
HRR233292,HRS170042
HRR233293,HRS170043
HRR233294,HRS170044
HRR233295,HRS170045
HRR233296,HRS170046
HRR233297,HRS170047
HRR233298,HRS170048
HRR233299,HRS170049
HRR233300,HRS170050
HRR233301,HRS170051
HRR233302,HRS170052
HRR233303,HRS170053
HRR233304,HRS170054
HRR233305,HRS170055
HRR233306,HRS170056
HRR233307,HRS170057
HRR233308,HRS170058
HRR233309,HRS170059
HRR233310,HRS170060
HRR233311,HRS170061
HRR233312,HRS170062
HRR233313,HRS170063
HRR233314,HRS170064
HRR233315,HRS170065
HRR233316,HRS170066
HRR233317,HRS170067
HRR233318,HRS170068
HRR233319,HRS170069
HRR233320,HRS170070
HRR233321,HRS170071
HRR233322,HRS170072
HRR233323,HRS170073
HRR233324,HRS170074
HRR233325,HRS170075
HRR233326,HRS170076
HRR233327,HRS170077
HRR233328,HRS170078
HRR233329,HRS170079
HRR233330,HRS170080
HRR233331,HRS170081
HRR233332,HRS170082
HRR233333,HRS170083
HRR233334,HRS170084
HRR233335,HRS170085
HRR233336,HRS170086
HRR233337,HRS170087
HRR233338,HRS170088
HRR233339,HRS170089
HRR233340,HRS170090
HRR233341,HRS170091
HRR233342,HRS170092
HRR233343,HRS170093
HRR233344,HRS170094
HRR233345,HRS170095
HRR233346,HRS170096
HRR233347,HRS170097
HRR233348,HRS170098
HRR233349,HRS170099
HRR233350,HRS170100
HRR233351,HRS170101
HRR233352,HRS170102
HRR233353,HRS170103
HRR233354,HRS170104
HRR233355,HRS170105
HRR233356,HRS170106
HRR233357,HRS170107
HRR233358,HRS170108
HRR233359,HRS170109
HRR233360,HRS170110
HRR233361,HRS170111
HRR233362,HRS170112
HRR233363,HRS170113
HRR233364,HRS170114
HRR233365,HRS170115
HRR233366,HRS170116
HRR233367,HRS170117
HRR233368,HRS170118
HRR233369,HRS170119
HRR233370,HRS170120
HRR233371,HRS170121
HRR233372,HRS170122
HRR233373,HRS170123
HRR233374,HRS170124
HRR233375,HRS170125
HRR233376,HRS170126
HRR233377,HRS170127
HRR233378,HRS170128
HRR233379,HRS170129
HRR233380,HRS170130
HRR233381,HRS170131
HRR233382,HRS170132
HRR233383,HRS170133
HRR233384,HRS170134
HRR233385,HRS170135
HRR233386,HRS170136
HRR233387,HRS170137
HRR233388,HRS170138
HRR233389,HRS170139
HRR233390,HRS170140
HRR233391,HRS170141
HRR233392,HRS170142
HRR233393,HRS170143
HRR233394,HRS170144
HRR233395,HRS170145
HRR233396,HRS170146
HRR233397,HRS170147
HRR233398,HRS170148
HRR233399,HRS170149
HRR233400,HRS170150
HRR233401,HRS170151
HRR233402,HRS170152
HRR233403,HRS170153
HRR233404,HRS170154
HRR233405,HRS170155
HRR233406,HRS170156
HRR233407,HRS170157
HRR233408,HRS170158
HRR233409,HRS170159
HRR233410,HRS170160
HRR233411,HRS170161
HRR233412,HRS170162
HRR233413,HRS170163
HRR233414,HRS170164
HRR233415,HRS170165
HRR233416,HRS170166
HRR233417,HRS170167
HRR233418,HRS170168
HRR233419,HRS170169
HRR233420,HRS170170
HRR233421,HRS170171
HRR233422,HRS170172
HRR233423,HRS170173
HRR233424,HRS170174
HRR233425,HRS170175
HRR233426,HRS170176
HRR233427,HRS170177
HRR233428,HRS170178
HRR233429,HRS170179
HRR233430,HRS170180
HRR233431,HRS170181
HRR233432,HRS170182
HRR233433,HRS170183
HRR233434,HRS170184
HRR233435,HRS170185
HRR233436,HRS170186
HRR233437,HRS170187
HRR233438,HRS170188
HRR233439,HRS170189
HRR233440,HRS170190
HRR233441,HRS170191
HRR233442,HRS170192
HRR233443,HRS170193
HRR233444,HRS170194
HRR233445,HRS170195
HRR233446,HRS170196
HRR233447,HRS170197
HRR233448,HRS170198
HRR233449,HRS170199
HRR233450,HRS170200
HRR233451,HRS170201
HRR233452,HRS170202
HRR233453,HRS170203
HRR233454,HRS170204
HRR233455,HRS170205
HRR233456,HRS170206
HRR233457,HRS170207
HRR233458,HRS170208
HRR233459,HRS170209
HRR233460,HRS170210
HRR233461,HRS170211
HRR233462,HRS170212
HRR233463,HRS170213
HRR233464,HRS170214
HRR233465,HRS170215
HRR233466,HRS170216
HRR233467,HRS170217
HRR233468,HRS170218
HRR233469,HRS170219
HRR233470,HRS170220
HRR233471,HRS170221
HRR233472,HRS170222
HRR233473,HRS170223
HRR233474,HRS170224
HRR233475,HRS170225
HRR233476,HRS170226
HRR233477,HRS170227
HRR233478,HRS170228
HRR233479,HRS170229
HRR233480,HRS170230
HRR233481,HRS170231
HRR233482,HRS170232
HRR233483,HRS170233
HRR233484,HRS170234
HRR233485,HRS170235
HRR233486,HRS170236
HRR233487,HRS170237
HRR233488,HRS170238
HRR233489,HRS170239
HRR233490,HRS170240
HRR233491,HRS170241
HRR233492,HRS170242
HRR233493,HRS170243
HRR233494,HRS170244
HRR233495,HRS170245
HRR233496,HRS170246
HRR233497,HRS170247
HRR233498,HRS170248
HRR233499,HRS170249
HRR233500,HRS170250
HRR233501,HRS170251
HRR233502,HRS170252
HRR233503,HRS170253
HRR233504,HRS170254
HRR233505,HRS170255
HRR233506,HRS170256
HRR233507,HRS170257
HRR233508,HRS170258
HRR233509,HRS170259
HRR233510,HRS170260
HRR233511,HRS170261
HRR233512,HRS170262
HRR233513,HRS170263
HRR233514,HRS170264
HRR233515,HRS170265
HRR233516,HRS170266
HRR233517,HRS170267
HRR233518,HRS170268
HRR233519,HRS170269
HRR233520,HRS170270
HRR233521,HRS170271
HRR233522,HRS170272
HRR233523,HRS170273
HRR233524,HRS170274
HRR233525,HRS170275
HRR233526,HRS170276
HRR233527,HRS170277
HRR233528,HRS170278
HRR233529,HRS170279
HRR233530,HRS170280
HRR233531,HRS170281
HRR233532,HRS170282
HRR233533,HRS170283
HRR233534,HRS170284
HRR233535,HRS170285
HRR233536,HRS170286
HRR233537,HRS170287
HRR233538,HRS170288
HRR233539,HRS170289
HRR233540,HRS170290
HRR233541,HRS170291
HRR233542,HRS170292
HRR233543,HRS170293
HRR233544,HRS170294
HRR233545,HRS170295
HRR233546,HRS170296
HRR233547,HRS170297
HRR233548,HRS170298
HRR233549,HRS170299
HRR233550,HRS170300
HRR233551,HRS170301
HRR233552,HRS170302
HRR233553,HRS170303
HRR233554,HRS170304
HRR233555,HRS170305
HRR233556,HRS170306
HRR233557,HRS170307
HRR233558,HRS170308
HRR233559,HRS170309
HRR233560,HRS170310
HRR233561,HRS170311
HRR233562,HRS170312
HRR233563,HRS170313
HRR233564,HRS170314
HRR233565,HRS170315
HRR233566,HRS170316
HRR233567,HRS170317
HRR233568,HRS170318
HRR233569,HRS170319
HRR233570,HRS170320
HRR233571,HRS170321
HRR233572,HRS170322
HRR233573,HRS170323
HRR233574,HRS170324
HRR233575,HRS170325
HRR233576,HRS170326
HRR233577,HRS170327
HRR233578,HRS170328
HRR233579,HRS170329
HRR233580,HRS170330
HRR233581,HRS170331
HRR233582,HRS170332
HRR233583,HRS170333
HRR233584,HRS170334
HRR233585,HRS170335
HRR233586,HRS170336
HRR233587,HRS170337
HRR233588,HRS170338
HRR233589,HRS170339
HRR233590,HRS170340
HRR233591,HRS170341
HRR233592,HRS170342
HRR233593,HRS170343
HRR233594,HRS170344
HRR233595,HRS170345
HRR233596,HRS170346
HRR233597,HRS170347
HRR233598,HRS170348
HRR233599,HRS170349
HRR233600,HRS170350
HRR233601,HRS170351
HRR233602,HRS170352
HRR233603,HRS170353
HRR233604,HRS170354
HRR233605,HRS170355
HRR233606,HRS170356
HRR233607,HRS170357
HRR233608,HRS170358
HRR233609,HRS170359
HRR233610,HRS170360
HRR233611,HRS170361
HRR233612,HRS170362
HRR233613,HRS170363
HRR233614,HRS170364
HRR233615,HRS170365
HRR233616,HRS170366
HRR233617,HRS170367
HRR233618,HRS170368
HRR233619,HRS170369
HRR233620,HRS170370
HRR233621,HRS170371
HRR233622,HRS170372
HRR233623,HRS170373
HRR233624,HRS170374
HRR233625,HRS170375
HRR233626,HRS170376
HRR233627,HRS170377
HRR233628,HRS170378
HRR233629,HRS170379
HRR233630,HRS170380
HRR233631,HRS170381
HRR233632,HRS170382
HRR233633,HRS170383
HRR233634,HRS170384
HRR233635,HRS170385
HRR233636,HRS170386
HRR233637,HRS170387
HRR233638,HRS170388
HRR233639,HRS170389
HRR233640,HRS170390
HRR233641,HRS170391
HRR233642,HRS170392
HRR233643,HRS170393
HRR233644,HRS170394
HRR233645,HRS170395
HRR233646,HRS170396
HRR233647,HRS170397
HRR233648,HRS170398
HRR233649,HRS170399
HRR233650,HRS170400
HRR233651,HRS170401
HRR233652,HRS170402
HRR233653,HRS170403
HRR233654,HRS170404
HRR233655,HRS170405
HRR233656,HRS170406
HRR233657,HRS170407
HRR233658,HRS170408
HRR233659,HRS170409
HRR233660,HRS170410
HRR233661,HRS170411
HRR233662,HRS170412
HRR233663,HRS170413
HRR233664,HRS170414
HRR233665,HRS170415
HRR233666,HRS170416
HRR233667,HRS170417
HRR233668,HRS170418
HRR233669,HRS170419
HRR233670,HRS170420
HRR233671,HRS170421
HRR233672,HRS170422
HRR233673,HRS170423
HRR233674,HRS170424
HRR233675,HRS170425
HRR233676,HRS170426
HRR233677,HRS170427
HRR233678,HRS170428
HRR233679,HRS170429
HRR233680,HRS170430
HRR233681,HRS170431
HRR233682,HRS170432
HRR233683,HRS170433
HRR233684,HRS170434
HRR233685,HRS170435
HRR233686,HRS170436
HRR233687,HRS170437
HRR233688,HRS170438
HRR233689,HRS170439
HRR233690,HRS170440
HRR233691,HRS170441
HRR233692,HRS170442
HRR233693,HRS170443
HRR233694,HRS170444
HRR233695,HRS170445
HRR233696,HRS170446
HRR233697,HRS170447
HRR233698,HRS170448
HRR233699,HRS170449
HRR233700,HRS170450
HRR233701,HRS170451
HRR233702,HRS170452
HRR233703,HRS170453
HRR233704,HRS170454
HRR233705,HRS170455
HRR233706,HRS170456
HRR233707,HRS170457
HRR233708,HRS170458
HRR233709,HRS170459
HRR233710,HRS170460
HRR233711,HRS170461
HRR233712,HRS170462
HRR233713,HRS170463
HRR233714,HRS170464
HRR233715,HRS170465
HRR233716,HRS170466
HRR233717,HRS170467
HRR233718,HRS170468
HRR233719,HRS170469
HRR233720,HRS170470
HRR233721,HRS170471
HRR233722,HRS170472
HRR233723,HRS170473
HRR233724,HRS170474
HRR233725,HRS170475
HRR233726,HRS170476
HRR233727,HRS170477
HRR233728,HRS170478
HRR233729,HRS170479
HRR233730,HRS170480
HRR233731,HRS170481
HRR233732,HRS170482
HRR233733,HRS170483
HRR233734,HRS170484
HRR233735,HRS170485
HRR233736,HRS170486
HRR233737,HRS170487
HRR233738,HRS170488
HRR233739,HRS170489
HRR233740,HRS170490
HRR233741,HRS170491
HRR233742,HRS170492
HRR233743,HRS170493
HRR233744,HRS170494
HRR233745,HRS170495
HRR233746,HRS170496
HRR233747,HRS170497
HRR233748,HRS170498
HRR233749,HRS170499
HRR233750,HRS170500
HRR233751,HRS170501
HRR233752,HRS170502
HRR233753,HRS170503
HRR233754,HRS170504
HRR233755,HRS170505
HRR233756,HRS170506
HRR233757,HRS170507
HRR233758,HRS170508
HRR233759,HRS170509
HRR233760,HRS170510
HRR233761,HRS170511
HRR233762,HRS170512
HRR233763,HRS170513
HRR233764,HRS170514
HRR233765,HRS170515
HRR233766,HRS170516
HRR233767,HRS170517
HRR233768,HRS170518
HRR233769,HRS170519
HRR233770,HRS170520
HRR233771,HRS170521
HRR233772,HRS170522
HRR233773,HRS170523
HRR233774,HRS170524
HRR233775,HRS170525
HRR233776,HRS170526
HRR233777,HRS170527
HRR233778,HRS170528
HRR233779,HRS170529
HRR233780,HRS170530
HRR233781,HRS170531
HRR233782,HRS170532
HRR233783,HRS170533
HRR233784,HRS170534
HRR233785,HRS170535
HRR233786,HRS170536
HRR233787,HRS170537
HRR233788,HRS170538
HRR233789,HRS170539
HRR233790,HRS170540
HRR233791,HRS170541
HRR233792,HRS170542
HRR233793,HRS170543
HRR233794,HRS170544
HRR233795,HRS170545
HRR233796,HRS170546
HRR233797,HRS170547
HRR233798,HRS170548
HRR233799,HRS170549
HRR233800,HRS170550
HRR233801,HRS170551
HRR233802,HRS170552
HRR233803,HRS170553
HRR233804,HRS170554
HRR233805,HRS170555
HRR233806,HRS170556
HRR233807,HRS170557
HRR233808,HRS170558
HRR233809,HRS170559
HRR233810,HRS170560
HRR233811,HRS170561
HRR233812,HRS170562
HRR233813,HRS170563
HRR233814,HRS170564
HRR233815,HRS170565
HRR233816,HRS170566
HRR233817,HRS170567
HRR233818,HRS170568
HRR233819,HRS170569
HRR233820,HRS170570
HRR233821,HRS170571
HRR233822,HRS170572
HRR233823,HRS170573
HRR233824,HRS170574
HRR233825,HRS170575
HRR233826,HRS170576
HRR233827,HRS170577
HRR233828,HRS170578
HRR233829,HRS170579
HRR233830,HRS170580
HRR233831,HRS170581
HRR233832,HRS170582
HRR233833,HRS170583
HRR233834,HRS170584
HRR233835,HRS170585
HRR233836,HRS170586
HRR233837,HRS170587
HRR233838,HRS170588
HRR233839,HRS170589
HRR233840,HRS170590
HRR233841,HRS170591
HRR233842,HRS170592
HRR233843,HRS170593
HRR233844,HRS170594
HRR233845,HRS170595
HRR233846,HRS170596
HRR233847,HRS170597
HRR233848,HRS170598
HRR233849,HRS170599
HRR233850,HRS170600
HRR233851,HRS170601
HRR233852,HRS170602
HRR233853,HRS170603
HRR233854,HRS170604
HRR233855,HRS170605
HRR233856,HRS170606
HRR233857,HRS170607
HRR233858,HRS170608
HRR233859,HRS170609
HRR233860,HRS170610
HRR233861,HRS170611
HRR233862,HRS170612
HRR233863,HRS170613
HRR233864,HRS170614
HRR233865,HRS170615
HRR233866,HRS170616
HRR233867,HRS170617
HRR233868,HRS170618
HRR233869,HRS170619
HRR233870,HRS170620
HRR233871,HRS170621
HRR233872,HRS170622
HRR233873,HRS170623
HRR233874,HRS170624
HRR233875,HRS170625
HRR233876,HRS170626
HRR233877,HRS170627
HRR233878,HRS170628
HRR233879,HRS170629
HRR233880,HRS170630
HRR233881,HRS170631
HRR233882,HRS170632
HRR233883,HRS170633
HRR233884,HRS170634
HRR233885,HRS170635
HRR233886,HRS170636
HRR233887,HRS170637
HRR233888,HRS170638
HRR233889,HRS170639
HRR233890,HRS170640
HRR233891,HRS170641
HRR233892,HRS170642
HRR233893,HRS170643
HRR233894,HRS170644
HRR233895,HRS170645
HRR233896,HRS170646
HRR233897,HRS170647
HRR233898,HRS170648
HRR233899,HRS170649
HRR233900,HRS170650
HRR233901,HRS170651
HRR233902,HRS170652
HRR233903,HRS170653
HRR233904,HRS170654
HRR233905,HRS170655
HRR233906,HRS170656
HRR233907,HRS170657
HRR233908,HRS170658
HRR233909,HRS170659
HRR233910,HRS170660
HRR233911,HRS170661
HRR233912,HRS170662
HRR233913,HRS170663
HRR233914,HRS170664
HRR233915,HRS170665
HRR233916,HRS170666
HRR233917,HRS170667
HRR233918,HRS170668
HRR233919,HRS170669
HRR233920,HRS170670
HRR233921,HRS170671
HRR233922,HRS170672
HRR233923,HRS170673
HRR233924,HRS170674
HRR233925,HRS170675
HRR233926,HRS170676
HRR233927,HRS170677
HRR233928,HRS170678
HRR233929,HRS170679
HRR233930,HRS170680
HRR233931,HRS170681
HRR233932,HRS170682
HRR233933,HRS170683
HRR233934,HRS170684
HRR233935,HRS170685
HRR233936,HRS170686
HRR233937,HRS170687
HRR233938,HRS170688
HRR233939,HRS170689
HRR233940,HRS170690
HRR233941,HRS170691
HRR233942,HRS170692
HRR233943,HRS170693
HRR233944,HRS170694
HRR233945,HRS170695
HRR233946,HRS170696
HRR233947,HRS170697
HRR233948,HRS170698
HRR233949,HRS170699
HRR233950,HRS170700
HRR233951,HRS170701
HRR233952,HRS170702
HRR233953,HRS170703
HRR233954,HRS170704
HRR233955,HRS170705
HRR233956,HRS170706
HRR233957,HRS170707
HRR233958,HRS170708
HRR233959,HRS170709
HRR233960,HRS170710
HRR233961,HRS170711
HRR233962,HRS170712
HRR233963,HRS170713
HRR233964,HRS170714
HRR233965,HRS170715
HRR233966,HRS170716
HRR233967,HRS170717
HRR233968,HRS170718
HRR233969,HRS170719
HRR233970,HRS170720
HRR233971,HRS170721
HRR233972,HRS170722
HRR233973,HRS170723
HRR233974,HRS170724
HRR233975,HRS170725
HRR233976,HRS170726
HRR233977,HRS170727
HRR233978,HRS170728
HRR233979,HRS170729
HRR233980,HRS170730
HRR233981,HRS170731
HRR233982,HRS170732
HRR233983,HRS170733
HRR233984,HRS170734
HRR233985,HRS170735
HRR233986,HRS170736
HRR233987,HRS170737
HRR233988,HRS170738
HRR233989,HRS170739
HRR233990,HRS170740
HRR233991,HRS170741
HRR233992,HRS170742
HRR233993,HRS170743
HRR233994,HRS170744
HRR233995,HRS170745
HRR233996,HRS170746
HRR233997,HRS170747
HRR233998,HRS170748
HRR233999,HRS170749
HRR234000,HRS170750
HRR234001,HRS170751
HRR234002,HRS170752
HRR234003,HRS170753
HRR234004,HRS170754
HRR234005,HRS170755
HRR234006,HRS170756
HRR234007,HRS170757
HRR234008,HRS170758
HRR234009,HRS170759
HRR234010,HRS170760
HRR234011,HRS170761
HRR234012,HRS170762
HRR234013,HRS170763
HRR234014,HRS170764
HRR234015,HRS170765
HRR234016,HRS170766
HRR234017,HRS170767
HRR234018,HRS170768
HRR234019,HRS170769
HRR234020,HRS170770
HRR234021,HRS170771
HRR234022,HRS170772
HRR234023,HRS170773
HRR234024,HRS170774
HRR234025,HRS170775
HRR234026,HRS170776
HRR234027,HRS170777
HRR234028,HRS170778
HRR234029,HRS170779
HRR234030,HRS170780
HRR234031,HRS170781
HRR234032,HRS170782
HRR234033,HRS170783
HRR234034,HRS170784
HRR234035,HRS170785
HRR234036,HRS170786
HRR234037,HRS170787
HRR234038,HRS170788
HRR234039,HRS170789
HRR234040,HRS170790
HRR234041,HRS170791
HRR234042,HRS170792
HRR234043,HRS170793
HRR234044,HRS170794
HRR234045,HRS170795
HRR234046,HRS170796
HRR234047,HRS170797
HRR234048,HRS170798
HRR234049,HRS170799
HRR234050,HRS170800
HRR234051,HRS170801
HRR234052,HRS170802
HRR234053,HRS170803
HRR234054,HRS170804
HRR234055,HRS170805
HRR234056,HRS170806
HRR234057,HRS170807
HRR234058,HRS170808
HRR234059,HRS170809
HRR234060,HRS170810
HRR234061,HRS170811
HRR234062,HRS170812
HRR234063,HRS170813
HRR234064,HRS170814
HRR234065,HRS170815
HRR234066,HRS170816
HRR234067,HRS170817
HRR234068,HRS170818
HRR234069,HRS170819
HRR234070,HRS170820
HRR234071,HRS170821
HRR234072,HRS170822
HRR234073,HRS170823
HRR234074,HRS170824
HRR234075,HRS170825
HRR234076,HRS170826
HRR234077,HRS170827
HRR234078,HRS170828
HRR234079,HRS170829
HRR234080,HRS170830
HRR234081,HRS170831
HRR234082,HRS170832
HRR234083,HRS170833
HRR234084,HRS170834
HRR234085,HRS170835
HRR234086,HRS170836
HRR234087,HRS170837
HRR234088,HRS170838
HRR234089,HRS170839
HRR234090,HRS170840
HRR234091,HRS170841
HRR234092,HRS170842
HRR234093,HRS170843
HRR234094,HRS170844
HRR234095,HRS170845
HRR234096,HRS170846
HRR234097,HRS170847
HRR234098,HRS170848
HRR234099,HRS170849
HRR234100,HRS170850
HRR234101,HRS170851
HRR234102,HRS170852
HRR234103,HRS170853
HRR234104,HRS170854
HRR234105,HRS170855
HRR234106,HRS170856
HRR234107,HRS170857
HRR234108,HRS170858
HRR234109,HRS170859
HRR234110,HRS170860
HRR234111,HRS170861
HRR234112,HRS170862
HRR234113,HRS170863
HRR234114,HRS170864
HRR234115,HRS170865
HRR234116,HRS170866
HRR234117,HRS170867
HRR234118,HRS170868
HRR234119,HRS170869
HRR234120,HRS170870
HRR234121,HRS170871
HRR234122,HRS170872
HRR234123,HRS170873
HRR234124,HRS170874
HRR234125,HRS170875
HRR234126,HRS170876
HRR234127,HRS170877
HRR234128,HRS170878
HRR234129,HRS170879
HRR234130,HRS170880
HRR234131,HRS170881
HRR234132,HRS170882
HRR234133,HRS170883
HRR234134,HRS170884
HRR234135,HRS170885
HRR234136,HRS170886
HRR234137,HRS170887
HRR234138,HRS170888
HRR234139,HRS170889
HRR234140,HRS170890
HRR234141,HRS170891
HRR234142,HRS170892
HRR234143,HRS170893
HRR234144,HRS170894
HRR234145,HRS170895
HRR234146,HRS170896
HRR234147,HRS170897
HRR234148,HRS170898
HRR234149,HRS170899
HRR234150,HRS170900
HRR234151,HRS170901
HRR234152,HRS170902
HRR234153,HRS170903
HRR234154,HRS170904
HRR234155,HRS170905
HRR234156,HRS170906
HRR234157,HRS170907
HRR234158,HRS170908
HRR234159,HRS170909
HRR234160,HRS170910
HRR234161,HRS170911
HRR234162,HRS170912
HRR234163,HRS170913
HRR234164,HRS170914
HRR234165,HRS170915
HRR234166,HRS170916
HRR234167,HRS170917
HRR234168,HRS170918
HRR234169,HRS170919
HRR234170,HRS170920
HRR234171,HRS170921
HRR234172,HRS170922
HRR234173,HRS170923
HRR234174,HRS170924
HRR234175,HRS170925
HRR234176,HRS170926
HRR234177,HRS170927
HRR234178,HRS170928
HRR234179,HRS170929
HRR234180,HRS170930
HRR234181,HRS170931
HRR234182,HRS170932
HRR234183,HRS170933
HRR234184,HRS170934
HRR234185,HRS170935
HRR234186,HRS170936
HRR234187,HRS170937
HRR234188,HRS170938
HRR234189,HRS170939
HRR234190,HRS170940
HRR234191,HRS170941
HRR234192,HRS170942
HRR234193,HRS170943
HRR234194,HRS170944
HRR234195,HRS170945
HRR234196,HRS170946
HRR234197,HRS170947
HRR234198,HRS170948
HRR234199,HRS170949
HRR234200,HRS170950
HRR234201,HRS170951
HRR234202,HRS170952
HRR234203,HRS170953
HRR234204,HRS170954
HRR234205,HRS170955
HRR234206,HRS170956
HRR234207,HRS170957
HRR234208,HRS170958
HRR234209,HRS170959
HRR234210,HRS170960
HRR234211,HRS170961
HRR234212,HRS170962
HRR234213,HRS170963
HRR234214,HRS170964
HRR234215,HRS170965
HRR234216,HRS170966
HRR234217,HRS170967
HRR234218,HRS170968
HRR234219,HRS170969
HRR234220,HRS170970
HRR234221,HRS170971
HRR234222,HRS170972
HRR234223,HRS170973
HRR234224,HRS170974
HRR234225,HRS170975
HRR234226,HRS170976
HRR234227,HRS170977
HRR234228,HRS170978
HRR234229,HRS170979
HRR234230,HRS170980
HRR234231,HRS170981
HRR234232,HRS170982
HRR234233,HRS170983
HRR234234,HRS170984
HRR234235,HRS170985
HRR234236,HRS170986
HRR234237,HRS170987
HRR234238,HRS170988
HRR234239,HRS170989
HRR234240,HRS170990
HRR234241,HRS170991
HRR234242,HRS170992
HRR234243,HRS170993
HRR234244,HRS170994
HRR234245,HRS170995
HRR234246,HRS170996
HRR234247,HRS170997
HRR234248,HRS170998
HRR234249,HRS170999
HRR234250,HRS171000
HRR234251,HRS171001
HRR234252,HRS171002
HRR234253,HRS171003
HRR234254,HRS171004
HRR234255,HRS171005
HRR234256,HRS171006
HRR234257,HRS171007
HRR234258,HRS171008
HRR234259,HRS171009
HRR234260,HRS171010
HRR234261,HRS171011
HRR234262,HRS171012
HRR234263,HRS171013
HRR234264,HRS171014
HRR234265,HRS171015
HRR234266,HRS171016
HRR234267,HRS171017
HRR234268,HRS171018
HRR234269,HRS171019
HRR234270,HRS171020
HRR234271,HRS171021
HRR234272,HRS171022
HRR234273,HRS171023
HRR234274,HRS171024
HRR234275,HRS171025
HRR234276,HRS171026
HRR234277,HRS171027
HRR234278,HRS171028
HRR234279,HRS171029
HRR234280,HRS171030
HRR234281,HRS171031
HRR234282,HRS171032
HRR234283,HRS171033
HRR234284,HRS171034
HRR234285,HRS171035
HRR234286,HRS171036
HRR234287,HRS171037
HRR234288,HRS171038
HRR234289,HRS171039
HRR234290,HRS171040
HRR234291,HRS171041
HRR234292,HRS171042
HRR234293,HRS171043
HRR234294,HRS171044
HRR234295,HRS171045
HRR234296,HRS171046
HRR234297,HRS171047
HRR234298,HRS171048
HRR234299,HRS171049
HRR234300,HRS171050
HRR234301,HRS171051
HRR234302,HRS171052
HRR234303,HRS171053
HRR234304,HRS171054
HRR234305,HRS171055
HRR234306,HRS171056
HRR234307,HRS171057
HRR234308,HRS171058
HRR234309,HRS171059
HRR234310,HRS171060
HRR234311,HRS171061
HRR234312,HRS171062
HRR234313,HRS171063
HRR234314,HRS171064
HRR234315,HRS171065
HRR234316,HRS171066
HRR234317,HRS171067
HRR234318,HRS171068
HRR234319,HRS171069
HRR234320,HRS171070
HRR234321,HRS171071
HRR234322,HRS171072
HRR234323,HRS171073
HRR234324,HRS171074
HRR234325,HRS171075
HRR234326,HRS171076
HRR234327,HRS171077
HRR234328,HRS171078
HRR234329,HRS171079
HRR234330,HRS171080
HRR234331,HRS171081
HRR234332,HRS171082
HRR234333,HRS171083
HRR234334,HRS171084
HRR234335,HRS171085
HRR234336,HRS171086
HRR234337,HRS171087
HRR234338,HRS171088
HRR234339,HRS171089
HRR234340,HRS171090
HRR234341,HRS171091
HRR234342,HRS171092
HRR234343,HRS171093
HRR234344,HRS171094
HRR234345,HRS171095
HRR234346,HRS171096
HRR234347,HRS171097
HRR234348,HRS171098
HRR234349,HRS171099
HRR234350,HRS171100
HRR234351,HRS171101
HRR234352,HRS171102
HRR234353,HRS171103
HRR234354,HRS171104
HRR234355,HRS171105
HRR234356,HRS171106
HRR234357,HRS171107
HRR234358,HRS171108
HRR234359,HRS171109
HRR234360,HRS171110
HRR234361,HRS171111
HRR234362,HRS171112
HRR234363,HRS171113
HRR234364,HRS171114
HRR234365,HRS171115
HRR234366,HRS171116
HRR234367,HRS171117
HRR234368,HRS171118
HRR234369,HRS171119
HRR234370,HRS171120
HRR234371,HRS171121
HRR234372,HRS171122
HRR234373,HRS171123
HRR234374,HRS171124
HRR234375,HRS171125
HRR234376,HRS171126
HRR234377,HRS171127
HRR234378,HRS171128
HRR234379,HRS171129
HRR234380,HRS171130
HRR234381,HRS171131
HRR234382,HRS171132
HRR234383,HRS171133
HRR234384,HRS171134
HRR234385,HRS171135
HRR234386,HRS171136
HRR234387,HRS171137
HRR234388,HRS171138
HRR234389,HRS171139
HRR234390,HRS171140
HRR234391,HRS171141
HRR234392,HRS171142
HRR234393,HRS171143
HRR234394,HRS171144
HRR234395,HRS171145
HRR234396,HRS171146
HRR234397,HRS171147
HRR234398,HRS171148
HRR234399,HRS171149
HRR234400,HRS171150
HRR234401,HRS171151
HRR234402,HRS171152
HRR234403,HRS171153
HRR234404,HRS171154
HRR234405,HRS171155
HRR234406,HRS171156
HRR234407,HRS171157
HRR234408,HRS171158
HRR234409,HRS171159
HRR234410,HRS171160
HRR234411,HRS171161
HRR234412,HRS171162
HRR234413,HRS171163
HRR234414,HRS171164
HRR234415,HRS171165
HRR234416,HRS171166
HRR234417,HRS171167
HRR234418,HRS171168
HRR234419,HRS171169
HRR234420,HRS171170
HRR234421,HRS171171
HRR234422,HRS171172
HRR234423,HRS171173
HRR234424,HRS171174
HRR234425,HRS171175
HRR234426,HRS171176
HRR234427,HRS171177
HRR234428,HRS171178
HRR234429,HRS171179
HRR234430,HRS171180
HRR234431,HRS171181
HRR234432,HRS171182
HRR234433,HRS171183
HRR234434,HRS171184
HRR234435,HRS171185
HRR234436,HRS171186
HRR234437,HRS171187
HRR234438,HRS171188
HRR234439,HRS171189
HRR234440,HRS171190
HRR234441,HRS171191
HRR234442,HRS171192
HRR234443,HRS171193
HRR234444,HRS171194
HRR234445,HRS171195
HRR234446,HRS171196
HRR234447,HRS171197
HRR234448,HRS171198
HRR234449,HRS171199
HRR234450,HRS171200
HRR234451,HRS171201
HRR234452,HRS171202
HRR234453,HRS171203
HRR234454,HRS171204
HRR234455,HRS171205
HRR234456,HRS171206
HRR234457,HRS171207
HRR234458,HRS171208
HRR234459,HRS171209
HRR234460,HRS171210
HRR234461,HRS171211
HRR234462,HRS171212
HRR234463,HRS171213
HRR234464,HRS171214
HRR234465,HRS171215
HRR234466,HRS171216
HRR234467,HRS171217
HRR234468,HRS171218
HRR234469,HRS171219
HRR234470,HRS171220
HRR234471,HRS171221
HRR234472,HRS171222
HRR234473,HRS171223
HRR234474,HRS171224
HRR234475,HRS171225
HRR234476,HRS171226
HRR234477,HRS171227
HRR234478,HRS171228
HRR234479,HRS171229
HRR234480,HRS171230
HRR234481,HRS171231
HRR234482,HRS171232
HRR234483,HRS171233
HRR234484,HRS171234
HRR234485,HRS171235
HRR234486,HRS171236
HRR234487,HRS171237
HRR234488,HRS171238
HRR234489,HRS171239
HRR234490,HRS171240
HRR234491,HRS171241
HRR234492,HRS171242
HRR234493,HRS171243
HRR234494,HRS171244
HRR234495,HRS171245
HRR234496,HRS171246
HRR234497,HRS171247
HRR234498,HRS171248
HRR234499,HRS171249
HRR234500,HRS171250
HRR234501,HRS171251
HRR234502,HRS171252
HRR234503,HRS171253
HRR234504,HRS171254
HRR234505,HRS171255
HRR234506,HRS171256
HRR234507,HRS171257
HRR234508,HRS171258
HRR234509,HRS171259
HRR234510,HRS171260
HRR234511,HRS171261
HRR234512,HRS171262
HRR234513,HRS171263
HRR234514,HRS171264
HRR234515,HRS171265
HRR234516,HRS171266
HRR234517,HRS171267
HRR234518,HRS171268
HRR234519,HRS171269
HRR234520,HRS171270
HRR234521,HRS171271
HRR234522,HRS171272
HRR234523,HRS171273
HRR234524,HRS171274
HRR234525,HRS171275
HRR234526,HRS171276
HRR234527,HRS171277
HRR234528,HRS171278
HRR234529,HRS171279
HRR234530,HRS171280
HRR234531,HRS171281
HRR234532,HRS171282
HRR234533,HRS171283
HRR234534,HRS171284
HRR234535,HRS171285
HRR234536,HRS171286
HRR234537,HRS171287
HRR234538,HRS171288
HRR234539,HRS171289
HRR234540,HRS171290
HRR234541,HRS171291
HRR234542,HRS171292
HRR234543,HRS171293
HRR234544,HRS171294
HRR234545,HRS171295
HRR234546,HRS171296
HRR234547,HRS171297
HRR234548,HRS171298
HRR234549,HRS171299
HRR234550,HRS171300
HRR234551,HRS171301
HRR234552,HRS171302
HRR234553,HRS171303
HRR234554,HRS171304
HRR234555,HRS171305
HRR234556,HRS171306
HRR234557,HRS171307
HRR234558,HRS171308
HRR234559,HRS171309
HRR234560,HRS171310
HRR234561,HRS171311
HRR234562,HRS171312
HRR234563,HRS171313
HRR234564,HRS171314
HRR234565,HRS171315
HRR234566,HRS171316
HRR234567,HRS171317
HRR234568,HRS171318
HRR234569,HRS171319
HRR234570,HRS171320
HRR234571,HRS171321
HRR234572,HRS171322
HRR234573,HRS171323
HRR234574,HRS171324
HRR234575,HRS171325
HRR234576,HRS171326
HRR234577,HRS171327
HRR234578,HRS171328
HRR234579,HRS171329
HRR234580,HRS171330
HRR234581,HRS171331
HRR234582,HRS171332
HRR234583,HRS171333
HRR234584,HRS171334
HRR234585,HRS171335
HRR234586,HRS171336
HRR234587,HRS171337
HRR234588,HRS171338
HRR234589,HRS171339
HRR234590,HRS171340
HRR234591,HRS171341
HRR234592,HRS171342
HRR234593,HRS171343
HRR234594,HRS171344
HRR234595,HRS171345
HRR234596,HRS171346
HRR234597,HRS171347
HRR234598,HRS171348
HRR234599,HRS171349
HRR234600,HRS171350
HRR234601,HRS171351
HRR234602,HRS171352
HRR234603,HRS171353
HRR234604,HRS171354
HRR234605,HRS171355
HRR234606,HRS171356
HRR234607,HRS171357
HRR234608,HRS171358
HRR234609,HRS171359
HRR234610,HRS171360
HRR234611,HRS171361
HRR234612,HRS171362
HRR234613,HRS171363
HRR234614,HRS171364
HRR234615,HRS171365
HRR234616,HRS171366
HRR234617,HRS171367
HRR234618,HRS171368
HRR234619,HRS171369
HRR234620,HRS171370
HRR234621,HRS171371
HRR234622,HRS171372
HRR234623,HRS171373
HRR234624,HRS171374
HRR234625,HRS171375
HRR234626,HRS171376
HRR234627,HRS171377
HRR234628,HRS171378
HRR234629,HRS171379
HRR234630,HRS171380
HRR234631,HRS171381
HRR234632,HRS171382
HRR234633,HRS171383
HRR234634,HRS171384
HRR234635,HRS171385
HRR234636,HRS171386
HRR234637,HRS171387
HRR234638,HRS171388
HRR234639,HRS171389
HRR234640,HRS171390
HRR234641,HRS171391
HRR234642,HRS171392
HRR234643,HRS171393
HRR234644,HRS171394
HRR234645,HRS171395
HRR234646,HRS171396
HRR234647,HRS171397
HRR234648,HRS171398
HRR234649,HRS171399
HRR234650,HRS171400
HRR234651,HRS171401
HRR234652,HRS171402
HRR234653,HRS171403
HRR234654,HRS171404
HRR234655,HRS171405
HRR234656,HRS171406
HRR234657,HRS171407
HRR234658,HRS171408
HRR234659,HRS171409
HRR234660,HRS171410
HRR234661,HRS171411
HRR234662,HRS171412
HRR234663,HRS171413
HRR234664,HRS171414
HRR234665,HRS171415
HRR234666,HRS171416
HRR234667,HRS171417
HRR234668,HRS171418
HRR234669,HRS171419
HRR234670,HRS171420
HRR234671,HRS171421
HRR234672,HRS171422
HRR234673,HRS171423
HRR366716,HRS280567
HRR366717,HRS280568
HRR366718,HRS280569
HRR366719,HRS280570
HRR366720,HRS280571
HRR366721,HRS280572
HRR366722,HRS280573
HRR366723,HRS280574
HRR366724,HRS280574
HRR366725,HRS280575
HRR366726,HRS280575
HRR366727,HRS280576
HRR366728,HRS280576
HRR366729,HRS280576
HRR366730,HRS280577
HRR366731,HRS280578
HRR366732,HRS280578
HRR366733,HRS280579
HRR366734,HRS280580
HRR366735,HRS280581
HRR366736,HRS280582
HRR366737,HRS280583
HRR366738,HRS280584
HRR366739,HRS280585
HRR366740,HRS280586
HRR366741,HRS280587
HRR366742,HRS280588
HRR366743,HRS280589
HRR366744,HRS280590
HRR366711,HRS280591
HRR366712,HRS280592
HRR366713,HRS280593
HRR366714,HRS280594
HRR366715,HRS280595
HRR366745,HRS280596
HRR366746,HRS280597
HRR366747,HRS280598
HRR366748,HRS280599
HRR366749,HRS280600
HRR366750,HRS280600
HRR366751,HRS280600
HRR366752,HRS280601
HRR366753,HRS280602
HRR366754,HRS280603
HRR366755,HRS280604
HRR365657,HRS280605
HRR365658,HRS280605
HRR365659,HRS280606
HRR365660,HRS280607
HRR365661,HRS280608
HRR366756,HRS280608
HRR366757,HRS280609
HRR365662,HRS280610
HRR365663,HRS280610
HRR365664,HRS280611
HRR365665,HRS280611
HRR365667,HRS280612
HRR365666,HRS280612
HRR365669,HRS280613
HRR365668,HRS280613
HRR365671,HRS280614
HRR365670,HRS280614
HRR365672,HRS280615
HRR366758,HRS280615
HRR365673,HRS280616
HRR365674,HRS280617
HRR365675,HRS280617
HRR365676,HRS280618
HRR365677,HRS280618
HRR365678,HRS280619
HRR365679,HRS280619
HRR365681,HRS280620
HRR365680,HRS280620
HRR365683,HRS280621
HRR365682,HRS280621
HRR365685,HRS280622
HRR365684,HRS280622
HRR365687,HRS280623
HRR365686,HRS280623
HRR365688,HRS280624
HRR366759,HRS280624
HRR365689,HRS280625
HRR366760,HRS280625
HRR365691,HRS280626
HRR365690,HRS280626
HRR365693,HRS280627
HRR365692,HRS280627
HRR365695,HRS280628
HRR365694,HRS280628
HRR365697,HRS280629
HRR365696,HRS280629
HRR365699,HRS280630
HRR365698,HRS280630
HRR365700,HRS280631
HRR365701,HRS280631
HRR365702,HRS280632
HRR365704,HRS280633
HRR365703,HRS280633
HRR365706,HRS280634
HRR365705,HRS280634
HRR365708,HRS280635
HRR365707,HRS280635
HRR365709,HRS280636
HRR366761,HRS280636
HRR365710,HRS280637
HRR365711,HRS280637
HRR365713,HRS280638
HRR365712,HRS280638
HRR365715,HRS280639
HRR365714,HRS280639
HRR365717,HRS280640
HRR365716,HRS280640
HRR365718,HRS280641
HRR366762,HRS280641
HRR365719,HRS280642
HRR365720,HRS280642
HRR365722,HRS280643
HRR365721,HRS280643
HRR365724,HRS280644
HRR365723,HRS280644
HRR365725,HRS280645
HRR365727,HRS280646
HRR365726,HRS280646
HRR365728,HRS280647
HRR365729,HRS280647
HRR365731,HRS280648
HRR365730,HRS280648
HRR365732,HRS280649
HRR365733,HRS280649
HRR365735,HRS280650
HRR365734,HRS280650
HRR365736,HRS280651
HRR365737,HRS280651
HRR365738,HRS280652
HRR365739,HRS280652
HRR365740,HRS280653
HRR366763,HRS280653
HRR365742,HRS280654
HRR365741,HRS280654
HRR365744,HRS280655
HRR365743,HRS280655
HRR365746,HRS280656
HRR365745,HRS280656
HRR365748,HRS280657
HRR365747,HRS280657
HRR365750,HRS280658
HRR365749,HRS280658
HRR365751,HRS280659
HRR366764,HRS280659
HRR365753,HRS280660
HRR365752,HRS280660
HRR365755,HRS280661
HRR365754,HRS280661
HRR365756,HRS280662
HRR365757,HRS280663
HRR365758,HRS280663
HRR365759,HRS280664
HRR365760,HRS280664
HRR365761,HRS280665
HRR365762,HRS280665
HRR365763,HRS280666
HRR366765,HRS280666
HRR365764,HRS280667
HRR365765,HRS280667
HRR365766,HRS280668
HRR365767,HRS280669
HRR365768,HRS280670
HRR365769,HRS280670
HRR365770,HRS280671
HRR365771,HRS280671
HRR365773,HRS280672
HRR365772,HRS280672
HRR365774,HRS280673
HRR365775,HRS280673
HRR365776,HRS280674
HRR366766,HRS280674
HRR365777,HRS280675
HRR366767,HRS280675
HRR365778,HRS280676
HRR365779,HRS280676
HRR365781,HRS280677
HRR365780,HRS280677
HRR365783,HRS280678
HRR365782,HRS280678
HRR365785,HRS280679
HRR365784,HRS280679
HRR365786,HRS280680
HRR366768,HRS280680
HRR365787,HRS280681
HRR365788,HRS280681
HRR365789,HRS280682
HRR365790,HRS280682
HRR365792,HRS280683
HRR365791,HRS280683
HRR365794,HRS280684
HRR365793,HRS280684
HRR365795,HRS280685
HRR365796,HRS280686
HRR365797,HRS280686
HRR365798,HRS280687
HRR365799,HRS280688
HRR365800,HRS280688
HRR365801,HRS280689
HRR365802,HRS280689
HRR365803,HRS280690
HRR365804,HRS280690
HRR365805,HRS280691
HRR365806,HRS280691
HRR365807,HRS280692
HRR365808,HRS280692
HRR365809,HRS280693
HRR365810,HRS280693
HRR365811,HRS280694
HRR366769,HRS280694
HRR365812,HRS280695
HRR365813,HRS280695
HRR365814,HRS280696
HRR365815,HRS280696
HRR365816,HRS280697
HRR365817,HRS280697
HRR365818,HRS280698
HRR365819,HRS280698
HRR365820,HRS280699
HRR365821,HRS280699
HRR365822,HRS280700
HRR366770,HRS280700
HRR365824,HRS280701
HRR365823,HRS280701
HRR365826,HRS280702
HRR365825,HRS280702
HRR365827,HRS280703
HRR365828,HRS280703
HRR365829,HRS280704
HRR365830,HRS280705
HRR366771,HRS280705
HRR365831,HRS280706
HRR365832,HRS280706
HRR365835,HRS280707
HRR366772,HRS280707
HRR365836,HRS280708
HRR365837,HRS280709
HRR365833,HRS280710
HRR365834,HRS280710
HRR365838,HRS280711
HRR365839,HRS280711
HRR365840,HRS280712
HRR365841,HRS280712
HRR365842,HRS280713
HRR365843,HRS280713
HRR365844,HRS280714
HRR365845,HRS280714
HRR365846,HRS280715
HRR366773,HRS280715
HRR365847,HRS280716
HRR365848,HRS280716
HRR365849,HRS280717
HRR365850,HRS280717
HRR365851,HRS280718
HRR365852,HRS280718
HRR365854,HRS280719
HRR365853,HRS280719
HRR365855,HRS280720
HRR366774,HRS280720
HRR365856,HRS280721
HRR366775,HRS280721
HRR365857,HRS280722
HRR365858,HRS280722
HRR365859,HRS280723
HRR365860,HRS280723
HRR365861,HRS280724
HRR365862,HRS280724
HRR365863,HRS280725
HRR365864,HRS280725
HRR365865,HRS280726
HRR365866,HRS280726
HRR365867,HRS280727
HRR365868,HRS280727
HRR365869,HRS280728
HRR365870,HRS280728
HRR365871,HRS280729
HRR365872,HRS280729
HRR365873,HRS280730
HRR366776,HRS280730
HRR365874,HRS280731
HRR365875,HRS280731
HRR365876,HRS280732
HRR365877,HRS280733
HRR365878,HRS280733
HRR365879,HRS280734
HRR365880,HRS280734
HRR365881,HRS280735
HRR366777,HRS280735
HRR365882,HRS280736
HRR365883,HRS280737
HRR365884,HRS280738
HRR365885,HRS280739
HRR365886,HRS280740
HRR365887,HRS280740
HRR365888,HRS280741
HRR365889,HRS280741
HRR365890,HRS280742
HRR365891,HRS280742
HRR365892,HRS280743
HRR365893,HRS280743
HRR365894,HRS280744
HRR366778,HRS280744
HRR365895,HRS280745
HRR365896,HRS280745
HRR365897,HRS280746
HRR365898,HRS280747
HRR365899,HRS280747
HRR365900,HRS280748
HRR365901,HRS280749
HRR365902,HRS280749
HRR365903,HRS280750
HRR365904,HRS280751
HRR365905,HRS280751
HRR365906,HRS280752
HRR365907,HRS280752
HRR365908,HRS280753
HRR365909,HRS280753
HRR365910,HRS280754
HRR366779,HRS280754
HRR365911,HRS280755
HRR365912,HRS280755
HRR365913,HRS280756
HRR365914,HRS280756
HRR365915,HRS280757
HRR365916,HRS280757
HRR365917,HRS280758
HRR365918,HRS280758
HRR365919,HRS280759
HRR365920,HRS280759
HRR365921,HRS280760
HRR365922,HRS280760
HRR365923,HRS280761
HRR365924,HRS280761
HRR365925,HRS280762
HRR365926,HRS280762
HRR365927,HRS280763
HRR365928,HRS280763
HRR365929,HRS280763
HRR365930,HRS280764
HRR365931,HRS280764
HRR365932,HRS280765
HRR365933,HRS280766
HRR365934,HRS280766
HRR365935,HRS280767
HRR365936,HRS280767
HRR365937,HRS280768
HRR365938,HRS280769
HRR366780,HRS280769
HRR365939,HRS280770
HRR365940,HRS280770
HRR365941,HRS280771
HRR365942,HRS280771
HRR365943,HRS280772
HRR365944,HRS280772
HRR365945,HRS280773
HRR365946,HRS280774
HRR365947,HRS280774
HRR365948,HRS280775
HRR365949,HRS280775
HRR365951,HRS280776
HRR365950,HRS280776
HRR365953,HRS280777
HRR365952,HRS280777
HRR365955,HRS280778
HRR365954,HRS280778
HRR365957,HRS280779
HRR365956,HRS280779
HRR365958,HRS280780
HRR365960,HRS280781
HRR365959,HRS280781
HRR365961,HRS280782
HRR366781,HRS280782
HRR365962,HRS280783
HRR365963,HRS280783
HRR365965,HRS280784
HRR365964,HRS280784
HRR365966,HRS280785
HRR366782,HRS280785
HRR365967,HRS280786
HRR365968,HRS280786
HRR365970,HRS280787
HRR365969,HRS280787
HRR365971,HRS280788
HRR366783,HRS280788
HRR365972,HRS280789
HRR365973,HRS280789
HRR365974,HRS280790
HRR366784,HRS280790
HRR365976,HRS280791
HRR365975,HRS280791
HRR365978,HRS280792
HRR365977,HRS280792
HRR365979,HRS280793
HRR365980,HRS280793
HRR365981,HRS280794
HRR365982,HRS280794
HRR365984,HRS280795
HRR365983,HRS280795
HRR365985,HRS280796
HRR366785,HRS280796
HRR365987,HRS280797
HRR365986,HRS280797
HRR365989,HRS280798
HRR365988,HRS280798
HRR365990,HRS280799
HRR365991,HRS280800
HRR365993,HRS280801
HRR365992,HRS280801
HRR365995,HRS280802
HRR365994,HRS280802
HRR365996,HRS280803
HRR365998,HRS280804
HRR365997,HRS280804
HRR366000,HRS280805
HRR365999,HRS280805
HRR366002,HRS280806
HRR366001,HRS280806
HRR366003,HRS280807
HRR366005,HRS280808
HRR366004,HRS280808
HRR366007,HRS280809
HRR366006,HRS280809
HRR366009,HRS280810
HRR366008,HRS280810
HRR366011,HRS280811
HRR366010,HRS280811
HRR366013,HRS280812
HRR366012,HRS280812
HRR366014,HRS280813
HRR366016,HRS280814
HRR366015,HRS280814
HRR366018,HRS280815
HRR366017,HRS280815
HRR366019,HRS280816
HRR366020,HRS280817
HRR366022,HRS280818
HRR366021,HRS280818
HRR366023,HRS280819
HRR366024,HRS280819
HRR366025,HRS280820
HRR366026,HRS280821
HRR366027,HRS280821
HRR366028,HRS280822
HRR366029,HRS280823
HRR366030,HRS280823
HRR366031,HRS280823
HRR366033,HRS280824
HRR366032,HRS280824
HRR366034,HRS280825
HRR366035,HRS280826
HRR366036,HRS280827
HRR366037,HRS280827
HRR366038,HRS280827
HRR366039,HRS280828
HRR366041,HRS280829
HRR366040,HRS280829
HRR366042,HRS280830
HRR366043,HRS280830
HRR366044,HRS280831
HRR366045,HRS280832
HRR366046,HRS280833
HRR366047,HRS280833
HRR366048,HRS280834
HRR366049,HRS280834
HRR366050,HRS280835
HRR366051,HRS280835
HRR366052,HRS280836
HRR366053,HRS280836
HRR366055,HRS280837
HRR366054,HRS280837
HRR366056,HRS280838
HRR366786,HRS280838
HRR366058,HRS280839
HRR366057,HRS280839
HRR366059,HRS280840
HRR366060,HRS280840
HRR366061,HRS280841
HRR366062,HRS280842
HRR366063,HRS280843
HRR366064,HRS280844
HRR366787,HRS280844
HRR366065,HRS280845
HRR366788,HRS280845
HRR366066,HRS280846
HRR366067,HRS280846
HRR366068,HRS280847
HRR366069,HRS280848
HRR366070,HRS280848
HRR366071,HRS280849
HRR366072,HRS280850
HRR366789,HRS280850
HRR366074,HRS280851
HRR366073,HRS280851
HRR366075,HRS280852
HRR366076,HRS280852
HRR366077,HRS280853
HRR366790,HRS280853
HRR366079,HRS280854
HRR366078,HRS280854
HRR366081,HRS280855
HRR366080,HRS280855
HRR366083,HRS280856
HRR366082,HRS280856
HRR366084,HRS280857
HRR366086,HRS280858
HRR366085,HRS280858
HRR366088,HRS280859
HRR366087,HRS280859
HRR366089,HRS280860
HRR366090,HRS280861
HRR366791,HRS280861
HRR366092,HRS280862
HRR366091,HRS280862
HRR366093,HRS280863
HRR366792,HRS280863
HRR366094,HRS280864
HRR366095,HRS280864
HRR366096,HRS280865
HRR366097,HRS280865
HRR366099,HRS280866
HRR366098,HRS280866
HRR366100,HRS280867
HRR366793,HRS280867
HRR366101,HRS280868
HRR366103,HRS280869
HRR366102,HRS280869
HRR366105,HRS280870
HRR366104,HRS280870
HRR366106,HRS280871
HRR366107,HRS280871
HRR366109,HRS280872
HRR366108,HRS280872
HRR366110,HRS280872
HRR366111,HRS280873
HRR366113,HRS280874
HRR366112,HRS280874
HRR366170,HRS280875
HRR366171,HRS280876
HRR366172,HRS280876
HRR366189,HRS280877
HRR366191,HRS280878
HRR366190,HRS280878
HRR366192,HRS280879
HRR366194,HRS280880
HRR366193,HRS280880
HRR366195,HRS280881
HRR366196,HRS280882
HRR366197,HRS280882
HRR366198,HRS280883
HRR366200,HRS280884
HRR366199,HRS280884
HRR366201,HRS280885
HRR366203,HRS280886
HRR366202,HRS280886
HRR366204,HRS280887
HRR366205,HRS280888
HRR366206,HRS280888
HRR366207,HRS280889
HRR366209,HRS280890
HRR366208,HRS280890
HRR366210,HRS280891
HRR366211,HRS280892
HRR366212,HRS280892
HRR366213,HRS280893
HRR366214,HRS280894
HRR366215,HRS280894
HRR366216,HRS280895
HRR366217,HRS280896
HRR366218,HRS280896
HRR366219,HRS280897
HRR366220,HRS280898
HRR366221,HRS280898
HRR366222,HRS280899
HRR366223,HRS280900
HRR366224,HRS280900
HRR366225,HRS280901
HRR366226,HRS280902
HRR366227,HRS280902
HRR366228,HRS280903
HRR366229,HRS280904
HRR366230,HRS280904
HRR366231,HRS280905
HRR366232,HRS280906
HRR366233,HRS280906
HRR366234,HRS280907
HRR366235,HRS280908
HRR366236,HRS280908
HRR366237,HRS280909
HRR366238,HRS280910
HRR366239,HRS280910
HRR366240,HRS280911
HRR366241,HRS280912
HRR366242,HRS280912
HRR366243,HRS280913
HRR366244,HRS280914
HRR366245,HRS280914
HRR366246,HRS280915
HRR366247,HRS280916
HRR366248,HRS280916
HRR366249,HRS280917
HRR366250,HRS280918
HRR366251,HRS280918
HRR366252,HRS280919
HRR366253,HRS280920
HRR366254,HRS280920
HRR366255,HRS280921
HRR366256,HRS280922
HRR366257,HRS280922
HRR366258,HRS280923
HRR366259,HRS280924
HRR366260,HRS280924
HRR366261,HRS280925
HRR366262,HRS280926
HRR366263,HRS280926
HRR366273,HRS280927
HRR366274,HRS280928
HRR366275,HRS280928
HRR366276,HRS280929
HRR366277,HRS280930
HRR366278,HRS280930
HRR366279,HRS280931
HRR366280,HRS280932
HRR366281,HRS280932
HRR366282,HRS280933
HRR366283,HRS280934
HRR366284,HRS280934
HRR366285,HRS280935
HRR366286,HRS280936
HRR366287,HRS280936
HRR366288,HRS280937
HRR366289,HRS280938
HRR366290,HRS280938
HRR366533,HRS281123
HRR366534,HRS281124
HRR366535,HRS281125
HRR366536,HRS281126
HRR366537,HRS281127
HRR366538,HRS281128
HRR366539,HRS281129
HRR366540,HRS281130
HRR366541,HRS281131
HRR366542,HRS281132
HRR366543,HRS281133
HRR366544,HRS281134
HRR366545,HRS281135
HRR366546,HRS281136
HRR366547,HRS281137
HRR366548,HRS281138
HRR366549,HRS281139
HRR366550,HRS281140
HRR366551,HRS281141
HRR366552,HRS281142
HRR366553,HRS281143
HRR366554,HRS281144
HRR366555,HRS281145
HRR366556,HRS281146
HRR366557,HRS281147
HRR366558,HRS281148
HRR366559,HRS281149
HRR366560,HRS281150
HRR366561,HRS281151
HRR366562,HRS281152
HRR366563,HRS281153
HRR366564,HRS281154
HRR366565,HRS281155
HRR366566,HRS281156
HRR366567,HRS281157
HRR366568,HRS281158
HRR366569,HRS281159
HRR366570,HRS281160
HRR366571,HRS281161
HRR366572,HRS281162
HRR366573,HRS281163
HRR366574,HRS281164
HRR366575,HRS281165
HRR366576,HRS281166
HRR366577,HRS281167
HRR366578,HRS281168
HRR366579,HRS281169
HRR366580,HRS281170
HRR366581,HRS281171
HRR366582,HRS281172
HRR366583,HRS281173
HRR366584,HRS281174
HRR366585,HRS281175
HRR366586,HRS281176
HRR366587,HRS281177
HRR366588,HRS281178
HRR366589,HRS281179
HRR366590,HRS281180
HRR366591,HRS281181
HRR366592,HRS281182
HRR366593,HRS281183
HRR366594,HRS281184
HRR366595,HRS281185
HRR366596,HRS281186
HRR366597,HRS281187
HRR366598,HRS281188
HRR366599,HRS281189
HRR366600,HRS281190
HRR366601,HRS281191
HRR366602,HRS281192
HRR366603,HRS281193
HRR366604,HRS281194
HRR366605,HRS281195
HRR366606,HRS281196
HRR366607,HRS281197
HRR366608,HRS281198
HRR366609,HRS281199
HRR366610,HRS281200
HRR366611,HRS281201
HRR366612,HRS281202
HRR366613,HRS281203
HRR366614,HRS281204
HRR366615,HRS281205
HRR366616,HRS281206
HRR366617,HRS281207
HRR366618,HRS281208
HRR366619,HRS281209
HRR366620,HRS281210
HRR366621,HRS281211
HRR366622,HRS281212
HRR366623,HRS281213
HRR366624,HRS281214
HRR366625,HRS281215
HRR366626,HRS281216
HRR366627,HRS281217
HRR366628,HRS281218
HRR366629,HRS281219
HRR366630,HRS281220
HRR366631,HRS281221
HRR366632,HRS281222
HRR366633,HRS281223
HRR366634,HRS281224
HRR366635,HRS281225
HRR366636,HRS281226
HRR366637,HRS281227
HRR366638,HRS281228
HRR366639,HRS281229
HRR366640,HRS281230
HRR366641,HRS281231
HRR366642,HRS281232
HRR366643,HRS281233
HRR366644,HRS281234
HRR366645,HRS281235
HRR366646,HRS281236
HRR366647,HRS281237
HRR366648,HRS281238
HRR366649,HRS281239
HRR366650,HRS281240
HRR366651,HRS281241
HRR366652,HRS281242
HRR366653,HRS281243
HRR366654,HRS281244
HRR366655,HRS281245
HRR366656,HRS281246
HRR366657,HRS281247
HRR366658,HRS281248
HRR366659,HRS281249
HRR366660,HRS281250
HRR366661,HRS281251
HRR366662,HRS281251
HRR366663,HRS281252
HRR366664,HRS281253
HRR366665,HRS281254
HRR366666,HRS281255
HRR366667,HRS281256
HRR366668,HRS281257
HRR366669,HRS281258
HRR366670,HRS281259
HRR366671,HRS281260
HRR366672,HRS281261
HRR366673,HRS281262
HRR366674,HRS281263
HRR366675,HRS281264
HRR366676,HRS281265
HRR366677,HRS281266
HRR366678,HRS281267
HRR366679,HRS281268
HRR366680,HRS281269
HRR366681,HRS281270
HRR366682,HRS281271
HRR366683,HRS281272
HRR366684,HRS281273
HRR366685,HRS281274
HRR366686,HRS281275
HRR366687,HRS281275
HRR366688,HRS281276
HRR366689,HRS281277
HRR366690,HRS281278
HRR366691,HRS281279
HRR366692,HRS281280
HRR366693,HRS281281
HRR366694,HRS281282
HRR366695,HRS281283
HRR366696,HRS281284
HRR366697,HRS281285
HRR366698,HRS281286
HRR366699,HRS281287
HRR366700,HRS281288
HRR366701,HRS281289
HRR366702,HRS281290
HRR366703,HRS281291
HRR366704,HRS281292
HRR366705,HRS281293
HRR366706,HRS281294
HRR366707,HRS281295
HRR366708,HRS281296
HRR366709,HRS281297
HRR366710,HRS281298
HRR1402616,HRS959806
HRR1402797,HRS959806
HRR1402617,HRS959807
HRR1402798,HRS959807
HRR1402618,HRS959808
HRR1402799,HRS959808
HRR1402619,HRS959809
HRR1402800,HRS959809
HRR1402801,HRS959809
HRR1402620,HRS959810
HRR1402802,HRS959810
HRR1402621,HRS959811
HRR1402622,HRS959811
HRR1402803,HRS959811
HRR1402623,HRS959812
HRR1402624,HRS959812
HRR1402804,HRS959812
HRR1402625,HRS959813
HRR1402626,HRS959813
HRR1402805,HRS959813
HRR1402627,HRS959814
HRR1402806,HRS959814
HRR1402628,HRS959815
HRR1402807,HRS959815
HRR1402629,HRS959816
HRR1402808,HRS959816
HRR1402630,HRS959817
HRR1402809,HRS959817
HRR1402631,HRS959818
HRR1402632,HRS959818
HRR1402810,HRS959818
HRR1402811,HRS959818
HRR1402633,HRS959819
HRR1402812,HRS959819
HRR1402634,HRS959820
HRR1402813,HRS959820
HRR1402635,HRS959821
HRR1402814,HRS959821
HRR1402815,HRS959821
HRR1402636,HRS959822
HRR1402816,HRS959822
HRR1402637,HRS959823
HRR1402817,HRS959823
HRR1402638,HRS959824
HRR1402818,HRS959824
HRR1402639,HRS959825
HRR1402640,HRS959825
HRR1402819,HRS959825
HRR1402820,HRS959825
HRR1402641,HRS959826
HRR1402821,HRS959826
HRR1402642,HRS959827
HRR1402822,HRS959827
HRR1402643,HRS959828
HRR1402823,HRS959828
HRR1402824,HRS959828
HRR1402644,HRS959829
HRR1402825,HRS959829
HRR1402645,HRS959830
HRR1402826,HRS959830
HRR1402827,HRS959830
HRR1402646,HRS959831
HRR1402828,HRS959831
HRR1402829,HRS959831
HRR1402647,HRS959832
HRR1402830,HRS959832
HRR1402648,HRS959833
HRR1402831,HRS959833
HRR1402649,HRS959834
HRR1402832,HRS959834
HRR1402650,HRS959835
HRR1402833,HRS959835
HRR1402834,HRS959835
HRR1402651,HRS959836
HRR1402835,HRS959836
HRR1402836,HRS959836
HRR1402652,HRS959837
HRR1402653,HRS959837
HRR1402837,HRS959837
HRR1402838,HRS959837
HRR1402654,HRS959838
HRR1402839,HRS959838
HRR1402840,HRS959838
HRR1402655,HRS959839
HRR1402656,HRS959840
HRR1402841,HRS959840
HRR1402657,HRS959841
HRR1402842,HRS959841
HRR1402658,HRS959842
HRR1402843,HRS959842
HRR1402844,HRS959842
HRR1402659,HRS959843
HRR1402845,HRS959843
HRR1402660,HRS959844
HRR1402846,HRS959844
HRR1402661,HRS959845
HRR1402662,HRS959845
HRR1402663,HRS959845
HRR1402847,HRS959845
HRR1402664,HRS959846
HRR1402665,HRS959847
HRR1402848,HRS959847
HRR1402666,HRS959848
HRR1402849,HRS959848
HRR1402667,HRS959849
HRR1402850,HRS959849
HRR1402668,HRS959850
HRR1402851,HRS959850
HRR1402669,HRS959851
HRR1402852,HRS959851
HRR1402853,HRS959851
HRR1402670,HRS959852
HRR1402854,HRS959852
HRR1402855,HRS959852
HRR1402671,HRS959853
HRR1402856,HRS959853
HRR1402857,HRS959853
HRR1402672,HRS959854
HRR1402673,HRS959855
HRR1402858,HRS959855
HRR1402859,HRS959855
HRR1402674,HRS959856
HRR1402860,HRS959856
HRR1402861,HRS959856
HRR1402675,HRS959857
HRR1402862,HRS959857
HRR1402863,HRS959857
HRR1402676,HRS959858
HRR1402864,HRS959858
HRR1402677,HRS959859
HRR1402865,HRS959859
HRR1402678,HRS959860
HRR1402679,HRS959861
HRR1402866,HRS959861
HRR1402680,HRS959862
HRR1402867,HRS959862
HRR1402681,HRS959863
HRR1402682,HRS959863
HRR1402683,HRS959864
HRR1402868,HRS959864
HRR1402869,HRS959864
HRR1402684,HRS959865
HRR1402685,HRS959866
HRR1402686,HRS959866
HRR1402687,HRS959866
HRR1402870,HRS959866
HRR1402871,HRS959866
HRR1402688,HRS959867
HRR1402689,HRS959867
HRR1402690,HRS959867
HRR1402872,HRS959867
HRR1402873,HRS959867
HRR1402691,HRS959868
HRR1402874,HRS959868
HRR1402875,HRS959868
HRR1402692,HRS959869
HRR1402693,HRS959869
HRR1402694,HRS959869
HRR1402876,HRS959869
HRR1402877,HRS959869
HRR1402695,HRS959870
HRR1402696,HRS959870
HRR1402697,HRS959870
HRR1402878,HRS959870
HRR1402698,HRS959871
HRR1402879,HRS959871
HRR1402699,HRS959872
HRR1402880,HRS959872
HRR1402881,HRS959872
HRR1402700,HRS959873
HRR1402701,HRS959874
HRR1402702,HRS959874
HRR1402703,HRS959874
HRR1402882,HRS959874
HRR1402883,HRS959874
HRR1402704,HRS959875
HRR1402884,HRS959875
HRR1402885,HRS959875
HRR1402705,HRS959876
HRR1402886,HRS959876
HRR1402887,HRS959876
HRR1402706,HRS959877
HRR1402707,HRS959877
HRR1402888,HRS959877
HRR1402708,HRS959878
HRR1402709,HRS959879
HRR1402889,HRS959879
HRR1402890,HRS959879
HRR1402710,HRS959880
HRR1402891,HRS959880
HRR1402892,HRS959880
HRR1402711,HRS959881
HRR1402712,HRS959882
HRR1402713,HRS959882
HRR1402893,HRS959882
HRR1402714,HRS959883
HRR1402894,HRS959883
HRR1402895,HRS959883
HRR1402715,HRS959884
HRR1402896,HRS959884
HRR1402897,HRS959884
HRR1402716,HRS959885
HRR1402898,HRS959885
HRR1402899,HRS959885
HRR1402717,HRS959886
HRR1402900,HRS959887
HRR1402718,HRS959888
HRR1402901,HRS959888
HRR1402902,HRS959888
HRR1402719,HRS959889
HRR1402903,HRS959889
HRR1402904,HRS959889
HRR1402720,HRS959890
HRR1402905,HRS959890
HRR1402906,HRS959890
HRR1402721,HRS959891
HRR1402722,HRS959892
HRR1402907,HRS959892
HRR1402723,HRS959893
HRR1402908,HRS959893
HRR1402909,HRS959893
HRR1402724,HRS959894
HRR1402910,HRS959894
HRR1402725,HRS959895
HRR1402726,HRS959895
HRR1402911,HRS959895
HRR1402727,HRS959896
HRR1402728,HRS959896
HRR1402729,HRS959897
HRR1402912,HRS959897
HRR1402730,HRS959898
HRR1402913,HRS959898
HRR1402731,HRS959899
HRR1402914,HRS959899
HRR1402732,HRS959900
HRR1402915,HRS959900
HRR1402733,HRS959901
HRR1402916,HRS959901
HRR1402734,HRS959902
HRR1402917,HRS959902
HRR1402735,HRS959903
HRR1402918,HRS959903
HRR1402736,HRS959904
HRR1402737,HRS959905
HRR1402919,HRS959905
HRR1402738,HRS959906
HRR1402920,HRS959906
HRR1402739,HRS959907
HRR1402921,HRS959907
HRR1402740,HRS959908
HRR1402922,HRS959908
HRR1402741,HRS959909
HRR1402923,HRS959909
HRR1402924,HRS959909
HRR1402742,HRS959910
HRR1402925,HRS959910
HRR1402926,HRS959910
HRR1402743,HRS959911
HRR1402744,HRS959912
HRR1402927,HRS959912
HRR1402745,HRS959913
HRR1402928,HRS959913
HRR1402746,HRS959914
HRR1402929,HRS959914
HRR1402930,HRS959914
HRR1402747,HRS959915
HRR1402931,HRS959915
HRR1402932,HRS959915
HRR1402748,HRS959916
HRR1402933,HRS959916
HRR1402934,HRS959916
HRR1402749,HRS959917
HRR1402750,HRS959918
HRR1402935,HRS959918
HRR1402751,HRS959919
HRR1402936,HRS959919
HRR1402937,HRS959919
HRR1402752,HRS959920
HRR1402753,HRS959921
HRR1402754,HRS959921
HRR1402755,HRS959922
HRR1402938,HRS959922
HRR1402939,HRS959922
HRR1402756,HRS959923
HRR1402757,HRS959923
HRR1402940,HRS959923
HRR1402758,HRS959924
HRR1402941,HRS959924
HRR1402759,HRS959925
HRR1402942,HRS959925
HRR1402943,HRS959925
HRR1402760,HRS959926
HRR1402944,HRS959926
HRR1402761,HRS959927
HRR1402945,HRS959927
HRR1402762,HRS959928
HRR1402946,HRS959928
HRR1402763,HRS959929
HRR1402947,HRS959929
HRR1402764,HRS959930
HRR1402948,HRS959930
HRR1402765,HRS959931
HRR1402949,HRS959931
HRR1402766,HRS959932
HRR1402767,HRS959932
HRR1402950,HRS959932
HRR1402768,HRS959933
HRR1402951,HRS959933
HRR1402769,HRS959934
HRR1402770,HRS959935
HRR1402952,HRS959935
HRR1402953,HRS959935
HRR1402771,HRS959936
HRR1402954,HRS959936
HRR1402772,HRS959937
HRR1402773,HRS959938
HRR1402955,HRS959938
HRR1402774,HRS959939
HRR1402956,HRS959939
HRR1402775,HRS959940
HRR1402957,HRS959940
HRR1402776,HRS959941
HRR1402958,HRS959941
HRR1402777,HRS959942
HRR1402959,HRS959942
HRR1402960,HRS959942
HRR1402778,HRS959943
HRR1402961,HRS959943
HRR1402779,HRS959944
HRR1402962,HRS959944
HRR1402780,HRS959945
HRR1402963,HRS959945
HRR1402781,HRS959946
HRR1402964,HRS959946
HRR1402965,HRS959946
HRR1402782,HRS959947
HRR1402966,HRS959947
HRR1402967,HRS959947
HRR1402783,HRS959948
HRR1402968,HRS959948
HRR1402969,HRS959948
HRR1402784,HRS959949
HRR1402785,HRS959949
HRR1402970,HRS959949
HRR1402971,HRS959949
HRR1402786,HRS959950
HRR1402787,HRS959950
HRR1402972,HRS959950
HRR1402788,HRS959951
HRR1402789,HRS959951
HRR1402973,HRS959951
HRR1402790,HRS959952
HRR1402974,HRS959952
HRR1402975,HRS959952
HRR1402791,HRS959953
HRR1402792,HRS959953
HRR1402976,HRS959953
HRR1402977,HRS959953
HRR1402793,HRS959954
HRR1402794,HRS959954
HRR1402978,HRS959954
HRR1402979,HRS959954
HRR1402795,HRS959955
HRR1402796,HRS959955
HRR1402980,HRS959955
HRR1402981,HRS959955
HRR572934,HRS321572
HRR572935,HRS321573
HRR572936,HRS321574
HRR572937,HRS321575
HRR572938,HRS321576
HRR572939,HRS321577
HRR572940,HRS321578
HRR572941,HRS321579
HRR572942,HRS321580
HRR572943,HRS321581
HRR572944,HRS321582
HRR572945,HRS321583
HRR572946,HRS321584
HRR572947,HRS321585
HRR572948,HRS321586
HRR572949,HRS321587
HRR572950,HRS321588
HRR572951,HRS321589
HRR572952,HRS321590
HRR572953,HRS321591
HRR572954,HRS321592
HRR572955,HRS321593
HRR572956,HRS321594
HRR572957,HRS321595
HRR572958,HRS321596
HRR572959,HRS321597
HRR572960,HRS321598
HRR572961,HRS321599
HRR572962,HRS321600
HRR572963,HRS321601
HRR572964,HRS321602
HRR572965,HRS321603
HRR572966,HRS321604
HRR572967,HRS321605
HRR572968,HRS321606
HRR572969,HRS321607
HRR572970,HRS321608
HRR572971,HRS321609
HRR572972,HRS321610
HRR572973,HRS321611
HRR572974,HRS321612
HRR572975,HRS321613
HRR572976,HRS321614
HRR572977,HRS321615
HRR572978,HRS321616
HRR572979,HRS321617
HRR572980,HRS321618
HRR572981,HRS321619
HRR572982,HRS321620
HRR572983,HRS321621
HRR572984,HRS321622
HRR572985,HRS321623
HRR572986,HRS321624
HRR572987,HRS321625
HRR572988,HRS321626
HRR572989,HRS321627
HRR572990,HRS321628
HRR572991,HRS321629
HRR572992,HRS321630
HRR572993,HRS321631
HRR572994,HRS321632
HRR572995,HRS321633
HRR572996,HRS321634
HRR572997,HRS321635
HRR572998,HRS321636
HRR572999,HRS321637
HRR573000,HRS321638
HRR573001,HRS321639
HRR573002,HRS321640
HRR573003,HRS321641
HRR573004,HRS321642
HRR573005,HRS321643
HRR573006,HRS321644
HRR573007,HRS321645
HRR573008,HRS321646
HRR573009,HRS321647
HRR573010,HRS321648
HRR573011,HRS321649
HRR573012,HRS321650
HRR573013,HRS321651
HRR573014,HRS321652
HRR573015,HRS321653
HRR573016,HRS321654
HRR573017,HRS321655
HRR573018,HRS321656
HRR573019,HRS321657
HRR573020,HRS321658
HRR573021,HRS321659
HRR573022,HRS321660
HRR573023,HRS321661
HRR573024,HRS321662
HRR573025,HRS321663
HRR573026,HRS321664
HRR573027,HRS321665
HRR573028,HRS321666
HRR573029,HRS321667
HRR573030,HRS321668
HRR573031,HRS321669
HRR573032,HRS321670
HRR573033,HRS321671
HRR573034,HRS321672
HRR573035,HRS321673
HRR573036,HRS321674
HRR573037,HRS321675
HRR573038,HRS321676
HRR573039,HRS321677
HRR573040,HRS321678
HRR573041,HRS321679
HRR573042,HRS321680
HRR573043,HRS321681
HRR573044,HRS321682
HRR573045,HRS321683
HRR573046,HRS321684
HRR573047,HRS321685
HRR573048,HRS321686
HRR573049,HRS321687
HRR573050,HRS321688
HRR573051,HRS321689
HRR573052,HRS321690
HRR573053,HRS321691
HRR573054,HRS321692
HRR573055,HRS321693
HRR573056,HRS321694
HRR573057,HRS321695
HRR573058,HRS321696
HRR573059,HRS321697
HRR573060,HRS321698
HRR573061,HRS321699
HRR573062,HRS321700
HRR573063,HRS321701
HRR573064,HRS321702
HRR573065,HRS321703
HRR573066,HRS321704
HRR573067,HRS321705
HRR573068,HRS321706
HRR573069,HRS321707
HRR573070,HRS321708
HRR573071,HRS321709
HRR573072,HRS321710
HRR573073,HRS321711
HRR573074,HRS321712
HRR573075,HRS321713
HRR573076,HRS321714
HRR573077,HRS321715
HRR573078,HRS321716
HRR573079,HRS321717
HRR573080,HRS321718
HRR573081,HRS321719
HRR573082,HRS321720
HRR573083,HRS321721
HRR573084,HRS321722
HRR573085,HRS321723
HRR573086,HRS321724
HRR573087,HRS321725
HRR573088,HRS321726
HRR573089,HRS321727
HRR573090,HRS321728
HRR573091,HRS321729
HRR573092,HRS321730
HRR573093,HRS321731
HRR573094,HRS321732
HRR573095,HRS321733
HRR573096,HRS321734
HRR573097,HRS321735
HRR573098,HRS321736
HRR573099,HRS321737
HRR573100,HRS321738
HRR573101,HRS321739
HRR573102,HRS321740
HRR573103,HRS321741
HRR573104,HRS321742
HRR573105,HRS321743
HRR573106,HRS321744
HRR573107,HRS321745
HRR573108,HRS321746
HRR573109,HRS321747
HRR573110,HRS321748
HRR573111,HRS321749
HRR573112,HRS321750
HRR573113,HRS321751
HRR573114,HRS321752
HRR573115,HRS321753
HRR573116,HRS321754
HRR573117,HRS321755
HRR573118,HRS321756
HRR573119,HRS321757
HRR573120,HRS321758
HRR573121,HRS321759
HRR573122,HRS321760
HRR573123,HRS321761
HRR573124,HRS321762
HRR573125,HRS321763
HRR573126,HRS321764
HRR573127,HRS321765
HRR573128,HRS321766
HRR573129,HRS321767
HRR573130,HRS321768
HRR573131,HRS321769
HRR573132,HRS321770
HRR573133,HRS321771
HRR573134,HRS321772
HRR573135,HRS321773
HRR573136,HRS321774
HRR573137,HRS321775
HRR573138,HRS321776
HRR573139,HRS321777
HRR573140,HRS321778
HRR573141,HRS321779
HRR573142,HRS321780
HRR573143,HRS321781
HRR573144,HRS321782
HRR573145,HRS321783
HRR573146,HRS321784
HRR573147,HRS321785
HRR573148,HRS321786
HRR573149,HRS321787
HRR573150,HRS321788
HRR573151,HRS321789
HRR573152,HRS321790
HRR573153,HRS321791
HRR573154,HRS321792
HRR573155,HRS321793
HRR573156,HRS321794
HRR573157,HRS321795
HRR573158,HRS321796
HRR573159,HRS321797
HRR573160,HRS321798
HRR573161,HRS321799
HRR573162,HRS321800
HRR573163,HRS321801
HRR573164,HRS321802
HRR573165,HRS321803
HRR573166,HRS321804
HRR573167,HRS321805
HRR573168,HRS321806
HRR573169,HRS321807
HRR573170,HRS321808
HRR573171,HRS321809
HRR573172,HRS321810
HRR573173,HRS321811
HRR573174,HRS321812
HRR573175,HRS321813
HRR573176,HRS321814
HRR573177,HRS321815
HRR573178,HRS321816
HRR573179,HRS321817
HRR573180,HRS321818
HRR573181,HRS321819
HRR573182,HRS321820
HRR573183,HRS321821
HRR573184,HRS321822
HRR573185,HRS321823
HRR573186,HRS321824
HRR573187,HRS321825
HRR573188,HRS321826
HRR573189,HRS321827
HRR573190,HRS321828
HRR573191,HRS321829
HRR573192,HRS321830
HRR573193,HRS321831
HRR573194,HRS321832
HRR573195,HRS321833
HRR573196,HRS321834
HRR573197,HRS321835
HRR573198,HRS321836
HRR573199,HRS321837
HRR573200,HRS321838
HRR573201,HRS321839
HRR573202,HRS321840
HRR573203,HRS321841
HRR573204,HRS321842
HRR573205,HRS321843
HRR573206,HRS321844
HRR573207,HRS321845
HRR573208,HRS321846
HRR573209,HRS321847
HRR573210,HRS321848
HRR573211,HRS321849
HRR573212,HRS321850
HRR573213,HRS321851
HRR573214,HRS321852
HRR573215,HRS321853
HRR573216,HRS321854
HRR573217,HRS321855
HRR573218,HRS321856
HRR573219,HRS321857
HRR573220,HRS321858
HRR573221,HRS321859
HRR573222,HRS321860
HRR573223,HRS321861
HRR573224,HRS321862
HRR573225,HRS321863
HRR573226,HRS321864
HRR573227,HRS321865
HRR573228,HRS321866
HRR573229,HRS321867
HRR573230,HRS321868
HRR573231,HRS321869
HRR573232,HRS321870
HRR573233,HRS321871
HRR573234,HRS321872
HRR573235,HRS321873
HRR573236,HRS321874
HRR573237,HRS321875
HRR573238,HRS321876
HRR573239,HRS321877
HRR573240,HRS321878
HRR573241,HRS321879
HRR573242,HRS321880
HRR573243,HRS321881
HRR573244,HRS321882
HRR573245,HRS321883
HRR573246,HRS321884
HRR573247,HRS321885
HRR573248,HRS321886
HRR573249,HRS321887
HRR573250,HRS321888
HRR573251,HRS321889
HRR573252,HRS321890
HRR573253,HRS321891
HRR573254,HRS321892
HRR573255,HRS321893
HRR573256,HRS321894
HRR573257,HRS321895
HRR573258,HRS321896
HRR573259,HRS321897
HRR573260,HRS321898
HRR573261,HRS321899
HRR573262,HRS321900
HRR573263,HRS321901
HRR573264,HRS321902
HRR573265,HRS321903
HRR573266,HRS321904
HRR573267,HRS321905
HRR573268,HRS321906
HRR573269,HRS321907
HRR573270,HRS321908
HRR573271,HRS321909
HRR718860,HRS420629
HRR718861,HRS420630
HRR718862,HRS420631
HRR718863,HRS420632
HRR718864,HRS420633
HRR718865,HRS420634
HRR718866,HRS420635
HRR718867,HRS420636
HRR718868,HRS420637
HRR718869,HRS420638
HRR718870,HRS420639
HRR718871,HRS420640
HRR718872,HRS420641
HRR718873,HRS420642
HRR718874,HRS420643
HRR718875,HRS420644
HRR718876,HRS420645
HRR718877,HRS420646
HRR718878,HRS420647
HRR718879,HRS420648
HRR718880,HRS420649
HRR718881,HRS420650
HRR718882,HRS420651
HRR718883,HRS420652
HRR718884,HRS420653
HRR718885,HRS420654
HRR718886,HRS420655
HRR718887,HRS420656
HRR718888,HRS420657
HRR718889,HRS420658
HRR718890,HRS420659
HRR718891,HRS420660
HRR718892,HRS420661
HRR718893,HRS420662
HRR718894,HRS420663
HRR718895,HRS420664
HRR718896,HRS420665
HRR718897,HRS420666
HRR718898,HRS420667
HRR718899,HRS420668
HRR718900,HRS420669
HRR718901,HRS420670
HRR718902,HRS420671
HRR718903,HRS420672
HRR718904,HRS420673
HRR718905,HRS420674
HRR718906,HRS420675
HRR718907,HRS420676
HRR718908,HRS420677
HRR718909,HRS420678
HRR718910,HRS420679
HRR718911,HRS420680
HRR718912,HRS420681
HRR718913,HRS420682
HRR718914,HRS420683
HRR718915,HRS420684
HRR718916,HRS420685
HRR718917,HRS420686
HRR718918,HRS420687
HRR718919,HRS420688
HRR718920,HRS420689
HRR718921,HRS420690
HRR718922,HRS420691
HRR718923,HRS420692
HRR718924,HRS420693
HRR718925,HRS420694
HRR718926,HRS420695
HRR718927,HRS420696
HRR718928,HRS420697
HRR718929,HRS420698
HRR718930,HRS420699
HRR718931,HRS420700
HRR718932,HRS420701
HRR718933,HRS420702
HRR718934,HRS420703
HRR718935,HRS420704
HRR718936,HRS420705
HRR718937,HRS420706
HRR718938,HRS420707
HRR718939,HRS420708
HRR718940,HRS420709
HRR718941,HRS420710
HRR718942,HRS420711
HRR718943,HRS420712
HRR718944,HRS420713
HRR718945,HRS420714
HRR718946,HRS420715
HRR718947,HRS420716
HRR718948,HRS420717
HRR718949,HRS420718
HRR718950,HRS420719
HRR718951,HRS420720
HRR718952,HRS420721
HRR718953,HRS420722
HRR718954,HRS420723
HRR718955,HRS420724
HRR718956,HRS420725
HRR718957,HRS420726
HRR718958,HRS420727
HRR718959,HRS420728
HRR718960,HRS420729
HRR718961,HRS420730
HRR718962,HRS420731
HRR718963,HRS420732
HRR718964,HRS420733
HRR718965,HRS420734
HRR718966,HRS420735
HRR718967,HRS420736
HRR718968,HRS420737
HRR718969,HRS420738
HRR718970,HRS420739
HRR718971,HRS420740
HRR718972,HRS420741
HRR718973,HRS420742
HRR718974,HRS420743
HRR718975,HRS420744
HRR718976,HRS420745
HRR718977,HRS420746
HRR718978,HRS420747
HRR718979,HRS420748
HRR718980,HRS420749
HRR718981,HRS420750
HRR718982,HRS420751
HRR718983,HRS420752
HRR718984,HRS420753
HRR718985,HRS420754
HRR718986,HRS420755
HRR718987,HRS420756
HRR718988,HRS420757
HRR718989,HRS420758
HRR718990,HRS420759
HRR718991,HRS420760
HRR718992,HRS420761
HRR718993,HRS420762
HRR718994,HRS420763
HRR718995,HRS420764
HRR718996,HRS420765
HRR718997,HRS420766
HRR718998,HRS420767
HRR718999,HRS420768
HRR719000,HRS420769
HRR719001,HRS420770
HRR719002,HRS420771
HRR719003,HRS420772
HRR719004,HRS420773
HRR719005,HRS420774
HRR719006,HRS420775
HRR719007,HRS420776
HRR719008,HRS420777
HRR719009,HRS420778
HRR719010,HRS420779
HRR719011,HRS420780
HRR719012,HRS420781
HRR719013,HRS420782
HRR719014,HRS420783
HRR719015,HRS420784
HRR719016,HRS420785
HRR719017,HRS420786
HRR719018,HRS420787
HRR719019,HRS420788
HRR719020,HRS420789
HRR719021,HRS420790
HRR719022,HRS420791
HRR719023,HRS420792
HRR719024,HRS420793
HRR719025,HRS420794
HRR719026,HRS420795
HRR719027,HRS420796
HRR719028,HRS420797
HRR719029,HRS420798
HRR719030,HRS420799
HRR719031,HRS420800
HRR719032,HRS420801
HRR719033,HRS420802
HRR719034,HRS420803
HRR719035,HRS420804
HRR719036,HRS420805
HRR719037,HRS420806
HRR719038,HRS420807
HRR719039,HRS420808
HRR719040,HRS420809
HRR719041,HRS420810
HRR719042,HRS420811
HRR719043,HRS420812
HRR719044,HRS420813
HRR719045,HRS420814
HRR719046,HRS420815
HRR719047,HRS420816
HRR719048,HRS420817
HRR719049,HRS420818
HRR719050,HRS420819
HRR719051,HRS420820
HRR719052,HRS420821
HRR719053,HRS420822
HRR719054,HRS420823
HRR719055,HRS420824
HRR719056,HRS420825
HRR719057,HRS420826
HRR719058,HRS420827
HRR719059,HRS420828
HRR719060,HRS420829
HRR719061,HRS420830
HRR719062,HRS420831
HRR719063,HRS420832
HRR719064,HRS420833
HRR719065,HRS420834
HRR719066,HRS420835
HRR719067,HRS420836
HRR719068,HRS420837
HRR719069,HRS420838
HRR719070,HRS420839
HRR719071,HRS420840
HRR719072,HRS420841
HRR719073,HRS420842
HRR719074,HRS420843
HRR719075,HRS420844
HRR719076,HRS420845
HRR719077,HRS420846
HRR719078,HRS420847
HRR719079,HRS420848
HRR719080,HRS420849
HRR719081,HRS420850
HRR719082,HRS420851
HRR719083,HRS420852
HRR719084,HRS420853
HRR719085,HRS420854
HRR719086,HRS420855
HRR719087,HRS420856
HRR719088,HRS420857
HRR719089,HRS420858
HRR719090,HRS420859
HRR719091,HRS420860
HRR719092,HRS420861
HRR719093,HRS420862
HRR719094,HRS420863
HRR719095,HRS420864
HRR719096,HRS420865
HRR719097,HRS420866
HRR719098,HRS420867
HRR719099,HRS420868
HRR719100,HRS420869
HRR719101,HRS420870
HRR719102,HRS420871
HRR719103,HRS420872
HRR719104,HRS420873
HRR719105,HRS420874
HRR719106,HRS420875
HRR719107,HRS420876
HRR719108,HRS420877
HRR719109,HRS420878
HRR719110,HRS420879
HRR719111,HRS420880
HRR719112,HRS420881
HRR719113,HRS420882
HRR719114,HRS420883
HRR719115,HRS420884
HRR719116,HRS420885
HRR719117,HRS420886
HRR719118,HRS420887
HRR719119,HRS420888
HRR719120,HRS420889
HRR719121,HRS420890
HRR719122,HRS420891
HRR719123,HRS420892
HRR719124,HRS420893
HRR719125,HRS420894
HRR719126,HRS420895
HRR719127,HRS420896
HRR719128,HRS420897
HRR719129,HRS420898
HRR719130,HRS420899
HRR719131,HRS420900
HRR719132,HRS420901
HRR719133,HRS420902
HRR719134,HRS420903
HRR719135,HRS420904
HRR719136,HRS420905
HRR719137,HRS420906
HRR719138,HRS420907
HRR719139,HRS420908
HRR719140,HRS420909
HRR719141,HRS420910
HRR719142,HRS420911
HRR719143,HRS420912
HRR719144,HRS420913
HRR719145,HRS420914
HRR719146,HRS420915
HRR719147,HRS420916
HRR719148,HRS420917
HRR719149,HRS420918
HRR719150,HRS420919
HRR719151,HRS420920
HRR719152,HRS420921
HRR719153,HRS420922
HRR719154,HRS420923
HRR719155,HRS420924
HRR719156,HRS420925
HRR719157,HRS420926
HRR719158,HRS420927
HRR719159,HRS420928
HRR719160,HRS420929
HRR719161,HRS420930
HRR719162,HRS420931
HRR719163,HRS420932
HRR719164,HRS420933
HRR719165,HRS420934
HRR719166,HRS420935
HRR719167,HRS420936
HRR719168,HRS420937
HRR719169,HRS420938
HRR719170,HRS420939
HRR719171,HRS420940
HRR719172,HRS420941
HRR719173,HRS420942
HRR719174,HRS420943
HRR719175,HRS420944
HRR719176,HRS420945
HRR719177,HRS420946
HRR719178,HRS420947
HRR719179,HRS420948
HRR719180,HRS420949
HRR719181,HRS420950
HRR719182,HRS420951
HRR719183,HRS420952
HRR719184,HRS420953
HRR719185,HRS420954
HRR719186,HRS420955
HRR719187,HRS420956
HRR719188,HRS420957
HRR719189,HRS420958
HRR719190,HRS420959
HRR719191,HRS420960
HRR719192,HRS420961
HRR719193,HRS420962
HRR719194,HRS420963
HRR719195,HRS420964
HRR719196,HRS420965
HRR719197,HRS420966
HRR719198,HRS420967
HRR719199,HRS420968
HRR719200,HRS420969
HRR719201,HRS420970
HRR719202,HRS420971
HRR719203,HRS420972
HRR719204,HRS420973
HRR719205,HRS420974
HRR719206,HRS420975
HRR719207,HRS420976
HRR719208,HRS420977
HRR719209,HRS420978
HRR719210,HRS420979
HRR719211,HRS420980
HRR719212,HRS420981
HRR719213,HRS420982
HRR719214,HRS420983
HRR719215,HRS420984
HRR719216,HRS420985
HRR719217,HRS420986
HRR719218,HRS420987
HRR719219,HRS420988
HRR719220,HRS420989
HRR719221,HRS420990
HRR719222,HRS420991
HRR719223,HRS420992
HRR719224,HRS420993
HRR719225,HRS420994
HRR719226,HRS420995
HRR719227,HRS420996
HRR719228,HRS420997
HRR719229,HRS420998
HRR719230,HRS420999
HRR719231,HRS421000
HRR719232,HRS421001
HRR719233,HRS421002
HRR719234,HRS421003
HRR719235,HRS421004
HRR719236,HRS421005
HRR719237,HRS421006
HRR719238,HRS421007
HRR719239,HRS421008
HRR719240,HRS421009
HRR719241,HRS421010
HRR719242,HRS421011
HRR719243,HRS421012
HRR719244,HRS421013
HRR719245,HRS421014
HRR719246,HRS421015
HRR719247,HRS421016
HRR719248,HRS421017
HRR719249,HRS421018
HRR719250,HRS421019
HRR719251,HRS421020
HRR719252,HRS421021
HRR719253,HRS421022
HRR719254,HRS421023
HRR719255,HRS421024
HRR719256,HRS421025
HRR719257,HRS421026
HRR719258,HRS421027
HRR719259,HRS421028
HRR719260,HRS421029
HRR719261,HRS421030
HRR719262,HRS421031
HRR719263,HRS421032
HRR719264,HRS421033
HRR719265,HRS421034
HRR719266,HRS421035
HRR719267,HRS421036
HRR719268,HRS421037
HRR719269,HRS421038
HRR719270,HRS421039
HRR719271,HRS421040
HRR719272,HRS421041
HRR719273,HRS421042
HRR719274,HRS421043
HRR719275,HRS421044
HRR719276,HRS421045
HRR719277,HRS421046
HRR719278,HRS421047
HRR719279,HRS421048
HRR719280,HRS421049
HRR719281,HRS421050
HRR719282,HRS421051
HRR719283,HRS421052
HRR719284,HRS421053
HRR719285,HRS421054
HRR719286,HRS421055
HRR719287,HRS421056
HRR719288,HRS421057
HRR719289,HRS421058
HRR719290,HRS421059
HRR719291,HRS421060
HRR719292,HRS421061
HRR719293,HRS421062
HRR719294,HRS421063
HRR719295,HRS421064
HRR719296,HRS421065
HRR719297,HRS421066
HRR719298,HRS421067
HRR719299,HRS421068
HRR719300,HRS421069
HRR719301,HRS421070
HRR719302,HRS421071
HRR719303,HRS421072
HRR719304,HRS421073
HRR719305,HRS421074
HRR719306,HRS421075
HRR719307,HRS421076
HRR719308,HRS421077
HRR719309,HRS421078
HRR719310,HRS421079
HRR719311,HRS421080
HRR719312,HRS421081
HRR719313,HRS421082
HRR719314,HRS421083
HRR719315,HRS421084
HRR719316,HRS421085
HRR719317,HRS421086
HRR719318,HRS421087
HRR719319,HRS421088
HRR719320,HRS421089
HRR719321,HRS421090
HRR719322,HRS421091
HRR719323,HRS421092
HRR719324,HRS421093
HRR719325,HRS421094
HRR719326,HRS421095
HRR719327,HRS421096
HRR719328,HRS421097
HRR719329,HRS421098
HRR719330,HRS421099
HRR719331,HRS421100
HRR719332,HRS421101
HRR719333,HRS421102
HRR719334,HRS421103
HRR719335,HRS421104
HRR719336,HRS421105
HRR719337,HRS421106
HRR719338,HRS421107
HRR719339,HRS421108
HRR719340,HRS421109
HRR719341,HRS421110
HRR719342,HRS421111
HRR719343,HRS421112
HRR719344,HRS421113
HRR719345,HRS421114
HRR719346,HRS421115
HRR719347,HRS421116
HRR719348,HRS421117
HRR719349,HRS421118
HRR719350,HRS421119
HRR719351,HRS421120
HRR719352,HRS421121
HRR719353,HRS421122
HRR719354,HRS421123
HRR719355,HRS421124
HRR719356,HRS421125
HRR719357,HRS421126
HRR719358,HRS421127
HRR719359,HRS421128
HRR719360,HRS421129
HRR719361,HRS421130
HRR719362,HRS421131
HRR719363,HRS421132
HRR719364,HRS421133
HRR719365,HRS421134
HRR719366,HRS421135
HRR719367,HRS421136
HRR719368,HRS421137
HRR719369,HRS421138
HRR719370,HRS421139
HRR719371,HRS421140
HRR719372,HRS421141
HRR719373,HRS421142
HRR719374,HRS421143
HRR719375,HRS421144
HRR719376,HRS421145
HRR719377,HRS421146
HRR719378,HRS421147
HRR719379,HRS421148
HRR719380,HRS421149
HRR719381,HRS421150
HRR719382,HRS421151
HRR719383,HRS421152
HRR719384,HRS421153
HRR719385,HRS421154
HRR719386,HRS421155
HRR719387,HRS421156
HRR719388,HRS421157
HRR719389,HRS421158
HRR719390,HRS421159
HRR719391,HRS421160
HRR719392,HRS421161
HRR719393,HRS421162
HRR719394,HRS421163
HRR719395,HRS421164
HRR719396,HRS421165
HRR719397,HRS421166
HRR719398,HRS421167
HRR719399,HRS421168
HRR719400,HRS421169
HRR719401,HRS421170
HRR719402,HRS421171
HRR719403,HRS421172
HRR719404,HRS421173
HRR719405,HRS421174
HRR719406,HRS421175
HRR719407,HRS421176
HRR719408,HRS421177
HRR719409,HRS421178
HRR719410,HRS421179
HRR719411,HRS421180
HRR719412,HRS421181
HRR719413,HRS421182
HRR719414,HRS421183
HRR719415,HRS421184
HRR719416,HRS421185
HRR719417,HRS421186
HRR719418,HRS421187
HRR719419,HRS421188
HRR719420,HRS421189
HRR719421,HRS421190
HRR719422,HRS421191
HRR719423,HRS421192
HRR719424,HRS421193
HRR719425,HRS421194
HRR719426,HRS421195
HRR719427,HRS421196
HRR719428,HRS421197
HRR719429,HRS421198
HRR719430,HRS421199
HRR719431,HRS421200
HRR719432,HRS421201
HRR719433,HRS421202
HRR719434,HRS421203
HRR719435,HRS421204
HRR719436,HRS421205
HRR719437,HRS421206
HRR719438,HRS421207
HRR719439,HRS421208
HRR719440,HRS421209
HRR719441,HRS421210
HRR719442,HRS421211
HRR719443,HRS421212
HRR719444,HRS421213
HRR719445,HRS421214
HRR719446,HRS421215
HRR719447,HRS421216
HRR719448,HRS421217
HRR719449,HRS421218
HRR719450,HRS421219
HRR719451,HRS421220
HRR719452,HRS421221
HRR719453,HRS421222
HRR719454,HRS421223
HRR719455,HRS421224
HRR719456,HRS421225
HRR719457,HRS421226
HRR719458,HRS421227
HRR719459,HRS421228
HRR719460,HRS421229
HRR719461,HRS421230
HRR719462,HRS421231
HRR719463,HRS421232
HRR719464,HRS421233
HRR719465,HRS421234
HRR719466,HRS421235
HRR719467,HRS421236
HRR719468,HRS421237
HRR719469,HRS421238
HRR719470,HRS421239
HRR719471,HRS421240
HRR719472,HRS421241
HRR719473,HRS421242
HRR719474,HRS421243
HRR719475,HRS421244
HRR719476,HRS421245
HRR719477,HRS421246
HRR719478,HRS421247
HRR719479,HRS421248
HRR719480,HRS421249
HRR719481,HRS421250
HRR719482,HRS421251
HRR719483,HRS421252
HRR719484,HRS421253
HRR719485,HRS421254
HRR719486,HRS421255
HRR719487,HRS421256
HRR719488,HRS421257
HRR719489,HRS421258
HRR719490,HRS421259
HRR719491,HRS421260
HRR719492,HRS421261
HRR719493,HRS421262
HRR719494,HRS421263
HRR719495,HRS421264
HRR719496,HRS421265
HRR719497,HRS421266
HRR719498,HRS421267
HRR719499,HRS421268
HRR719500,HRS421269
HRR719501,HRS421270
HRR719502,HRS421271
HRR719503,HRS421272
HRR719504,HRS421273
HRR719505,HRS421274
HRR719506,HRS421275
HRR719507,HRS421276
HRR719508,HRS421277
HRR719509,HRS421278
HRR719510,HRS421279
HRR719511,HRS421280
HRR719512,HRS421281
HRR719513,HRS421282
HRR719514,HRS421283
HRR757543,HRS449726
HRR757853,HRS449726
HRR757544,HRS449727
HRR757854,HRS449727
HRR757545,HRS449728
HRR757855,HRS449728
HRR757546,HRS449729
HRR757856,HRS449729
HRR757547,HRS449730
HRR757857,HRS449730
HRR757548,HRS449731
HRR757858,HRS449731
HRR757549,HRS449732
HRR757859,HRS449732
HRR757550,HRS449733
HRR757860,HRS449733
HRR757551,HRS449734
HRR757861,HRS449734
HRR757552,HRS449735
HRR757862,HRS449735
HRR757553,HRS449736
HRR757863,HRS449736
HRR757554,HRS449737
HRR757864,HRS449737
HRR757555,HRS449738
HRR757865,HRS449738
HRR757556,HRS449739
HRR757866,HRS449739
HRR757557,HRS449740
HRR757867,HRS449740
HRR757558,HRS449741
HRR757868,HRS449741
HRR757559,HRS449742
HRR757869,HRS449742
HRR757560,HRS449743
HRR757870,HRS449743
HRR757561,HRS449744
HRR757871,HRS449744
HRR757562,HRS449745
HRR757872,HRS449745
HRR757563,HRS449746
HRR757873,HRS449746
HRR757564,HRS449747
HRR757874,HRS449747
HRR757565,HRS449748
HRR757875,HRS449748
HRR757566,HRS449749
HRR757876,HRS449749
HRR757567,HRS449750
HRR757877,HRS449750
HRR757568,HRS449751
HRR757878,HRS449751
HRR757569,HRS449752
HRR757879,HRS449752
HRR757570,HRS449753
HRR757880,HRS449753
HRR757571,HRS449754
HRR757881,HRS449754
HRR757572,HRS449755
HRR757882,HRS449755
HRR757573,HRS449756
HRR757883,HRS449756
HRR757574,HRS449757
HRR757884,HRS449757
HRR757575,HRS449758
HRR757885,HRS449758
HRR757576,HRS449759
HRR757886,HRS449759
HRR757887,HRS449760
HRR757888,HRS449761
HRR757579,HRS449762
HRR757889,HRS449762
HRR757580,HRS449763
HRR757890,HRS449763
HRR757581,HRS449764
HRR757891,HRS449764
HRR757582,HRS449765
HRR757892,HRS449765
HRR757583,HRS449766
HRR757893,HRS449766
HRR757584,HRS449767
HRR757894,HRS449767
HRR757585,HRS449768
HRR757895,HRS449768
HRR757586,HRS449769
HRR757896,HRS449769
HRR757587,HRS449770
HRR757897,HRS449770
HRR757588,HRS449771
HRR757898,HRS449771
HRR757589,HRS449772
HRR757899,HRS449772
HRR757590,HRS449773
HRR757900,HRS449773
HRR757591,HRS449774
HRR757901,HRS449774
HRR757592,HRS449775
HRR757902,HRS449775
HRR757593,HRS449776
HRR757903,HRS449776
HRR757594,HRS449777
HRR757904,HRS449777
HRR757595,HRS449778
HRR757905,HRS449778
HRR757596,HRS449779
HRR757906,HRS449779
HRR757597,HRS449780
HRR757907,HRS449780
HRR757598,HRS449781
HRR757908,HRS449781
HRR757599,HRS449782
HRR757909,HRS449782
HRR757600,HRS449783
HRR757910,HRS449783
HRR757601,HRS449784
HRR757911,HRS449784
HRR757602,HRS449785
HRR757912,HRS449785
HRR757603,HRS449786
HRR757913,HRS449786
HRR757604,HRS449787
HRR757914,HRS449787
HRR757605,HRS449788
HRR757915,HRS449788
HRR757606,HRS449789
HRR757916,HRS449789
HRR757607,HRS449790
HRR757917,HRS449790
HRR757608,HRS449791
HRR757918,HRS449791
HRR757609,HRS449792
HRR757919,HRS449792
HRR757610,HRS449793
HRR757920,HRS449793
HRR757611,HRS449794
HRR757921,HRS449794
HRR757612,HRS449795
HRR757922,HRS449795
HRR757613,HRS449796
HRR757923,HRS449796
HRR757614,HRS449797
HRR757924,HRS449797
HRR757615,HRS449798
HRR757925,HRS449798
HRR757616,HRS449799
HRR757926,HRS449799
HRR757617,HRS449800
HRR757927,HRS449800
HRR757618,HRS449801
HRR757928,HRS449801
HRR757619,HRS449802
HRR757929,HRS449802
HRR757620,HRS449803
HRR757930,HRS449803
HRR757621,HRS449804
HRR757931,HRS449804
HRR757622,HRS449805
HRR757932,HRS449805
HRR757623,HRS449806
HRR757933,HRS449806
HRR757624,HRS449807
HRR757934,HRS449807
HRR757625,HRS449808
HRR757935,HRS449808
HRR757626,HRS449809
HRR757936,HRS449809
HRR757627,HRS449810
HRR757937,HRS449810
HRR757628,HRS449811
HRR757938,HRS449811
HRR757629,HRS449812
HRR757939,HRS449812
HRR757630,HRS449813
HRR757940,HRS449813
HRR757631,HRS449814
HRR757941,HRS449814
HRR757632,HRS449815
HRR757942,HRS449815
HRR757633,HRS449816
HRR757943,HRS449816
HRR757634,HRS449817
HRR757944,HRS449817
HRR757635,HRS449818
HRR757945,HRS449818
HRR757636,HRS449819
HRR757946,HRS449819
HRR757637,HRS449820
HRR757947,HRS449820
HRR757638,HRS449821
HRR757948,HRS449821
HRR757949,HRS449822
HRR757640,HRS449823
HRR757950,HRS449823
HRR757641,HRS449824
HRR757951,HRS449824
HRR757642,HRS449825
HRR757952,HRS449825
HRR757643,HRS449826
HRR757953,HRS449826
HRR757644,HRS449827
HRR757954,HRS449827
HRR757645,HRS449828
HRR757955,HRS449828
HRR757646,HRS449829
HRR757956,HRS449829
HRR757647,HRS449830
HRR757957,HRS449830
HRR757648,HRS449831
HRR757958,HRS449831
HRR757649,HRS449832
HRR757959,HRS449832
HRR757650,HRS449833
HRR757960,HRS449833
HRR757651,HRS449834
HRR757961,HRS449834
HRR757652,HRS449835
HRR757962,HRS449835
HRR757653,HRS449836
HRR757963,HRS449836
HRR757654,HRS449837
HRR757964,HRS449837
HRR757965,HRS449838
HRR757656,HRS449839
HRR757966,HRS449839
HRR757657,HRS449840
HRR757967,HRS449840
HRR757658,HRS449841
HRR757968,HRS449841
HRR757659,HRS449842
HRR757969,HRS449842
HRR757660,HRS449843
HRR757970,HRS449843
HRR757661,HRS449844
HRR757971,HRS449844
HRR757662,HRS449845
HRR757972,HRS449845
HRR757663,HRS449846
HRR757973,HRS449846
HRR757664,HRS449847
HRR757974,HRS449847
HRR757665,HRS449848
HRR757975,HRS449848
HRR757666,HRS449849
HRR757976,HRS449849
HRR757667,HRS449850
HRR757977,HRS449850
HRR757668,HRS449851
HRR757978,HRS449851
HRR757979,HRS449852
HRR757670,HRS449853
HRR757980,HRS449853
HRR757671,HRS449854
HRR757981,HRS449854
HRR757672,HRS449855
HRR757982,HRS449855
HRR757673,HRS449856
HRR757983,HRS449856
HRR757674,HRS449857
HRR757984,HRS449857
HRR757985,HRS449858
HRR757986,HRS449859
HRR757677,HRS449860
HRR757987,HRS449860
HRR757678,HRS449861
HRR757988,HRS449861
HRR757989,HRS449862
HRR757680,HRS449863
HRR757990,HRS449863
HRR757681,HRS449864
HRR757991,HRS449864
HRR757682,HRS449865
HRR757992,HRS449865
HRR757683,HRS449866
HRR757993,HRS449866
HRR757684,HRS449867
HRR757994,HRS449867
HRR757995,HRS449868
HRR757686,HRS449869
HRR757996,HRS449869
HRR757997,HRS449870
HRR757998,HRS449871
HRR757999,HRS449872
HRR757690,HRS449873
HRR758000,HRS449873
HRR758001,HRS449874
HRR758002,HRS449875
HRR758003,HRS449876
HRR758004,HRS449877
HRR758005,HRS449878
HRR758006,HRS449879
HRR758007,HRS449880
HRR757698,HRS449881
HRR758008,HRS449881
HRR757699,HRS449882
HRR758009,HRS449882
HRR757700,HRS449883
HRR758010,HRS449883
HRR757701,HRS449884
HRR758011,HRS449884
HRR757702,HRS449885
HRR758012,HRS449885
HRR757703,HRS449886
HRR758013,HRS449886
HRR757704,HRS449887
HRR758014,HRS449887
HRR758015,HRS449888
HRR758016,HRS449889
HRR758017,HRS449890
HRR758018,HRS449891
HRR757709,HRS449892
HRR758019,HRS449892
HRR757710,HRS449893
HRR758020,HRS449893
HRR758021,HRS449894
HRR758022,HRS449895
HRR758023,HRS449896
HRR758024,HRS449897
HRR757715,HRS449898
HRR758025,HRS449898
HRR757716,HRS449899
HRR758026,HRS449899
HRR757717,HRS449900
HRR758027,HRS449900
HRR757718,HRS449901
HRR758028,HRS449901
HRR757719,HRS449902
HRR758029,HRS449902
HRR757720,HRS449903
HRR758030,HRS449903
HRR757721,HRS449904
HRR758031,HRS449904
HRR757722,HRS449905
HRR758032,HRS449905
HRR757723,HRS449906
HRR758033,HRS449906
HRR757724,HRS449907
HRR758034,HRS449907
HRR758035,HRS449908
HRR758036,HRS449909
HRR757727,HRS449910
HRR758037,HRS449910
HRR757728,HRS449911
HRR758038,HRS449911
HRR757729,HRS449912
HRR758039,HRS449912
HRR757730,HRS449913
HRR758040,HRS449913
HRR757731,HRS449914
HRR758041,HRS449914
HRR757732,HRS449915
HRR758042,HRS449915
HRR757733,HRS449916
HRR758043,HRS449916
HRR757734,HRS449917
HRR758044,HRS449917
HRR757735,HRS449918
HRR758045,HRS449918
HRR758046,HRS449919
HRR757737,HRS449920
HRR758047,HRS449920
HRR757738,HRS449921
HRR758048,HRS449921
HRR757739,HRS449922
HRR758049,HRS449922
HRR757740,HRS449923
HRR758050,HRS449923
HRR757741,HRS449924
HRR758051,HRS449924
HRR757742,HRS449925
HRR758052,HRS449925
HRR757743,HRS449926
HRR758053,HRS449926
HRR757744,HRS449927
HRR758054,HRS449927
HRR757745,HRS449928
HRR758055,HRS449928
HRR757746,HRS449929
HRR758056,HRS449929
HRR757747,HRS449930
HRR758057,HRS449930
HRR757748,HRS449931
HRR758058,HRS449931
HRR757749,HRS449932
HRR758059,HRS449932
HRR757750,HRS449933
HRR758060,HRS449933
HRR757751,HRS449934
HRR758061,HRS449934
HRR757752,HRS449935
HRR758062,HRS449935
HRR757753,HRS449936
HRR758063,HRS449936
HRR757754,HRS449937
HRR758064,HRS449937
HRR757755,HRS449938
HRR758065,HRS449938
HRR757756,HRS449939
HRR758066,HRS449939
HRR758067,HRS449940
HRR758068,HRS449941
HRR757759,HRS449942
HRR758069,HRS449942
HRR757760,HRS449943
HRR758070,HRS449943
HRR757761,HRS449944
HRR758071,HRS449944
HRR757762,HRS449945
HRR758072,HRS449945
HRR757763,HRS449946
HRR758073,HRS449946
HRR757764,HRS449947
HRR758074,HRS449947
HRR757765,HRS449948
HRR758075,HRS449948
HRR757766,HRS449949
HRR758076,HRS449949
HRR757767,HRS449950
HRR758077,HRS449950
HRR757768,HRS449951
HRR758078,HRS449951
HRR757769,HRS449952
HRR758079,HRS449952
HRR757770,HRS449953
HRR758080,HRS449953
HRR757771,HRS449954
HRR758081,HRS449954
HRR757772,HRS449955
HRR758082,HRS449955
HRR757773,HRS449956
HRR758083,HRS449956
HRR757774,HRS449957
HRR758084,HRS449957
HRR757775,HRS449958
HRR758085,HRS449958
HRR757776,HRS449959
HRR758086,HRS449959
HRR757777,HRS449960
HRR758087,HRS449960
HRR757778,HRS449961
HRR758088,HRS449961
HRR757779,HRS449962
HRR758089,HRS449962
HRR757780,HRS449963
HRR758090,HRS449963
HRR757781,HRS449964
HRR758091,HRS449964
HRR757782,HRS449965
HRR758092,HRS449965
HRR757783,HRS449966
HRR758093,HRS449966
HRR757784,HRS449967
HRR758094,HRS449967
HRR757785,HRS449968
HRR758095,HRS449968
HRR757786,HRS449969
HRR758096,HRS449969
HRR757787,HRS449970
HRR758097,HRS449970
HRR757788,HRS449971
HRR758098,HRS449971
HRR757789,HRS449972
HRR758099,HRS449972
HRR757790,HRS449973
HRR758100,HRS449973
HRR757791,HRS449974
HRR758101,HRS449974
HRR757792,HRS449975
HRR758102,HRS449975
HRR757793,HRS449976
HRR758103,HRS449976
HRR757794,HRS449977
HRR758104,HRS449977
HRR757795,HRS449978
HRR758105,HRS449978
HRR757796,HRS449979
HRR758106,HRS449979
HRR757797,HRS449980
HRR758107,HRS449980
HRR757798,HRS449981
HRR758108,HRS449981
HRR757799,HRS449982
HRR758109,HRS449982
HRR757800,HRS449983
HRR758110,HRS449983
HRR757801,HRS449984
HRR758111,HRS449984
HRR757802,HRS449985
HRR758112,HRS449985
HRR757803,HRS449986
HRR758113,HRS449986
HRR757804,HRS449987
HRR758114,HRS449987
HRR758115,HRS449988
HRR757806,HRS449989
HRR758116,HRS449989
HRR757807,HRS449990
HRR758117,HRS449990
HRR757808,HRS449991
HRR758118,HRS449991
HRR757809,HRS449992
HRR758119,HRS449992
HRR757810,HRS449993
HRR758120,HRS449993
HRR757811,HRS449994
HRR758121,HRS449994
HRR757812,HRS449995
HRR758122,HRS449995
HRR757813,HRS449996
HRR758123,HRS449996
HRR757814,HRS449997
HRR758124,HRS449997
HRR757815,HRS449998
HRR758125,HRS449998
HRR757816,HRS449999
HRR758126,HRS449999
HRR757817,HRS450000
HRR758127,HRS450000
HRR757818,HRS450001
HRR758128,HRS450001
HRR757819,HRS450002
HRR758129,HRS450002
HRR757820,HRS450003
HRR758130,HRS450003
HRR757821,HRS450004
HRR758131,HRS450004
HRR757822,HRS450005
HRR758132,HRS450005
HRR757823,HRS450006
HRR758133,HRS450006
HRR757824,HRS450007
HRR758134,HRS450007
HRR757825,HRS450008
HRR758135,HRS450008
HRR757826,HRS450009
HRR758136,HRS450009
HRR757827,HRS450010
HRR758137,HRS450010
HRR757828,HRS450011
HRR758138,HRS450011
HRR757829,HRS450012
HRR758139,HRS450012
HRR757830,HRS450013
HRR758140,HRS450013
HRR758141,HRS450014
HRR757832,HRS450015
HRR758142,HRS450015
HRR757833,HRS450016
HRR758143,HRS450016
HRR757834,HRS450017
HRR758144,HRS450017
HRR757835,HRS450018
HRR758145,HRS450018
HRR757836,HRS450019
HRR758146,HRS450019
HRR757837,HRS450020
HRR758147,HRS450020
HRR757838,HRS450021
HRR758148,HRS450021
HRR757839,HRS450022
HRR758149,HRS450022
HRR757840,HRS450023
HRR758150,HRS450023
HRR757841,HRS450024
HRR758151,HRS450024
HRR757842,HRS450025
HRR758152,HRS450025
HRR757843,HRS450026
HRR758153,HRS450026
HRR757844,HRS450027
HRR758154,HRS450027
HRR758155,HRS450028
HRR757846,HRS450029
HRR758156,HRS450029
HRR757847,HRS450030
HRR758157,HRS450030
HRR757848,HRS450031
HRR758158,HRS450031
HRR757849,HRS450032
HRR758159,HRS450032
HRR757850,HRS450033
HRR758160,HRS450033
HRR757851,HRS450034
HRR758161,HRS450034
HRR757852,HRS450035
HRR758162,HRS450035
HRR1320767,HRS905985
HRR1321010,HRS905985
HRR1320768,HRS905986
HRR1321011,HRS905986
HRR1320769,HRS905987
HRR1321012,HRS905987
HRR1320770,HRS905988
HRR1321013,HRS905988
HRR1320771,HRS905989
HRR1321014,HRS905989
HRR1320772,HRS905990
HRR1321015,HRS905990
HRR1320773,HRS905991
HRR1321016,HRS905991
HRR1320774,HRS905992
HRR1321017,HRS905992
HRR1320775,HRS905993
HRR1321018,HRS905993
HRR1320776,HRS905994
HRR1321019,HRS905994
HRR1320777,HRS905995
HRR1321020,HRS905995
HRR1320778,HRS905996
HRR1321021,HRS905996
HRR1320779,HRS905997
HRR1321022,HRS905997
HRR1320780,HRS905998
HRR1321023,HRS905998
HRR1320781,HRS905999
HRR1321024,HRS905999
HRR1320782,HRS906000
HRR1321025,HRS906000
HRR1320783,HRS906001
HRR1321026,HRS906001
HRR1320784,HRS906002
HRR1321027,HRS906002
HRR1320785,HRS906003
HRR1321028,HRS906003
HRR1320786,HRS906004
HRR1321029,HRS906004
HRR1320787,HRS906005
HRR1321030,HRS906005
HRR1320788,HRS906006
HRR1321031,HRS906006
HRR1320789,HRS906007
HRR1321032,HRS906007
HRR1320790,HRS906008
HRR1321033,HRS906008
HRR1320791,HRS906009
HRR1321034,HRS906009
HRR1320792,HRS906010
HRR1321035,HRS906010
HRR1320793,HRS906011
HRR1321036,HRS906011
HRR1320794,HRS906012
HRR1321037,HRS906012
HRR1320795,HRS906013
HRR1321038,HRS906013
HRR1320796,HRS906014
HRR1321039,HRS906014
HRR1320797,HRS906015
HRR1321040,HRS906015
HRR1320798,HRS906016
HRR1321041,HRS906016
HRR1320799,HRS906017
HRR1321042,HRS906017
HRR1320800,HRS906018
HRR1321043,HRS906018
HRR1320801,HRS906019
HRR1321044,HRS906019
HRR1320802,HRS906020
HRR1321045,HRS906020
HRR1320803,HRS906021
HRR1321046,HRS906021
HRR1320804,HRS906022
HRR1321047,HRS906022
HRR1320805,HRS906023
HRR1321048,HRS906023
HRR1320806,HRS906024
HRR1321049,HRS906024
HRR1320807,HRS906025
HRR1321050,HRS906025
HRR1320808,HRS906026
HRR1321051,HRS906026
HRR1320809,HRS906027
HRR1321052,HRS906027
HRR1320810,HRS906028
HRR1321053,HRS906028
HRR1320811,HRS906029
HRR1321054,HRS906029
HRR1320812,HRS906030
HRR1321055,HRS906030
HRR1320813,HRS906031
HRR1321056,HRS906031
HRR1320814,HRS906032
HRR1321057,HRS906032
HRR1320815,HRS906033
HRR1321058,HRS906033
HRR1320816,HRS906034
HRR1321059,HRS906034
HRR1320817,HRS906035
HRR1321060,HRS906035
HRR1320818,HRS906036
HRR1321061,HRS906036
HRR1320819,HRS906037
HRR1321062,HRS906037
HRR1320820,HRS906038
HRR1321063,HRS906038
HRR1320821,HRS906039
HRR1321064,HRS906039
HRR1320822,HRS906040
HRR1321065,HRS906040
HRR1320823,HRS906041
HRR1321066,HRS906041
HRR1320824,HRS906042
HRR1321067,HRS906042
HRR1320825,HRS906043
HRR1321068,HRS906043
HRR1320826,HRS906044
HRR1321069,HRS906044
HRR1320827,HRS906045
HRR1321070,HRS906045
HRR1320828,HRS906046
HRR1321071,HRS906046
HRR1320829,HRS906047
HRR1321072,HRS906047
HRR1320830,HRS906048
HRR1321073,HRS906048
HRR1320831,HRS906049
HRR1321074,HRS906049
HRR1320832,HRS906050
HRR1321075,HRS906050
HRR1320833,HRS906051
HRR1321076,HRS906051
HRR1320834,HRS906052
HRR1321077,HRS906052
HRR1320835,HRS906053
HRR1321078,HRS906053
HRR1320836,HRS906054
HRR1321079,HRS906054
HRR1320837,HRS906055
HRR1321080,HRS906055
HRR1320838,HRS906056
HRR1321081,HRS906056
HRR1320839,HRS906057
HRR1321082,HRS906057
HRR1320840,HRS906058
HRR1321083,HRS906058
HRR1320841,HRS906059
HRR1321084,HRS906059
HRR1320842,HRS906060
HRR1321085,HRS906060
HRR1320843,HRS906061
HRR1321086,HRS906061
HRR1320844,HRS906062
HRR1320845,HRS906063
HRR1321087,HRS906063
HRR1320846,HRS906064
HRR1321088,HRS906064
HRR1320847,HRS906065
HRR1321089,HRS906065
HRR1320848,HRS906066
HRR1321090,HRS906066
HRR1320849,HRS906067
HRR1321091,HRS906067
HRR1320850,HRS906068
HRR1321092,HRS906068
HRR1320851,HRS906069
HRR1321093,HRS906069
HRR1320852,HRS906070
HRR1321094,HRS906070
HRR1320853,HRS906071
HRR1321095,HRS906071
HRR1320854,HRS906072
HRR1321096,HRS906072
HRR1320855,HRS906073
HRR1321097,HRS906073
HRR1320856,HRS906074
HRR1321098,HRS906074
HRR1320857,HRS906075
HRR1321099,HRS906075
HRR1320858,HRS906076
HRR1321100,HRS906076
HRR1320859,HRS906077
HRR1321101,HRS906077
HRR1320860,HRS906078
HRR1321102,HRS906078
HRR1320861,HRS906079
HRR1321103,HRS906079
HRR1320862,HRS906080
HRR1321104,HRS906080
HRR1320863,HRS906081
HRR1321105,HRS906081
HRR1320864,HRS906082
HRR1321106,HRS906082
HRR1320865,HRS906083
HRR1321107,HRS906083
HRR1320866,HRS906084
HRR1321108,HRS906084
HRR1320867,HRS906085
HRR1321109,HRS906085
HRR1320868,HRS906086
HRR1321110,HRS906086
HRR1320869,HRS906087
HRR1321111,HRS906087
HRR1320870,HRS906088
HRR1321112,HRS906088
HRR1320871,HRS906089
HRR1321113,HRS906089
HRR1320872,HRS906090
HRR1321114,HRS906090
HRR1320873,HRS906091
HRR1321115,HRS906091
HRR1320874,HRS906092
HRR1321116,HRS906092
HRR1320875,HRS906093
HRR1321117,HRS906093
HRR1320876,HRS906094
HRR1321118,HRS906094
HRR1320877,HRS906095
HRR1321119,HRS906095
HRR1320878,HRS906096
HRR1321120,HRS906096
HRR1320879,HRS906097
HRR1321121,HRS906097
HRR1320880,HRS906098
HRR1321122,HRS906098
HRR1320881,HRS906099
HRR1321123,HRS906099
HRR1320882,HRS906100
HRR1321124,HRS906100
HRR1320883,HRS906101
HRR1321125,HRS906101
HRR1320884,HRS906102
HRR1321126,HRS906102
HRR1320885,HRS906103
HRR1321127,HRS906103
HRR1320886,HRS906104
HRR1321128,HRS906104
HRR1320887,HRS906105
HRR1321129,HRS906105
HRR1320888,HRS906106
HRR1321130,HRS906106
HRR1320889,HRS906107
HRR1321131,HRS906107
HRR1320890,HRS906108
HRR1321132,HRS906108
HRR1320891,HRS906109
HRR1321133,HRS906109
HRR1320892,HRS906110
HRR1321134,HRS906110
HRR1320893,HRS906111
HRR1321135,HRS906111
HRR1320894,HRS906112
HRR1321136,HRS906112
HRR1320895,HRS906113
HRR1321137,HRS906113
HRR1320896,HRS906114
HRR1321138,HRS906114
HRR1320897,HRS906115
HRR1321139,HRS906115
HRR1320898,HRS906116
HRR1321140,HRS906116
HRR1320899,HRS906117
HRR1321141,HRS906117
HRR1320900,HRS906118
HRR1321142,HRS906118
HRR1320901,HRS906119
HRR1321143,HRS906119
HRR1320902,HRS906120
HRR1321144,HRS906120
HRR1320903,HRS906121
HRR1321145,HRS906121
HRR1320904,HRS906122
HRR1321146,HRS906122
HRR1320905,HRS906123
HRR1321147,HRS906123
HRR1320906,HRS906124
HRR1321148,HRS906124
HRR1320907,HRS906125
HRR1321149,HRS906125
HRR1320908,HRS906126
HRR1321150,HRS906126
HRR1320909,HRS906127
HRR1321151,HRS906127
HRR1320910,HRS906128
HRR1321152,HRS906128
HRR1320911,HRS906129
HRR1321153,HRS906129
HRR1320912,HRS906130
HRR1321154,HRS906130
HRR1320913,HRS906131
HRR1321155,HRS906131
HRR1320914,HRS906132
HRR1321156,HRS906132
HRR1320915,HRS906133
HRR1321157,HRS906133
HRR1320916,HRS906134
HRR1321158,HRS906134
HRR1320917,HRS906135
HRR1321159,HRS906135
HRR1320918,HRS906136
HRR1321160,HRS906136
HRR1320919,HRS906137
HRR1321161,HRS906137
HRR1320920,HRS906138
HRR1321162,HRS906138
HRR1320921,HRS906139
HRR1321163,HRS906139
HRR1320922,HRS906140
HRR1321164,HRS906140
HRR1320923,HRS906141
HRR1321165,HRS906141
HRR1320924,HRS906142
HRR1321166,HRS906142
HRR1320925,HRS906143
HRR1321167,HRS906143
HRR1320926,HRS906144
HRR1321168,HRS906144
HRR1320927,HRS906145
HRR1321169,HRS906145
HRR1320928,HRS906146
HRR1321170,HRS906146
HRR1320929,HRS906147
HRR1321171,HRS906147
HRR1320930,HRS906148
HRR1321172,HRS906148
HRR1320931,HRS906149
HRR1321173,HRS906149
HRR1320932,HRS906150
HRR1321174,HRS906150
HRR1320933,HRS906151
HRR1321175,HRS906151
HRR1320934,HRS906152
HRR1321176,HRS906152
HRR1320935,HRS906153
HRR1321177,HRS906153
HRR1320936,HRS906154
HRR1321178,HRS906154
HRR1320937,HRS906155
HRR1321179,HRS906155
HRR1320938,HRS906156
HRR1321180,HRS906156
HRR1320939,HRS906157
HRR1321181,HRS906157
HRR1320940,HRS906158
HRR1321182,HRS906158
HRR1320941,HRS906159
HRR1321183,HRS906159
HRR1320942,HRS906160
HRR1321184,HRS906160
HRR1320943,HRS906161
HRR1321185,HRS906161
HRR1320944,HRS906162
HRR1321186,HRS906162
HRR1320945,HRS906163
HRR1321187,HRS906163
HRR1320946,HRS906164
HRR1321188,HRS906164
HRR1320947,HRS906165
HRR1321189,HRS906165
HRR1320948,HRS906166
HRR1321190,HRS906166
HRR1320949,HRS906167
HRR1321191,HRS906167
HRR1320950,HRS906168
HRR1321192,HRS906168
HRR1320951,HRS906169
HRR1321193,HRS906169
HRR1320952,HRS906170
HRR1321194,HRS906170
HRR1320953,HRS906171
HRR1321195,HRS906171
HRR1320954,HRS906172
HRR1321196,HRS906172
HRR1320955,HRS906173
HRR1321197,HRS906173
HRR1320956,HRS906174
HRR1321198,HRS906174
HRR1320957,HRS906175
HRR1321199,HRS906175
HRR1320958,HRS906176
HRR1321200,HRS906176
HRR1320959,HRS906177
HRR1321201,HRS906177
HRR1320960,HRS906178
HRR1321202,HRS906178
HRR1320961,HRS906179
HRR1321203,HRS906179
HRR1320962,HRS906180
HRR1321204,HRS906180
HRR1320963,HRS906181
HRR1321205,HRS906181
HRR1320964,HRS906182
HRR1321206,HRS906182
HRR1320965,HRS906183
HRR1321207,HRS906183
HRR1320966,HRS906184
HRR1321208,HRS906184
HRR1320967,HRS906185
HRR1321209,HRS906185
HRR1320968,HRS906186
HRR1321210,HRS906186
HRR1320969,HRS906187
HRR1321211,HRS906187
HRR1320970,HRS906188
HRR1321212,HRS906188
HRR1320971,HRS906189
HRR1321213,HRS906189
HRR1320972,HRS906190
HRR1321214,HRS906190
HRR1320973,HRS906191
HRR1321215,HRS906191
HRR1320974,HRS906192
HRR1321216,HRS906192
HRR1320975,HRS906193
HRR1321217,HRS906193
HRR1320976,HRS906194
HRR1321218,HRS906194
HRR1320977,HRS906195
HRR1321219,HRS906195
HRR1320978,HRS906196
HRR1321220,HRS906196
HRR1320979,HRS906197
HRR1321221,HRS906197
HRR1320980,HRS906198
HRR1321222,HRS906198
HRR1320981,HRS906199
HRR1321223,HRS906199
HRR1320982,HRS906200
HRR1321224,HRS906200
HRR1320983,HRS906201
HRR1321225,HRS906201
HRR1320984,HRS906202
HRR1321226,HRS906202
HRR1320985,HRS906203
HRR1321227,HRS906203
HRR1320986,HRS906204
HRR1321228,HRS906204
HRR1320987,HRS906205
HRR1321229,HRS906205
HRR1320988,HRS906206
HRR1321230,HRS906206
HRR1320989,HRS906207
HRR1321231,HRS906207
HRR1320990,HRS906208
HRR1321232,HRS906208
HRR1320991,HRS906209
HRR1321233,HRS906209
HRR1320992,HRS906210
HRR1321234,HRS906210
HRR1320993,HRS906211
HRR1321235,HRS906211
HRR1320994,HRS906212
HRR1321236,HRS906212
HRR1320995,HRS906213
HRR1321237,HRS906213
HRR1320996,HRS906214
HRR1321238,HRS906214
HRR1320997,HRS906215
HRR1321239,HRS906215
HRR1320998,HRS906216
HRR1321240,HRS906216
HRR1320999,HRS906217
HRR1321241,HRS906217
HRR1321000,HRS906218
HRR1321242,HRS906218
HRR1321001,HRS906219
HRR1321243,HRS906219
HRR1321002,HRS906220
HRR1321244,HRS906220
HRR1321003,HRS906221
HRR1321245,HRS906221
HRR1321004,HRS906222
HRR1321246,HRS906222
HRR1321005,HRS906223
HRR1321247,HRS906223
HRR1321006,HRS906224
HRR1321248,HRS906224
HRR1321007,HRS906225
HRR1321249,HRS906225
HRR1321008,HRS906226
HRR1321250,HRS906226
HRR1321009,HRS906227
HRR1321251,HRS906227
HRR1464788,HRS1008013
HRR1464789,HRS1008014
HRR1464790,HRS1008015
HRR1464791,HRS1008016
HRR1464792,HRS1008017
HRR1464793,HRS1008018
HRR1464794,HRS1008019
HRR1464795,HRS1008020
HRR1464796,HRS1008021
HRR1464797,HRS1008022
HRR1464798,HRS1008023
HRR1464799,HRS1008024
HRR1464800,HRS1008025
HRR1464801,HRS1008026
HRR1464802,HRS1008027
HRR1464803,HRS1008028
HRR1464804,HRS1008029
HRR1464805,HRS1008030
HRR1464806,HRS1008031
HRR1464807,HRS1008032
HRR1464808,HRS1008033
HRR1464809,HRS1008034
HRR1464810,HRS1008035
HRR1464811,HRS1008036
HRR1464812,HRS1008037
HRR1464813,HRS1008038
HRR1464814,HRS1008039
HRR1464815,HRS1008040
HRR1464816,HRS1008041
HRR1464817,HRS1008042
HRR1464818,HRS1008043
HRR1464819,HRS1008044
HRR1464820,HRS1008045
HRR1464821,HRS1008046
HRR1464822,HRS1008047
HRR1464823,HRS1008048
HRR1464824,HRS1008049
HRR1464825,HRS1008050
HRR1464826,HRS1008051
HRR1464827,HRS1008052
HRR1464828,HRS1008053
HRR1464829,HRS1008054
HRR1464830,HRS1008055
HRR1464831,HRS1008056
HRR1464832,HRS1008057
HRR1464833,HRS1008058
HRR1464834,HRS1008059
HRR1464835,HRS1008060
HRR1464836,HRS1008061
HRR1464837,HRS1008062
HRR1464838,HRS1008063
HRR1464839,HRS1008064
HRR1464840,HRS1008065
HRR1464841,HRS1008066
HRR1464842,HRS1008067
HRR1464843,HRS1008068
HRR1464844,HRS1008069
HRR1464845,HRS1008070
HRR1464846,HRS1008071
HRR1464847,HRS1008072
HRR1464848,HRS1008073
HRR1464849,HRS1008074
HRR1464850,HRS1008075
HRR1464851,HRS1008076
HRR1464852,HRS1008077
HRR1464853,HRS1008078
HRR1464854,HRS1008079
HRR1464855,HRS1008080
HRR1464856,HRS1008081
HRR1464857,HRS1008082
HRR1464858,HRS1008083
HRR1464859,HRS1008084
HRR1464860,HRS1008085
HRR1464861,HRS1008086
HRR1464862,HRS1008087
HRR1464863,HRS1008088
HRR1464864,HRS1008089
HRR1464865,HRS1008090
HRR1464866,HRS1008091
HRR1464867,HRS1008092
HRR1464868,HRS1008093
HRR1464869,HRS1008094
HRR1464870,HRS1008095
HRR1464871,HRS1008096
HRR1464872,HRS1008097
HRR1464873,HRS1008098
HRR1464874,HRS1008099
HRR1464875,HRS1008100
HRR1464876,HRS1008101
HRR1464877,HRS1008102
HRR1464878,HRS1008103
HRR1464879,HRS1008104
HRR1464880,HRS1008105
HRR1464881,HRS1008106
HRR1464882,HRS1008107
HRR1464883,HRS1008108
HRR1464884,HRS1008109
HRR1464885,HRS1008110
HRR1464886,HRS1008111
HRR1464887,HRS1008112
HRR1464888,HRS1008113
HRR1464889,HRS1008114
HRR1464890,HRS1008115
HRR1464891,HRS1008116
HRR1464892,HRS1008117
HRR1464893,HRS1008118
HRR1464894,HRS1008119
HRR1464895,HRS1008120
HRR1464896,HRS1008121
HRR1464897,HRS1008122
HRR1464898,HRS1008123
HRR1464899,HRS1008124
HRR1464900,HRS1008125
HRR1464901,HRS1008126
HRR1464902,HRS1008127
HRR1464903,HRS1008128
HRR1464904,HRS1008129
HRR1464905,HRS1008130
HRR1464906,HRS1008131
HRR1464907,HRS1008132
HRR1464908,HRS1008133
HRR1464909,HRS1008134
HRR1464910,HRS1008135
HRR1464911,HRS1008136
HRR1464912,HRS1008137
HRR1464913,HRS1008138
HRR1464914,HRS1008139
HRR1464915,HRS1008140
HRR1464916,HRS1008141
HRR1464917,HRS1008142
HRR1464918,HRS1008143
HRR1464919,HRS1008144
HRR1464920,HRS1008145
HRR1464921,HRS1008146
HRR1464922,HRS1008147
HRR1464923,HRS1008148
HRR1464924,HRS1008149
HRR1464925,HRS1008150
HRR1464926,HRS1008151
HRR1464927,HRS1008152
HRR1464928,HRS1008153
HRR1464929,HRS1008154
HRR1464930,HRS1008155
HRR1464931,HRS1008156
HRR1464932,HRS1008157
HRR1464933,HRS1008158
HRR1464934,HRS1008159
HRR1464935,HRS1008160
HRR1464936,HRS1008161
HRR1464937,HRS1008162
HRR1464938,HRS1008163
HRR1464939,HRS1008164
HRR1464940,HRS1008165
HRR1464941,HRS1008166
HRR1464942,HRS1008167
HRR1464943,HRS1008168
HRR1464944,HRS1008169
HRR1464945,HRS1008170
HRR1464946,HRS1008171
HRR1464947,HRS1008172
HRR1464948,HRS1008173
HRR1464949,HRS1008174
HRR1464950,HRS1008175
HRR1464951,HRS1008176
HRR1464952,HRS1008177
HRR1464953,HRS1008178
HRR1464954,HRS1008179
HRR1464955,HRS1008180
HRR1464956,HRS1008181
HRR1464957,HRS1008182
HRR1464958,HRS1008183
HRR1464959,HRS1008184
HRR1464960,HRS1008185
HRR1464961,HRS1008186
HRR1464962,HRS1008187
HRR1464963,HRS1008188
HRR1464964,HRS1008189
HRR1464965,HRS1008190
HRR1464966,HRS1008191
HRR1464967,HRS1008192
HRR1464968,HRS1008193
HRR1464969,HRS1008194
HRR1464970,HRS1008195
HRR1464971,HRS1008196
HRR1464972,HRS1008197
HRR1464973,HRS1008198
HRR1464974,HRS1008199
HRR1464975,HRS1008200
HRR1464976,HRS1008201
HRR1464977,HRS1008202
HRR1464978,HRS1008203
HRR1464979,HRS1008204
HRR1464980,HRS1008205
HRR1464981,HRS1008206
HRR1464982,HRS1008207
HRR1464983,HRS1008208
HRR1464984,HRS1008209
HRR1464985,HRS1008210
HRR1464986,HRS1008211
HRR1464987,HRS1008212
HRR1464988,HRS1008213
HRR1464989,HRS1008214
HRR1464990,HRS1008215
HRR1464991,HRS1008216
HRR1464992,HRS1008217
HRR1464993,HRS1008218
HRR1464994,HRS1008219
HRR1464995,HRS1008220
HRR1464996,HRS1008221
HRR1464997,HRS1008222
HRR1464998,HRS1008223
HRR1464999,HRS1008224
HRR1465000,HRS1008225
HRR1465001,HRS1008226
HRR1465002,HRS1008227
HRR1465003,HRS1008228
HRR1465004,HRS1008229
HRR1465005,HRS1008230
HRR1465006,HRS1008231
HRR1465007,HRS1008232
HRR1465008,HRS1008233
HRR1465009,HRS1008234
HRR1465010,HRS1008235
HRR1465011,HRS1008236
HRR1465012,HRS1008237
HRR1465013,HRS1008238
HRR1465014,HRS1008239
HRR1465015,HRS1008240
HRR1465016,HRS1008241
HRR1465017,HRS1008242
HRR1465018,HRS1008243
HRR1465019,HRS1008244
HRR1465020,HRS1008245
HRR1465021,HRS1008246
HRR1465022,HRS1008247
HRR1465023,HRS1008248
HRR1465024,HRS1008249
HRR1465025,HRS1008250
HRR1465026,HRS1008251
HRR1465027,HRS1008252
HRR1465028,HRS1008253
HRR1465029,HRS1008254
HRR1465030,HRS1008255
HRR1465031,HRS1008256
HRR1465032,HRS1008257
HRR1465033,HRS1008258
HRR1465034,HRS1008259
HRR1465035,HRS1008260
HRR1465036,HRS1008261
HRR1465037,HRS1008262
HRR1465038,HRS1008263
HRR1465039,HRS1008264
HRR1465040,HRS1008265
HRR1465041,HRS1008266
HRR1465042,HRS1008267
HRR1465043,HRS1008268
HRR1465044,HRS1008269
HRR1465045,HRS1008270
HRR1465046,HRS1008271
HRR1465047,HRS1008272
HRR1465048,HRS1008273
HRR1465049,HRS1008274
HRR1465050,HRS1008275
HRR1465051,HRS1008276
HRR1465052,HRS1008277
HRR1465053,HRS1008278
HRR1465054,HRS1008279
HRR1465055,HRS1008280
HRR1465056,HRS1008281
HRR1465057,HRS1008282
HRR1465058,HRS1008283
HRR1465059,HRS1008284
HRR1465060,HRS1008285
HRR1465061,HRS1008286
HRR1465062,HRS1008287
HRR1465063,HRS1008288
HRR1465064,HRS1008289
HRR1465065,HRS1008290
HRR1465066,HRS1008291
HRR1465067,HRS1008292
HRR1465068,HRS1008293
HRR1465069,HRS1008294
HRR1465070,HRS1008295
HRR1465071,HRS1008296
HRR1465072,HRS1008297
HRR1465073,HRS1008298
HRR1465074,HRS1008299
HRR1465075,HRS1008300
HRR1465076,HRS1008301
HRR1465077,HRS1008302
HRR1465078,HRS1008303
HRR1465079,HRS1008304
HRR1465080,HRS1008305
HRR1465081,HRS1008306
HRR1465082,HRS1008307
HRR1465083,HRS1008308
HRR1465084,HRS1008309
HRR1465085,HRS1008310
HRR1465086,HRS1008311
HRR1465087,HRS1008312
HRR1465088,HRS1008313
HRR1465089,HRS1008314
HRR1465090,HRS1008315
HRR1465091,HRS1008316
HRR1465092,HRS1008317
HRR1465093,HRS1008318
HRR1465094,HRS1008319
HRR1465095,HRS1008320
HRR1465096,HRS1008321
HRR1465097,HRS1008322
HRR1465098,HRS1008323
HRR1465099,HRS1008324
HRR1465100,HRS1008325
HRR1465101,HRS1008326
HRR1465102,HRS1008327
HRR1465103,HRS1008328
HRR1465104,HRS1008329
HRR1465105,HRS1008330
HRR1465106,HRS1008331
HRR1465107,HRS1008332
HRR1465108,HRS1008333
HRR1465109,HRS1008334
HRR1465110,HRS1008335
HRR1465111,HRS1008336
HRR1465112,HRS1008337
HRR1465113,HRS1008338
HRR1465114,HRS1008339
HRR1465115,HRS1008340
HRR1465116,HRS1008341
HRR1465117,HRS1008342
HRR1465118,HRS1008343
HRR1465119,HRS1008344
HRR1465120,HRS1008345
HRR1465121,HRS1008346
HRR1465122,HRS1008347
HRR1465123,HRS1008348
HRR1465124,HRS1008349
HRR1465125,HRS1008350
HRR1465126,HRS1008351
HRR1465127,HRS1008352
HRR1465128,HRS1008353
HRR1465129,HRS1008354
HRR1465130,HRS1008355
HRR1465131,HRS1008356
HRR1465132,HRS1008357
HRR1465133,HRS1008358
HRR1465134,HRS1008359
HRR1465135,HRS1008360
HRR1465136,HRS1008361
HRR1465137,HRS1008362
HRR1465138,HRS1008363
HRR1465139,HRS1008364
HRR1465140,HRS1008365
HRR1465141,HRS1008366
HRR1465142,HRS1008367
HRR1465143,HRS1008368
HRR1465144,HRS1008369
HRR1465145,HRS1008370
HRR1465146,HRS1008371
HRR1465147,HRS1008372
HRR1465148,HRS1008373
HRR1465149,HRS1008374
HRR1465150,HRS1008375
HRR1465151,HRS1008376
HRR1465152,HRS1008377
HRR1465153,HRS1008378
HRR1465154,HRS1008379
HRR1465155,HRS1008380
HRR1465156,HRS1008381
HRR1465157,HRS1008382
HRR1465158,HRS1008383
HRR1465159,HRS1008384
HRR1465160,HRS1008385
HRR1465161,HRS1008386
HRR1465162,HRS1008387
HRR1465163,HRS1008388
HRR1465164,HRS1008389
HRR1465165,HRS1008390
HRR1465166,HRS1008391
HRR1465167,HRS1008392
HRR1465168,HRS1008393
HRR1465169,HRS1008394
HRR1465170,HRS1008395
HRR1465171,HRS1008396
HRR1465172,HRS1008397
HRR1465173,HRS1008398
HRR1465174,HRS1008399
HRR1465175,HRS1008400
HRR1465176,HRS1008401
HRR1465177,HRS1008402
HRR1465178,HRS1008403
HRR1465179,HRS1008404
HRR1465180,HRS1008405
HRR1465181,HRS1008406
HRR1465182,HRS1008407
HRR1465183,HRS1008408
HRR1465184,HRS1008409
HRR1465185,HRS1008410
HRR1465186,HRS1008411
HRR1465187,HRS1008412
HRR1465188,HRS1008413
HRR1465189,HRS1008414
HRR1465190,HRS1008415
HRR1465191,HRS1008416
HRR1465192,HRS1008417
HRR1465193,HRS1008418
HRR1465194,HRS1008419
HRR1465195,HRS1008420
HRR1465196,HRS1008421
HRR1465197,HRS1008422
HRR1465198,HRS1008423
HRR1465199,HRS1008424
HRR1465200,HRS1008425
HRR1465201,HRS1008426
HRR1465202,HRS1008427
HRR1465203,HRS1008428
HRR1465204,HRS1008429
HRR1465205,HRS1008430
HRR1465206,HRS1008431
HRR1465207,HRS1008432
HRR1465208,HRS1008433
HRR1465209,HRS1008434
HRR1465210,HRS1008435
HRR1465211,HRS1008436
HRR1465212,HRS1008437
HRR1465213,HRS1008438
HRR1465214,HRS1008439
HRR1465215,HRS1008440
HRR1465216,HRS1008441
HRR1465217,HRS1008442
HRR1465218,HRS1008443
HRR1465219,HRS1008444
HRR1465220,HRS1008445
HRR1465221,HRS1008446
HRR1465222,HRS1008447
HRR1465223,HRS1008448
HRR1465224,HRS1008449
HRR1465225,HRS1008450
HRR1465226,HRS1008451
HRR1465227,HRS1008452
HRR1465228,HRS1008453
HRR1465229,HRS1008454
HRR1465230,HRS1008455
HRR1465231,HRS1008456
HRR1465232,HRS1008457
HRR1465233,HRS1008458
HRR1465234,HRS1008459
HRR1465235,HRS1008460
HRR1465236,HRS1008461
HRR1465237,HRS1008462
HRR1465238,HRS1008463
HRR1465239,HRS1008464
HRR1465240,HRS1008465
HRR1465241,HRS1008466
HRR1465242,HRS1008467
HRR1465243,HRS1008468
HRR1465244,HRS1008469
HRR1465245,HRS1008470
HRR1465246,HRS1008471
HRR1465247,HRS1008472
HRR1465248,HRS1008473
HRR1465249,HRS1008474
HRR1465250,HRS1008475
HRR1465251,HRS1008476
HRR1465252,HRS1008477
HRR1465253,HRS1008478
HRR1465254,HRS1008479
HRR1465255,HRS1008480
HRR1465256,HRS1008481
HRR1465257,HRS1008482
HRR1465258,HRS1008483
HRR1465259,HRS1008484
HRR1465260,HRS1008485
HRR1465261,HRS1008486
HRR1465262,HRS1008487
HRR1465263,HRS1008488
HRR1465264,HRS1008489
HRR1465265,HRS1008490
HRR1465266,HRS1008491
HRR1465267,HRS1008492
HRR1465268,HRS1008493
HRR1465269,HRS1008494
HRR1465270,HRS1008495
HRR1465271,HRS1008496
HRR1465272,HRS1008497
HRR1465273,HRS1008498
HRR1465274,HRS1008499
HRR1465275,HRS1008500
HRR1465276,HRS1008501
HRR1465277,HRS1008502
HRR1465278,HRS1008503
HRR1465279,HRS1008504
HRR1465280,HRS1008505
HRR1465281,HRS1008506
HRR1465282,HRS1008507
HRR1465283,HRS1008508
HRR1465284,HRS1008509
HRR1465285,HRS1008510
HRR1465286,HRS1008511
HRR1465287,HRS1008512
HRR1465288,HRS1008513
HRR1465289,HRS1008514
HRR1465290,HRS1008515
HRR1465291,HRS1008516
HRR1465292,HRS1008517
HRR1465293,HRS1008518
HRR1465294,HRS1008519
HRR1465295,HRS1008520
HRR1465296,HRS1008521
HRR1465297,HRS1008522
HRR1465298,HRS1008523
HRR1465299,HRS1008524
HRR1465300,HRS1008525
HRR1465301,HRS1008526
HRR1465302,HRS1008527
HRR1465303,HRS1008528
HRR1465304,HRS1008529
HRR1465305,HRS1008530
HRR1465306,HRS1008531
HRR1465307,HRS1008532
HRR1465308,HRS1008533
HRR1465309,HRS1008534
HRR1465310,HRS1008535
HRR1465311,HRS1008536
HRR1465312,HRS1008537
HRR1465313,HRS1008538
HRR1465314,HRS1008539
HRR1465315,HRS1008540
HRR1465316,HRS1008541
HRR1465317,HRS1008542
HRR1465318,HRS1008543
HRR1465319,HRS1008544
HRR1465320,HRS1008545
HRR1465321,HRS1008546
HRR1465322,HRS1008547
HRR1465323,HRS1008548
HRR1465324,HRS1008549
HRR1465325,HRS1008550
HRR1465326,HRS1008551
HRR1465327,HRS1008552
HRR1465328,HRS1008553
HRR1465329,HRS1008554
HRR1465330,HRS1008555
HRR1465331,HRS1008556
HRR1465332,HRS1008557
HRR1465333,HRS1008558
HRR1465334,HRS1008559
HRR1465335,HRS1008560
HRR1465336,HRS1008561
HRR1465337,HRS1008562
HRR1465338,HRS1008563
HRR1465339,HRS1008564
HRR1465340,HRS1008565
HRR1465341,HRS1008566
HRR1465342,HRS1008567
HRR1465343,HRS1008568
HRR1465344,HRS1008569
HRR1465345,HRS1008570
HRR1465346,HRS1008571
HRR1465347,HRS1008572
HRR1465348,HRS1008573
HRR1465349,HRS1008574
HRR1465350,HRS1008575
HRR1465351,HRS1008576
HRR1465352,HRS1008577
HRR1465353,HRS1008578
HRR1465354,HRS1008579
HRR1465355,HRS1008580
HRR1465356,HRS1008581
HRR1465357,HRS1008582
HRR1465358,HRS1008583
HRR1465359,HRS1008584
HRR1465360,HRS1008585
HRR1465361,HRS1008586
HRR1465362,HRS1008587
HRR1465363,HRS1008588
HRR1465364,HRS1008589
HRR1465365,HRS1008590
HRR1465366,HRS1008591
HRR1465367,HRS1008592
HRR1465368,HRS1008593
HRR1465369,HRS1008594
HRR1465370,HRS1008595
HRR1465371,HRS1008596
HRR1465372,HRS1008597
HRR1465373,HRS1008598
HRR1465374,HRS1008599
HRR1465375,HRS1008600
HRR1465376,HRS1008601
HRR1465377,HRS1008602
HRR1465378,HRS1008603
HRR1465379,HRS1008604
HRR1465380,HRS1008605
HRR1465381,HRS1008606
HRR1465382,HRS1008607
HRR1465383,HRS1008608
HRR1465384,HRS1008609
HRR1465385,HRS1008610
HRR1465386,HRS1008611
HRR1465387,HRS1008612
HRR1465388,HRS1008613
HRR1465389,HRS1008614
HRR1465390,HRS1008615
HRR1465391,HRS1008616
HRR1465392,HRS1008617
HRR1465393,HRS1008618
HRR1465394,HRS1008619
HRR1465395,HRS1008620
HRR1465396,HRS1008621
HRR1465397,HRS1008622
HRR1465398,HRS1008623
HRR1465399,HRS1008624
HRR1465400,HRS1008625
HRR1465401,HRS1008626
HRR1465402,HRS1008627
HRR1465403,HRS1008628
HRR1465404,HRS1008629
HRR1465405,HRS1008630
HRR1465406,HRS1008631
HRR1465407,HRS1008632
HRR1465408,HRS1008633
HRR1465409,HRS1008634
HRR1465410,HRS1008635
HRR1465411,HRS1008636
HRR1465412,HRS1008637
HRR1465413,HRS1008638
HRR1465414,HRS1008639
HRR1465415,HRS1008640
HRR1465416,HRS1008641
HRR1465417,HRS1008642
HRR1465418,HRS1008643
HRR1465419,HRS1008644
HRR1465420,HRS1008645
HRR1465421,HRS1008646
HRR1465422,HRS1008647
HRR1465423,HRS1008648
HRR1465424,HRS1008649
HRR1465425,HRS1008650
HRR1465426,HRS1008651
HRR1465427,HRS1008652
HRR1465428,HRS1008653
HRR1465429,HRS1008654
HRR1465430,HRS1008655
HRR1465431,HRS1008656
HRR1465432,HRS1008657
HRR1465433,HRS1008658
HRR1465434,HRS1008659
HRR1465435,HRS1008660
HRR1465436,HRS1008661
HRR1465437,HRS1008662
HRR1465438,HRS1008663
HRR1465439,HRS1008664
HRR1465440,HRS1008665
HRR1465441,HRS1008666
HRR1465442,HRS1008667
HRR1465443,HRS1008668
HRR1465444,HRS1008669
HRR1465445,HRS1008670
HRR1465446,HRS1008671
HRR1465447,HRS1008672
HRR1465448,HRS1008673
HRR1465449,HRS1008674
HRR1465450,HRS1008675
HRR1465451,HRS1008676
HRR1465452,HRS1008677
HRR1465453,HRS1008678
HRR1465454,HRS1008679
HRR1465455,HRS1008680
HRR1465456,HRS1008681
HRR1465457,HRS1008682
HRR1465458,HRS1008683
HRR1465459,HRS1008684
HRR1465460,HRS1008685
HRR1465461,HRS1008686
HRR1465462,HRS1008687
HRR1465463,HRS1008688
HRR1465464,HRS1008689
HRR1465465,HRS1008690
HRR1465466,HRS1008691
HRR1465467,HRS1008692
HRR1465468,HRS1008693
HRR1465469,HRS1008694
HRR1465470,HRS1008695
HRR1465471,HRS1008696
HRR1465472,HRS1008697
HRR1465473,HRS1008698
HRR1465474,HRS1008699
HRR1465475,HRS1008700
HRR1465476,HRS1008701
HRR1465477,HRS1008702
HRR1465478,HRS1008703
HRR1465479,HRS1008704
HRR1465480,HRS1008705
HRR1465481,HRS1008706
HRR1465482,HRS1008707
HRR1465483,HRS1008708
HRR1465484,HRS1008709
HRR1465485,HRS1008710
HRR1465486,HRS1008711
HRR1465487,HRS1008712
HRR1465488,HRS1008713
HRR1465489,HRS1008714
HRR1465490,HRS1008715
HRR1465491,HRS1008716
HRR1465492,HRS1008717
HRR1465493,HRS1008718
HRR1465494,HRS1008719
HRR1472495,HRS1013982
HRR1472496,HRS1013983
HRR1472497,HRS1013984
HRR1472498,HRS1013985
HRR1472499,HRS1013986
HRR1472500,HRS1013987
HRR1472501,HRS1013988
HRR1472502,HRS1013989
HRR1472503,HRS1013990
HRR1472504,HRS1013991
HRR1472505,HRS1013992
HRR1472506,HRS1013993
HRR1472507,HRS1013994
HRR1472508,HRS1013995
HRR1472509,HRS1013996
HRR1472510,HRS1013997
HRR1472511,HRS1013998
HRR1472512,HRS1013999
HRR1472513,HRS1014000
HRR1472514,HRS1014001
HRR1472515,HRS1014002
HRR1472516,HRS1014003
HRR1472517,HRS1014004
HRR1472518,HRS1014005
HRR1472519,HRS1014006
HRR1472520,HRS1014007
HRR1472521,HRS1014008
HRR1472522,HRS1014009
HRR1472523,HRS1014010
HRR1472524,HRS1014011
HRR1472525,HRS1014012
HRR1472526,HRS1014013
HRR1472527,HRS1014014
HRR1472528,HRS1014015
HRR1472529,HRS1014016
HRR1472530,HRS1014017
HRR1472531,HRS1014018
HRR1472532,HRS1014019
HRR1472533,HRS1014020
HRR1472534,HRS1014021
HRR1472535,HRS1014022
HRR1472536,HRS1014023
HRR1472537,HRS1014024
HRR1472538,HRS1014025
HRR1472539,HRS1014026
HRR1472540,HRS1014027
HRR1472541,HRS1014028
HRR1472542,HRS1014029
HRR1472543,HRS1014030
HRR1472544,HRS1014031
HRR1472545,HRS1014032
HRR1472546,HRS1014033
HRR1472547,HRS1014034
HRR1472548,HRS1014035
HRR1472549,HRS1014036
HRR1472550,HRS1014037
HRR1472551,HRS1014038
HRR1472552,HRS1014039
HRR1472553,HRS1014040
HRR1472554,HRS1014041
HRR1472555,HRS1014042
HRR1472556,HRS1014043
HRR1472557,HRS1014044
HRR1472558,HRS1014045
HRR1472559,HRS1014046
HRR1472560,HRS1014047
HRR1472561,HRS1014048
HRR1472562,HRS1014049
HRR1472563,HRS1014050
HRR1472564,HRS1014051
HRR1472565,HRS1014052
HRR1472566,HRS1014053
HRR1472567,HRS1014054
HRR1472568,HRS1014055
HRR1472569,HRS1014056
HRR1472570,HRS1014057
HRR1472571,HRS1014058
HRR1472572,HRS1014059
HRR1472573,HRS1014060
HRR1472574,HRS1014061
HRR1472575,HRS1014062
HRR1472576,HRS1014063
HRR1472577,HRS1014064
HRR1472578,HRS1014065
HRR1472579,HRS1014066
HRR1472580,HRS1014067
HRR1472581,HRS1014068
HRR1472582,HRS1014069
HRR1472583,HRS1014070
HRR1472584,HRS1014071
HRR1472585,HRS1014072
HRR1472586,HRS1014073
HRR1472587,HRS1014074
HRR1472588,HRS1014075
HRR1472589,HRS1014076
HRR1472590,HRS1014077
HRR1472591,HRS1014078
HRR1472592,HRS1014079
HRR1472593,HRS1014080
HRR1472594,HRS1014081
HRR1472595,HRS1014082
HRR1472596,HRS1014083
HRR1472597,HRS1014084
HRR1472598,HRS1014085
HRR1472599,HRS1014086
HRR1472600,HRS1014087
HRR1472601,HRS1014088
HRR1472602,HRS1014089
HRR1472603,HRS1014090
HRR1472604,HRS1014091
HRR1472605,HRS1014092
HRR1472606,HRS1014093
HRR1472607,HRS1014094
HRR1472608,HRS1014095
HRR1472609,HRS1014096
HRR1472610,HRS1014097
HRR1472611,HRS1014098
HRR1472612,HRS1014099
HRR1472613,HRS1014100
HRR1472614,HRS1014101
HRR1472615,HRS1014102
HRR1472616,HRS1014103
HRR1472617,HRS1014104
HRR1472618,HRS1014105
HRR1472619,HRS1014106
HRR1472620,HRS1014107
HRR1472621,HRS1014108
HRR1472622,HRS1014109
HRR1494221,HRS1029912
HRR1494222,HRS1029913
HRR1493845,HRS1029914
HRR1493846,HRS1029915
HRR1493847,HRS1029916
HRR1493848,HRS1029917
HRR1493849,HRS1029918
HRR1493850,HRS1029919
HRR1493851,HRS1029920
HRR1493852,HRS1029921
HRR1494223,HRS1029921
HRR1493853,HRS1029922
HRR1494224,HRS1029922
HRR1493854,HRS1029923
HRR1494225,HRS1029923
HRR1493855,HRS1029924
HRR1494226,HRS1029924
HRR1493856,HRS1029925
HRR1494227,HRS1029925
HRR1493857,HRS1029926
HRR1494228,HRS1029926
HRR1493861,HRS1029927
HRR1494229,HRS1029927
HRR1493860,HRS1029928
HRR1494230,HRS1029928
HRR1494231,HRS1029929
HRR1493858,HRS1029930
HRR1494232,HRS1029930
HRR1493859,HRS1029931
HRR1494233,HRS1029931
HRR1494234,HRS1029932
HRR1493862,HRS1029933
HRR1494235,HRS1029933
HRR1493863,HRS1029934
HRR1493864,HRS1029935
HRR1493865,HRS1029936
HRR1493866,HRS1029937
HRR1493867,HRS1029938
HRR1493868,HRS1029939
HRR1493869,HRS1029940
HRR1493870,HRS1029941
HRR1493871,HRS1029942
HRR1493872,HRS1029943
HRR1493874,HRS1029944
HRR1494236,HRS1029944
HRR1493877,HRS1029945
HRR1494237,HRS1029945
HRR1493875,HRS1029946
HRR1494238,HRS1029946
HRR1493878,HRS1029947
HRR1494239,HRS1029947
HRR1493873,HRS1029948
HRR1493876,HRS1029949
HRR1493879,HRS1029950
HRR1494240,HRS1029951
HRR1494241,HRS1029952
HRR1493882,HRS1029953
HRR1494242,HRS1029953
HRR1493883,HRS1029954
HRR1494243,HRS1029954
HRR1493880,HRS1029955
HRR1494244,HRS1029955
HRR1493881,HRS1029956
HRR1494245,HRS1029956
HRR1493886,HRS1029957
HRR1494246,HRS1029957
HRR1493887,HRS1029958
HRR1494247,HRS1029958
HRR1493884,HRS1029959
HRR1494248,HRS1029959
HRR1493885,HRS1029960
HRR1494249,HRS1029960
HRR1493888,HRS1029961
HRR1493889,HRS1029962
HRR1494250,HRS1029962
HRR1493890,HRS1029963
HRR1494251,HRS1029963
HRR1493891,HRS1029964
HRR1493894,HRS1029965
HRR1494252,HRS1029965
HRR1493895,HRS1029966
HRR1494253,HRS1029966
HRR1493898,HRS1029967
HRR1494254,HRS1029967
HRR1493892,HRS1029968
HRR1493893,HRS1029969
HRR1493896,HRS1029970
HRR1493897,HRS1029971
HRR1493899,HRS1029972
HRR1493900,HRS1029973
HRR1493901,HRS1029974
HRR1493902,HRS1029975
HRR1493903,HRS1029976
HRR1493905,HRS1029977
HRR1494255,HRS1029977
HRR1493906,HRS1029978
HRR1494256,HRS1029978
HRR1493907,HRS1029979
HRR1494257,HRS1029979
HRR1493908,HRS1029980
HRR1494258,HRS1029980
HRR1493909,HRS1029981
HRR1494259,HRS1029981
HRR1493910,HRS1029982
HRR1494260,HRS1029982
HRR1493904,HRS1029983
HRR1493912,HRS1029984
HRR1494261,HRS1029984
HRR1493913,HRS1029985
HRR1494262,HRS1029985
HRR1493914,HRS1029986
HRR1494263,HRS1029986
HRR1493915,HRS1029987
HRR1494264,HRS1029987
HRR1493916,HRS1029988
HRR1494265,HRS1029988
HRR1493917,HRS1029989
HRR1494266,HRS1029989
HRR1493911,HRS1029990
HRR1493919,HRS1029991
HRR1494267,HRS1029991
HRR1493920,HRS1029992
HRR1494268,HRS1029992
HRR1493921,HRS1029993
HRR1494269,HRS1029993
HRR1493922,HRS1029994
HRR1494270,HRS1029994
HRR1493923,HRS1029995
HRR1494271,HRS1029995
HRR1493924,HRS1029996
HRR1494272,HRS1029996
HRR1493918,HRS1029997
HRR1494273,HRS1029998
HRR1494274,HRS1029999
HRR1493926,HRS1030000
HRR1494275,HRS1030000
HRR1493927,HRS1030001
HRR1494276,HRS1030001
HRR1493928,HRS1030002
HRR1494277,HRS1030002
HRR1493929,HRS1030003
HRR1494278,HRS1030003
HRR1493930,HRS1030004
HRR1494279,HRS1030004
HRR1493931,HRS1030005
HRR1494280,HRS1030005
HRR1493932,HRS1030006
HRR1494281,HRS1030006
HRR1493933,HRS1030007
HRR1494282,HRS1030007
HRR1493925,HRS1030008
HRR1493935,HRS1030009
HRR1494283,HRS1030009
HRR1493936,HRS1030010
HRR1494284,HRS1030010
HRR1493937,HRS1030011
HRR1494285,HRS1030011
HRR1493938,HRS1030012
HRR1494286,HRS1030012
HRR1493939,HRS1030013
HRR1494287,HRS1030013
HRR1493940,HRS1030014
HRR1494288,HRS1030014
HRR1493934,HRS1030015
HRR1494289,HRS1030016
HRR1493942,HRS1030017
HRR1494290,HRS1030017
HRR1493943,HRS1030018
HRR1494291,HRS1030018
HRR1493941,HRS1030019
HRR1494292,HRS1030020
HRR1494293,HRS1030021
HRR1493945,HRS1030022
HRR1494294,HRS1030022
HRR1493946,HRS1030023
HRR1494295,HRS1030023
HRR1493947,HRS1030024
HRR1494296,HRS1030024
HRR1493948,HRS1030025
HRR1494297,HRS1030025
HRR1493944,HRS1030026
HRR1494298,HRS1030027
HRR1494299,HRS1030028
HRR1493950,HRS1030029
HRR1494300,HRS1030029
HRR1493951,HRS1030030
HRR1494301,HRS1030030
HRR1493952,HRS1030031
HRR1494302,HRS1030031
HRR1493953,HRS1030032
HRR1494303,HRS1030032
HRR1493954,HRS1030033
HRR1494304,HRS1030033
HRR1493955,HRS1030034
HRR1494305,HRS1030034
HRR1493949,HRS1030035
HRR1493960,HRS1030036
HRR1494306,HRS1030036
HRR1493958,HRS1030037
HRR1494307,HRS1030037
HRR1493961,HRS1030038
HRR1494308,HRS1030038
HRR1493956,HRS1030039
HRR1493957,HRS1030040
HRR1493959,HRS1030041
HRR1493962,HRS1030042
HRR1493964,HRS1030043
HRR1494309,HRS1030043
HRR1493965,HRS1030044
HRR1494310,HRS1030044
HRR1493967,HRS1030045
HRR1494311,HRS1030045
HRR1493968,HRS1030046
HRR1494312,HRS1030046
HRR1493963,HRS1030047
HRR1494313,HRS1030047
HRR1493966,HRS1030048
HRR1494314,HRS1030048
HRR1493969,HRS1030049
HRR1493970,HRS1030050
HRR1494315,HRS1030050
HRR1493971,HRS1030051
HRR1494316,HRS1030051
HRR1493972,HRS1030052
HRR1494317,HRS1030052
HRR1493973,HRS1030053
HRR1494318,HRS1030053
HRR1493974,HRS1030054
HRR1494319,HRS1030054
HRR1493975,HRS1030055
HRR1494320,HRS1030055
HRR1493976,HRS1030056
HRR1494321,HRS1030056
HRR1493977,HRS1030057
HRR1494322,HRS1030057
HRR1493978,HRS1030058
HRR1493979,HRS1030059
HRR1494323,HRS1030059
HRR1493980,HRS1030060
HRR1494324,HRS1030060
HRR1493981,HRS1030061
HRR1494325,HRS1030061
HRR1493982,HRS1030062
HRR1494326,HRS1030062
HRR1493983,HRS1030063
HRR1494327,HRS1030063
HRR1493984,HRS1030064
HRR1494328,HRS1030064
HRR1493985,HRS1030065
HRR1494329,HRS1030065
HRR1493986,HRS1030066
HRR1494330,HRS1030066
HRR1493987,HRS1030067
HRR1493988,HRS1030068
HRR1494331,HRS1030068
HRR1493989,HRS1030069
HRR1494332,HRS1030069
HRR1493991,HRS1030070
HRR1494333,HRS1030070
HRR1493992,HRS1030071
HRR1494334,HRS1030071
HRR1493993,HRS1030072
HRR1494335,HRS1030072
HRR1493990,HRS1030073
HRR1494336,HRS1030073
HRR1493994,HRS1030074
HRR1493995,HRS1030075
HRR1494337,HRS1030075
HRR1493996,HRS1030076
HRR1494338,HRS1030076
HRR1493997,HRS1030077
HRR1494339,HRS1030077
HRR1493998,HRS1030078
HRR1494340,HRS1030078
HRR1493999,HRS1030079
HRR1494341,HRS1030079
HRR1494000,HRS1030080
HRR1494342,HRS1030080
HRR1494001,HRS1030081
HRR1494002,HRS1030082
HRR1494343,HRS1030082
HRR1494004,HRS1030083
HRR1494344,HRS1030083
HRR1494003,HRS1030084
HRR1494345,HRS1030084
HRR1494005,HRS1030085
HRR1494346,HRS1030085
HRR1494006,HRS1030086
HRR1494347,HRS1030087
HRR1494348,HRS1030088
HRR1494007,HRS1030089
HRR1494349,HRS1030089
HRR1494008,HRS1030090
HRR1494350,HRS1030090
HRR1494009,HRS1030091
HRR1494351,HRS1030091
HRR1494010,HRS1030092
HRR1494352,HRS1030092
HRR1494011,HRS1030093
HRR1494353,HRS1030093
HRR1494012,HRS1030094
HRR1494354,HRS1030094
HRR1494013,HRS1030095
HRR1494355,HRS1030095
HRR1494014,HRS1030096
HRR1494356,HRS1030096
HRR1494015,HRS1030097
HRR1494357,HRS1030097
HRR1494016,HRS1030098
HRR1494358,HRS1030098
HRR1494017,HRS1030099
HRR1494359,HRS1030100
HRR1494360,HRS1030101
HRR1494018,HRS1030102
HRR1494361,HRS1030102
HRR1494019,HRS1030103
HRR1494362,HRS1030103
HRR1494020,HRS1030104
HRR1494363,HRS1030104
HRR1494021,HRS1030105
HRR1494364,HRS1030105
HRR1494022,HRS1030106
HRR1494365,HRS1030106
HRR1494023,HRS1030107
HRR1494366,HRS1030107
HRR1494024,HRS1030108
HRR1494367,HRS1030108
HRR1494025,HRS1030109
HRR1494368,HRS1030109
HRR1494026,HRS1030110
HRR1494369,HRS1030110
HRR1494027,HRS1030111
HRR1494370,HRS1030111
HRR1494028,HRS1030112
HRR1494371,HRS1030113
HRR1494372,HRS1030114
HRR1494029,HRS1030115
HRR1494373,HRS1030115
HRR1494030,HRS1030116
HRR1494374,HRS1030116
HRR1494031,HRS1030117
HRR1494375,HRS1030117
HRR1494032,HRS1030118
HRR1494376,HRS1030118
HRR1494033,HRS1030119
HRR1494377,HRS1030119
HRR1494034,HRS1030120
HRR1494378,HRS1030120
HRR1494035,HRS1030121
HRR1494036,HRS1030122
HRR1494379,HRS1030122
HRR1494039,HRS1030123
HRR1494380,HRS1030123
HRR1494041,HRS1030124
HRR1494381,HRS1030124
HRR1494044,HRS1030125
HRR1494382,HRS1030125
HRR1494037,HRS1030126
HRR1494038,HRS1030127
HRR1494040,HRS1030128
HRR1494042,HRS1030129
HRR1494043,HRS1030130
HRR1494383,HRS1030131
HRR1494045,HRS1030132
HRR1494384,HRS1030132
HRR1494046,HRS1030133
HRR1494047,HRS1030134
HRR1494048,HRS1030135
HRR1494049,HRS1030136
HRR1494050,HRS1030137
HRR1494051,HRS1030138
HRR1494052,HRS1030139
HRR1494053,HRS1030140
HRR1494054,HRS1030141
HRR1494055,HRS1030142
HRR1494056,HRS1030143
HRR1494057,HRS1030144
HRR1494058,HRS1030145
HRR1494059,HRS1030146
HRR1494060,HRS1030147
HRR1494385,HRS1030148
HRR1494386,HRS1030149
HRR1494061,HRS1030150
HRR1494387,HRS1030150
HRR1494062,HRS1030151
HRR1494388,HRS1030151
HRR1494063,HRS1030152
HRR1494389,HRS1030153
HRR1494064,HRS1030154
HRR1494390,HRS1030154
HRR1494065,HRS1030155
HRR1494391,HRS1030155
HRR1494066,HRS1030156
HRR1494392,HRS1030156
HRR1494067,HRS1030157
HRR1494393,HRS1030157
HRR1494068,HRS1030158
HRR1494394,HRS1030159
HRR1494395,HRS1030160
HRR1494070,HRS1030161
HRR1494396,HRS1030161
HRR1494071,HRS1030162
HRR1494397,HRS1030162
HRR1494072,HRS1030163
HRR1494398,HRS1030163
HRR1494073,HRS1030164
HRR1494399,HRS1030164
HRR1494069,HRS1030165
HRR1494400,HRS1030166
HRR1494401,HRS1030167
HRR1494075,HRS1030168
HRR1494402,HRS1030168
HRR1494076,HRS1030169
HRR1494403,HRS1030169
HRR1494077,HRS1030170
HRR1494404,HRS1030170
HRR1494078,HRS1030171
HRR1494405,HRS1030171
HRR1494079,HRS1030172
HRR1494406,HRS1030172
HRR1494080,HRS1030173
HRR1494407,HRS1030173
HRR1494074,HRS1030174
HRR1494082,HRS1030175
HRR1494408,HRS1030175
HRR1494083,HRS1030176
HRR1494409,HRS1030176
HRR1494081,HRS1030177
HRR1494084,HRS1030178
HRR1494085,HRS1030179
HRR1494086,HRS1030180
HRR1494087,HRS1030181
HRR1494088,HRS1030182
HRR1494410,HRS1030183
HRR1494411,HRS1030184
HRR1494412,HRS1030185
HRR1494413,HRS1030186
HRR1494414,HRS1030187
HRR1494415,HRS1030188
HRR1494416,HRS1030189
HRR1494417,HRS1030190
HRR1494418,HRS1030191
HRR1494419,HRS1030192
HRR1494089,HRS1030193
HRR1494420,HRS1030193
HRR1494091,HRS1030194
HRR1494421,HRS1030194
HRR1494090,HRS1030195
HRR1494422,HRS1030195
HRR1494092,HRS1030196
HRR1494423,HRS1030196
HRR1494093,HRS1030197
HRR1494424,HRS1030198
HRR1494425,HRS1030199
HRR1494426,HRS1030200
HRR1494427,HRS1030201
HRR1494428,HRS1030202
HRR1494429,HRS1030203
HRR1494430,HRS1030204
HRR1494431,HRS1030205
HRR1494432,HRS1030206
HRR1494433,HRS1030207
HRR1494434,HRS1030208
HRR1494435,HRS1030209
HRR1494436,HRS1030210
HRR1494437,HRS1030211
HRR1494438,HRS1030212
HRR1494439,HRS1030213
HRR1494440,HRS1030214
HRR1494441,HRS1030215
HRR1494442,HRS1030216
HRR1494443,HRS1030217
HRR1494444,HRS1030218
HRR1494445,HRS1030219
HRR1494446,HRS1030220
HRR1494094,HRS1030221
HRR1494447,HRS1030221
HRR1494095,HRS1030222
HRR1494448,HRS1030222
HRR1494096,HRS1030223
HRR1494449,HRS1030223
HRR1494097,HRS1030224
HRR1494450,HRS1030224
HRR1494098,HRS1030225
HRR1494451,HRS1030225
HRR1494099,HRS1030226
HRR1494452,HRS1030226
HRR1494100,HRS1030227
HRR1494453,HRS1030228
HRR1494454,HRS1030229
HRR1494455,HRS1030230
HRR1494101,HRS1030231
HRR1494456,HRS1030231
HRR1494102,HRS1030232
HRR1494457,HRS1030232
HRR1494103,HRS1030233
HRR1494458,HRS1030233
HRR1494104,HRS1030234
HRR1494459,HRS1030235
HRR1494460,HRS1030236
HRR1494461,HRS1030237
HRR1494462,HRS1030238
HRR1494463,HRS1030239
HRR1494464,HRS1030240
HRR1494465,HRS1030241
HRR1494466,HRS1030242
HRR1494467,HRS1030243
HRR1494468,HRS1030244
HRR1494469,HRS1030245
HRR1494470,HRS1030246
HRR1494105,HRS1030247
HRR1494471,HRS1030247
HRR1494106,HRS1030248
HRR1494472,HRS1030248
HRR1494107,HRS1030249
HRR1494473,HRS1030249
HRR1494108,HRS1030250
HRR1494474,HRS1030251
HRR1494475,HRS1030252
HRR1494476,HRS1030253
HRR1494109,HRS1030254
HRR1494477,HRS1030254
HRR1494110,HRS1030255
HRR1494478,HRS1030255
HRR1494111,HRS1030256
HRR1494479,HRS1030256
HRR1494112,HRS1030257
HRR1494480,HRS1030257
HRR1494113,HRS1030258
HRR1494481,HRS1030258
HRR1494114,HRS1030259
HRR1494482,HRS1030259
HRR1494115,HRS1030260
HRR1494483,HRS1030260
HRR1494116,HRS1030261
HRR1494484,HRS1030261
HRR1494117,HRS1030262
HRR1494485,HRS1030262
HRR1494118,HRS1030263
HRR1494486,HRS1030264
HRR1494487,HRS1030265
HRR1494488,HRS1030266
HRR1494489,HRS1030267
HRR1494490,HRS1030268
HRR1494491,HRS1030269
HRR1494492,HRS1030270
HRR1494493,HRS1030271
HRR1494494,HRS1030272
HRR1494495,HRS1030273
HRR1494496,HRS1030274
HRR1494497,HRS1030275
HRR1494498,HRS1030276
HRR1494499,HRS1030277
HRR1494500,HRS1030278
HRR1494501,HRS1030279
HRR1494502,HRS1030280
HRR1494503,HRS1030281
HRR1494504,HRS1030282
HRR1494505,HRS1030283
HRR1494506,HRS1030284
HRR1494507,HRS1030285
HRR1494508,HRS1030286
HRR1494509,HRS1030287
HRR1494119,HRS1030288
HRR1494510,HRS1030288
HRR1494120,HRS1030289
HRR1494511,HRS1030289
HRR1494121,HRS1030290
HRR1494512,HRS1030290
HRR1494122,HRS1030291
HRR1494513,HRS1030292
HRR1494514,HRS1030293
HRR1494515,HRS1030294
HRR1494123,HRS1030295
HRR1494516,HRS1030295
HRR1494124,HRS1030296
HRR1494517,HRS1030296
HRR1494125,HRS1030297
HRR1494518,HRS1030297
HRR1494126,HRS1030298
HRR1494519,HRS1030299
HRR1494520,HRS1030300
HRR1494521,HRS1030301
HRR1494127,HRS1030302
HRR1494522,HRS1030302
HRR1494128,HRS1030303
HRR1494523,HRS1030303
HRR1494129,HRS1030304
HRR1494524,HRS1030304
HRR1494130,HRS1030305
HRR1494525,HRS1030306
HRR1494526,HRS1030307
HRR1494527,HRS1030308
HRR1494131,HRS1030309
HRR1494132,HRS1030310
HRR1494133,HRS1030311
HRR1494134,HRS1030312
HRR1494528,HRS1030313
HRR1494529,HRS1030314
HRR1494135,HRS1030315
HRR1494136,HRS1030316
HRR1494137,HRS1030317
HRR1494138,HRS1030318
HRR1494139,HRS1030319
HRR1494140,HRS1030320
HRR1494141,HRS1030321
HRR1494142,HRS1030322
HRR1494143,HRS1030323
HRR1494530,HRS1030324
HRR1494144,HRS1030325
HRR1494145,HRS1030326
HRR1494146,HRS1030327
HRR1494147,HRS1030328
HRR1494531,HRS1030329
HRR1494149,HRS1030330
HRR1494532,HRS1030330
HRR1494150,HRS1030331
HRR1494533,HRS1030331
HRR1494151,HRS1030332
HRR1494534,HRS1030332
HRR1494148,HRS1030333
HRR1494535,HRS1030334
HRR1494153,HRS1030335
HRR1494536,HRS1030335
HRR1494152,HRS1030336
HRR1494155,HRS1030337
HRR1494537,HRS1030337
HRR1494154,HRS1030338
HRR1494157,HRS1030339
HRR1494538,HRS1030339
HRR1494156,HRS1030340
HRR1494158,HRS1030341
HRR1494539,HRS1030341
HRR1494159,HRS1030342
HRR1494160,HRS1030343
HRR1494540,HRS1030343
HRR1494161,HRS1030344
HRR1494162,HRS1030345
HRR1494541,HRS1030345
HRR1494163,HRS1030346
HRR1494165,HRS1030347
HRR1494542,HRS1030347
HRR1494164,HRS1030348
HRR1494166,HRS1030349
HRR1494543,HRS1030349
HRR1494167,HRS1030350
HRR1494168,HRS1030351
HRR1494544,HRS1030351
HRR1494169,HRS1030352
HRR1494170,HRS1030353
HRR1494545,HRS1030353
HRR1494171,HRS1030354
HRR1494172,HRS1030355
HRR1494546,HRS1030355
HRR1494173,HRS1030356
HRR1494175,HRS1030357
HRR1494547,HRS1030357
HRR1494174,HRS1030358
HRR1494176,HRS1030359
HRR1494548,HRS1030359
HRR1494177,HRS1030360
HRR1494179,HRS1030361
HRR1494549,HRS1030361
HRR1494180,HRS1030362
HRR1494550,HRS1030362
HRR1494181,HRS1030363
HRR1494551,HRS1030363
HRR1494178,HRS1030364
HRR1494183,HRS1030365
HRR1494552,HRS1030365
HRR1494184,HRS1030366
HRR1494553,HRS1030366
HRR1494185,HRS1030367
HRR1494554,HRS1030367
HRR1494182,HRS1030368
HRR1494186,HRS1030369
HRR1494555,HRS1030369
HRR1494187,HRS1030370
HRR1494556,HRS1030370
HRR1494188,HRS1030371
HRR1494557,HRS1030371
HRR1494190,HRS1030372
HRR1494558,HRS1030372
HRR1494191,HRS1030373
HRR1494559,HRS1030373
HRR1494192,HRS1030374
HRR1494560,HRS1030374
HRR1494189,HRS1030375
HRR1494194,HRS1030376
HRR1494561,HRS1030376
HRR1494195,HRS1030377
HRR1494562,HRS1030377
HRR1494196,HRS1030378
HRR1494563,HRS1030378
HRR1494193,HRS1030379
HRR1494197,HRS1030380
HRR1494564,HRS1030380
HRR1494198,HRS1030381
HRR1494199,HRS1030382
HRR1494565,HRS1030382
HRR1494200,HRS1030383
HRR1494201,HRS1030384
HRR1494566,HRS1030384
HRR1494202,HRS1030385
HRR1494204,HRS1030386
HRR1494567,HRS1030386
HRR1494203,HRS1030387
HRR1494205,HRS1030388
HRR1494568,HRS1030388
HRR1494206,HRS1030389
HRR1494569,HRS1030389
HRR1494207,HRS1030390
HRR1494570,HRS1030390
HRR1494208,HRS1030391
HRR1494571,HRS1030391
HRR1494209,HRS1030392
HRR1494210,HRS1030393
HRR1494572,HRS1030393
HRR1494573,HRS1030394
HRR1494574,HRS1030395
HRR1494575,HRS1030396
HRR1494576,HRS1030397
HRR1494577,HRS1030398
HRR1494578,HRS1030399
HRR1494579,HRS1030400
HRR1494580,HRS1030401
HRR1494581,HRS1030402
HRR1494582,HRS1030403
HRR1494583,HRS1030404
HRR1494584,HRS1030405
HRR1494585,HRS1030406
HRR1494586,HRS1030407
HRR1494587,HRS1030408
HRR1494588,HRS1030409
HRR1494589,HRS1030410
HRR1494590,HRS1030411
HRR1494591,HRS1030412
HRR1494592,HRS1030413
HRR1494593,HRS1030414
HRR1494594,HRS1030415
HRR1494595,HRS1030416
HRR1494596,HRS1030417
HRR1494597,HRS1030418
HRR1494598,HRS1030419
HRR1494211,HRS1030420
HRR1494599,HRS1030420
HRR1494600,HRS1030421
HRR1494212,HRS1030422
HRR1494213,HRS1030423
HRR1494601,HRS1030424
HRR1494214,HRS1030425
HRR1494602,HRS1030425
HRR1494215,HRS1030426
HRR1494216,HRS1030427
HRR1494217,HRS1030428
HRR1494603,HRS1030428
HRR1494604,HRS1030429
HRR1494218,HRS1030430
HRR1494605,HRS1030430
HRR1494606,HRS1030431
HRR1494607,HRS1030432
HRR1494219,HRS1030433
HRR1494220,HRS1030434
HRR1725000,HRS1217810
HRR1725001,HRS1217811
HRR1725002,HRS1217812
HRR1725003,HRS1217813
HRR1725004,HRS1217814
HRR1725005,HRS1217815
HRR1725006,HRS1217816
HRR1725007,HRS1217817
HRR1725008,HRS1217818
HRR1725009,HRS1217819
HRR1725010,HRS1217820
HRR1725011,HRS1217821
HRR1725012,HRS1217822
HRR1725013,HRS1217823
HRR1725014,HRS1217824
HRR1725015,HRS1217825
HRR1725016,HRS1217826
HRR1725017,HRS1217827
HRR1725018,HRS1217828
HRR1725019,HRS1217829
HRR1725020,HRS1217830
HRR1725021,HRS1217831
HRR1725022,HRS1217832
HRR1725023,HRS1217833
HRR1725024,HRS1217834
HRR1725025,HRS1217835
HRR1725026,HRS1217836
HRR1725027,HRS1217837
HRR1725028,HRS1217838
HRR1725029,HRS1217839
HRR1725030,HRS1217840
HRR1725031,HRS1217841
HRR1725032,HRS1217842
HRR1725033,HRS1217843
HRR1725034,HRS1217844
HRR1725035,HRS1217845
HRR1725036,HRS1217846
HRR1725037,HRS1217847
HRR1725038,HRS1217848
HRR1725039,HRS1217849
HRR1725040,HRS1217850
HRR1725041,HRS1217851
HRR1725042,HRS1217852
HRR1725043,HRS1217853
HRR1725044,HRS1217854
HRR1725045,HRS1217855
HRR1725046,HRS1217856
HRR1725047,HRS1217857
HRR1725048,HRS1217858
HRR1725049,HRS1217859
HRR1725050,HRS1217860
HRR1725051,HRS1217861
HRR1725052,HRS1217862
HRR1725053,HRS1217863
HRR1725054,HRS1217864
HRR1725055,HRS1217865
HRR1725056,HRS1217866
HRR1725057,HRS1217867
HRR1725058,HRS1217868
HRR1725059,HRS1217869
HRR1725060,HRS1217870
HRR1725061,HRS1217871
HRR1725062,HRS1217872
HRR1725063,HRS1217873
HRR1725064,HRS1217874
HRR1725065,HRS1217875
HRR1725066,HRS1217876
HRR1725067,HRS1217877
HRR1725068,HRS1217878
HRR1725069,HRS1217879
HRR1725070,HRS1217880
HRR1725071,HRS1217881
HRR1725072,HRS1217882
HRR1725073,HRS1217883
HRR1725074,HRS1217884
HRR1725075,HRS1217885
HRR1725076,HRS1217886
HRR1725077,HRS1217887
HRR1725078,HRS1217888
HRR1725079,HRS1217889
HRR1725080,HRS1217890
HRR1725087,HRS1217894
HRR1725088,HRS1217895
HRR1725089,HRS1217896
HRR1725090,HRS1217897
HRR1725091,HRS1217898
HRR1725092,HRS1217899
HRR1725093,HRS1217900
HRR1725094,HRS1217901
HRR1725095,HRS1217902
HRR1725096,HRS1217903
HRR1725097,HRS1217904
HRR1725098,HRS1217905
HRR1725099,HRS1217906
HRR1725100,HRS1217907
HRR1725101,HRS1217908
HRR1725102,HRS1217909
HRR1725103,HRS1217910
HRR1725104,HRS1217911
HRR1725105,HRS1217912
HRR1725106,HRS1217913
HRR1725107,HRS1217914
HRR1725108,HRS1217915
HRR1725109,HRS1217916
HRR1725110,HRS1217917
HRR1725111,HRS1217918
HRR1725112,HRS1217919
HRR1725113,HRS1217920
HRR1725114,HRS1217921
HRR1725115,HRS1217922
HRR1725116,HRS1217923
HRR1725117,HRS1217924
HRR1725118,HRS1217925
HRR1725119,HRS1217926
HRR1725120,HRS1217927
HRR1725121,HRS1217928
HRR1725122,HRS1217929
HRR1725123,HRS1217930
HRR1725124,HRS1217931
HRR1725125,HRS1217932
HRR1725126,HRS1217933
HRR1725127,HRS1217934
HRR1725128,HRS1217935
HRR1725129,HRS1217936
HRR1725130,HRS1217937
HRR1725131,HRS1217938
HRR1725132,HRS1217939
HRR1725133,HRS1217940
HRR1725134,HRS1217941
HRR1725135,HRS1217942
HRR1725136,HRS1217943
HRR1725137,HRS1217944
HRR1725138,HRS1217945
HRR1725139,HRS1217946
HRR1725140,HRS1217947
HRR1725141,HRS1217948
HRR1725142,HRS1217949
HRR1725143,HRS1217950
HRR1725144,HRS1217951
HRR1725145,HRS1217952
HRR1725146,HRS1217953
HRR1725147,HRS1217954
HRR1725148,HRS1217955
HRR1725149,HRS1217956
HRR1725150,HRS1217957
HRR1725151,HRS1217958
HRR1725152,HRS1217959
HRR1725153,HRS1217960
HRR1725154,HRS1217961
HRR1725155,HRS1217962
HRR1725156,HRS1217963
HRR1725157,HRS1217964
HRR1725158,HRS1217965
HRR1725159,HRS1217966
HRR1725160,HRS1217967
HRR1725161,HRS1217968
HRR1725162,HRS1217969
HRR1725163,HRS1217970
HRR1725164,HRS1217971
HRR1725165,HRS1217972
HRR1725166,HRS1217973
HRR1725167,HRS1217974
HRR1725168,HRS1217975
HRR1725169,HRS1217976
HRR1725170,HRS1217977
HRR1725171,HRS1217978
HRR1725172,HRS1217979
HRR1725173,HRS1217980
HRR1725174,HRS1217981
HRR1725175,HRS1217982
HRR1725176,HRS1217983
HRR1725177,HRS1217984
HRR1725178,HRS1217985
HRR1725179,HRS1217986
HRR1725180,HRS1217987
HRR1725181,HRS1217988
HRR1725182,HRS1217989
HRR1725183,HRS1217990
HRR1725184,HRS1217991
HRR1725185,HRS1217992
HRR1725186,HRS1217993
HRR1725187,HRS1217994
HRR1725188,HRS1217995
HRR1725189,HRS1217996
HRR1725190,HRS1217997
HRR1725191,HRS1217998
HRR1725192,HRS1217999
HRR1725193,HRS1218000
HRR1725194,HRS1218001
HRR1725195,HRS1218002
HRR1725196,HRS1218003
HRR1725197,HRS1218004
HRR1725198,HRS1218005
HRR1725199,HRS1218006
HRR1725200,HRS1218007
HRR1725201,HRS1218008
HRR1725202,HRS1218009
HRR1725203,HRS1218010
HRR1725204,HRS1218011
HRR1725205,HRS1218012
HRR1725206,HRS1218013
HRR1725207,HRS1218014
HRR1725208,HRS1218015
HRR1725209,HRS1218016
HRR1725210,HRS1218017
HRR1725211,HRS1218018
HRR1725212,HRS1218019
HRR1725213,HRS1218020
HRR1725214,HRS1218021
HRR1725215,HRS1218022
HRR1725216,HRS1218023
HRR1725217,HRS1218024
HRR1725218,HRS1218025
HRR1725219,HRS1218026
HRR1725220,HRS1218027
HRR1725221,HRS1218028
HRR1725222,HRS1218029
HRR1725223,HRS1218030
HRR1725224,HRS1218031
HRR1725225,HRS1218032
HRR1725226,HRS1218033
HRR1725227,HRS1218034
HRR1725228,HRS1218035
HRR1725229,HRS1218036
HRR1725230,HRS1218037
HRR1725231,HRS1218038
HRR1725232,HRS1218039
HRR1725233,HRS1218040
HRR1725234,HRS1218041
HRR1725235,HRS1218042
HRR1725236,HRS1218043
HRR1725237,HRS1218044
HRR1725238,HRS1218045
HRR1725239,HRS1218046
HRR1725240,HRS1218047
HRR1725241,HRS1218048
HRR1725242,HRS1218049
HRR1725243,HRS1218050
HRR1725244,HRS1218051
HRR1725245,HRS1218052
HRR1725246,HRS1218053
HRR1725247,HRS1218054
HRR1725248,HRS1218055
HRR1725249,HRS1218056
HRR1725250,HRS1218057
HRR1725251,HRS1218058
HRR1725252,HRS1218059
HRR1725253,HRS1218060
HRR1725254,HRS1218061
HRR1756358,HRS1236073
HRR1757080,HRS1236073
HRR1756359,HRS1236074
HRR1756713,HRS1236074
HRR1756360,HRS1236075
HRR1756714,HRS1236075
HRR1756361,HRS1236076
HRR1756715,HRS1236076
HRR1756362,HRS1236077
HRR1756716,HRS1236077
HRR1756363,HRS1236078
HRR1756717,HRS1236078
HRR1756364,HRS1236079
HRR1756718,HRS1236079
HRR1756365,HRS1236080
HRR1756719,HRS1236080
HRR1756366,HRS1236081
HRR1756720,HRS1236081
HRR1756367,HRS1236082
HRR1756721,HRS1236082
HRR1756368,HRS1236083
HRR1756722,HRS1236083
HRR1756369,HRS1236084
HRR1756723,HRS1236084
HRR1756370,HRS1236085
HRR1756724,HRS1236085
HRR1756371,HRS1236086
HRR1756725,HRS1236086
HRR1756372,HRS1236087
HRR1756726,HRS1236087
HRR1756373,HRS1236088
HRR1756727,HRS1236088
HRR1756374,HRS1236089
HRR1756728,HRS1236089
HRR1756375,HRS1236090
HRR1756729,HRS1236090
HRR1756376,HRS1236091
HRR1756730,HRS1236091
HRR1756377,HRS1236092
HRR1756731,HRS1236092
HRR1756378,HRS1236093
HRR1756732,HRS1236093
HRR1756379,HRS1236094
HRR1756733,HRS1236094
HRR1756380,HRS1236095
HRR1757081,HRS1236095
HRR1756381,HRS1236096
HRR1757082,HRS1236096
HRR1756382,HRS1236097
HRR1757083,HRS1236097
HRR1756383,HRS1236098
HRR1757084,HRS1236098
HRR1756384,HRS1236099
HRR1756734,HRS1236099
HRR1756385,HRS1236100
HRR1756735,HRS1236100
HRR1756386,HRS1236101
HRR1756736,HRS1236101
HRR1756387,HRS1236102
HRR1756737,HRS1236102
HRR1756388,HRS1236103
HRR1756738,HRS1236103
HRR1756389,HRS1236104
HRR1756739,HRS1236104
HRR1756390,HRS1236105
HRR1757085,HRS1236105
HRR1756391,HRS1236106
HRR1757086,HRS1236106
HRR1756392,HRS1236107
HRR1756740,HRS1236107
HRR1756393,HRS1236108
HRR1756741,HRS1236108
HRR1756394,HRS1236109
HRR1756742,HRS1236109
HRR1756395,HRS1236110
HRR1756743,HRS1236110
HRR1756396,HRS1236111
HRR1756744,HRS1236111
HRR1756397,HRS1236112
HRR1756745,HRS1236112
HRR1756398,HRS1236113
HRR1756746,HRS1236113
HRR1756399,HRS1236114
HRR1756747,HRS1236114
HRR1756400,HRS1236115
HRR1756748,HRS1236115
HRR1756401,HRS1236116
HRR1756749,HRS1236116
HRR1756402,HRS1236117
HRR1756750,HRS1236117
HRR1756403,HRS1236118
HRR1756751,HRS1236118
HRR1756404,HRS1236119
HRR1756752,HRS1236119
HRR1756405,HRS1236120
HRR1756753,HRS1236120
HRR1756406,HRS1236121
HRR1756754,HRS1236121
HRR1756407,HRS1236122
HRR1756755,HRS1236122
HRR1756408,HRS1236123
HRR1756756,HRS1236123
HRR1756409,HRS1236124
HRR1756757,HRS1236124
HRR1756410,HRS1236125
HRR1756758,HRS1236125
HRR1756411,HRS1236126
HRR1756759,HRS1236126
HRR1756412,HRS1236127
HRR1756760,HRS1236127
HRR1756413,HRS1236128
HRR1756761,HRS1236128
HRR1756414,HRS1236129
HRR1756762,HRS1236129
HRR1756415,HRS1236130
HRR1756763,HRS1236130
HRR1756416,HRS1236131
HRR1756764,HRS1236131
HRR1756417,HRS1236132
HRR1756765,HRS1236132
HRR1756418,HRS1236133
HRR1756766,HRS1236133
HRR1756419,HRS1236134
HRR1756767,HRS1236134
HRR1756420,HRS1236135
HRR1756768,HRS1236135
HRR1756421,HRS1236136
HRR1756769,HRS1236136
HRR1756422,HRS1236137
HRR1756770,HRS1236137
HRR1756423,HRS1236138
HRR1756771,HRS1236138
HRR1756424,HRS1236139
HRR1756772,HRS1236139
HRR1756425,HRS1236140
HRR1756773,HRS1236140
HRR1756426,HRS1236141
HRR1756774,HRS1236141
HRR1756427,HRS1236142
HRR1756775,HRS1236142
HRR1756428,HRS1236143
HRR1756776,HRS1236143
HRR1756429,HRS1236144
HRR1756777,HRS1236144
HRR1756430,HRS1236145
HRR1756778,HRS1236145
HRR1756431,HRS1236146
HRR1756779,HRS1236146
HRR1756432,HRS1236147
HRR1756780,HRS1236147
HRR1756433,HRS1236148
HRR1756781,HRS1236148
HRR1756434,HRS1236149
HRR1756782,HRS1236149
HRR1756435,HRS1236150
HRR1756783,HRS1236150
HRR1756436,HRS1236151
HRR1756784,HRS1236151
HRR1756437,HRS1236152
HRR1756785,HRS1236152
HRR1756438,HRS1236153
HRR1756786,HRS1236153
HRR1756439,HRS1236154
HRR1756787,HRS1236154
HRR1756440,HRS1236155
HRR1756788,HRS1236155
HRR1756441,HRS1236156
HRR1756789,HRS1236156
HRR1756442,HRS1236157
HRR1756790,HRS1236157
HRR1756443,HRS1236158
HRR1756791,HRS1236158
HRR1756444,HRS1236159
HRR1756792,HRS1236159
HRR1756445,HRS1236160
HRR1756793,HRS1236160
HRR1756446,HRS1236161
HRR1756794,HRS1236161
HRR1756447,HRS1236162
HRR1756795,HRS1236162
HRR1756448,HRS1236163
HRR1756796,HRS1236163
HRR1756449,HRS1236164
HRR1756797,HRS1236164
HRR1756450,HRS1236165
HRR1756798,HRS1236165
HRR1756451,HRS1236166
HRR1756799,HRS1236166
HRR1756452,HRS1236167
HRR1756800,HRS1236167
HRR1756453,HRS1236168
HRR1756801,HRS1236168
HRR1756454,HRS1236169
HRR1756802,HRS1236169
HRR1756455,HRS1236170
HRR1756803,HRS1236170
HRR1756456,HRS1236171
HRR1756804,HRS1236171
HRR1756457,HRS1236172
HRR1756805,HRS1236172
HRR1756458,HRS1236173
HRR1756806,HRS1236173
HRR1756459,HRS1236174
HRR1756807,HRS1236174
HRR1756460,HRS1236175
HRR1756808,HRS1236175
HRR1756461,HRS1236176
HRR1756809,HRS1236176
HRR1756462,HRS1236177
HRR1756810,HRS1236177
HRR1756463,HRS1236178
HRR1756811,HRS1236178
HRR1756464,HRS1236179
HRR1756812,HRS1236179
HRR1756465,HRS1236180
HRR1756813,HRS1236180
HRR1756466,HRS1236181
HRR1756814,HRS1236181
HRR1756467,HRS1236182
HRR1756815,HRS1236182
HRR1756468,HRS1236183
HRR1756816,HRS1236183
HRR1756469,HRS1236184
HRR1756817,HRS1236184
HRR1756470,HRS1236185
HRR1756818,HRS1236185
HRR1756471,HRS1236186
HRR1756819,HRS1236186
HRR1756472,HRS1236187
HRR1756820,HRS1236187
HRR1756473,HRS1236188
HRR1756821,HRS1236188
HRR1756474,HRS1236189
HRR1756822,HRS1236189
HRR1756475,HRS1236190
HRR1756823,HRS1236190
HRR1756476,HRS1236191
HRR1756824,HRS1236191
HRR1756477,HRS1236192
HRR1756825,HRS1236192
HRR1756478,HRS1236193
HRR1756826,HRS1236193
HRR1756479,HRS1236194
HRR1756827,HRS1236194
HRR1756480,HRS1236195
HRR1756828,HRS1236195
HRR1756481,HRS1236196
HRR1756829,HRS1236196
HRR1756482,HRS1236197
HRR1756830,HRS1236197
HRR1756483,HRS1236198
HRR1756831,HRS1236198
HRR1756484,HRS1236199
HRR1756832,HRS1236199
HRR1756485,HRS1236200
HRR1756833,HRS1236200
HRR1756486,HRS1236201
HRR1756834,HRS1236201
HRR1756487,HRS1236202
HRR1756835,HRS1236202
HRR1756488,HRS1236203
HRR1756836,HRS1236203
HRR1756489,HRS1236204
HRR1756837,HRS1236204
HRR1756490,HRS1236205
HRR1756838,HRS1236205
HRR1756491,HRS1236206
HRR1756839,HRS1236206
HRR1756492,HRS1236207
HRR1756840,HRS1236207
HRR1756493,HRS1236208
HRR1756841,HRS1236208
HRR1756494,HRS1236209
HRR1756842,HRS1236209
HRR1756495,HRS1236210
HRR1756843,HRS1236210
HRR1756844,HRS1236211
HRR1756496,HRS1236212
HRR1756845,HRS1236212
HRR1756497,HRS1236213
HRR1756846,HRS1236213
HRR1756498,HRS1236214
HRR1756847,HRS1236214
HRR1756499,HRS1236215
HRR1757087,HRS1236215
HRR1756500,HRS1236216
HRR1757088,HRS1236216
HRR1756848,HRS1236217
HRR1756501,HRS1236218
HRR1756849,HRS1236218
HRR1756502,HRS1236219
HRR1756850,HRS1236219
HRR1756503,HRS1236220
HRR1756851,HRS1236220
HRR1756852,HRS1236221
HRR1756504,HRS1236222
HRR1756853,HRS1236222
HRR1756505,HRS1236223
HRR1756854,HRS1236223
HRR1756506,HRS1236224
HRR1756855,HRS1236224
HRR1756507,HRS1236225
HRR1756856,HRS1236225
HRR1756857,HRS1236226
HRR1756508,HRS1236227
HRR1756858,HRS1236227
HRR1756509,HRS1236228
HRR1756859,HRS1236228
HRR1756510,HRS1236229
HRR1756860,HRS1236229
HRR1756511,HRS1236230
HRR1756861,HRS1236230
HRR1756512,HRS1236231
HRR1756862,HRS1236231
HRR1756513,HRS1236232
HRR1756863,HRS1236232
HRR1756514,HRS1236233
HRR1756864,HRS1236233
HRR1756515,HRS1236234
HRR1756865,HRS1236234
HRR1756516,HRS1236235
HRR1756866,HRS1236235
HRR1756517,HRS1236236
HRR1756867,HRS1236236
HRR1756518,HRS1236237
HRR1756868,HRS1236237
HRR1756519,HRS1236238
HRR1756869,HRS1236238
HRR1756520,HRS1236239
HRR1756870,HRS1236239
HRR1756521,HRS1236240
HRR1756871,HRS1236240
HRR1756522,HRS1236241
HRR1756872,HRS1236241
HRR1756523,HRS1236242
HRR1756873,HRS1236242
HRR1756524,HRS1236243
HRR1756874,HRS1236243
HRR1756525,HRS1236244
HRR1756875,HRS1236244
HRR1756526,HRS1236245
HRR1756876,HRS1236245
HRR1756527,HRS1236246
HRR1756877,HRS1236246
HRR1756528,HRS1236247
HRR1756878,HRS1236247
HRR1756529,HRS1236248
HRR1756879,HRS1236248
HRR1756530,HRS1236249
HRR1756880,HRS1236249
HRR1756531,HRS1236250
HRR1756881,HRS1236250
HRR1756532,HRS1236251
HRR1756882,HRS1236251
HRR1756533,HRS1236252
HRR1756883,HRS1236252
HRR1756534,HRS1236253
HRR1756884,HRS1236253
HRR1756535,HRS1236254
HRR1756885,HRS1236254
HRR1756536,HRS1236255
HRR1756886,HRS1236255
HRR1756537,HRS1236256
HRR1756887,HRS1236256
HRR1756538,HRS1236257
HRR1756888,HRS1236257
HRR1756539,HRS1236258
HRR1756889,HRS1236258
HRR1756540,HRS1236259
HRR1756890,HRS1236259
HRR1756541,HRS1236260
HRR1756891,HRS1236260
HRR1756542,HRS1236261
HRR1756892,HRS1236261
HRR1756543,HRS1236262
HRR1756893,HRS1236262
HRR1756544,HRS1236263
HRR1756894,HRS1236263
HRR1756545,HRS1236264
HRR1756895,HRS1236264
HRR1756546,HRS1236265
HRR1756896,HRS1236265
HRR1756547,HRS1236266
HRR1756897,HRS1236266
HRR1756548,HRS1236267
HRR1756898,HRS1236267
HRR1756549,HRS1236268
HRR1756899,HRS1236268
HRR1756550,HRS1236269
HRR1756900,HRS1236269
HRR1756551,HRS1236270
HRR1756901,HRS1236270
HRR1756552,HRS1236271
HRR1756902,HRS1236271
HRR1756553,HRS1236272
HRR1756903,HRS1236272
HRR1756554,HRS1236273
HRR1756904,HRS1236273
HRR1756555,HRS1236274
HRR1756905,HRS1236274
HRR1756556,HRS1236275
HRR1756906,HRS1236275
HRR1756557,HRS1236276
HRR1756907,HRS1236276
HRR1756558,HRS1236277
HRR1756908,HRS1236277
HRR1756559,HRS1236278
HRR1756909,HRS1236278
HRR1756560,HRS1236279
HRR1756910,HRS1236279
HRR1756561,HRS1236280
HRR1756911,HRS1236280
HRR1756562,HRS1236281
HRR1756912,HRS1236281
HRR1756563,HRS1236282
HRR1756913,HRS1236282
HRR1756564,HRS1236283
HRR1756914,HRS1236283
HRR1756565,HRS1236284
HRR1756915,HRS1236284
HRR1756566,HRS1236285
HRR1756916,HRS1236285
HRR1756567,HRS1236286
HRR1756917,HRS1236286
HRR1756568,HRS1236287
HRR1756918,HRS1236287
HRR1756569,HRS1236288
HRR1756919,HRS1236288
HRR1756570,HRS1236289
HRR1756920,HRS1236289
HRR1756921,HRS1236290
HRR1756571,HRS1236291
HRR1756922,HRS1236291
HRR1756572,HRS1236292
HRR1756923,HRS1236292
HRR1756573,HRS1236293
HRR1756924,HRS1236293
HRR1756574,HRS1236294
HRR1756925,HRS1236294
HRR1756575,HRS1236295
HRR1756926,HRS1236295
HRR1756927,HRS1236296
HRR1756576,HRS1236297
HRR1756928,HRS1236297
HRR1756577,HRS1236298
HRR1756929,HRS1236298
HRR1756578,HRS1236299
HRR1756930,HRS1236299
HRR1756579,HRS1236300
HRR1756931,HRS1236300
HRR1756580,HRS1236301
HRR1756932,HRS1236301
HRR1756581,HRS1236302
HRR1756933,HRS1236302
HRR1756582,HRS1236303
HRR1756934,HRS1236303
HRR1756583,HRS1236304
HRR1756935,HRS1236304
HRR1756584,HRS1236305
HRR1756936,HRS1236305
HRR1756585,HRS1236306
HRR1756937,HRS1236306
HRR1756586,HRS1236307
HRR1756938,HRS1236307
HRR1756587,HRS1236308
HRR1756939,HRS1236308
HRR1756588,HRS1236309
HRR1756940,HRS1236309
HRR1756589,HRS1236310
HRR1756941,HRS1236310
HRR1756590,HRS1236311
HRR1756942,HRS1236311
HRR1756591,HRS1236312
HRR1756943,HRS1236312
HRR1756592,HRS1236313
HRR1756944,HRS1236313
HRR1756593,HRS1236314
HRR1756945,HRS1236314
HRR1756594,HRS1236315
HRR1756946,HRS1236315
HRR1756595,HRS1236316
HRR1756947,HRS1236316
HRR1756596,HRS1236317
HRR1756948,HRS1236317
HRR1756597,HRS1236318
HRR1756949,HRS1236318
HRR1756598,HRS1236319
HRR1756950,HRS1236319
HRR1756599,HRS1236320
HRR1756951,HRS1236320
HRR1756600,HRS1236321
HRR1756952,HRS1236321
HRR1756601,HRS1236322
HRR1756953,HRS1236322
HRR1756602,HRS1236323
HRR1756954,HRS1236323
HRR1756603,HRS1236324
HRR1756955,HRS1236324
HRR1756604,HRS1236325
HRR1756956,HRS1236325
HRR1756605,HRS1236326
HRR1756957,HRS1236326
HRR1756606,HRS1236327
HRR1756958,HRS1236327
HRR1756607,HRS1236328
HRR1756959,HRS1236328
HRR1756608,HRS1236329
HRR1756960,HRS1236329
HRR1756609,HRS1236330
HRR1756961,HRS1236330
HRR1756610,HRS1236331
HRR1756962,HRS1236331
HRR1756611,HRS1236332
HRR1756963,HRS1236332
HRR1756612,HRS1236333
HRR1756964,HRS1236333
HRR1756613,HRS1236334
HRR1756965,HRS1236334
HRR1756614,HRS1236335
HRR1756966,HRS1236335
HRR1756615,HRS1236336
HRR1756967,HRS1236336
HRR1756616,HRS1236337
HRR1756968,HRS1236337
HRR1756617,HRS1236338
HRR1756969,HRS1236338
HRR1756618,HRS1236339
HRR1756970,HRS1236339
HRR1756619,HRS1236340
HRR1756971,HRS1236340
HRR1756620,HRS1236341
HRR1756972,HRS1236341
HRR1756621,HRS1236342
HRR1756973,HRS1236342
HRR1756622,HRS1236343
HRR1756974,HRS1236343
HRR1756623,HRS1236344
HRR1756975,HRS1236344
HRR1756624,HRS1236345
HRR1756976,HRS1236345
HRR1756625,HRS1236346
HRR1756977,HRS1236346
HRR1756626,HRS1236347
HRR1756978,HRS1236347
HRR1756627,HRS1236348
HRR1756979,HRS1236348
HRR1756628,HRS1236349
HRR1756980,HRS1236349
HRR1756629,HRS1236350
HRR1756981,HRS1236350
HRR1756630,HRS1236351
HRR1756982,HRS1236351
HRR1756631,HRS1236352
HRR1756983,HRS1236352
HRR1756632,HRS1236353
HRR1756984,HRS1236353
HRR1756633,HRS1236354
HRR1756985,HRS1236354
HRR1756634,HRS1236355
HRR1756986,HRS1236355
HRR1756635,HRS1236356
HRR1756987,HRS1236356
HRR1756636,HRS1236357
HRR1756988,HRS1236357
HRR1756637,HRS1236358
HRR1756989,HRS1236358
HRR1756638,HRS1236359
HRR1756990,HRS1236359
HRR1756639,HRS1236360
HRR1756991,HRS1236360
HRR1756640,HRS1236361
HRR1756992,HRS1236361
HRR1756641,HRS1236362
HRR1756993,HRS1236362
HRR1756642,HRS1236363
HRR1756994,HRS1236363
HRR1756643,HRS1236364
HRR1756995,HRS1236364
HRR1756644,HRS1236365
HRR1756996,HRS1236365
HRR1756645,HRS1236366
HRR1756997,HRS1236366
HRR1756646,HRS1236367
HRR1756998,HRS1236367
HRR1756647,HRS1236368
HRR1756999,HRS1236368
HRR1756648,HRS1236369
HRR1757000,HRS1236369
HRR1756649,HRS1236370
HRR1757001,HRS1236370
HRR1756650,HRS1236371
HRR1757002,HRS1236371
HRR1756651,HRS1236372
HRR1757003,HRS1236372
HRR1756652,HRS1236373
HRR1757004,HRS1236373
HRR1756653,HRS1236374
HRR1757005,HRS1236374
HRR1756654,HRS1236375
HRR1757006,HRS1236375
HRR1756655,HRS1236376
HRR1757007,HRS1236376
HRR1756656,HRS1236377
HRR1757008,HRS1236377
HRR1756657,HRS1236378
HRR1757009,HRS1236378
HRR1756658,HRS1236379
HRR1757010,HRS1236379
HRR1756659,HRS1236380
HRR1757011,HRS1236380
HRR1756660,HRS1236381
HRR1757012,HRS1236381
HRR1756661,HRS1236382
HRR1757013,HRS1236382
HRR1756662,HRS1236383
HRR1757014,HRS1236383
HRR1756663,HRS1236384
HRR1757015,HRS1236384
HRR1756664,HRS1236385
HRR1757016,HRS1236385
HRR1756665,HRS1236386
HRR1757017,HRS1236386
HRR1756666,HRS1236387
HRR1757018,HRS1236387
HRR1756667,HRS1236388
HRR1757019,HRS1236388
HRR1756668,HRS1236389
HRR1757020,HRS1236389
HRR1756669,HRS1236390
HRR1757021,HRS1236390
HRR1756670,HRS1236391
HRR1757022,HRS1236391
HRR1756671,HRS1236392
HRR1757023,HRS1236392
HRR1756672,HRS1236393
HRR1757024,HRS1236393
HRR1756673,HRS1236394
HRR1757025,HRS1236394
HRR1756674,HRS1236395
HRR1757026,HRS1236395
HRR1756675,HRS1236396
HRR1757027,HRS1236396
HRR1756676,HRS1236397
HRR1757028,HRS1236397
HRR1756677,HRS1236398
HRR1757029,HRS1236398
HRR1756678,HRS1236399
HRR1757030,HRS1236399
HRR1756679,HRS1236400
HRR1757031,HRS1236400
HRR1756680,HRS1236401
HRR1757032,HRS1236401
HRR1756681,HRS1236402
HRR1757033,HRS1236402
HRR1756682,HRS1236403
HRR1757034,HRS1236403
HRR1756683,HRS1236404
HRR1757035,HRS1236404
HRR1756684,HRS1236405
HRR1757036,HRS1236405
HRR1756685,HRS1236406
HRR1757089,HRS1236406
HRR1756686,HRS1236407
HRR1757090,HRS1236407
HRR1756687,HRS1236408
HRR1757091,HRS1236408
HRR1756688,HRS1236409
HRR1757037,HRS1236409
HRR1756689,HRS1236410
HRR1757038,HRS1236410
HRR1756690,HRS1236411
HRR1757039,HRS1236411
HRR1756691,HRS1236412
HRR1757040,HRS1236412
HRR1756692,HRS1236413
HRR1757041,HRS1236413
HRR1756693,HRS1236414
HRR1757042,HRS1236414
HRR1756694,HRS1236415
HRR1757043,HRS1236415
HRR1756695,HRS1236416
HRR1757044,HRS1236416
HRR1756696,HRS1236417
HRR1757045,HRS1236417
HRR1756697,HRS1236418
HRR1757046,HRS1236418
HRR1756698,HRS1236419
HRR1757047,HRS1236419
HRR1756699,HRS1236420
HRR1757048,HRS1236420
HRR1756700,HRS1236421
HRR1757049,HRS1236421
HRR1756701,HRS1236422
HRR1757050,HRS1236422
HRR1756702,HRS1236423
HRR1757051,HRS1236423
HRR1756703,HRS1236424
HRR1757052,HRS1236424
HRR1756704,HRS1236425
HRR1757053,HRS1236425
HRR1756705,HRS1236426
HRR1757054,HRS1236426
HRR1756706,HRS1236427
HRR1757055,HRS1236427
HRR1756707,HRS1236428
HRR1757056,HRS1236428
HRR1756708,HRS1236429
HRR1757057,HRS1236429
HRR1756709,HRS1236430
HRR1757058,HRS1236430
HRR1757059,HRS1236431
HRR1756710,HRS1236432
HRR1757060,HRS1236432
HRR1756711,HRS1236433
HRR1757061,HRS1236433
HRR1756712,HRS1236434
HRR1757062,HRS1236434
HRR1757063,HRS1236435
HRR1757071,HRS1236435
HRR1757064,HRS1236436
HRR1757073,HRS1236436
HRR1757065,HRS1236437
HRR1757074,HRS1236437
HRR1757066,HRS1236438
HRR1757075,HRS1236438
HRR1757067,HRS1236439
HRR1757076,HRS1236439
HRR1757068,HRS1236440
HRR1757079,HRS1236440
HRR1757069,HRS1236441
HRR1757070,HRS1236442
HRR1757072,HRS1236443
HRR1757077,HRS1236444
HRR1757078,HRS1236445
HRR2996498,HRS2218010
HRR2996499,HRS2218011
HRR2996500,HRS2218010
HRR2996501,HRS2218011
HRR2996502,HRS2218012
HRR2996503,HRS2218013
HRR2996504,HRS2218012
HRR2996505,HRS2218013
HRR2996506,HRS2218014
HRR2996507,HRS2218015
HRR2996508,HRS2218014
HRR2996509,HRS2218015
HRR2996510,HRS2218016
HRR2996511,HRS2218017
HRR2996512,HRS2218016
HRR2996513,HRS2218017
HRR2996514,HRS2218018
HRR2996515,HRS2218019
HRR2996516,HRS2218018
HRR2996517,HRS2218019
HRR2996518,HRS2218020
HRR2996519,HRS2218021
HRR2996520,HRS2218020
HRR2996521,HRS2218021
HRR2996522,HRS2218022
HRR2996523,HRS2218023
HRR2996524,HRS2218022
HRR2996525,HRS2218023
HRR2996526,HRS2218024
HRR2996527,HRS2218025
HRR2996528,HRS2218024
HRR2996529,HRS2218025
HRR2996530,HRS2218026
HRR2996531,HRS2218027
HRR2996532,HRS2218026
HRR2996533,HRS2218027
HRR2996534,HRS2218028
HRR2996535,HRS2218029
HRR2996536,HRS2218028
HRR2996537,HRS2218029
HRR2996538,HRS2218030
HRR2996539,HRS2218031
HRR2996540,HRS2218030
HRR2996541,HRS2218031
HRR2996542,HRS2218032
HRR2996543,HRS2218033
HRR2996544,HRS2218032
HRR2996545,HRS2218033
HRR2996546,HRS2218034
HRR2996547,HRS2218035
HRR2996548,HRS2218034
HRR2996549,HRS2218035
HRR2996550,HRS2218036
HRR2996551,HRS2218037
HRR2996552,HRS2218036
HRR2996553,HRS2218037
HRR2996554,HRS2218038
HRR2996555,HRS2218039
HRR2996556,HRS2218038
HRR2996557,HRS2218039
HRR2996558,HRS2218040
HRR2996559,HRS2218041
HRR2996560,HRS2218040
HRR2996561,HRS2218041
HRR2996562,HRS2218042
HRR2996563,HRS2218043
HRR2996564,HRS2218042
HRR2996565,HRS2218043
HRR2996566,HRS2218044
HRR2996567,HRS2218045
HRR2996568,HRS2218044
HRR2996569,HRS2218045
HRR2996570,HRS2218046
HRR2996571,HRS2218047
HRR2996572,HRS2218046
HRR2996573,HRS2218047
HRR2996574,HRS2218048
HRR2996575,HRS2218049
HRR2996576,HRS2218048
HRR2996577,HRS2218049
HRR2996578,HRS2218050
HRR2996579,HRS2218051
HRR2996580,HRS2218050
HRR2996581,HRS2218051
HRR2996582,HRS2218052
HRR2996583,HRS2218053
HRR2996584,HRS2218052
HRR2996585,HRS2218053
HRR2996586,HRS2218054
HRR2996587,HRS2218055
HRR2996588,HRS2218054
HRR2996589,HRS2218055
HRR2996590,HRS2218056
HRR2996591,HRS2218057
HRR2996592,HRS2218056
HRR2996593,HRS2218057
HRR2996594,HRS2218058
HRR2996595,HRS2218059
HRR2996596,HRS2218058
HRR2996597,HRS2218059
HRR2996598,HRS2218060
HRR2996599,HRS2218061
HRR2996600,HRS2218060
HRR2996601,HRS2218061
HRR2996602,HRS2218062
HRR2996603,HRS2218063
HRR2996604,HRS2218062
HRR2996605,HRS2218063
HRR2996606,HRS2218064
HRR2996607,HRS2218065
HRR2996608,HRS2218064
HRR2996609,HRS2218065
HRR2996610,HRS2218066
HRR2996611,HRS2218067
HRR2996612,HRS2218066
HRR2996613,HRS2218067
HRR2996614,HRS2218068
HRR2996615,HRS2218069
HRR2996616,HRS2218068
HRR2996617,HRS2218069
HRR2996618,HRS2218070
HRR2996619,HRS2218071
HRR2996620,HRS2218070
HRR2996621,HRS2218071
HRR2996622,HRS2218072
HRR2996623,HRS2218073
HRR2996624,HRS2218072
HRR2996625,HRS2218073
HRR2996626,HRS2218074
HRR2996627,HRS2218075
HRR2996628,HRS2218074
HRR2996629,HRS2218075
HRR2996630,HRS2218076
HRR2996631,HRS2218077
HRR2996632,HRS2218076
HRR2996633,HRS2218077
HRR2996634,HRS2218078
HRR2996635,HRS2218079
HRR2996636,HRS2218078
HRR2996637,HRS2218079
HRR2996638,HRS2218080
HRR2996639,HRS2218081
HRR2996640,HRS2218081
HRR2996641,HRS2218082
HRR2996642,HRS2218083
HRR2996643,HRS2218082
HRR2996644,HRS2218083
HRR2996645,HRS2218084
HRR2996646,HRS2218085
HRR2996647,HRS2218084
HRR2996648,HRS2218085
HRR2996649,HRS2218086
HRR2996650,HRS2218087
HRR2996651,HRS2218086
HRR2996652,HRS2218087
HRR2996653,HRS2218088
HRR2996654,HRS2218089
HRR2996655,HRS2218088
HRR2996656,HRS2218089
HRR2996657,HRS2218090
HRR2996658,HRS2218091
HRR2996659,HRS2218090
HRR2996660,HRS2218091
HRR2996661,HRS2218092
HRR2996662,HRS2218093
HRR2996663,HRS2218092
HRR2996664,HRS2218093
HRR2996665,HRS2218094
HRR2996666,HRS2218095
HRR2996667,HRS2218095
HRR2996668,HRS2218096
HRR2996669,HRS2218097
HRR2996670,HRS2218096
HRR2996671,HRS2218097
HRR2996672,HRS2218098
HRR2996673,HRS2218099
HRR2996674,HRS2218098
HRR2996675,HRS2218099
HRR2996676,HRS2218100
HRR2996677,HRS2218101
HRR2996678,HRS2218100
HRR2996679,HRS2218101
HRR2996680,HRS2218102
HRR2996681,HRS2218103
HRR2996682,HRS2218102
HRR2996683,HRS2218103
HRR2996684,HRS2218104
HRR2996685,HRS2218105
HRR2996686,HRS2218104
HRR2996687,HRS2218105
HRR2996688,HRS2218106
HRR2996689,HRS2218107
HRR2996690,HRS2218106
HRR2996691,HRS2218107
HRR2996692,HRS2218108
HRR2996693,HRS2218109
HRR2996694,HRS2218108
HRR2996695,HRS2218109
HRR2996696,HRS2218110
HRR2996697,HRS2218111
HRR2996698,HRS2218110
HRR2996699,HRS2218111
HRR2996700,HRS2218112
HRR2996701,HRS2218113
HRR2996702,HRS2218112
HRR2996703,HRS2218113
HRR2996704,HRS2218114
HRR2996705,HRS2218115
HRR2996706,HRS2218114
HRR2996707,HRS2218115
HRR2996708,HRS2218116
HRR2996709,HRS2218117
HRR2996710,HRS2218116
HRR2996711,HRS2218117
HRR2996712,HRS2218118
HRR2996713,HRS2218119
HRR2996714,HRS2218118
HRR2996715,HRS2218119
HRR2996716,HRS2218120
HRR2996717,HRS2218121
HRR2996718,HRS2218120
HRR2996719,HRS2218121
HRR2996720,HRS2218122
HRR2996721,HRS2218123
HRR2996722,HRS2218122
HRR2996723,HRS2218123
HRR2996724,HRS2218124
HRR2996725,HRS2218125
HRR2996726,HRS2218124
HRR2996727,HRS2218125
HRR2996728,HRS2218126
HRR2996729,HRS2218127
HRR2996730,HRS2218126
HRR2996731,HRS2218127
HRR2996732,HRS2218128
HRR2996733,HRS2218129
HRR2996734,HRS2218128
HRR2996735,HRS2218129
HRR2996736,HRS2218130
HRR2996737,HRS2218131
HRR2996738,HRS2218130
HRR2996739,HRS2218131
HRR2996740,HRS2218132
HRR2996741,HRS2218133
HRR2996742,HRS2218132
HRR2996743,HRS2218133
HRR2996744,HRS2218134
HRR2996745,HRS2218135
HRR2996746,HRS2218134
HRR2996747,HRS2218135
HRR2996748,HRS2218136
HRR2996749,HRS2218137
HRR2996750,HRS2218136
HRR2996751,HRS2218137
HRR2996752,HRS2218138
HRR2996753,HRS2218139
HRR2996754,HRS2218138
HRR2996755,HRS2218139
HRR2996756,HRS2218140
HRR2996757,HRS2218141
HRR2996758,HRS2218140
HRR2996759,HRS2218141
HRR2996760,HRS2218142
HRR2996761,HRS2218143
HRR2996762,HRS2218142
HRR2996763,HRS2218143
HRR2996764,HRS2218144
HRR2996765,HRS2218145
HRR2996766,HRS2218144
HRR2996767,HRS2218145
HRR2996768,HRS2218146
HRR2996769,HRS2218147
HRR2996770,HRS2218146
HRR2996771,HRS2218147
HRR2996772,HRS2218148
HRR2996773,HRS2218149
HRR2996774,HRS2218148
HRR2996775,HRS2218149
HRR2996776,HRS2218150
HRR2996777,HRS2218151
HRR2996778,HRS2218150
HRR2996779,HRS2218151
HRR2996780,HRS2218152
HRR2996781,HRS2218153
HRR2996782,HRS2218152
HRR2996783,HRS2218153
HRR2996784,HRS2218154
HRR2996785,HRS2218155
HRR2996786,HRS2218154
HRR2996787,HRS2218155
HRR2996788,HRS2218156
HRR2996789,HRS2218157
HRR2996790,HRS2218156
HRR2996791,HRS2218157
HRR2996792,HRS2218158
HRR2996793,HRS2218159
HRR2996794,HRS2218158
HRR2996795,HRS2218159
HRR2996796,HRS2218160
HRR2996797,HRS2218161
HRR2996798,HRS2218160
HRR2996799,HRS2218161
HRR2996800,HRS2218162
HRR2996801,HRS2218163
HRR2996802,HRS2218162
HRR2996803,HRS2218163
HRR2996804,HRS2218164
HRR2996805,HRS2218165
HRR2996806,HRS2218164
HRR2996807,HRS2218165
HRR2996808,HRS2218166
HRR2996809,HRS2218167
HRR2996810,HRS2218166
HRR2996811,HRS2218167
HRR2996812,HRS2218168
HRR2996813,HRS2218169
HRR2996814,HRS2218168
HRR2996815,HRS2218169
HRR2996816,HRS2218170
HRR2996817,HRS2218171
HRR2996818,HRS2218170
HRR2996819,HRS2218171
HRR2996820,HRS2218172
HRR2996821,HRS2218173
HRR2996822,HRS2218172
HRR2996823,HRS2218173
HRR2996824,HRS2218174
HRR2996825,HRS2218175
HRR2996826,HRS2218174
HRR2996827,HRS2218175
HRR2996828,HRS2218176
HRR2996829,HRS2218177
HRR2996830,HRS2218176
HRR2996831,HRS2218177
HRR2996832,HRS2218178
HRR2996833,HRS2218179
HRR2996834,HRS2218178
HRR2996835,HRS2218179
HRR2996836,HRS2218180
HRR2996837,HRS2218181
HRR2996838,HRS2218180
HRR2996839,HRS2218181
HRR2996840,HRS2218182
HRR2996841,HRS2218183
HRR2996842,HRS2218182
HRR2996843,HRS2218183
HRR2996844,HRS2218184
HRR2996845,HRS2218185
HRR2996846,HRS2218184
HRR2996847,HRS2218185
HRR2996848,HRS2218186
HRR2996849,HRS2218187
HRR2996850,HRS2218186
HRR2996851,HRS2218187
HRR2996852,HRS2218188
HRR2996853,HRS2218189
HRR2996854,HRS2218188
HRR2996855,HRS2218189
HRR2996856,HRS2218190
HRR2996857,HRS2218191
HRR2996858,HRS2218190
HRR2996859,HRS2218191
HRR2996860,HRS2218192
HRR2996861,HRS2218193
HRR2996862,HRS2218192
HRR2996863,HRS2218193
HRR2996864,HRS2218194
HRR2996865,HRS2218195
HRR2996866,HRS2218194
HRR2996867,HRS2218195
HRR2996868,HRS2218196
HRR2996869,HRS2218197
HRR2996870,HRS2218196
HRR2996871,HRS2218197
HRR2996872,HRS2218198
HRR2996873,HRS2218199
HRR2996874,HRS2218198
HRR2996875,HRS2218199
HRR2996876,HRS2218200
HRR2996877,HRS2218201
HRR2996878,HRS2218200
HRR2996879,HRS2218201
HRR2996880,HRS2218202
HRR2996881,HRS2218203
HRR2996882,HRS2218202
HRR2996883,HRS2218203
HRR2996884,HRS2218204
HRR2996885,HRS2218205
HRR2996886,HRS2218204
HRR2996887,HRS2218205
HRR2996888,HRS2218206
HRR2996889,HRS2218207
HRR2996890,HRS2218206
HRR2996891,HRS2218207
HRR2996892,HRS2218208
HRR2996893,HRS2218209
HRR2996894,HRS2218209
HRR2996895,HRS2218210
HRR2996896,HRS2218211
HRR2996897,HRS2218210
HRR2996898,HRS2218211
HRR2996899,HRS2218212
HRR2996900,HRS2218213
HRR2996901,HRS2218212
HRR2996902,HRS2218213
HRR2996903,HRS2218214
HRR2996904,HRS2218215
HRR2996905,HRS2218214
HRR2996906,HRS2218215
HRR2996907,HRS2218216
HRR2996908,HRS2218217
HRR2996909,HRS2218217
HRR2996910,HRS2218218
HRR2996911,HRS2218219
HRR2996912,HRS2218218
HRR2996913,HRS2218219
HRR2996914,HRS2218220
HRR2996915,HRS2218221
HRR2996916,HRS2218220
HRR2996917,HRS2218221
HRR2996918,HRS2218222
HRR2996919,HRS2218223
HRR2996920,HRS2218222
HRR2996921,HRS2218223
HRR2996922,HRS2218224
HRR2996923,HRS2218225
HRR2996924,HRS2218224
HRR2996925,HRS2218225
HRR2996926,HRS2218226
HRR2996927,HRS2218227
HRR2996928,HRS2218226
HRR2996929,HRS2218227
HRR2996930,HRS2218228
HRR2996931,HRS2218229
HRR2996932,HRS2218228
HRR2996933,HRS2218229
HRR2996934,HRS2218230
HRR2996935,HRS2218231
HRR2996936,HRS2218230
HRR2996937,HRS2218231
HRR2996938,HRS2218232
HRR2996939,HRS2218233
HRR2996940,HRS2218232
HRR2996941,HRS2218233
HRR2996942,HRS2218234
HRR2996943,HRS2218235
HRR2996944,HRS2218234
HRR2996945,HRS2218235
HRR2996946,HRS2218236
HRR2996947,HRS2218237
HRR2996948,HRS2218236
HRR2996949,HRS2218237
HRR2996950,HRS2218238
HRR2996951,HRS2218239
HRR2996952,HRS2218238
HRR2996953,HRS2218239
HRR2996954,HRS2218240
HRR2996955,HRS2218241
HRR2996956,HRS2218240
HRR2996957,HRS2218241
HRR2996958,HRS2218242
HRR2996959,HRS2218243
HRR2996960,HRS2218242
HRR2996961,HRS2218243
HRR2996962,HRS2218244
HRR2996963,HRS2218245
HRR2996964,HRS2218244
HRR2996965,HRS2218245
HRR2996966,HRS2218246
HRR2996967,HRS2218247
HRR2996968,HRS2218246
HRR2996969,HRS2218247
HRR2996970,HRS2218248
HRR2996971,HRS2218249
HRR2996972,HRS2218248
HRR2996973,HRS2218249
HRR2996974,HRS2218250
HRR2996975,HRS2218251
HRR2996976,HRS2218250
HRR2996977,HRS2218251
HRR2996978,HRS2218252
HRR2996979,HRS2218253
HRR2996980,HRS2218252
HRR2996981,HRS2218253
HRR2996982,HRS2218254
HRR2996983,HRS2218255
HRR2996984,HRS2218254
HRR2996985,HRS2218255
HRR2996986,HRS2218256
HRR2996987,HRS2218257
HRR2996988,HRS2218256
HRR2996989,HRS2218257
HRR2996990,HRS2218258
HRR2996991,HRS2218259
HRR2996992,HRS2218258
HRR2996993,HRS2218259
HRR2996994,HRS2218260
HRR2996995,HRS2218261
HRR2996996,HRS2218260
HRR2996997,HRS2218261
HRR2996998,HRS2218262
HRR2996999,HRS2218263
HRR2997000,HRS2218262
HRR2997001,HRS2218263
HRR2997002,HRS2218264
HRR2997003,HRS2218265
HRR2997004,HRS2218264
HRR2997005,HRS2218265
HRR2997006,HRS2218266
HRR2997007,HRS2218267
HRR2997008,HRS2218266
HRR2997009,HRS2218267
HRR2997010,HRS2218268
HRR2997011,HRS2218269
HRR2997012,HRS2218268
HRR2997013,HRS2218269
HRR2997014,HRS2218270
HRR2997015,HRS2218271
HRR2997016,HRS2218270
HRR2997017,HRS2218271
HRR2997018,HRS2218272
HRR2997019,HRS2218273
HRR2997020,HRS2218272
HRR2997021,HRS2218273
HRR2997022,HRS2218274
HRR2997023,HRS2218275
HRR2997024,HRS2218274
HRR2997025,HRS2218275
HRR2997026,HRS2218276
HRR2997027,HRS2218277
HRR2997028,HRS2218276
HRR2997029,HRS2218277
HRR2997030,HRS2218278
HRR2997031,HRS2218279
HRR2997032,HRS2218278
HRR2997033,HRS2218279
HRR2997034,HRS2218280
HRR2997035,HRS2218281
HRR2997036,HRS2218280
HRR2997037,HRS2218281
HRR2997038,HRS2218282
HRR2997039,HRS2218283
HRR2997040,HRS2218282
HRR2997041,HRS2218283
HRR2997042,HRS2218284
HRR2997043,HRS2218285
HRR2997044,HRS2218284
HRR2997045,HRS2218285
HRR2997046,HRS2218286
HRR2997047,HRS2218287
HRR2997048,HRS2218286
HRR2997049,HRS2218287
HRR2997050,HRS2218288
HRR2997051,HRS2218289
HRR2997052,HRS2218288
HRR2997053,HRS2218289
HRR2997054,HRS2218290
HRR2997055,HRS2218291
HRR2997056,HRS2218290
HRR2997057,HRS2218291
HRR2997058,HRS2218292
HRR2997059,HRS2218293
HRR2997060,HRS2218292
HRR2997061,HRS2218293
HRR2997062,HRS2218294
HRR2997063,HRS2218295
HRR2997064,HRS2218294
HRR2997065,HRS2218295
HRR2997066,HRS2218296
HRR2997067,HRS2218297
HRR2997068,HRS2218296
HRR2997069,HRS2218297
HRR2997070,HRS2218298
HRR2997071,HRS2218299
HRR2997072,HRS2218298
HRR2997073,HRS2218299
HRR2997074,HRS2218300
HRR2997075,HRS2218301
HRR2997076,HRS2218300
HRR2997077,HRS2218301
HRR2997078,HRS2218302
HRR2997079,HRS2218303
HRR2997080,HRS2218302
HRR2997081,HRS2218303
HRR2997082,HRS2218304
HRR2997083,HRS2218305
HRR2997084,HRS2218304
HRR2997085,HRS2218305
HRR2997086,HRS2218306
HRR2997087,HRS2218307
HRR2997088,HRS2218306
HRR2997089,HRS2218307
HRR2997090,HRS2218308
HRR2997091,HRS2218309
HRR2997092,HRS2218308
HRR2997093,HRS2218309
HRR2997094,HRS2218310
HRR2997095,HRS2218311
HRR2997096,HRS2218310
HRR2997097,HRS2218311
HRR2997098,HRS2218312
HRR2997099,HRS2218313
HRR2997100,HRS2218312
HRR2997101,HRS2218313
HRR2997102,HRS2218314
HRR2997103,HRS2218315
HRR2997104,HRS2218314
HRR2997105,HRS2218315
HRR2997106,HRS2218316
HRR2997107,HRS2218317
HRR2997108,HRS2218316
HRR2997109,HRS2218317
HRR2997110,HRS2218318
HRR2997111,HRS2218319
HRR2997112,HRS2218318
HRR2997113,HRS2218319
HRR2997114,HRS2218320
HRR2997115,HRS2218321
HRR2997116,HRS2218320
HRR2997117,HRS2218321
HRR2997118,HRS2218322
HRR2997119,HRS2218323
HRR2997120,HRS2218322
HRR2997121,HRS2218323
HRR2997122,HRS2218324
HRR2997123,HRS2218325
HRR2997124,HRS2218324
HRR2997125,HRS2218325
HRR2997126,HRS2218326
HRR2997127,HRS2218327
HRR2997128,HRS2218326
HRR2997129,HRS2218327
HRR2997130,HRS2218328
HRR2997131,HRS2218329
HRR2997132,HRS2218328
HRR2997133,HRS2218329
HRR2997134,HRS2218330
HRR2997135,HRS2218331
HRR2997136,HRS2218330
HRR2997137,HRS2218331
HRR2997138,HRS2218332
HRR2997139,HRS2218333
HRR2997140,HRS2218332
HRR2997141,HRS2218333
HRR2997142,HRS2218334
HRR2997143,HRS2218335
HRR2997144,HRS2218334
HRR2997145,HRS2218335
HRR2997146,HRS2218336
HRR2997147,HRS2218337
HRR2997148,HRS2218336
HRR2997149,HRS2218337
HRR2997150,HRS2218338
HRR2997151,HRS2218339
HRR2997152,HRS2218338
HRR2997153,HRS2218339
HRR2997154,HRS2218340
HRR2997155,HRS2218341
HRR2997156,HRS2218340
HRR2997157,HRS2218341
HRR2997158,HRS2218342
HRR2997159,HRS2218343
HRR2997160,HRS2218342
HRR2997161,HRS2218343
HRR2997162,HRS2218344
HRR2997163,HRS2218345
HRR2997164,HRS2218344
HRR2997165,HRS2218345
HRR2997166,HRS2218346
HRR2997167,HRS2218347
HRR2997168,HRS2218346
HRR2997169,HRS2218347
HRR2997170,HRS2218348
HRR2997171,HRS2218349
HRR2997172,HRS2218348
HRR2997173,HRS2218349
HRR2997174,HRS2218350
HRR2997175,HRS2218351
HRR2997176,HRS2218350
HRR2997177,HRS2218351
HRR2997178,HRS2218352
HRR2997179,HRS2218353
HRR2997180,HRS2218352
HRR2997181,HRS2218353
HRR2997182,HRS2218354
HRR2997183,HRS2218355
HRR2997184,HRS2218354
HRR2997185,HRS2218355
HRR2997186,HRS2218356
HRR2997187,HRS2218357
HRR2997188,HRS2218356
HRR2997189,HRS2218357
HRR2997190,HRS2218358
HRR2997191,HRS2218359
HRR2997192,HRS2218359
HRR2997193,HRS2218360
HRR2997194,HRS2218361
HRR2997195,HRS2218360
HRR2997196,HRS2218361
HRR2997197,HRS2218362
HRR2997198,HRS2218363
HRR2997199,HRS2218362
HRR2997200,HRS2218363
HRR2997201,HRS2218364
HRR2997202,HRS2218365
HRR2997203,HRS2218365
HRR2997204,HRS2218366
HRR2997205,HRS2218367
HRR2997206,HRS2218366
HRR2997207,HRS2218367
HRR2997208,HRS2218368
HRR2997209,HRS2218369
HRR2997210,HRS2218368
HRR2997211,HRS2218369
HRR2997212,HRS2218370
HRR2997213,HRS2218371
HRR2997214,HRS2218370
HRR2997215,HRS2218371
HRR2997216,HRS2218372
HRR2997217,HRS2218373
HRR2997218,HRS2218372
HRR2997219,HRS2218373
HRR2997220,HRS2218374
HRR2997221,HRS2218375
HRR2997222,HRS2218374
HRR2997223,HRS2218375
HRR2997224,HRS2218376
HRR2997225,HRS2218377
HRR2997226,HRS2218376
HRR2997227,HRS2218377
HRR2997228,HRS2218378
HRR2997229,HRS2218379
HRR2997230,HRS2218378
HRR2997231,HRS2218379
HRR2997232,HRS2218380
HRR2997233,HRS2218381
HRR2997234,HRS2218380
HRR2997235,HRS2218381
HRR2997236,HRS2218382
HRR2997237,HRS2218383
HRR2997238,HRS2218382
HRR2997239,HRS2218383
HRR2997240,HRS2218384
HRR2997241,HRS2218385
HRR2997242,HRS2218384
HRR2997243,HRS2218385
HRR2997244,HRS2218386
HRR2997245,HRS2218387
HRR2997246,HRS2218386
HRR2997247,HRS2218387
HRR2997248,HRS2218388
HRR2997249,HRS2218389
HRR2997250,HRS2218388
HRR2997251,HRS2218389
HRR2997252,HRS2218390
HRR2997253,HRS2218391
HRR2997254,HRS2218390
HRR2997255,HRS2218391
HRR2997256,HRS2218392
HRR2997257,HRS2218393
HRR2997258,HRS2218392
HRR2997259,HRS2218393
HRR2997260,HRS2218394
HRR2997261,HRS2218395
HRR2997262,HRS2218394
HRR2997263,HRS2218395
HRR2997264,HRS2218396
HRR2997265,HRS2218397
HRR2997266,HRS2218396
HRR2997267,HRS2218397
HRR2997268,HRS2218398
HRR2997269,HRS2218399
HRR2997270,HRS2218398
HRR2997271,HRS2218399
HRR2997272,HRS2218400
HRR2997273,HRS2218401
HRR2997274,HRS2218400
HRR2997275,HRS2218401
HRR2997276,HRS2218402
HRR2997277,HRS2218403
HRR2997278,HRS2218402
HRR2997279,HRS2218403
HRR2997280,HRS2218404
HRR2997281,HRS2218405
HRR2997282,HRS2218404
HRR2997283,HRS2218405
HRR2997284,HRS2218406
HRR2997285,HRS2218407
HRR2997286,HRS2218406
HRR2997287,HRS2218407
HRR2997288,HRS2218408
HRR2997289,HRS2218409
HRR2997290,HRS2218408
HRR2997291,HRS2218409
HRR2997292,HRS2218410
HRR2997293,HRS2218411
HRR2997294,HRS2218410
HRR2997295,HRS2218411
HRR2997296,HRS2218412
HRR2997297,HRS2218413
HRR2997298,HRS2218412
HRR2997299,HRS2218413
HRR2997300,HRS2218414
HRR2997301,HRS2218415
HRR2997302,HRS2218414
HRR2997303,HRS2218415
HRR2997304,HRS2218416
HRR2997305,HRS2218417
HRR2997306,HRS2218416
HRR2997307,HRS2218417
HRR2997308,HRS2218418
HRR2997309,HRS2218419
HRR2997310,HRS2218419
HRR2997311,HRS2218420
HRR2997312,HRS2218421
HRR2997313,HRS2218421
HRR2997314,HRS2218422
HRR2997315,HRS2218423
HRR2997316,HRS2218422
HRR2997317,HRS2218423
HRR2997318,HRS2218424
HRR2997319,HRS2218425
HRR2997320,HRS2218424
HRR2997321,HRS2218425
HRR2997322,HRS2218426
HRR2997323,HRS2218427
HRR2997324,HRS2218426
HRR2997325,HRS2218427
HRR2997326,HRS2218428
HRR2997327,HRS2218429
HRR2997328,HRS2218429
HRR2997329,HRS2218430
HRR2997330,HRS2218431
HRR2997331,HRS2218430
HRR2997332,HRS2218431
HRR2997333,HRS2218432
HRR2997334,HRS2218433
HRR2997335,HRS2218432
HRR2997336,HRS2218433
HRR2997337,HRS2218434
HRR2997338,HRS2218435
HRR2997339,HRS2218434
HRR2997340,HRS2218435
HRR2997341,HRS2218436
HRR2997342,HRS2218437
HRR2997343,HRS2218436
HRR2997344,HRS2218437
HRR2997345,HRS2218438
HRR2997346,HRS2218439
HRR2997347,HRS2218438
HRR2997348,HRS2218439
HRR2997349,HRS2218440
HRR2997350,HRS2218441
HRR2997351,HRS2218440
HRR2997352,HRS2218441
HRR2997353,HRS2218442
HRR2997354,HRS2218443
HRR2997355,HRS2218442
HRR2997356,HRS2218443
HRR2997357,HRS2218444
HRR2997358,HRS2218445
HRR2997359,HRS2218444
HRR2997360,HRS2218445
HRR2997361,HRS2218446
HRR2997362,HRS2218447
HRR2997363,HRS2218446
HRR2997364,HRS2218447
HRR2997365,HRS2218448
HRR2997366,HRS2218449
HRR2997367,HRS2218448
HRR2997368,HRS2218449
HRR2997369,HRS2218450
HRR2997370,HRS2218451
HRR2997371,HRS2218450
HRR2997372,HRS2218451
HRR2997373,HRS2218452
HRR2997374,HRS2218453
HRR2997375,HRS2218452
HRR2997376,HRS2218453
HRR2997377,HRS2218454
HRR2997378,HRS2218455
HRR2997379,HRS2218454
HRR2997380,HRS2218455
HRR2997381,HRS2218456
HRR2997382,HRS2218457
HRR2997383,HRS2218456
HRR2997384,HRS2218457
HRR2997385,HRS2218458
HRR2997386,HRS2218459
HRR2997387,HRS2218458
HRR2997388,HRS2218459
HRR2997389,HRS2218460
HRR2997390,HRS2218461
HRR2997391,HRS2218460
HRR2997392,HRS2218461
HRR2997393,HRS2218462
HRR2997394,HRS2218463
HRR2997395,HRS2218462
HRR2997396,HRS2218463
HRR2997397,HRS2218464
HRR2997398,HRS2218465
HRR2997399,HRS2218464
HRR2997400,HRS2218465
HRR2997401,HRS2218466
HRR2997402,HRS2218467
HRR2997403,HRS2218466
HRR2997404,HRS2218467
HRR2997405,HRS2218468
HRR2997406,HRS2218469
HRR2997407,HRS2218468
HRR2997408,HRS2218469
HRR2997409,HRS2218470
HRR2997410,HRS2218471
HRR2997411,HRS2218471
HRR2997412,HRS2218472
HRR2997413,HRS2218473
HRR2997414,HRS2218472
HRR2997415,HRS2218473
HRR2997416,HRS2218474
HRR2997417,HRS2218475
HRR2997418,HRS2218474
HRR2997419,HRS2218475
HRR2997420,HRS2218476
HRR2997421,HRS2218477
HRR2997422,HRS2218476
HRR2997423,HRS2218477
HRR2997424,HRS2218478
HRR2997425,HRS2218479
HRR2997426,HRS2218478
HRR2997427,HRS2218479
HRR2997428,HRS2218480
HRR2997429,HRS2218481
HRR2997430,HRS2218480
HRR2997431,HRS2218481
HRR2997432,HRS2218482
HRR2997433,HRS2218483
HRR2997434,HRS2218482
HRR2997435,HRS2218483
HRR2997436,HRS2218484
HRR2997437,HRS2218485
HRR2997438,HRS2218484
HRR2997439,HRS2218485
HRR2997440,HRS2218486
HRR2997441,HRS2218487
HRR2997442,HRS2218486
HRR2997443,HRS2218487
HRR2997444,HRS2218488
HRR2997445,HRS2218489
HRR2997446,HRS2218488
HRR2997447,HRS2218489
HRR2997448,HRS2218490
HRR2997449,HRS2218491
HRR2997450,HRS2218490
HRR2997451,HRS2218491
HRR2997452,HRS2218492
HRR2997453,HRS2218493
HRR2997454,HRS2218492
HRR2997455,HRS2218493
HRR2997456,HRS2218494
HRR2997457,HRS2218495
HRR2997458,HRS2218494
HRR2997459,HRS2218495
HRR2997460,HRS2218496
HRR2997461,HRS2218497
HRR2997462,HRS2218496
HRR2997463,HRS2218497
HRR2997464,HRS2218498
HRR2997465,HRS2218499
HRR2997466,HRS2218498
HRR2997467,HRS2218499
HRR2997468,HRS2218500
HRR2997469,HRS2218501
HRR2997470,HRS2218500
HRR2997471,HRS2218501
HRR2997472,HRS2218502
HRR2997473,HRS2218503
HRR2997474,HRS2218502
HRR2997475,HRS2218503
HRR2997476,HRS2218504
HRR2997477,HRS2218505
HRR2997478,HRS2218504
HRR2997479,HRS2218505
HRR2997480,HRS2218506
HRR2997481,HRS2218507
HRR2997482,HRS2218506
HRR2997483,HRS2218507
HRR2997484,HRS2218508
HRR2997485,HRS2218509
HRR2997486,HRS2218509
HRR2997487,HRS2218510
HRR2997488,HRS2218511
HRR2997489,HRS2218510
HRR2997490,HRS2218511
HRR2997491,HRS2218512
HRR2997492,HRS2218513
HRR2997493,HRS2218512
HRR2997494,HRS2218513
HRR2997495,HRS2218514
HRR2997496,HRS2218515
HRR2997497,HRS2218515
HRR2997498,HRS2218516
HRR2997499,HRS2218517
HRR2997500,HRS2218516
HRR2997501,HRS2218517
HRR2997502,HRS2218518
HRR2997503,HRS2218519
HRR2997504,HRS2218518
HRR2997505,HRS2218519
HRR2997506,HRS2218520
HRR2997507,HRS2218521
HRR2997508,HRS2218520
HRR2997509,HRS2218521
HRR2997510,HRS2218522
HRR2997511,HRS2218523
HRR2997512,HRS2218522
HRR2997513,HRS2218523
HRR2997514,HRS2218524
HRR2997515,HRS2218525
HRR2997516,HRS2218524
HRR2997517,HRS2218525
HRR2997518,HRS2218526
HRR2997519,HRS2218527
HRR2997520,HRS2218527
HRR2997521,HRS2218528
HRR2997522,HRS2218529
HRR2997523,HRS2218528
HRR2997524,HRS2218529
HRR2997525,HRS2218530
HRR2997526,HRS2218531
HRR2997527,HRS2218530
HRR2997528,HRS2218531
HRR2997529,HRS2218532
HRR2997530,HRS2218533
HRR2997531,HRS2218532
HRR2997532,HRS2218533
HRR2997533,HRS2218534
HRR2997534,HRS2218535
HRR2997535,HRS2218534
HRR2997536,HRS2218535
HRR2997537,HRS2218536
HRR2997538,HRS2218537
HRR2997539,HRS2218536
HRR2997540,HRS2218537
HRR2997541,HRS2218538
HRR2997542,HRS2218539
HRR2997543,HRS2218538
HRR2997544,HRS2218539
HRR2997545,HRS2218540
HRR2997546,HRS2218541
HRR2997547,HRS2218540
HRR2997548,HRS2218541
HRR2997549,HRS2218542
HRR2997550,HRS2218543
HRR2997551,HRS2218542
HRR2997552,HRS2218543
HRR2997553,HRS2218544
HRR2997554,HRS2218545
HRR2997555,HRS2218544
HRR2997556,HRS2218545
HRR2997557,HRS2218546
HRR2997558,HRS2218547
HRR2997559,HRS2218546
HRR2997560,HRS2218547
HRR2997561,HRS2218548
HRR2997562,HRS2218549
HRR2997563,HRS2218548
HRR2997564,HRS2218549
HRR2997565,HRS2218550
HRR2997566,HRS2218551
HRR2997567,HRS2218551
HRR2997568,HRS2218552
HRR2997569,HRS2218553
HRR2997570,HRS2218552
HRR2997571,HRS2218553
HRR2997572,HRS2218554
HRR2997573,HRS2218555
HRR2997574,HRS2218554
HRR2997575,HRS2218555
HRR2997576,HRS2218556
HRR2997577,HRS2218557
HRR2997578,HRS2218556
HRR2997579,HRS2218557
HRR2997580,HRS2218558
HRR2997581,HRS2218559
HRR2997582,HRS2218558
HRR2997583,HRS2218559
HRR2997584,HRS2218560
HRR2997585,HRS2218561
HRR2997586,HRS2218560
HRR2997587,HRS2218561
HRR2997588,HRS2218562
HRR2997589,HRS2218563
HRR2997590,HRS2218562
HRR2997591,HRS2218563
HRR2997592,HRS2218564
HRR2997593,HRS2218565
HRR2997594,HRS2218564
HRR2997595,HRS2218565
HRR2997596,HRS2218566
HRR2997597,HRS2218567
HRR2997598,HRS2218566
HRR2997599,HRS2218567
HRR2997600,HRS2218568
HRR2997601,HRS2218569
HRR2997602,HRS2218568
HRR2997603,HRS2218569
HRR2997604,HRS2218570
HRR2997605,HRS2218571
HRR2997606,HRS2218570
HRR2997607,HRS2218571
HRR2997608,HRS2218572
HRR2997609,HRS2218573
HRR2997610,HRS2218572
HRR2997611,HRS2218573
HRR2997612,HRS2218574
HRR2997613,HRS2218575
HRR2997614,HRS2218575
HRR2997615,HRS2218576
HRR2997616,HRS2218577
HRR2997617,HRS2218576
HRR2997618,HRS2218577
HRR2997619,HRS2218578
HRR2997620,HRS2218579
HRR2997621,HRS2218578
HRR2997622,HRS2218579
HRR2997623,HRS2218580
HRR2997624,HRS2218581
HRR2997625,HRS2218580
HRR2997626,HRS2218581
HRR2997627,HRS2218582
HRR2997628,HRS2218583
HRR2997629,HRS2218582
HRR2997630,HRS2218583
HRR2997631,HRS2218584
HRR2997632,HRS2218585
HRR2997633,HRS2218584
HRR2997634,HRS2218585
HRR2997635,HRS2218586
HRR2997636,HRS2218587
HRR2997637,HRS2218586
HRR2997638,HRS2218587
HRR2997639,HRS2218588
HRR2997640,HRS2218589
HRR2997641,HRS2218588
HRR2997642,HRS2218589
HRR2997643,HRS2218590
HRR2997644,HRS2218591
HRR2997645,HRS2218590
HRR2997646,HRS2218591
HRR2997647,HRS2218592
HRR2997648,HRS2218593
HRR2997649,HRS2218592
HRR2997650,HRS2218593
HRR2997651,HRS2218594
HRR2997652,HRS2218595
HRR2997653,HRS2218594
HRR2997654,HRS2218595
HRR2997655,HRS2218596
HRR2997656,HRS2218597
HRR2997657,HRS2218596
HRR2997658,HRS2218597
HRR2997659,HRS2218598
HRR2997660,HRS2218599
HRR2997661,HRS2218598
HRR2997662,HRS2218599
HRR2997663,HRS2218600
HRR2997664,HRS2218601
HRR2997665,HRS2218600
HRR2997666,HRS2218601
HRR2997667,HRS2218602
HRR2997668,HRS2218603
HRR2997669,HRS2218602
HRR2997670,HRS2218603
HRR2997671,HRS2218604
HRR2997672,HRS2218605
HRR2997673,HRS2218604
HRR2997674,HRS2218605
HRR2997675,HRS2218606
HRR2997676,HRS2218607
HRR2997677,HRS2218606
HRR2997678,HRS2218607
HRR2997679,HRS2218608
HRR2997680,HRS2218609
HRR2997681,HRS2218608
HRR2997682,HRS2218609
HRR2997683,HRS2218610
HRR2997684,HRS2218611
HRR2997685,HRS2218610
HRR2997686,HRS2218611
HRR2997687,HRS2218612
HRR2997688,HRS2218613
HRR2997689,HRS2218612
HRR2997690,HRS2218613
HRR2997691,HRS2218614
HRR2997692,HRS2218615
HRR2997693,HRS2218614
HRR2997694,HRS2218615
HRR2997695,HRS2218616
HRR2997696,HRS2218617
HRR2997697,HRS2218616
HRR2997698,HRS2218617
HRR2997699,HRS2218618
HRR2997700,HRS2218619
HRR2997701,HRS2218618
HRR2997702,HRS2218619
HRR2997703,HRS2218620
HRR2997704,HRS2218621
HRR2997705,HRS2218620
HRR2997706,HRS2218621
HRR2997707,HRS2218622
HRR2997708,HRS2218623
HRR2997709,HRS2218622
HRR2997710,HRS2218623
HRR2997711,HRS2218624
HRR2997712,HRS2218625
HRR2997713,HRS2218624
HRR2997714,HRS2218625
HRR2997715,HRS2218626
HRR2997716,HRS2218627
HRR2997717,HRS2218626
HRR2997718,HRS2218627
HRR2997719,HRS2218628
HRR2997720,HRS2218629
HRR2997721,HRS2218628
HRR2997722,HRS2218629
HRR2997723,HRS2218630
HRR2997724,HRS2218631
HRR2997725,HRS2218630
HRR2997726,HRS2218631
HRR2997727,HRS2218632
HRR2997728,HRS2218633
HRR2997729,HRS2218632
HRR2997730,HRS2218633
HRR2997731,HRS2218634
HRR2997732,HRS2218635
HRR2997733,HRS2218634
HRR2997734,HRS2218635
HRR2997735,HRS2218636
HRR2997736,HRS2218637
HRR2997737,HRS2218636
HRR2997738,HRS2218637
HRR2997739,HRS2218638
HRR2997740,HRS2218639
HRR2997741,HRS2218638
HRR2997742,HRS2218639
HRR2997743,HRS2218640
HRR2997744,HRS2218641
HRR2997745,HRS2218640
HRR2997746,HRS2218641
HRR2997747,HRS2218642
HRR2997748,HRS2218643
HRR2997749,HRS2218642
HRR2997750,HRS2218643
HRR2997751,HRS2218644
HRR2997752,HRS2218645
HRR2997753,HRS2218644
HRR2997754,HRS2218645
HRR2997755,HRS2218646
HRR2997756,HRS2218647
HRR2997757,HRS2218646
HRR2997758,HRS2218647
HRR2997759,HRS2218648
HRR2997760,HRS2218649
HRR2997761,HRS2218648
HRR2997762,HRS2218649
HRR2997763,HRS2218650
HRR2997764,HRS2218651
HRR2997765,HRS2218650
HRR2997766,HRS2218651
HRR2997767,HRS2218652
HRR2997768,HRS2218653
HRR2997769,HRS2218652
HRR2997770,HRS2218653
HRR2997771,HRS2218654
HRR2997772,HRS2218655
HRR2997773,HRS2218654
HRR2997774,HRS2218655
HRR2997775,HRS2218656
HRR2997776,HRS2218657
HRR2997777,HRS2218656
HRR2997778,HRS2218657
HRR2997779,HRS2218658
HRR2997780,HRS2218659
HRR2997781,HRS2218658
HRR2997782,HRS2218659
HRR2997783,HRS2218660
HRR2997784,HRS2218661
HRR2997785,HRS2218660
HRR2997786,HRS2218661
HRR2997787,HRS2218662
HRR2997788,HRS2218663
HRR2997789,HRS2218662
HRR2997790,HRS2218663
HRR2997791,HRS2218664
HRR2997792,HRS2218665
HRR2997793,HRS2218664
HRR2997794,HRS2218665
HRR2997795,HRS2218666
HRR2997796,HRS2218667
HRR2997797,HRS2218666
HRR2997798,HRS2218667
HRR2997799,HRS2218668
HRR2997800,HRS2218669
HRR2997801,HRS2218668
HRR2997802,HRS2218669
HRR2997803,HRS2218670
HRR2997804,HRS2218671
HRR2997805,HRS2218670
HRR2997806,HRS2218671
HRR2997807,HRS2218672
HRR2997808,HRS2218673
HRR2997809,HRS2218672
HRR2997810,HRS2218673
HRR2997811,HRS2218674
HRR2997812,HRS2218675
HRR2997813,HRS2218674
HRR2997814,HRS2218675
HRR2997815,HRS2218676
HRR2997816,HRS2218677
HRR2997817,HRS2218676
HRR2997818,HRS2218677
HRR2997819,HRS2218678
HRR2997820,HRS2218679
HRR2997821,HRS2218678
HRR2997822,HRS2218679
HRR2997823,HRS2218680
HRR2997824,HRS2218681
HRR2997825,HRS2218680
HRR2997826,HRS2218681
HRR2997827,HRS2218682
HRR2997828,HRS2218683
HRR2997829,HRS2218682
HRR2997830,HRS2218683
HRR2997831,HRS2218684
HRR2997832,HRS2218685
HRR2997833,HRS2218684
HRR2997834,HRS2218685
HRR2997835,HRS2218686
HRR2997836,HRS2218687
HRR2997837,HRS2218686
HRR2997838,HRS2218687
HRR2997839,HRS2218688
HRR2997840,HRS2218689
HRR2997841,HRS2218688
HRR2997842,HRS2218689
HRR2997843,HRS2218690
HRR2997844,HRS2218691
HRR2997845,HRS2218690
HRR2997846,HRS2218691
HRR2997847,HRS2218692
HRR2997848,HRS2218693
HRR2997849,HRS2218692
HRR2997850,HRS2218693
HRR2997851,HRS2218694
HRR2997852,HRS2218695
HRR2997853,HRS2218695
HRR2997854,HRS2218696
HRR2997855,HRS2218697
HRR2997856,HRS2218696
HRR2997857,HRS2218697
HRR2997858,HRS2218698
HRR2997859,HRS2218699
HRR2997860,HRS2218698
HRR2997861,HRS2218699
HRR2997862,HRS2218700
HRR2997863,HRS2218701
HRR2997864,HRS2218700
HRR2997865,HRS2218701
HRR2997866,HRS2218702
HRR2997867,HRS2218703
HRR2997868,HRS2218702
HRR2997869,HRS2218703
HRR2997870,HRS2218704
HRR2997871,HRS2218705
HRR2997872,HRS2218704
HRR2997873,HRS2218705
HRR2997874,HRS2218706
HRR2997875,HRS2218707
HRR2997876,HRS2218706
HRR2997877,HRS2218707
HRR2997878,HRS2218708
HRR2997879,HRS2218709
HRR2997880,HRS2218708
HRR2997881,HRS2218709
